[0.317s] DEBUG:colcon:Command line arguments: ['/usr/bin/colcon', 'build']
[0.317s] DEBUG:colcon:Parsed command line arguments: Namespace(log_base=None, log_level=None, verb_name='build', build_base='build', install_base='install', merge_install=False, symlink_install=False, test_result_base=None, continue_on_error=False, executor='parallel', parallel_workers=12, event_handlers=None, ignore_user_meta=False, metas=['./colcon.meta'], base_paths=['.'], packages_ignore=None, packages_ignore_regex=None, paths=None, packages_up_to=None, packages_up_to_regex=None, packages_above=None, packages_above_and_dependencies=None, packages_above_depth=None, packages_select_by_dep=None, packages_skip_by_dep=None, packages_skip_up_to=None, packages_select_build_failed=False, packages_skip_build_finished=False, packages_select_test_failures=False, packages_skip_test_passed=False, packages_select=None, packages_skip=None, packages_select_regex=None, packages_skip_regex=None, packages_start=None, packages_end=None, allow_overriding=[], cmake_args=None, cmake_target=None, cmake_target_skip_unavailable=False, cmake_clean_cache=False, cmake_clean_first=False, cmake_force_configure=False, ament_cmake_args=None, catkin_cmake_args=None, catkin_skip_building_tests=False, mixin_files=None, mixin=None, verb_parser=<colcon_mixin.mixin.mixin_argument.MixinArgumentDecorator object at 0x73ee820dcd40>, verb_extension=<colcon_core.verb.build.BuildVerb object at 0x73ee820011f0>, main=<bound method BuildVerb.main of <colcon_core.verb.build.BuildVerb object at 0x73ee820011f0>>, mixin_verb=('build',))
[0.420s] Level 1:colcon.colcon_core.package_discovery:discover_packages(colcon_meta) check parameters
[0.420s] Level 1:colcon.colcon_core.package_discovery:discover_packages(recursive) check parameters
[0.420s] Level 1:colcon.colcon_core.package_discovery:discover_packages(ignore) check parameters
[0.420s] Level 1:colcon.colcon_core.package_discovery:discover_packages(path) check parameters
[0.420s] Level 1:colcon.colcon_core.package_discovery:discover_packages(colcon_meta) discover
[0.420s] Level 1:colcon.colcon_core.package_discovery:discover_packages(recursive) discover
[0.420s] INFO:colcon.colcon_core.package_discovery:Crawling recursively for packages in '/home/melodse/ef_ws'
[0.420s] Level 1:colcon.colcon_core.package_identification:_identify(.) by extensions ['ignore', 'ignore_ament_install']
[0.420s] Level 1:colcon.colcon_core.package_identification:_identify(.) by extension 'ignore'
[0.420s] Level 1:colcon.colcon_core.package_identification:_identify(.) by extension 'ignore_ament_install'
[0.420s] Level 1:colcon.colcon_core.package_identification:_identify(.) by extensions ['colcon_pkg']
[0.420s] Level 1:colcon.colcon_core.package_identification:_identify(.) by extension 'colcon_pkg'
[0.420s] Level 1:colcon.colcon_core.package_identification:_identify(.) by extensions ['colcon_meta']
[0.420s] Level 1:colcon.colcon_core.package_identification:_identify(.) by extension 'colcon_meta'
[0.420s] Level 1:colcon.colcon_core.package_identification:_identify(.) by extensions ['ros']
[0.420s] Level 1:colcon.colcon_core.package_identification:_identify(.) by extension 'ros'
[0.460s] Level 1:colcon.colcon_core.package_identification:_identify(.) by extensions ['cmake', 'python']
[0.460s] Level 1:colcon.colcon_core.package_identification:_identify(.) by extension 'cmake'
[0.460s] Level 1:colcon.colcon_core.package_identification:_identify(.) by extension 'python'
[0.460s] Level 1:colcon.colcon_core.package_identification:_identify(.) by extensions ['python_setup_py']
[0.460s] Level 1:colcon.colcon_core.package_identification:_identify(.) by extension 'python_setup_py'
[0.461s] Level 1:colcon.colcon_core.package_identification:_identify(build) by extensions ['ignore', 'ignore_ament_install']
[0.461s] Level 1:colcon.colcon_core.package_identification:_identify(build) by extension 'ignore'
[0.461s] Level 1:colcon.colcon_core.package_identification:_identify(build) ignored
[0.462s] Level 1:colcon.colcon_core.package_identification:_identify(dev) by extensions ['ignore', 'ignore_ament_install']
[0.462s] Level 1:colcon.colcon_core.package_identification:_identify(dev) by extension 'ignore'
[0.462s] Level 1:colcon.colcon_core.package_identification:_identify(dev) by extension 'ignore_ament_install'
[0.462s] Level 1:colcon.colcon_core.package_identification:_identify(dev) by extensions ['colcon_pkg']
[0.462s] Level 1:colcon.colcon_core.package_identification:_identify(dev) by extension 'colcon_pkg'
[0.462s] Level 1:colcon.colcon_core.package_identification:_identify(dev) by extensions ['colcon_meta']
[0.462s] Level 1:colcon.colcon_core.package_identification:_identify(dev) by extension 'colcon_meta'
[0.462s] Level 1:colcon.colcon_core.package_identification:_identify(dev) by extensions ['ros']
[0.462s] Level 1:colcon.colcon_core.package_identification:_identify(dev) by extension 'ros'
[0.462s] Level 1:colcon.colcon_core.package_identification:_identify(dev) by extensions ['cmake', 'python']
[0.462s] Level 1:colcon.colcon_core.package_identification:_identify(dev) by extension 'cmake'
[0.462s] Level 1:colcon.colcon_core.package_identification:_identify(dev) by extension 'python'
[0.463s] Level 1:colcon.colcon_core.package_identification:_identify(dev) by extensions ['python_setup_py']
[0.463s] Level 1:colcon.colcon_core.package_identification:_identify(dev) by extension 'python_setup_py'
[0.463s] Level 1:colcon.colcon_core.package_identification:_identify(g1) by extensions ['ignore', 'ignore_ament_install']
[0.463s] Level 1:colcon.colcon_core.package_identification:_identify(g1) by extension 'ignore'
[0.463s] Level 1:colcon.colcon_core.package_identification:_identify(g1) by extension 'ignore_ament_install'
[0.463s] Level 1:colcon.colcon_core.package_identification:_identify(g1) by extensions ['colcon_pkg']
[0.463s] Level 1:colcon.colcon_core.package_identification:_identify(g1) by extension 'colcon_pkg'
[0.463s] Level 1:colcon.colcon_core.package_identification:_identify(g1) by extensions ['colcon_meta']
[0.463s] Level 1:colcon.colcon_core.package_identification:_identify(g1) by extension 'colcon_meta'
[0.463s] Level 1:colcon.colcon_core.package_identification:_identify(g1) by extensions ['ros']
[0.463s] Level 1:colcon.colcon_core.package_identification:_identify(g1) by extension 'ros'
[0.463s] Level 1:colcon.colcon_core.package_identification:_identify(g1) by extensions ['cmake', 'python']
[0.463s] Level 1:colcon.colcon_core.package_identification:_identify(g1) by extension 'cmake'
[0.463s] Level 1:colcon.colcon_core.package_identification:_identify(g1) by extension 'python'
[0.463s] Level 1:colcon.colcon_core.package_identification:_identify(g1) by extensions ['python_setup_py']
[0.463s] Level 1:colcon.colcon_core.package_identification:_identify(g1) by extension 'python_setup_py'
[0.464s] Level 1:colcon.colcon_core.package_identification:_identify(g1/dashboards) by extensions ['ignore', 'ignore_ament_install']
[0.464s] Level 1:colcon.colcon_core.package_identification:_identify(g1/dashboards) by extension 'ignore'
[0.464s] Level 1:colcon.colcon_core.package_identification:_identify(g1/dashboards) by extension 'ignore_ament_install'
[0.464s] Level 1:colcon.colcon_core.package_identification:_identify(g1/dashboards) by extensions ['colcon_pkg']
[0.464s] Level 1:colcon.colcon_core.package_identification:_identify(g1/dashboards) by extension 'colcon_pkg'
[0.464s] Level 1:colcon.colcon_core.package_identification:_identify(g1/dashboards) by extensions ['colcon_meta']
[0.464s] Level 1:colcon.colcon_core.package_identification:_identify(g1/dashboards) by extension 'colcon_meta'
[0.464s] Level 1:colcon.colcon_core.package_identification:_identify(g1/dashboards) by extensions ['ros']
[0.464s] Level 1:colcon.colcon_core.package_identification:_identify(g1/dashboards) by extension 'ros'
[0.464s] Level 1:colcon.colcon_core.package_identification:_identify(g1/dashboards) by extensions ['cmake', 'python']
[0.464s] Level 1:colcon.colcon_core.package_identification:_identify(g1/dashboards) by extension 'cmake'
[0.464s] Level 1:colcon.colcon_core.package_identification:_identify(g1/dashboards) by extension 'python'
[0.464s] Level 1:colcon.colcon_core.package_identification:_identify(g1/dashboards) by extensions ['python_setup_py']
[0.464s] Level 1:colcon.colcon_core.package_identification:_identify(g1/dashboards) by extension 'python_setup_py'
[0.465s] Level 1:colcon.colcon_core.package_identification:_identify(g1/docs) by extensions ['ignore', 'ignore_ament_install']
[0.465s] Level 1:colcon.colcon_core.package_identification:_identify(g1/docs) by extension 'ignore'
[0.465s] Level 1:colcon.colcon_core.package_identification:_identify(g1/docs) by extension 'ignore_ament_install'
[0.465s] Level 1:colcon.colcon_core.package_identification:_identify(g1/docs) by extensions ['colcon_pkg']
[0.465s] Level 1:colcon.colcon_core.package_identification:_identify(g1/docs) by extension 'colcon_pkg'
[0.465s] Level 1:colcon.colcon_core.package_identification:_identify(g1/docs) by extensions ['colcon_meta']
[0.465s] Level 1:colcon.colcon_core.package_identification:_identify(g1/docs) by extension 'colcon_meta'
[0.465s] Level 1:colcon.colcon_core.package_identification:_identify(g1/docs) by extensions ['ros']
[0.465s] Level 1:colcon.colcon_core.package_identification:_identify(g1/docs) by extension 'ros'
[0.465s] Level 1:colcon.colcon_core.package_identification:_identify(g1/docs) by extensions ['cmake', 'python']
[0.465s] Level 1:colcon.colcon_core.package_identification:_identify(g1/docs) by extension 'cmake'
[0.465s] Level 1:colcon.colcon_core.package_identification:_identify(g1/docs) by extension 'python'
[0.465s] Level 1:colcon.colcon_core.package_identification:_identify(g1/docs) by extensions ['python_setup_py']
[0.465s] Level 1:colcon.colcon_core.package_identification:_identify(g1/docs) by extension 'python_setup_py'
[0.466s] Level 1:colcon.colcon_core.package_identification:_identify(g1/edge_runtime) by extensions ['ignore', 'ignore_ament_install']
[0.466s] Level 1:colcon.colcon_core.package_identification:_identify(g1/edge_runtime) by extension 'ignore'
[0.466s] Level 1:colcon.colcon_core.package_identification:_identify(g1/edge_runtime) by extension 'ignore_ament_install'
[0.466s] Level 1:colcon.colcon_core.package_identification:_identify(g1/edge_runtime) by extensions ['colcon_pkg']
[0.466s] Level 1:colcon.colcon_core.package_identification:_identify(g1/edge_runtime) by extension 'colcon_pkg'
[0.466s] Level 1:colcon.colcon_core.package_identification:_identify(g1/edge_runtime) by extensions ['colcon_meta']
[0.466s] Level 1:colcon.colcon_core.package_identification:_identify(g1/edge_runtime) by extension 'colcon_meta'
[0.466s] Level 1:colcon.colcon_core.package_identification:_identify(g1/edge_runtime) by extensions ['ros']
[0.466s] Level 1:colcon.colcon_core.package_identification:_identify(g1/edge_runtime) by extension 'ros'
[0.466s] Level 1:colcon.colcon_core.package_identification:_identify(g1/edge_runtime) by extensions ['cmake', 'python']
[0.466s] Level 1:colcon.colcon_core.package_identification:_identify(g1/edge_runtime) by extension 'cmake'
[0.466s] Level 1:colcon.colcon_core.package_identification:_identify(g1/edge_runtime) by extension 'python'
[0.466s] Level 1:colcon.colcon_core.package_identification:_identify(g1/edge_runtime) by extensions ['python_setup_py']
[0.466s] Level 1:colcon.colcon_core.package_identification:_identify(g1/edge_runtime) by extension 'python_setup_py'
[0.467s] Level 1:colcon.colcon_core.package_identification:_identify(g1/edge_runtime/config) by extensions ['ignore', 'ignore_ament_install']
[0.467s] Level 1:colcon.colcon_core.package_identification:_identify(g1/edge_runtime/config) by extension 'ignore'
[0.467s] Level 1:colcon.colcon_core.package_identification:_identify(g1/edge_runtime/config) by extension 'ignore_ament_install'
[0.467s] Level 1:colcon.colcon_core.package_identification:_identify(g1/edge_runtime/config) by extensions ['colcon_pkg']
[0.467s] Level 1:colcon.colcon_core.package_identification:_identify(g1/edge_runtime/config) by extension 'colcon_pkg'
[0.467s] Level 1:colcon.colcon_core.package_identification:_identify(g1/edge_runtime/config) by extensions ['colcon_meta']
[0.467s] Level 1:colcon.colcon_core.package_identification:_identify(g1/edge_runtime/config) by extension 'colcon_meta'
[0.467s] Level 1:colcon.colcon_core.package_identification:_identify(g1/edge_runtime/config) by extensions ['ros']
[0.467s] Level 1:colcon.colcon_core.package_identification:_identify(g1/edge_runtime/config) by extension 'ros'
[0.467s] Level 1:colcon.colcon_core.package_identification:_identify(g1/edge_runtime/config) by extensions ['cmake', 'python']
[0.467s] Level 1:colcon.colcon_core.package_identification:_identify(g1/edge_runtime/config) by extension 'cmake'
[0.467s] Level 1:colcon.colcon_core.package_identification:_identify(g1/edge_runtime/config) by extension 'python'
[0.467s] Level 1:colcon.colcon_core.package_identification:_identify(g1/edge_runtime/config) by extensions ['python_setup_py']
[0.467s] Level 1:colcon.colcon_core.package_identification:_identify(g1/edge_runtime/config) by extension 'python_setup_py'
[0.468s] Level 1:colcon.colcon_core.package_identification:_identify(g1/edge_runtime/device_identity) by extensions ['ignore', 'ignore_ament_install']
[0.468s] Level 1:colcon.colcon_core.package_identification:_identify(g1/edge_runtime/device_identity) by extension 'ignore'
[0.468s] Level 1:colcon.colcon_core.package_identification:_identify(g1/edge_runtime/device_identity) by extension 'ignore_ament_install'
[0.468s] Level 1:colcon.colcon_core.package_identification:_identify(g1/edge_runtime/device_identity) by extensions ['colcon_pkg']
[0.468s] Level 1:colcon.colcon_core.package_identification:_identify(g1/edge_runtime/device_identity) by extension 'colcon_pkg'
[0.468s] Level 1:colcon.colcon_core.package_identification:_identify(g1/edge_runtime/device_identity) by extensions ['colcon_meta']
[0.468s] Level 1:colcon.colcon_core.package_identification:_identify(g1/edge_runtime/device_identity) by extension 'colcon_meta'
[0.468s] Level 1:colcon.colcon_core.package_identification:_identify(g1/edge_runtime/device_identity) by extensions ['ros']
[0.468s] Level 1:colcon.colcon_core.package_identification:_identify(g1/edge_runtime/device_identity) by extension 'ros'
[0.468s] Level 1:colcon.colcon_core.package_identification:_identify(g1/edge_runtime/device_identity) by extensions ['cmake', 'python']
[0.468s] Level 1:colcon.colcon_core.package_identification:_identify(g1/edge_runtime/device_identity) by extension 'cmake'
[0.468s] Level 1:colcon.colcon_core.package_identification:_identify(g1/edge_runtime/device_identity) by extension 'python'
[0.468s] Level 1:colcon.colcon_core.package_identification:_identify(g1/edge_runtime/device_identity) by extensions ['python_setup_py']
[0.468s] Level 1:colcon.colcon_core.package_identification:_identify(g1/edge_runtime/device_identity) by extension 'python_setup_py'
[0.469s] Level 1:colcon.colcon_core.package_identification:_identify(g1/edge_runtime/gateway) by extensions ['ignore', 'ignore_ament_install']
[0.469s] Level 1:colcon.colcon_core.package_identification:_identify(g1/edge_runtime/gateway) by extension 'ignore'
[0.469s] Level 1:colcon.colcon_core.package_identification:_identify(g1/edge_runtime/gateway) by extension 'ignore_ament_install'
[0.469s] Level 1:colcon.colcon_core.package_identification:_identify(g1/edge_runtime/gateway) by extensions ['colcon_pkg']
[0.469s] Level 1:colcon.colcon_core.package_identification:_identify(g1/edge_runtime/gateway) by extension 'colcon_pkg'
[0.469s] Level 1:colcon.colcon_core.package_identification:_identify(g1/edge_runtime/gateway) by extensions ['colcon_meta']
[0.469s] Level 1:colcon.colcon_core.package_identification:_identify(g1/edge_runtime/gateway) by extension 'colcon_meta'
[0.469s] Level 1:colcon.colcon_core.package_identification:_identify(g1/edge_runtime/gateway) by extensions ['ros']
[0.469s] Level 1:colcon.colcon_core.package_identification:_identify(g1/edge_runtime/gateway) by extension 'ros'
[0.469s] Level 1:colcon.colcon_core.package_identification:_identify(g1/edge_runtime/gateway) by extensions ['cmake', 'python']
[0.469s] Level 1:colcon.colcon_core.package_identification:_identify(g1/edge_runtime/gateway) by extension 'cmake'
[0.469s] Level 1:colcon.colcon_core.package_identification:_identify(g1/edge_runtime/gateway) by extension 'python'
[0.469s] Level 1:colcon.colcon_core.package_identification:_identify(g1/edge_runtime/gateway) by extensions ['python_setup_py']
[0.469s] Level 1:colcon.colcon_core.package_identification:_identify(g1/edge_runtime/gateway) by extension 'python_setup_py'
[0.470s] Level 1:colcon.colcon_core.package_identification:_identify(g1/edge_runtime/skills) by extensions ['ignore', 'ignore_ament_install']
[0.470s] Level 1:colcon.colcon_core.package_identification:_identify(g1/edge_runtime/skills) by extension 'ignore'
[0.470s] Level 1:colcon.colcon_core.package_identification:_identify(g1/edge_runtime/skills) by extension 'ignore_ament_install'
[0.470s] Level 1:colcon.colcon_core.package_identification:_identify(g1/edge_runtime/skills) by extensions ['colcon_pkg']
[0.470s] Level 1:colcon.colcon_core.package_identification:_identify(g1/edge_runtime/skills) by extension 'colcon_pkg'
[0.470s] Level 1:colcon.colcon_core.package_identification:_identify(g1/edge_runtime/skills) by extensions ['colcon_meta']
[0.470s] Level 1:colcon.colcon_core.package_identification:_identify(g1/edge_runtime/skills) by extension 'colcon_meta'
[0.470s] Level 1:colcon.colcon_core.package_identification:_identify(g1/edge_runtime/skills) by extensions ['ros']
[0.470s] Level 1:colcon.colcon_core.package_identification:_identify(g1/edge_runtime/skills) by extension 'ros'
[0.470s] Level 1:colcon.colcon_core.package_identification:_identify(g1/edge_runtime/skills) by extensions ['cmake', 'python']
[0.470s] Level 1:colcon.colcon_core.package_identification:_identify(g1/edge_runtime/skills) by extension 'cmake'
[0.470s] Level 1:colcon.colcon_core.package_identification:_identify(g1/edge_runtime/skills) by extension 'python'
[0.470s] Level 1:colcon.colcon_core.package_identification:_identify(g1/edge_runtime/skills) by extensions ['python_setup_py']
[0.470s] Level 1:colcon.colcon_core.package_identification:_identify(g1/edge_runtime/skills) by extension 'python_setup_py'
[0.471s] Level 1:colcon.colcon_core.package_identification:_identify(g1/edge_runtime/telemetry) by extensions ['ignore', 'ignore_ament_install']
[0.471s] Level 1:colcon.colcon_core.package_identification:_identify(g1/edge_runtime/telemetry) by extension 'ignore'
[0.471s] Level 1:colcon.colcon_core.package_identification:_identify(g1/edge_runtime/telemetry) by extension 'ignore_ament_install'
[0.471s] Level 1:colcon.colcon_core.package_identification:_identify(g1/edge_runtime/telemetry) by extensions ['colcon_pkg']
[0.471s] Level 1:colcon.colcon_core.package_identification:_identify(g1/edge_runtime/telemetry) by extension 'colcon_pkg'
[0.471s] Level 1:colcon.colcon_core.package_identification:_identify(g1/edge_runtime/telemetry) by extensions ['colcon_meta']
[0.471s] Level 1:colcon.colcon_core.package_identification:_identify(g1/edge_runtime/telemetry) by extension 'colcon_meta'
[0.471s] Level 1:colcon.colcon_core.package_identification:_identify(g1/edge_runtime/telemetry) by extensions ['ros']
[0.471s] Level 1:colcon.colcon_core.package_identification:_identify(g1/edge_runtime/telemetry) by extension 'ros'
[0.471s] Level 1:colcon.colcon_core.package_identification:_identify(g1/edge_runtime/telemetry) by extensions ['cmake', 'python']
[0.471s] Level 1:colcon.colcon_core.package_identification:_identify(g1/edge_runtime/telemetry) by extension 'cmake'
[0.471s] Level 1:colcon.colcon_core.package_identification:_identify(g1/edge_runtime/telemetry) by extension 'python'
[0.471s] Level 1:colcon.colcon_core.package_identification:_identify(g1/edge_runtime/telemetry) by extensions ['python_setup_py']
[0.471s] Level 1:colcon.colcon_core.package_identification:_identify(g1/edge_runtime/telemetry) by extension 'python_setup_py'
[0.471s] Level 1:colcon.colcon_core.package_identification:_identify(g1/modules) by extensions ['ignore', 'ignore_ament_install']
[0.472s] Level 1:colcon.colcon_core.package_identification:_identify(g1/modules) by extension 'ignore'
[0.472s] Level 1:colcon.colcon_core.package_identification:_identify(g1/modules) by extension 'ignore_ament_install'
[0.472s] Level 1:colcon.colcon_core.package_identification:_identify(g1/modules) by extensions ['colcon_pkg']
[0.472s] Level 1:colcon.colcon_core.package_identification:_identify(g1/modules) by extension 'colcon_pkg'
[0.472s] Level 1:colcon.colcon_core.package_identification:_identify(g1/modules) by extensions ['colcon_meta']
[0.472s] Level 1:colcon.colcon_core.package_identification:_identify(g1/modules) by extension 'colcon_meta'
[0.472s] Level 1:colcon.colcon_core.package_identification:_identify(g1/modules) by extensions ['ros']
[0.472s] Level 1:colcon.colcon_core.package_identification:_identify(g1/modules) by extension 'ros'
[0.472s] Level 1:colcon.colcon_core.package_identification:_identify(g1/modules) by extensions ['cmake', 'python']
[0.472s] Level 1:colcon.colcon_core.package_identification:_identify(g1/modules) by extension 'cmake'
[0.472s] Level 1:colcon.colcon_core.package_identification:_identify(g1/modules) by extension 'python'
[0.472s] Level 1:colcon.colcon_core.package_identification:_identify(g1/modules) by extensions ['python_setup_py']
[0.472s] Level 1:colcon.colcon_core.package_identification:_identify(g1/modules) by extension 'python_setup_py'
[0.472s] Level 1:colcon.colcon_core.package_identification:_identify(g1/scripts) by extensions ['ignore', 'ignore_ament_install']
[0.473s] Level 1:colcon.colcon_core.package_identification:_identify(g1/scripts) by extension 'ignore'
[0.473s] Level 1:colcon.colcon_core.package_identification:_identify(g1/scripts) by extension 'ignore_ament_install'
[0.473s] Level 1:colcon.colcon_core.package_identification:_identify(g1/scripts) by extensions ['colcon_pkg']
[0.473s] Level 1:colcon.colcon_core.package_identification:_identify(g1/scripts) by extension 'colcon_pkg'
[0.473s] Level 1:colcon.colcon_core.package_identification:_identify(g1/scripts) by extensions ['colcon_meta']
[0.473s] Level 1:colcon.colcon_core.package_identification:_identify(g1/scripts) by extension 'colcon_meta'
[0.473s] Level 1:colcon.colcon_core.package_identification:_identify(g1/scripts) by extensions ['ros']
[0.473s] Level 1:colcon.colcon_core.package_identification:_identify(g1/scripts) by extension 'ros'
[0.473s] Level 1:colcon.colcon_core.package_identification:_identify(g1/scripts) by extensions ['cmake', 'python']
[0.473s] Level 1:colcon.colcon_core.package_identification:_identify(g1/scripts) by extension 'cmake'
[0.473s] Level 1:colcon.colcon_core.package_identification:_identify(g1/scripts) by extension 'python'
[0.473s] Level 1:colcon.colcon_core.package_identification:_identify(g1/scripts) by extensions ['python_setup_py']
[0.473s] Level 1:colcon.colcon_core.package_identification:_identify(g1/scripts) by extension 'python_setup_py'
[0.473s] Level 1:colcon.colcon_core.package_identification:_identify(g1/scripts/arm_motion) by extensions ['ignore', 'ignore_ament_install']
[0.473s] Level 1:colcon.colcon_core.package_identification:_identify(g1/scripts/arm_motion) by extension 'ignore'
[0.474s] Level 1:colcon.colcon_core.package_identification:_identify(g1/scripts/arm_motion) by extension 'ignore_ament_install'
[0.474s] Level 1:colcon.colcon_core.package_identification:_identify(g1/scripts/arm_motion) by extensions ['colcon_pkg']
[0.474s] Level 1:colcon.colcon_core.package_identification:_identify(g1/scripts/arm_motion) by extension 'colcon_pkg'
[0.474s] Level 1:colcon.colcon_core.package_identification:_identify(g1/scripts/arm_motion) by extensions ['colcon_meta']
[0.474s] Level 1:colcon.colcon_core.package_identification:_identify(g1/scripts/arm_motion) by extension 'colcon_meta'
[0.474s] Level 1:colcon.colcon_core.package_identification:_identify(g1/scripts/arm_motion) by extensions ['ros']
[0.474s] Level 1:colcon.colcon_core.package_identification:_identify(g1/scripts/arm_motion) by extension 'ros'
[0.474s] Level 1:colcon.colcon_core.package_identification:_identify(g1/scripts/arm_motion) by extensions ['cmake', 'python']
[0.474s] Level 1:colcon.colcon_core.package_identification:_identify(g1/scripts/arm_motion) by extension 'cmake'
[0.474s] Level 1:colcon.colcon_core.package_identification:_identify(g1/scripts/arm_motion) by extension 'python'
[0.474s] Level 1:colcon.colcon_core.package_identification:_identify(g1/scripts/arm_motion) by extensions ['python_setup_py']
[0.474s] Level 1:colcon.colcon_core.package_identification:_identify(g1/scripts/arm_motion) by extension 'python_setup_py'
[0.474s] Level 1:colcon.colcon_core.package_identification:_identify(g1/scripts/arm_motion/pbd) by extensions ['ignore', 'ignore_ament_install']
[0.474s] Level 1:colcon.colcon_core.package_identification:_identify(g1/scripts/arm_motion/pbd) by extension 'ignore'
[0.474s] Level 1:colcon.colcon_core.package_identification:_identify(g1/scripts/arm_motion/pbd) by extension 'ignore_ament_install'
[0.475s] Level 1:colcon.colcon_core.package_identification:_identify(g1/scripts/arm_motion/pbd) by extensions ['colcon_pkg']
[0.475s] Level 1:colcon.colcon_core.package_identification:_identify(g1/scripts/arm_motion/pbd) by extension 'colcon_pkg'
[0.475s] Level 1:colcon.colcon_core.package_identification:_identify(g1/scripts/arm_motion/pbd) by extensions ['colcon_meta']
[0.475s] Level 1:colcon.colcon_core.package_identification:_identify(g1/scripts/arm_motion/pbd) by extension 'colcon_meta'
[0.475s] Level 1:colcon.colcon_core.package_identification:_identify(g1/scripts/arm_motion/pbd) by extensions ['ros']
[0.475s] Level 1:colcon.colcon_core.package_identification:_identify(g1/scripts/arm_motion/pbd) by extension 'ros'
[0.475s] Level 1:colcon.colcon_core.package_identification:_identify(g1/scripts/arm_motion/pbd) by extensions ['cmake', 'python']
[0.475s] Level 1:colcon.colcon_core.package_identification:_identify(g1/scripts/arm_motion/pbd) by extension 'cmake'
[0.475s] Level 1:colcon.colcon_core.package_identification:_identify(g1/scripts/arm_motion/pbd) by extension 'python'
[0.475s] Level 1:colcon.colcon_core.package_identification:_identify(g1/scripts/arm_motion/pbd) by extensions ['python_setup_py']
[0.475s] Level 1:colcon.colcon_core.package_identification:_identify(g1/scripts/arm_motion/pbd) by extension 'python_setup_py'
[0.475s] Level 1:colcon.colcon_core.package_identification:_identify(g1/scripts/arm_motion/pbd/motion_databse) by extensions ['ignore', 'ignore_ament_install']
[0.475s] Level 1:colcon.colcon_core.package_identification:_identify(g1/scripts/arm_motion/pbd/motion_databse) by extension 'ignore'
[0.475s] Level 1:colcon.colcon_core.package_identification:_identify(g1/scripts/arm_motion/pbd/motion_databse) by extension 'ignore_ament_install'
[0.475s] Level 1:colcon.colcon_core.package_identification:_identify(g1/scripts/arm_motion/pbd/motion_databse) by extensions ['colcon_pkg']
[0.475s] Level 1:colcon.colcon_core.package_identification:_identify(g1/scripts/arm_motion/pbd/motion_databse) by extension 'colcon_pkg'
[0.475s] Level 1:colcon.colcon_core.package_identification:_identify(g1/scripts/arm_motion/pbd/motion_databse) by extensions ['colcon_meta']
[0.476s] Level 1:colcon.colcon_core.package_identification:_identify(g1/scripts/arm_motion/pbd/motion_databse) by extension 'colcon_meta'
[0.476s] Level 1:colcon.colcon_core.package_identification:_identify(g1/scripts/arm_motion/pbd/motion_databse) by extensions ['ros']
[0.476s] Level 1:colcon.colcon_core.package_identification:_identify(g1/scripts/arm_motion/pbd/motion_databse) by extension 'ros'
[0.476s] Level 1:colcon.colcon_core.package_identification:_identify(g1/scripts/arm_motion/pbd/motion_databse) by extensions ['cmake', 'python']
[0.476s] Level 1:colcon.colcon_core.package_identification:_identify(g1/scripts/arm_motion/pbd/motion_databse) by extension 'cmake'
[0.476s] Level 1:colcon.colcon_core.package_identification:_identify(g1/scripts/arm_motion/pbd/motion_databse) by extension 'python'
[0.476s] Level 1:colcon.colcon_core.package_identification:_identify(g1/scripts/arm_motion/pbd/motion_databse) by extensions ['python_setup_py']
[0.476s] Level 1:colcon.colcon_core.package_identification:_identify(g1/scripts/arm_motion/pbd/motion_databse) by extension 'python_setup_py'
[0.476s] Level 1:colcon.colcon_core.package_identification:_identify(g1/scripts/arm_motion/pbd/safety) by extensions ['ignore', 'ignore_ament_install']
[0.476s] Level 1:colcon.colcon_core.package_identification:_identify(g1/scripts/arm_motion/pbd/safety) by extension 'ignore'
[0.476s] Level 1:colcon.colcon_core.package_identification:_identify(g1/scripts/arm_motion/pbd/safety) by extension 'ignore_ament_install'
[0.476s] Level 1:colcon.colcon_core.package_identification:_identify(g1/scripts/arm_motion/pbd/safety) by extensions ['colcon_pkg']
[0.476s] Level 1:colcon.colcon_core.package_identification:_identify(g1/scripts/arm_motion/pbd/safety) by extension 'colcon_pkg'
[0.476s] Level 1:colcon.colcon_core.package_identification:_identify(g1/scripts/arm_motion/pbd/safety) by extensions ['colcon_meta']
[0.477s] Level 1:colcon.colcon_core.package_identification:_identify(g1/scripts/arm_motion/pbd/safety) by extension 'colcon_meta'
[0.477s] Level 1:colcon.colcon_core.package_identification:_identify(g1/scripts/arm_motion/pbd/safety) by extensions ['ros']
[0.477s] Level 1:colcon.colcon_core.package_identification:_identify(g1/scripts/arm_motion/pbd/safety) by extension 'ros'
[0.477s] Level 1:colcon.colcon_core.package_identification:_identify(g1/scripts/arm_motion/pbd/safety) by extensions ['cmake', 'python']
[0.477s] Level 1:colcon.colcon_core.package_identification:_identify(g1/scripts/arm_motion/pbd/safety) by extension 'cmake'
[0.477s] Level 1:colcon.colcon_core.package_identification:_identify(g1/scripts/arm_motion/pbd/safety) by extension 'python'
[0.477s] Level 1:colcon.colcon_core.package_identification:_identify(g1/scripts/arm_motion/pbd/safety) by extensions ['python_setup_py']
[0.477s] Level 1:colcon.colcon_core.package_identification:_identify(g1/scripts/arm_motion/pbd/safety) by extension 'python_setup_py'
[0.477s] Level 1:colcon.colcon_core.package_identification:_identify(g1/scripts/arm_motion/safety) by extensions ['ignore', 'ignore_ament_install']
[0.477s] Level 1:colcon.colcon_core.package_identification:_identify(g1/scripts/arm_motion/safety) by extension 'ignore'
[0.477s] Level 1:colcon.colcon_core.package_identification:_identify(g1/scripts/arm_motion/safety) by extension 'ignore_ament_install'
[0.478s] Level 1:colcon.colcon_core.package_identification:_identify(g1/scripts/arm_motion/safety) by extensions ['colcon_pkg']
[0.478s] Level 1:colcon.colcon_core.package_identification:_identify(g1/scripts/arm_motion/safety) by extension 'colcon_pkg'
[0.478s] Level 1:colcon.colcon_core.package_identification:_identify(g1/scripts/arm_motion/safety) by extensions ['colcon_meta']
[0.478s] Level 1:colcon.colcon_core.package_identification:_identify(g1/scripts/arm_motion/safety) by extension 'colcon_meta'
[0.478s] Level 1:colcon.colcon_core.package_identification:_identify(g1/scripts/arm_motion/safety) by extensions ['ros']
[0.478s] Level 1:colcon.colcon_core.package_identification:_identify(g1/scripts/arm_motion/safety) by extension 'ros'
[0.478s] Level 1:colcon.colcon_core.package_identification:_identify(g1/scripts/arm_motion/safety) by extensions ['cmake', 'python']
[0.478s] Level 1:colcon.colcon_core.package_identification:_identify(g1/scripts/arm_motion/safety) by extension 'cmake'
[0.478s] Level 1:colcon.colcon_core.package_identification:_identify(g1/scripts/arm_motion/safety) by extension 'python'
[0.478s] Level 1:colcon.colcon_core.package_identification:_identify(g1/scripts/arm_motion/safety) by extensions ['python_setup_py']
[0.478s] Level 1:colcon.colcon_core.package_identification:_identify(g1/scripts/arm_motion/safety) by extension 'python_setup_py'
[0.478s] Level 1:colcon.colcon_core.package_identification:_identify(g1/scripts/basic) by extensions ['ignore', 'ignore_ament_install']
[0.478s] Level 1:colcon.colcon_core.package_identification:_identify(g1/scripts/basic) by extension 'ignore'
[0.478s] Level 1:colcon.colcon_core.package_identification:_identify(g1/scripts/basic) by extension 'ignore_ament_install'
[0.479s] Level 1:colcon.colcon_core.package_identification:_identify(g1/scripts/basic) by extensions ['colcon_pkg']
[0.479s] Level 1:colcon.colcon_core.package_identification:_identify(g1/scripts/basic) by extension 'colcon_pkg'
[0.479s] Level 1:colcon.colcon_core.package_identification:_identify(g1/scripts/basic) by extensions ['colcon_meta']
[0.479s] Level 1:colcon.colcon_core.package_identification:_identify(g1/scripts/basic) by extension 'colcon_meta'
[0.479s] Level 1:colcon.colcon_core.package_identification:_identify(g1/scripts/basic) by extensions ['ros']
[0.479s] Level 1:colcon.colcon_core.package_identification:_identify(g1/scripts/basic) by extension 'ros'
[0.479s] Level 1:colcon.colcon_core.package_identification:_identify(g1/scripts/basic) by extensions ['cmake', 'python']
[0.479s] Level 1:colcon.colcon_core.package_identification:_identify(g1/scripts/basic) by extension 'cmake'
[0.479s] Level 1:colcon.colcon_core.package_identification:_identify(g1/scripts/basic) by extension 'python'
[0.479s] Level 1:colcon.colcon_core.package_identification:_identify(g1/scripts/basic) by extensions ['python_setup_py']
[0.479s] Level 1:colcon.colcon_core.package_identification:_identify(g1/scripts/basic) by extension 'python_setup_py'
[0.479s] Level 1:colcon.colcon_core.package_identification:_identify(g1/scripts/basic/audio) by extensions ['ignore', 'ignore_ament_install']
[0.480s] Level 1:colcon.colcon_core.package_identification:_identify(g1/scripts/basic/audio) by extension 'ignore'
[0.480s] Level 1:colcon.colcon_core.package_identification:_identify(g1/scripts/basic/audio) by extension 'ignore_ament_install'
[0.480s] Level 1:colcon.colcon_core.package_identification:_identify(g1/scripts/basic/audio) by extensions ['colcon_pkg']
[0.480s] Level 1:colcon.colcon_core.package_identification:_identify(g1/scripts/basic/audio) by extension 'colcon_pkg'
[0.480s] Level 1:colcon.colcon_core.package_identification:_identify(g1/scripts/basic/audio) by extensions ['colcon_meta']
[0.480s] Level 1:colcon.colcon_core.package_identification:_identify(g1/scripts/basic/audio) by extension 'colcon_meta'
[0.480s] Level 1:colcon.colcon_core.package_identification:_identify(g1/scripts/basic/audio) by extensions ['ros']
[0.480s] Level 1:colcon.colcon_core.package_identification:_identify(g1/scripts/basic/audio) by extension 'ros'
[0.480s] Level 1:colcon.colcon_core.package_identification:_identify(g1/scripts/basic/audio) by extensions ['cmake', 'python']
[0.480s] Level 1:colcon.colcon_core.package_identification:_identify(g1/scripts/basic/audio) by extension 'cmake'
[0.480s] Level 1:colcon.colcon_core.package_identification:_identify(g1/scripts/basic/audio) by extension 'python'
[0.480s] Level 1:colcon.colcon_core.package_identification:_identify(g1/scripts/basic/audio) by extensions ['python_setup_py']
[0.480s] Level 1:colcon.colcon_core.package_identification:_identify(g1/scripts/basic/audio) by extension 'python_setup_py'
[0.480s] Level 1:colcon.colcon_core.package_identification:_identify(g1/scripts/basic/headlight_client) by extensions ['ignore', 'ignore_ament_install']
[0.481s] Level 1:colcon.colcon_core.package_identification:_identify(g1/scripts/basic/headlight_client) by extension 'ignore'
[0.481s] Level 1:colcon.colcon_core.package_identification:_identify(g1/scripts/basic/headlight_client) by extension 'ignore_ament_install'
[0.481s] Level 1:colcon.colcon_core.package_identification:_identify(g1/scripts/basic/headlight_client) by extensions ['colcon_pkg']
[0.481s] Level 1:colcon.colcon_core.package_identification:_identify(g1/scripts/basic/headlight_client) by extension 'colcon_pkg'
[0.481s] Level 1:colcon.colcon_core.package_identification:_identify(g1/scripts/basic/headlight_client) by extensions ['colcon_meta']
[0.481s] Level 1:colcon.colcon_core.package_identification:_identify(g1/scripts/basic/headlight_client) by extension 'colcon_meta'
[0.481s] Level 1:colcon.colcon_core.package_identification:_identify(g1/scripts/basic/headlight_client) by extensions ['ros']
[0.481s] Level 1:colcon.colcon_core.package_identification:_identify(g1/scripts/basic/headlight_client) by extension 'ros'
[0.481s] Level 1:colcon.colcon_core.package_identification:_identify(g1/scripts/basic/headlight_client) by extensions ['cmake', 'python']
[0.481s] Level 1:colcon.colcon_core.package_identification:_identify(g1/scripts/basic/headlight_client) by extension 'cmake'
[0.481s] Level 1:colcon.colcon_core.package_identification:_identify(g1/scripts/basic/headlight_client) by extension 'python'
[0.481s] Level 1:colcon.colcon_core.package_identification:_identify(g1/scripts/basic/headlight_client) by extensions ['python_setup_py']
[0.481s] Level 1:colcon.colcon_core.package_identification:_identify(g1/scripts/basic/headlight_client) by extension 'python_setup_py'
[0.481s] Level 1:colcon.colcon_core.package_identification:_identify(g1/scripts/basic/safety) by extensions ['ignore', 'ignore_ament_install']
[0.482s] Level 1:colcon.colcon_core.package_identification:_identify(g1/scripts/basic/safety) by extension 'ignore'
[0.482s] Level 1:colcon.colcon_core.package_identification:_identify(g1/scripts/basic/safety) by extension 'ignore_ament_install'
[0.482s] Level 1:colcon.colcon_core.package_identification:_identify(g1/scripts/basic/safety) by extensions ['colcon_pkg']
[0.482s] Level 1:colcon.colcon_core.package_identification:_identify(g1/scripts/basic/safety) by extension 'colcon_pkg'
[0.482s] Level 1:colcon.colcon_core.package_identification:_identify(g1/scripts/basic/safety) by extensions ['colcon_meta']
[0.482s] Level 1:colcon.colcon_core.package_identification:_identify(g1/scripts/basic/safety) by extension 'colcon_meta'
[0.482s] Level 1:colcon.colcon_core.package_identification:_identify(g1/scripts/basic/safety) by extensions ['ros']
[0.482s] Level 1:colcon.colcon_core.package_identification:_identify(g1/scripts/basic/safety) by extension 'ros'
[0.482s] Level 1:colcon.colcon_core.package_identification:_identify(g1/scripts/basic/safety) by extensions ['cmake', 'python']
[0.482s] Level 1:colcon.colcon_core.package_identification:_identify(g1/scripts/basic/safety) by extension 'cmake'
[0.482s] Level 1:colcon.colcon_core.package_identification:_identify(g1/scripts/basic/safety) by extension 'python'
[0.482s] Level 1:colcon.colcon_core.package_identification:_identify(g1/scripts/basic/safety) by extensions ['python_setup_py']
[0.482s] Level 1:colcon.colcon_core.package_identification:_identify(g1/scripts/basic/safety) by extension 'python_setup_py'
[0.483s] Level 1:colcon.colcon_core.package_identification:_identify(g1/scripts/dev) by extensions ['ignore', 'ignore_ament_install']
[0.483s] Level 1:colcon.colcon_core.package_identification:_identify(g1/scripts/dev) by extension 'ignore'
[0.483s] Level 1:colcon.colcon_core.package_identification:_identify(g1/scripts/dev) by extension 'ignore_ament_install'
[0.483s] Level 1:colcon.colcon_core.package_identification:_identify(g1/scripts/dev) by extensions ['colcon_pkg']
[0.483s] Level 1:colcon.colcon_core.package_identification:_identify(g1/scripts/dev) by extension 'colcon_pkg'
[0.483s] Level 1:colcon.colcon_core.package_identification:_identify(g1/scripts/dev) by extensions ['colcon_meta']
[0.483s] Level 1:colcon.colcon_core.package_identification:_identify(g1/scripts/dev) by extension 'colcon_meta'
[0.483s] Level 1:colcon.colcon_core.package_identification:_identify(g1/scripts/dev) by extensions ['ros']
[0.483s] Level 1:colcon.colcon_core.package_identification:_identify(g1/scripts/dev) by extension 'ros'
[0.483s] Level 1:colcon.colcon_core.package_identification:_identify(g1/scripts/dev) by extensions ['cmake', 'python']
[0.483s] Level 1:colcon.colcon_core.package_identification:_identify(g1/scripts/dev) by extension 'cmake'
[0.483s] Level 1:colcon.colcon_core.package_identification:_identify(g1/scripts/dev) by extension 'python'
[0.483s] Level 1:colcon.colcon_core.package_identification:_identify(g1/scripts/dev) by extensions ['python_setup_py']
[0.483s] Level 1:colcon.colcon_core.package_identification:_identify(g1/scripts/dev) by extension 'python_setup_py'
[0.484s] Level 1:colcon.colcon_core.package_identification:_identify(g1/scripts/dev/VLA) by extensions ['ignore', 'ignore_ament_install']
[0.484s] Level 1:colcon.colcon_core.package_identification:_identify(g1/scripts/dev/VLA) by extension 'ignore'
[0.484s] Level 1:colcon.colcon_core.package_identification:_identify(g1/scripts/dev/VLA) by extension 'ignore_ament_install'
[0.484s] Level 1:colcon.colcon_core.package_identification:_identify(g1/scripts/dev/VLA) by extensions ['colcon_pkg']
[0.484s] Level 1:colcon.colcon_core.package_identification:_identify(g1/scripts/dev/VLA) by extension 'colcon_pkg'
[0.484s] Level 1:colcon.colcon_core.package_identification:_identify(g1/scripts/dev/VLA) by extensions ['colcon_meta']
[0.484s] Level 1:colcon.colcon_core.package_identification:_identify(g1/scripts/dev/VLA) by extension 'colcon_meta'
[0.484s] Level 1:colcon.colcon_core.package_identification:_identify(g1/scripts/dev/VLA) by extensions ['ros']
[0.484s] Level 1:colcon.colcon_core.package_identification:_identify(g1/scripts/dev/VLA) by extension 'ros'
[0.484s] Level 1:colcon.colcon_core.package_identification:_identify(g1/scripts/dev/VLA) by extensions ['cmake', 'python']
[0.484s] Level 1:colcon.colcon_core.package_identification:_identify(g1/scripts/dev/VLA) by extension 'cmake'
[0.484s] Level 1:colcon.colcon_core.package_identification:_identify(g1/scripts/dev/VLA) by extension 'python'
[0.484s] Level 1:colcon.colcon_core.package_identification:_identify(g1/scripts/dev/VLA) by extensions ['python_setup_py']
[0.484s] Level 1:colcon.colcon_core.package_identification:_identify(g1/scripts/dev/VLA) by extension 'python_setup_py'
[0.485s] Level 1:colcon.colcon_core.package_identification:_identify(g1/scripts/dev/VLA/stack2) by extensions ['ignore', 'ignore_ament_install']
[0.485s] Level 1:colcon.colcon_core.package_identification:_identify(g1/scripts/dev/VLA/stack2) by extension 'ignore'
[0.485s] Level 1:colcon.colcon_core.package_identification:_identify(g1/scripts/dev/VLA/stack2) by extension 'ignore_ament_install'
[0.485s] Level 1:colcon.colcon_core.package_identification:_identify(g1/scripts/dev/VLA/stack2) by extensions ['colcon_pkg']
[0.485s] Level 1:colcon.colcon_core.package_identification:_identify(g1/scripts/dev/VLA/stack2) by extension 'colcon_pkg'
[0.485s] Level 1:colcon.colcon_core.package_identification:_identify(g1/scripts/dev/VLA/stack2) by extensions ['colcon_meta']
[0.485s] Level 1:colcon.colcon_core.package_identification:_identify(g1/scripts/dev/VLA/stack2) by extension 'colcon_meta'
[0.485s] Level 1:colcon.colcon_core.package_identification:_identify(g1/scripts/dev/VLA/stack2) by extensions ['ros']
[0.485s] Level 1:colcon.colcon_core.package_identification:_identify(g1/scripts/dev/VLA/stack2) by extension 'ros'
[0.485s] Level 1:colcon.colcon_core.package_identification:_identify(g1/scripts/dev/VLA/stack2) by extensions ['cmake', 'python']
[0.485s] Level 1:colcon.colcon_core.package_identification:_identify(g1/scripts/dev/VLA/stack2) by extension 'cmake'
[0.485s] Level 1:colcon.colcon_core.package_identification:_identify(g1/scripts/dev/VLA/stack2) by extension 'python'
[0.485s] Level 1:colcon.colcon_core.package_identification:_identify(g1/scripts/dev/VLA/stack2) by extensions ['python_setup_py']
[0.485s] Level 1:colcon.colcon_core.package_identification:_identify(g1/scripts/dev/VLA/stack2) by extension 'python_setup_py'
[0.486s] Level 1:colcon.colcon_core.package_identification:_identify(g1/scripts/dev/VLA/stack_1) by extensions ['ignore', 'ignore_ament_install']
[0.486s] Level 1:colcon.colcon_core.package_identification:_identify(g1/scripts/dev/VLA/stack_1) by extension 'ignore'
[0.486s] Level 1:colcon.colcon_core.package_identification:_identify(g1/scripts/dev/VLA/stack_1) by extension 'ignore_ament_install'
[0.486s] Level 1:colcon.colcon_core.package_identification:_identify(g1/scripts/dev/VLA/stack_1) by extensions ['colcon_pkg']
[0.486s] Level 1:colcon.colcon_core.package_identification:_identify(g1/scripts/dev/VLA/stack_1) by extension 'colcon_pkg'
[0.486s] Level 1:colcon.colcon_core.package_identification:_identify(g1/scripts/dev/VLA/stack_1) by extensions ['colcon_meta']
[0.486s] Level 1:colcon.colcon_core.package_identification:_identify(g1/scripts/dev/VLA/stack_1) by extension 'colcon_meta'
[0.486s] Level 1:colcon.colcon_core.package_identification:_identify(g1/scripts/dev/VLA/stack_1) by extensions ['ros']
[0.486s] Level 1:colcon.colcon_core.package_identification:_identify(g1/scripts/dev/VLA/stack_1) by extension 'ros'
[0.486s] Level 1:colcon.colcon_core.package_identification:_identify(g1/scripts/dev/VLA/stack_1) by extensions ['cmake', 'python']
[0.486s] Level 1:colcon.colcon_core.package_identification:_identify(g1/scripts/dev/VLA/stack_1) by extension 'cmake'
[0.486s] Level 1:colcon.colcon_core.package_identification:_identify(g1/scripts/dev/VLA/stack_1) by extension 'python'
[0.486s] Level 1:colcon.colcon_core.package_identification:_identify(g1/scripts/dev/VLA/stack_1) by extensions ['python_setup_py']
[0.486s] Level 1:colcon.colcon_core.package_identification:_identify(g1/scripts/dev/VLA/stack_1) by extension 'python_setup_py'
[0.487s] Level 1:colcon.colcon_core.package_identification:_identify(g1/scripts/dev/imitation) by extensions ['ignore', 'ignore_ament_install']
[0.487s] Level 1:colcon.colcon_core.package_identification:_identify(g1/scripts/dev/imitation) by extension 'ignore'
[0.487s] Level 1:colcon.colcon_core.package_identification:_identify(g1/scripts/dev/imitation) by extension 'ignore_ament_install'
[0.487s] Level 1:colcon.colcon_core.package_identification:_identify(g1/scripts/dev/imitation) by extensions ['colcon_pkg']
[0.487s] Level 1:colcon.colcon_core.package_identification:_identify(g1/scripts/dev/imitation) by extension 'colcon_pkg'
[0.487s] Level 1:colcon.colcon_core.package_identification:_identify(g1/scripts/dev/imitation) by extensions ['colcon_meta']
[0.487s] Level 1:colcon.colcon_core.package_identification:_identify(g1/scripts/dev/imitation) by extension 'colcon_meta'
[0.487s] Level 1:colcon.colcon_core.package_identification:_identify(g1/scripts/dev/imitation) by extensions ['ros']
[0.487s] Level 1:colcon.colcon_core.package_identification:_identify(g1/scripts/dev/imitation) by extension 'ros'
[0.487s] Level 1:colcon.colcon_core.package_identification:_identify(g1/scripts/dev/imitation) by extensions ['cmake', 'python']
[0.487s] Level 1:colcon.colcon_core.package_identification:_identify(g1/scripts/dev/imitation) by extension 'cmake'
[0.487s] Level 1:colcon.colcon_core.package_identification:_identify(g1/scripts/dev/imitation) by extension 'python'
[0.487s] Level 1:colcon.colcon_core.package_identification:_identify(g1/scripts/dev/imitation) by extensions ['python_setup_py']
[0.487s] Level 1:colcon.colcon_core.package_identification:_identify(g1/scripts/dev/imitation) by extension 'python_setup_py'
[0.489s] Level 1:colcon.colcon_core.package_identification:_identify(g1/scripts/dev/imitation/stack_1) by extensions ['ignore', 'ignore_ament_install']
[0.489s] Level 1:colcon.colcon_core.package_identification:_identify(g1/scripts/dev/imitation/stack_1) by extension 'ignore'
[0.489s] Level 1:colcon.colcon_core.package_identification:_identify(g1/scripts/dev/imitation/stack_1) by extension 'ignore_ament_install'
[0.489s] Level 1:colcon.colcon_core.package_identification:_identify(g1/scripts/dev/imitation/stack_1) by extensions ['colcon_pkg']
[0.489s] Level 1:colcon.colcon_core.package_identification:_identify(g1/scripts/dev/imitation/stack_1) by extension 'colcon_pkg'
[0.489s] Level 1:colcon.colcon_core.package_identification:_identify(g1/scripts/dev/imitation/stack_1) by extensions ['colcon_meta']
[0.489s] Level 1:colcon.colcon_core.package_identification:_identify(g1/scripts/dev/imitation/stack_1) by extension 'colcon_meta'
[0.489s] Level 1:colcon.colcon_core.package_identification:_identify(g1/scripts/dev/imitation/stack_1) by extensions ['ros']
[0.489s] Level 1:colcon.colcon_core.package_identification:_identify(g1/scripts/dev/imitation/stack_1) by extension 'ros'
[0.489s] Level 1:colcon.colcon_core.package_identification:_identify(g1/scripts/dev/imitation/stack_1) by extensions ['cmake', 'python']
[0.489s] Level 1:colcon.colcon_core.package_identification:_identify(g1/scripts/dev/imitation/stack_1) by extension 'cmake'
[0.489s] Level 1:colcon.colcon_core.package_identification:_identify(g1/scripts/dev/imitation/stack_1) by extension 'python'
[0.489s] Level 1:colcon.colcon_core.package_identification:_identify(g1/scripts/dev/imitation/stack_1) by extensions ['python_setup_py']
[0.489s] Level 1:colcon.colcon_core.package_identification:_identify(g1/scripts/dev/imitation/stack_1) by extension 'python_setup_py'
[0.490s] Level 1:colcon.colcon_core.package_identification:_identify(g1/scripts/ef_ws) by extensions ['ignore', 'ignore_ament_install']
[0.490s] Level 1:colcon.colcon_core.package_identification:_identify(g1/scripts/ef_ws) by extension 'ignore'
[0.490s] Level 1:colcon.colcon_core.package_identification:_identify(g1/scripts/ef_ws) by extension 'ignore_ament_install'
[0.491s] Level 1:colcon.colcon_core.package_identification:_identify(g1/scripts/ef_ws) by extensions ['colcon_pkg']
[0.491s] Level 1:colcon.colcon_core.package_identification:_identify(g1/scripts/ef_ws) by extension 'colcon_pkg'
[0.491s] Level 1:colcon.colcon_core.package_identification:_identify(g1/scripts/ef_ws) by extensions ['colcon_meta']
[0.491s] Level 1:colcon.colcon_core.package_identification:_identify(g1/scripts/ef_ws) by extension 'colcon_meta'
[0.491s] Level 1:colcon.colcon_core.package_identification:_identify(g1/scripts/ef_ws) by extensions ['ros']
[0.491s] Level 1:colcon.colcon_core.package_identification:_identify(g1/scripts/ef_ws) by extension 'ros'
[0.491s] Level 1:colcon.colcon_core.package_identification:_identify(g1/scripts/ef_ws) by extensions ['cmake', 'python']
[0.491s] Level 1:colcon.colcon_core.package_identification:_identify(g1/scripts/ef_ws) by extension 'cmake'
[0.491s] Level 1:colcon.colcon_core.package_identification:_identify(g1/scripts/ef_ws) by extension 'python'
[0.491s] Level 1:colcon.colcon_core.package_identification:_identify(g1/scripts/ef_ws) by extensions ['python_setup_py']
[0.491s] Level 1:colcon.colcon_core.package_identification:_identify(g1/scripts/ef_ws) by extension 'python_setup_py'
[0.492s] Level 1:colcon.colcon_core.package_identification:_identify(g1/scripts/navigation) by extensions ['ignore', 'ignore_ament_install']
[0.492s] Level 1:colcon.colcon_core.package_identification:_identify(g1/scripts/navigation) by extension 'ignore'
[0.492s] Level 1:colcon.colcon_core.package_identification:_identify(g1/scripts/navigation) by extension 'ignore_ament_install'
[0.492s] Level 1:colcon.colcon_core.package_identification:_identify(g1/scripts/navigation) by extensions ['colcon_pkg']
[0.492s] Level 1:colcon.colcon_core.package_identification:_identify(g1/scripts/navigation) by extension 'colcon_pkg'
[0.492s] Level 1:colcon.colcon_core.package_identification:_identify(g1/scripts/navigation) by extensions ['colcon_meta']
[0.492s] Level 1:colcon.colcon_core.package_identification:_identify(g1/scripts/navigation) by extension 'colcon_meta'
[0.492s] Level 1:colcon.colcon_core.package_identification:_identify(g1/scripts/navigation) by extensions ['ros']
[0.492s] Level 1:colcon.colcon_core.package_identification:_identify(g1/scripts/navigation) by extension 'ros'
[0.492s] Level 1:colcon.colcon_core.package_identification:_identify(g1/scripts/navigation) by extensions ['cmake', 'python']
[0.492s] Level 1:colcon.colcon_core.package_identification:_identify(g1/scripts/navigation) by extension 'cmake'
[0.492s] Level 1:colcon.colcon_core.package_identification:_identify(g1/scripts/navigation) by extension 'python'
[0.492s] Level 1:colcon.colcon_core.package_identification:_identify(g1/scripts/navigation) by extensions ['python_setup_py']
[0.492s] Level 1:colcon.colcon_core.package_identification:_identify(g1/scripts/navigation) by extension 'python_setup_py'
[0.493s] Level 1:colcon.colcon_core.package_identification:_identify(g1/scripts/navigation/obstacle_avoidance) by extensions ['ignore', 'ignore_ament_install']
[0.493s] Level 1:colcon.colcon_core.package_identification:_identify(g1/scripts/navigation/obstacle_avoidance) by extension 'ignore'
[0.493s] Level 1:colcon.colcon_core.package_identification:_identify(g1/scripts/navigation/obstacle_avoidance) by extension 'ignore_ament_install'
[0.493s] Level 1:colcon.colcon_core.package_identification:_identify(g1/scripts/navigation/obstacle_avoidance) by extensions ['colcon_pkg']
[0.493s] Level 1:colcon.colcon_core.package_identification:_identify(g1/scripts/navigation/obstacle_avoidance) by extension 'colcon_pkg'
[0.493s] Level 1:colcon.colcon_core.package_identification:_identify(g1/scripts/navigation/obstacle_avoidance) by extensions ['colcon_meta']
[0.493s] Level 1:colcon.colcon_core.package_identification:_identify(g1/scripts/navigation/obstacle_avoidance) by extension 'colcon_meta'
[0.493s] Level 1:colcon.colcon_core.package_identification:_identify(g1/scripts/navigation/obstacle_avoidance) by extensions ['ros']
[0.493s] Level 1:colcon.colcon_core.package_identification:_identify(g1/scripts/navigation/obstacle_avoidance) by extension 'ros'
[0.493s] Level 1:colcon.colcon_core.package_identification:_identify(g1/scripts/navigation/obstacle_avoidance) by extensions ['cmake', 'python']
[0.493s] Level 1:colcon.colcon_core.package_identification:_identify(g1/scripts/navigation/obstacle_avoidance) by extension 'cmake'
[0.493s] Level 1:colcon.colcon_core.package_identification:_identify(g1/scripts/navigation/obstacle_avoidance) by extension 'python'
[0.493s] Level 1:colcon.colcon_core.package_identification:_identify(g1/scripts/navigation/obstacle_avoidance) by extensions ['python_setup_py']
[0.493s] Level 1:colcon.colcon_core.package_identification:_identify(g1/scripts/navigation/obstacle_avoidance) by extension 'python_setup_py'
[0.494s] Level 1:colcon.colcon_core.package_identification:_identify(g1/scripts/navigation/obstacle_avoidance/maps) by extensions ['ignore', 'ignore_ament_install']
[0.494s] Level 1:colcon.colcon_core.package_identification:_identify(g1/scripts/navigation/obstacle_avoidance/maps) by extension 'ignore'
[0.494s] Level 1:colcon.colcon_core.package_identification:_identify(g1/scripts/navigation/obstacle_avoidance/maps) by extension 'ignore_ament_install'
[0.494s] Level 1:colcon.colcon_core.package_identification:_identify(g1/scripts/navigation/obstacle_avoidance/maps) by extensions ['colcon_pkg']
[0.494s] Level 1:colcon.colcon_core.package_identification:_identify(g1/scripts/navigation/obstacle_avoidance/maps) by extension 'colcon_pkg'
[0.494s] Level 1:colcon.colcon_core.package_identification:_identify(g1/scripts/navigation/obstacle_avoidance/maps) by extensions ['colcon_meta']
[0.494s] Level 1:colcon.colcon_core.package_identification:_identify(g1/scripts/navigation/obstacle_avoidance/maps) by extension 'colcon_meta'
[0.494s] Level 1:colcon.colcon_core.package_identification:_identify(g1/scripts/navigation/obstacle_avoidance/maps) by extensions ['ros']
[0.494s] Level 1:colcon.colcon_core.package_identification:_identify(g1/scripts/navigation/obstacle_avoidance/maps) by extension 'ros'
[0.494s] Level 1:colcon.colcon_core.package_identification:_identify(g1/scripts/navigation/obstacle_avoidance/maps) by extensions ['cmake', 'python']
[0.494s] Level 1:colcon.colcon_core.package_identification:_identify(g1/scripts/navigation/obstacle_avoidance/maps) by extension 'cmake'
[0.494s] Level 1:colcon.colcon_core.package_identification:_identify(g1/scripts/navigation/obstacle_avoidance/maps) by extension 'python'
[0.494s] Level 1:colcon.colcon_core.package_identification:_identify(g1/scripts/navigation/obstacle_avoidance/maps) by extensions ['python_setup_py']
[0.494s] Level 1:colcon.colcon_core.package_identification:_identify(g1/scripts/navigation/obstacle_avoidance/maps) by extension 'python_setup_py'
[0.495s] Level 1:colcon.colcon_core.package_identification:_identify(g1/scripts/navigation/obstacle_avoidance/safety) by extensions ['ignore', 'ignore_ament_install']
[0.495s] Level 1:colcon.colcon_core.package_identification:_identify(g1/scripts/navigation/obstacle_avoidance/safety) by extension 'ignore'
[0.495s] Level 1:colcon.colcon_core.package_identification:_identify(g1/scripts/navigation/obstacle_avoidance/safety) by extension 'ignore_ament_install'
[0.495s] Level 1:colcon.colcon_core.package_identification:_identify(g1/scripts/navigation/obstacle_avoidance/safety) by extensions ['colcon_pkg']
[0.495s] Level 1:colcon.colcon_core.package_identification:_identify(g1/scripts/navigation/obstacle_avoidance/safety) by extension 'colcon_pkg'
[0.495s] Level 1:colcon.colcon_core.package_identification:_identify(g1/scripts/navigation/obstacle_avoidance/safety) by extensions ['colcon_meta']
[0.495s] Level 1:colcon.colcon_core.package_identification:_identify(g1/scripts/navigation/obstacle_avoidance/safety) by extension 'colcon_meta'
[0.496s] Level 1:colcon.colcon_core.package_identification:_identify(g1/scripts/navigation/obstacle_avoidance/safety) by extensions ['ros']
[0.496s] Level 1:colcon.colcon_core.package_identification:_identify(g1/scripts/navigation/obstacle_avoidance/safety) by extension 'ros'
[0.496s] Level 1:colcon.colcon_core.package_identification:_identify(g1/scripts/navigation/obstacle_avoidance/safety) by extensions ['cmake', 'python']
[0.496s] Level 1:colcon.colcon_core.package_identification:_identify(g1/scripts/navigation/obstacle_avoidance/safety) by extension 'cmake'
[0.496s] Level 1:colcon.colcon_core.package_identification:_identify(g1/scripts/navigation/obstacle_avoidance/safety) by extension 'python'
[0.496s] Level 1:colcon.colcon_core.package_identification:_identify(g1/scripts/navigation/obstacle_avoidance/safety) by extensions ['python_setup_py']
[0.496s] Level 1:colcon.colcon_core.package_identification:_identify(g1/scripts/navigation/obstacle_avoidance/safety) by extension 'python_setup_py'
[0.497s] Level 1:colcon.colcon_core.package_identification:_identify(g1/scripts/navigation/obstacle_avoidance/slam_sdk_example) by extensions ['ignore', 'ignore_ament_install']
[0.497s] Level 1:colcon.colcon_core.package_identification:_identify(g1/scripts/navigation/obstacle_avoidance/slam_sdk_example) by extension 'ignore'
[0.497s] Level 1:colcon.colcon_core.package_identification:_identify(g1/scripts/navigation/obstacle_avoidance/slam_sdk_example) by extension 'ignore_ament_install'
[0.497s] Level 1:colcon.colcon_core.package_identification:_identify(g1/scripts/navigation/obstacle_avoidance/slam_sdk_example) by extensions ['colcon_pkg']
[0.497s] Level 1:colcon.colcon_core.package_identification:_identify(g1/scripts/navigation/obstacle_avoidance/slam_sdk_example) by extension 'colcon_pkg'
[0.497s] Level 1:colcon.colcon_core.package_identification:_identify(g1/scripts/navigation/obstacle_avoidance/slam_sdk_example) by extensions ['colcon_meta']
[0.497s] Level 1:colcon.colcon_core.package_identification:_identify(g1/scripts/navigation/obstacle_avoidance/slam_sdk_example) by extension 'colcon_meta'
[0.497s] Level 1:colcon.colcon_core.package_identification:_identify(g1/scripts/navigation/obstacle_avoidance/slam_sdk_example) by extensions ['ros']
[0.497s] Level 1:colcon.colcon_core.package_identification:_identify(g1/scripts/navigation/obstacle_avoidance/slam_sdk_example) by extension 'ros'
[0.497s] Level 1:colcon.colcon_core.package_identification:_identify(g1/scripts/navigation/obstacle_avoidance/slam_sdk_example) by extensions ['cmake', 'python']
[0.497s] Level 1:colcon.colcon_core.package_identification:_identify(g1/scripts/navigation/obstacle_avoidance/slam_sdk_example) by extension 'cmake'
[0.498s] Level 1:colcon.colcon_core.package_identification:_identify(g1/scripts/navigation/obstacle_avoidance/slam_sdk_example) by extension 'python'
[0.498s] Level 1:colcon.colcon_core.package_identification:_identify(g1/scripts/navigation/obstacle_avoidance/slam_sdk_example) by extensions ['python_setup_py']
[0.498s] Level 1:colcon.colcon_core.package_identification:_identify(g1/scripts/navigation/obstacle_avoidance/slam_sdk_example) by extension 'python_setup_py'
[0.498s] Level 1:colcon.colcon_core.package_identification:_identify(g1/scripts/navigation/obstacle_avoidance/slam_sdk_example/example) by extensions ['ignore', 'ignore_ament_install']
[0.498s] Level 1:colcon.colcon_core.package_identification:_identify(g1/scripts/navigation/obstacle_avoidance/slam_sdk_example/example) by extension 'ignore'
[0.498s] Level 1:colcon.colcon_core.package_identification:_identify(g1/scripts/navigation/obstacle_avoidance/slam_sdk_example/example) by extension 'ignore_ament_install'
[0.499s] Level 1:colcon.colcon_core.package_identification:_identify(g1/scripts/navigation/obstacle_avoidance/slam_sdk_example/example) by extensions ['colcon_pkg']
[0.499s] Level 1:colcon.colcon_core.package_identification:_identify(g1/scripts/navigation/obstacle_avoidance/slam_sdk_example/example) by extension 'colcon_pkg'
[0.499s] Level 1:colcon.colcon_core.package_identification:_identify(g1/scripts/navigation/obstacle_avoidance/slam_sdk_example/example) by extensions ['colcon_meta']
[0.499s] Level 1:colcon.colcon_core.package_identification:_identify(g1/scripts/navigation/obstacle_avoidance/slam_sdk_example/example) by extension 'colcon_meta'
[0.499s] Level 1:colcon.colcon_core.package_identification:_identify(g1/scripts/navigation/obstacle_avoidance/slam_sdk_example/example) by extensions ['ros']
[0.499s] Level 1:colcon.colcon_core.package_identification:_identify(g1/scripts/navigation/obstacle_avoidance/slam_sdk_example/example) by extension 'ros'
[0.499s] Level 1:colcon.colcon_core.package_identification:_identify(g1/scripts/navigation/obstacle_avoidance/slam_sdk_example/example) by extensions ['cmake', 'python']
[0.499s] Level 1:colcon.colcon_core.package_identification:_identify(g1/scripts/navigation/obstacle_avoidance/slam_sdk_example/example) by extension 'cmake'
[0.502s] Level 1:colcon.colcon_core.package_identification:_identify(g1/scripts/navigation/obstacle_avoidance/slam_sdk_example/example) by extension 'python'
[0.502s] DEBUG:colcon.colcon_core.package_identification:Package 'g1/scripts/navigation/obstacle_avoidance/slam_sdk_example/example' with type 'cmake' and name 'slam_example'
[0.502s] Level 1:colcon.colcon_core.package_identification:_identify(g1/scripts/navigation/obstacle_avoidance/slam_sdk_example/rviz2) by extensions ['ignore', 'ignore_ament_install']
[0.503s] Level 1:colcon.colcon_core.package_identification:_identify(g1/scripts/navigation/obstacle_avoidance/slam_sdk_example/rviz2) by extension 'ignore'
[0.503s] Level 1:colcon.colcon_core.package_identification:_identify(g1/scripts/navigation/obstacle_avoidance/slam_sdk_example/rviz2) by extension 'ignore_ament_install'
[0.503s] Level 1:colcon.colcon_core.package_identification:_identify(g1/scripts/navigation/obstacle_avoidance/slam_sdk_example/rviz2) by extensions ['colcon_pkg']
[0.503s] Level 1:colcon.colcon_core.package_identification:_identify(g1/scripts/navigation/obstacle_avoidance/slam_sdk_example/rviz2) by extension 'colcon_pkg'
[0.503s] Level 1:colcon.colcon_core.package_identification:_identify(g1/scripts/navigation/obstacle_avoidance/slam_sdk_example/rviz2) by extensions ['colcon_meta']
[0.503s] Level 1:colcon.colcon_core.package_identification:_identify(g1/scripts/navigation/obstacle_avoidance/slam_sdk_example/rviz2) by extension 'colcon_meta'
[0.503s] Level 1:colcon.colcon_core.package_identification:_identify(g1/scripts/navigation/obstacle_avoidance/slam_sdk_example/rviz2) by extensions ['ros']
[0.503s] Level 1:colcon.colcon_core.package_identification:_identify(g1/scripts/navigation/obstacle_avoidance/slam_sdk_example/rviz2) by extension 'ros'
[0.503s] Level 1:colcon.colcon_core.package_identification:_identify(g1/scripts/navigation/obstacle_avoidance/slam_sdk_example/rviz2) by extensions ['cmake', 'python']
[0.503s] Level 1:colcon.colcon_core.package_identification:_identify(g1/scripts/navigation/obstacle_avoidance/slam_sdk_example/rviz2) by extension 'cmake'
[0.503s] Level 1:colcon.colcon_core.package_identification:_identify(g1/scripts/navigation/obstacle_avoidance/slam_sdk_example/rviz2) by extension 'python'
[0.503s] Level 1:colcon.colcon_core.package_identification:_identify(g1/scripts/navigation/obstacle_avoidance/slam_sdk_example/rviz2) by extensions ['python_setup_py']
[0.503s] Level 1:colcon.colcon_core.package_identification:_identify(g1/scripts/navigation/obstacle_avoidance/slam_sdk_example/rviz2) by extension 'python_setup_py'
[0.504s] Level 1:colcon.colcon_core.package_identification:_identify(g1/scripts/navigation/slam) by extensions ['ignore', 'ignore_ament_install']
[0.504s] Level 1:colcon.colcon_core.package_identification:_identify(g1/scripts/navigation/slam) by extension 'ignore'
[0.504s] Level 1:colcon.colcon_core.package_identification:_identify(g1/scripts/navigation/slam) by extension 'ignore_ament_install'
[0.504s] Level 1:colcon.colcon_core.package_identification:_identify(g1/scripts/navigation/slam) by extensions ['colcon_pkg']
[0.504s] Level 1:colcon.colcon_core.package_identification:_identify(g1/scripts/navigation/slam) by extension 'colcon_pkg'
[0.504s] Level 1:colcon.colcon_core.package_identification:_identify(g1/scripts/navigation/slam) by extensions ['colcon_meta']
[0.504s] Level 1:colcon.colcon_core.package_identification:_identify(g1/scripts/navigation/slam) by extension 'colcon_meta'
[0.504s] Level 1:colcon.colcon_core.package_identification:_identify(g1/scripts/navigation/slam) by extensions ['ros']
[0.504s] Level 1:colcon.colcon_core.package_identification:_identify(g1/scripts/navigation/slam) by extension 'ros'
[0.504s] Level 1:colcon.colcon_core.package_identification:_identify(g1/scripts/navigation/slam) by extensions ['cmake', 'python']
[0.504s] Level 1:colcon.colcon_core.package_identification:_identify(g1/scripts/navigation/slam) by extension 'cmake'
[0.504s] Level 1:colcon.colcon_core.package_identification:_identify(g1/scripts/navigation/slam) by extension 'python'
[0.504s] Level 1:colcon.colcon_core.package_identification:_identify(g1/scripts/navigation/slam) by extensions ['python_setup_py']
[0.504s] Level 1:colcon.colcon_core.package_identification:_identify(g1/scripts/navigation/slam) by extension 'python_setup_py'
[0.505s] Level 1:colcon.colcon_core.package_identification:_identify(g1/scripts/navigation/slam/logs) by extensions ['ignore', 'ignore_ament_install']
[0.505s] Level 1:colcon.colcon_core.package_identification:_identify(g1/scripts/navigation/slam/logs) by extension 'ignore'
[0.505s] Level 1:colcon.colcon_core.package_identification:_identify(g1/scripts/navigation/slam/logs) by extension 'ignore_ament_install'
[0.505s] Level 1:colcon.colcon_core.package_identification:_identify(g1/scripts/navigation/slam/logs) by extensions ['colcon_pkg']
[0.505s] Level 1:colcon.colcon_core.package_identification:_identify(g1/scripts/navigation/slam/logs) by extension 'colcon_pkg'
[0.505s] Level 1:colcon.colcon_core.package_identification:_identify(g1/scripts/navigation/slam/logs) by extensions ['colcon_meta']
[0.505s] Level 1:colcon.colcon_core.package_identification:_identify(g1/scripts/navigation/slam/logs) by extension 'colcon_meta'
[0.505s] Level 1:colcon.colcon_core.package_identification:_identify(g1/scripts/navigation/slam/logs) by extensions ['ros']
[0.505s] Level 1:colcon.colcon_core.package_identification:_identify(g1/scripts/navigation/slam/logs) by extension 'ros'
[0.505s] Level 1:colcon.colcon_core.package_identification:_identify(g1/scripts/navigation/slam/logs) by extensions ['cmake', 'python']
[0.505s] Level 1:colcon.colcon_core.package_identification:_identify(g1/scripts/navigation/slam/logs) by extension 'cmake'
[0.505s] Level 1:colcon.colcon_core.package_identification:_identify(g1/scripts/navigation/slam/logs) by extension 'python'
[0.505s] Level 1:colcon.colcon_core.package_identification:_identify(g1/scripts/navigation/slam/logs) by extensions ['python_setup_py']
[0.506s] Level 1:colcon.colcon_core.package_identification:_identify(g1/scripts/navigation/slam/logs) by extension 'python_setup_py'
[0.506s] Level 1:colcon.colcon_core.package_identification:_identify(g1/scripts/navigation/slam/maps) by extensions ['ignore', 'ignore_ament_install']
[0.506s] Level 1:colcon.colcon_core.package_identification:_identify(g1/scripts/navigation/slam/maps) by extension 'ignore'
[0.506s] Level 1:colcon.colcon_core.package_identification:_identify(g1/scripts/navigation/slam/maps) by extension 'ignore_ament_install'
[0.506s] Level 1:colcon.colcon_core.package_identification:_identify(g1/scripts/navigation/slam/maps) by extensions ['colcon_pkg']
[0.506s] Level 1:colcon.colcon_core.package_identification:_identify(g1/scripts/navigation/slam/maps) by extension 'colcon_pkg'
[0.506s] Level 1:colcon.colcon_core.package_identification:_identify(g1/scripts/navigation/slam/maps) by extensions ['colcon_meta']
[0.506s] Level 1:colcon.colcon_core.package_identification:_identify(g1/scripts/navigation/slam/maps) by extension 'colcon_meta'
[0.506s] Level 1:colcon.colcon_core.package_identification:_identify(g1/scripts/navigation/slam/maps) by extensions ['ros']
[0.506s] Level 1:colcon.colcon_core.package_identification:_identify(g1/scripts/navigation/slam/maps) by extension 'ros'
[0.507s] Level 1:colcon.colcon_core.package_identification:_identify(g1/scripts/navigation/slam/maps) by extensions ['cmake', 'python']
[0.507s] Level 1:colcon.colcon_core.package_identification:_identify(g1/scripts/navigation/slam/maps) by extension 'cmake'
[0.507s] Level 1:colcon.colcon_core.package_identification:_identify(g1/scripts/navigation/slam/maps) by extension 'python'
[0.507s] Level 1:colcon.colcon_core.package_identification:_identify(g1/scripts/navigation/slam/maps) by extensions ['python_setup_py']
[0.507s] Level 1:colcon.colcon_core.package_identification:_identify(g1/scripts/navigation/slam/maps) by extension 'python_setup_py'
[0.507s] Level 1:colcon.colcon_core.package_identification:_identify(g1/scripts/obj_detection) by extensions ['ignore', 'ignore_ament_install']
[0.507s] Level 1:colcon.colcon_core.package_identification:_identify(g1/scripts/obj_detection) by extension 'ignore'
[0.507s] Level 1:colcon.colcon_core.package_identification:_identify(g1/scripts/obj_detection) by extension 'ignore_ament_install'
[0.508s] Level 1:colcon.colcon_core.package_identification:_identify(g1/scripts/obj_detection) by extensions ['colcon_pkg']
[0.508s] Level 1:colcon.colcon_core.package_identification:_identify(g1/scripts/obj_detection) by extension 'colcon_pkg'
[0.508s] Level 1:colcon.colcon_core.package_identification:_identify(g1/scripts/obj_detection) by extensions ['colcon_meta']
[0.508s] Level 1:colcon.colcon_core.package_identification:_identify(g1/scripts/obj_detection) by extension 'colcon_meta'
[0.508s] Level 1:colcon.colcon_core.package_identification:_identify(g1/scripts/obj_detection) by extensions ['ros']
[0.508s] Level 1:colcon.colcon_core.package_identification:_identify(g1/scripts/obj_detection) by extension 'ros'
[0.508s] Level 1:colcon.colcon_core.package_identification:_identify(g1/scripts/obj_detection) by extensions ['cmake', 'python']
[0.508s] Level 1:colcon.colcon_core.package_identification:_identify(g1/scripts/obj_detection) by extension 'cmake'
[0.508s] Level 1:colcon.colcon_core.package_identification:_identify(g1/scripts/obj_detection) by extension 'python'
[0.508s] Level 1:colcon.colcon_core.package_identification:_identify(g1/scripts/obj_detection) by extensions ['python_setup_py']
[0.508s] Level 1:colcon.colcon_core.package_identification:_identify(g1/scripts/obj_detection) by extension 'python_setup_py'
[0.509s] Level 1:colcon.colcon_core.package_identification:_identify(g1/scripts/sensors) by extensions ['ignore', 'ignore_ament_install']
[0.509s] Level 1:colcon.colcon_core.package_identification:_identify(g1/scripts/sensors) by extension 'ignore'
[0.509s] Level 1:colcon.colcon_core.package_identification:_identify(g1/scripts/sensors) by extension 'ignore_ament_install'
[0.509s] Level 1:colcon.colcon_core.package_identification:_identify(g1/scripts/sensors) by extensions ['colcon_pkg']
[0.509s] Level 1:colcon.colcon_core.package_identification:_identify(g1/scripts/sensors) by extension 'colcon_pkg'
[0.509s] Level 1:colcon.colcon_core.package_identification:_identify(g1/scripts/sensors) by extensions ['colcon_meta']
[0.509s] Level 1:colcon.colcon_core.package_identification:_identify(g1/scripts/sensors) by extension 'colcon_meta'
[0.509s] Level 1:colcon.colcon_core.package_identification:_identify(g1/scripts/sensors) by extensions ['ros']
[0.509s] Level 1:colcon.colcon_core.package_identification:_identify(g1/scripts/sensors) by extension 'ros'
[0.509s] Level 1:colcon.colcon_core.package_identification:_identify(g1/scripts/sensors) by extensions ['cmake', 'python']
[0.509s] Level 1:colcon.colcon_core.package_identification:_identify(g1/scripts/sensors) by extension 'cmake'
[0.509s] Level 1:colcon.colcon_core.package_identification:_identify(g1/scripts/sensors) by extension 'python'
[0.509s] Level 1:colcon.colcon_core.package_identification:_identify(g1/scripts/sensors) by extensions ['python_setup_py']
[0.509s] Level 1:colcon.colcon_core.package_identification:_identify(g1/scripts/sensors) by extension 'python_setup_py'
[0.510s] Level 1:colcon.colcon_core.package_identification:_identify(g1/scripts/sensors/manual_streaming) by extensions ['ignore', 'ignore_ament_install']
[0.510s] Level 1:colcon.colcon_core.package_identification:_identify(g1/scripts/sensors/manual_streaming) by extension 'ignore'
[0.510s] Level 1:colcon.colcon_core.package_identification:_identify(g1/scripts/sensors/manual_streaming) by extension 'ignore_ament_install'
[0.510s] Level 1:colcon.colcon_core.package_identification:_identify(g1/scripts/sensors/manual_streaming) by extensions ['colcon_pkg']
[0.510s] Level 1:colcon.colcon_core.package_identification:_identify(g1/scripts/sensors/manual_streaming) by extension 'colcon_pkg'
[0.510s] Level 1:colcon.colcon_core.package_identification:_identify(g1/scripts/sensors/manual_streaming) by extensions ['colcon_meta']
[0.510s] Level 1:colcon.colcon_core.package_identification:_identify(g1/scripts/sensors/manual_streaming) by extension 'colcon_meta'
[0.510s] Level 1:colcon.colcon_core.package_identification:_identify(g1/scripts/sensors/manual_streaming) by extensions ['ros']
[0.510s] Level 1:colcon.colcon_core.package_identification:_identify(g1/scripts/sensors/manual_streaming) by extension 'ros'
[0.510s] Level 1:colcon.colcon_core.package_identification:_identify(g1/scripts/sensors/manual_streaming) by extensions ['cmake', 'python']
[0.510s] Level 1:colcon.colcon_core.package_identification:_identify(g1/scripts/sensors/manual_streaming) by extension 'cmake'
[0.511s] Level 1:colcon.colcon_core.package_identification:_identify(g1/scripts/sensors/manual_streaming) by extension 'python'
[0.511s] DEBUG:colcon.colcon_core.package_identification:Package 'g1/scripts/sensors/manual_streaming' with type 'cmake' and name 'tx_lidar'
[0.512s] Level 1:colcon.colcon_core.package_identification:_identify(g1/scripts/troubleshooting) by extensions ['ignore', 'ignore_ament_install']
[0.512s] Level 1:colcon.colcon_core.package_identification:_identify(g1/scripts/troubleshooting) by extension 'ignore'
[0.512s] Level 1:colcon.colcon_core.package_identification:_identify(g1/scripts/troubleshooting) by extension 'ignore_ament_install'
[0.512s] Level 1:colcon.colcon_core.package_identification:_identify(g1/scripts/troubleshooting) by extensions ['colcon_pkg']
[0.512s] Level 1:colcon.colcon_core.package_identification:_identify(g1/scripts/troubleshooting) by extension 'colcon_pkg'
[0.512s] Level 1:colcon.colcon_core.package_identification:_identify(g1/scripts/troubleshooting) by extensions ['colcon_meta']
[0.512s] Level 1:colcon.colcon_core.package_identification:_identify(g1/scripts/troubleshooting) by extension 'colcon_meta'
[0.512s] Level 1:colcon.colcon_core.package_identification:_identify(g1/scripts/troubleshooting) by extensions ['ros']
[0.512s] Level 1:colcon.colcon_core.package_identification:_identify(g1/scripts/troubleshooting) by extension 'ros'
[0.512s] Level 1:colcon.colcon_core.package_identification:_identify(g1/scripts/troubleshooting) by extensions ['cmake', 'python']
[0.513s] Level 1:colcon.colcon_core.package_identification:_identify(g1/scripts/troubleshooting) by extension 'cmake'
[0.513s] Level 1:colcon.colcon_core.package_identification:_identify(g1/scripts/troubleshooting) by extension 'python'
[0.513s] Level 1:colcon.colcon_core.package_identification:_identify(g1/scripts/troubleshooting) by extensions ['python_setup_py']
[0.513s] Level 1:colcon.colcon_core.package_identification:_identify(g1/scripts/troubleshooting) by extension 'python_setup_py'
[0.513s] Level 1:colcon.colcon_core.package_identification:_identify(g1/scripts/unifolm-vla_g1-main) by extensions ['ignore', 'ignore_ament_install']
[0.513s] Level 1:colcon.colcon_core.package_identification:_identify(g1/scripts/unifolm-vla_g1-main) by extension 'ignore'
[0.513s] Level 1:colcon.colcon_core.package_identification:_identify(g1/scripts/unifolm-vla_g1-main) by extension 'ignore_ament_install'
[0.514s] Level 1:colcon.colcon_core.package_identification:_identify(g1/scripts/unifolm-vla_g1-main) by extensions ['colcon_pkg']
[0.514s] Level 1:colcon.colcon_core.package_identification:_identify(g1/scripts/unifolm-vla_g1-main) by extension 'colcon_pkg'
[0.514s] Level 1:colcon.colcon_core.package_identification:_identify(g1/scripts/unifolm-vla_g1-main) by extensions ['colcon_meta']
[0.514s] Level 1:colcon.colcon_core.package_identification:_identify(g1/scripts/unifolm-vla_g1-main) by extension 'colcon_meta'
[0.514s] Level 1:colcon.colcon_core.package_identification:_identify(g1/scripts/unifolm-vla_g1-main) by extensions ['ros']
[0.514s] Level 1:colcon.colcon_core.package_identification:_identify(g1/scripts/unifolm-vla_g1-main) by extension 'ros'
[0.514s] Level 1:colcon.colcon_core.package_identification:_identify(g1/scripts/unifolm-vla_g1-main) by extensions ['cmake', 'python']
[0.514s] Level 1:colcon.colcon_core.package_identification:_identify(g1/scripts/unifolm-vla_g1-main) by extension 'cmake'
[0.514s] Level 1:colcon.colcon_core.package_identification:_identify(g1/scripts/unifolm-vla_g1-main) by extension 'python'
[0.514s] Level 1:colcon.colcon_core.package_identification:_identify(g1/scripts/unifolm-vla_g1-main) by extensions ['python_setup_py']
[0.514s] Level 1:colcon.colcon_core.package_identification:_identify(g1/scripts/unifolm-vla_g1-main) by extension 'python_setup_py'
[0.515s] Level 1:colcon.colcon_core.package_identification:_identify(g1/scripts/unifolm-vla_g1-main/assets) by extensions ['ignore', 'ignore_ament_install']
[0.515s] Level 1:colcon.colcon_core.package_identification:_identify(g1/scripts/unifolm-vla_g1-main/assets) by extension 'ignore'
[0.515s] Level 1:colcon.colcon_core.package_identification:_identify(g1/scripts/unifolm-vla_g1-main/assets) by extension 'ignore_ament_install'
[0.515s] Level 1:colcon.colcon_core.package_identification:_identify(g1/scripts/unifolm-vla_g1-main/assets) by extensions ['colcon_pkg']
[0.515s] Level 1:colcon.colcon_core.package_identification:_identify(g1/scripts/unifolm-vla_g1-main/assets) by extension 'colcon_pkg'
[0.515s] Level 1:colcon.colcon_core.package_identification:_identify(g1/scripts/unifolm-vla_g1-main/assets) by extensions ['colcon_meta']
[0.515s] Level 1:colcon.colcon_core.package_identification:_identify(g1/scripts/unifolm-vla_g1-main/assets) by extension 'colcon_meta'
[0.515s] Level 1:colcon.colcon_core.package_identification:_identify(g1/scripts/unifolm-vla_g1-main/assets) by extensions ['ros']
[0.515s] Level 1:colcon.colcon_core.package_identification:_identify(g1/scripts/unifolm-vla_g1-main/assets) by extension 'ros'
[0.515s] Level 1:colcon.colcon_core.package_identification:_identify(g1/scripts/unifolm-vla_g1-main/assets) by extensions ['cmake', 'python']
[0.515s] Level 1:colcon.colcon_core.package_identification:_identify(g1/scripts/unifolm-vla_g1-main/assets) by extension 'cmake'
[0.515s] Level 1:colcon.colcon_core.package_identification:_identify(g1/scripts/unifolm-vla_g1-main/assets) by extension 'python'
[0.515s] Level 1:colcon.colcon_core.package_identification:_identify(g1/scripts/unifolm-vla_g1-main/assets) by extensions ['python_setup_py']
[0.515s] Level 1:colcon.colcon_core.package_identification:_identify(g1/scripts/unifolm-vla_g1-main/assets) by extension 'python_setup_py'
[0.516s] Level 1:colcon.colcon_core.package_identification:_identify(g1/scripts/unifolm-vla_g1-main/assets/gif) by extensions ['ignore', 'ignore_ament_install']
[0.516s] Level 1:colcon.colcon_core.package_identification:_identify(g1/scripts/unifolm-vla_g1-main/assets/gif) by extension 'ignore'
[0.516s] Level 1:colcon.colcon_core.package_identification:_identify(g1/scripts/unifolm-vla_g1-main/assets/gif) by extension 'ignore_ament_install'
[0.516s] Level 1:colcon.colcon_core.package_identification:_identify(g1/scripts/unifolm-vla_g1-main/assets/gif) by extensions ['colcon_pkg']
[0.516s] Level 1:colcon.colcon_core.package_identification:_identify(g1/scripts/unifolm-vla_g1-main/assets/gif) by extension 'colcon_pkg'
[0.516s] Level 1:colcon.colcon_core.package_identification:_identify(g1/scripts/unifolm-vla_g1-main/assets/gif) by extensions ['colcon_meta']
[0.516s] Level 1:colcon.colcon_core.package_identification:_identify(g1/scripts/unifolm-vla_g1-main/assets/gif) by extension 'colcon_meta'
[0.516s] Level 1:colcon.colcon_core.package_identification:_identify(g1/scripts/unifolm-vla_g1-main/assets/gif) by extensions ['ros']
[0.516s] Level 1:colcon.colcon_core.package_identification:_identify(g1/scripts/unifolm-vla_g1-main/assets/gif) by extension 'ros'
[0.516s] Level 1:colcon.colcon_core.package_identification:_identify(g1/scripts/unifolm-vla_g1-main/assets/gif) by extensions ['cmake', 'python']
[0.516s] Level 1:colcon.colcon_core.package_identification:_identify(g1/scripts/unifolm-vla_g1-main/assets/gif) by extension 'cmake'
[0.516s] Level 1:colcon.colcon_core.package_identification:_identify(g1/scripts/unifolm-vla_g1-main/assets/gif) by extension 'python'
[0.516s] Level 1:colcon.colcon_core.package_identification:_identify(g1/scripts/unifolm-vla_g1-main/assets/gif) by extensions ['python_setup_py']
[0.516s] Level 1:colcon.colcon_core.package_identification:_identify(g1/scripts/unifolm-vla_g1-main/assets/gif) by extension 'python_setup_py'
[0.517s] Level 1:colcon.colcon_core.package_identification:_identify(g1/scripts/unifolm-vla_g1-main/deployment) by extensions ['ignore', 'ignore_ament_install']
[0.517s] Level 1:colcon.colcon_core.package_identification:_identify(g1/scripts/unifolm-vla_g1-main/deployment) by extension 'ignore'
[0.517s] Level 1:colcon.colcon_core.package_identification:_identify(g1/scripts/unifolm-vla_g1-main/deployment) by extension 'ignore_ament_install'
[0.517s] Level 1:colcon.colcon_core.package_identification:_identify(g1/scripts/unifolm-vla_g1-main/deployment) by extensions ['colcon_pkg']
[0.517s] Level 1:colcon.colcon_core.package_identification:_identify(g1/scripts/unifolm-vla_g1-main/deployment) by extension 'colcon_pkg'
[0.517s] Level 1:colcon.colcon_core.package_identification:_identify(g1/scripts/unifolm-vla_g1-main/deployment) by extensions ['colcon_meta']
[0.517s] Level 1:colcon.colcon_core.package_identification:_identify(g1/scripts/unifolm-vla_g1-main/deployment) by extension 'colcon_meta'
[0.517s] Level 1:colcon.colcon_core.package_identification:_identify(g1/scripts/unifolm-vla_g1-main/deployment) by extensions ['ros']
[0.517s] Level 1:colcon.colcon_core.package_identification:_identify(g1/scripts/unifolm-vla_g1-main/deployment) by extension 'ros'
[0.517s] Level 1:colcon.colcon_core.package_identification:_identify(g1/scripts/unifolm-vla_g1-main/deployment) by extensions ['cmake', 'python']
[0.517s] Level 1:colcon.colcon_core.package_identification:_identify(g1/scripts/unifolm-vla_g1-main/deployment) by extension 'cmake'
[0.517s] Level 1:colcon.colcon_core.package_identification:_identify(g1/scripts/unifolm-vla_g1-main/deployment) by extension 'python'
[0.518s] Level 1:colcon.colcon_core.package_identification:_identify(g1/scripts/unifolm-vla_g1-main/deployment) by extensions ['python_setup_py']
[0.518s] Level 1:colcon.colcon_core.package_identification:_identify(g1/scripts/unifolm-vla_g1-main/deployment) by extension 'python_setup_py'
[0.518s] Level 1:colcon.colcon_core.package_identification:_identify(g1/scripts/unifolm-vla_g1-main/deployment/model_server) by extensions ['ignore', 'ignore_ament_install']
[0.518s] Level 1:colcon.colcon_core.package_identification:_identify(g1/scripts/unifolm-vla_g1-main/deployment/model_server) by extension 'ignore'
[0.518s] Level 1:colcon.colcon_core.package_identification:_identify(g1/scripts/unifolm-vla_g1-main/deployment/model_server) by extension 'ignore_ament_install'
[0.519s] Level 1:colcon.colcon_core.package_identification:_identify(g1/scripts/unifolm-vla_g1-main/deployment/model_server) by extensions ['colcon_pkg']
[0.519s] Level 1:colcon.colcon_core.package_identification:_identify(g1/scripts/unifolm-vla_g1-main/deployment/model_server) by extension 'colcon_pkg'
[0.519s] Level 1:colcon.colcon_core.package_identification:_identify(g1/scripts/unifolm-vla_g1-main/deployment/model_server) by extensions ['colcon_meta']
[0.519s] Level 1:colcon.colcon_core.package_identification:_identify(g1/scripts/unifolm-vla_g1-main/deployment/model_server) by extension 'colcon_meta'
[0.519s] Level 1:colcon.colcon_core.package_identification:_identify(g1/scripts/unifolm-vla_g1-main/deployment/model_server) by extensions ['ros']
[0.519s] Level 1:colcon.colcon_core.package_identification:_identify(g1/scripts/unifolm-vla_g1-main/deployment/model_server) by extension 'ros'
[0.519s] Level 1:colcon.colcon_core.package_identification:_identify(g1/scripts/unifolm-vla_g1-main/deployment/model_server) by extensions ['cmake', 'python']
[0.519s] Level 1:colcon.colcon_core.package_identification:_identify(g1/scripts/unifolm-vla_g1-main/deployment/model_server) by extension 'cmake'
[0.519s] Level 1:colcon.colcon_core.package_identification:_identify(g1/scripts/unifolm-vla_g1-main/deployment/model_server) by extension 'python'
[0.519s] Level 1:colcon.colcon_core.package_identification:_identify(g1/scripts/unifolm-vla_g1-main/deployment/model_server) by extensions ['python_setup_py']
[0.519s] Level 1:colcon.colcon_core.package_identification:_identify(g1/scripts/unifolm-vla_g1-main/deployment/model_server) by extension 'python_setup_py'
[0.520s] Level 1:colcon.colcon_core.package_identification:_identify(g1/scripts/unifolm-vla_g1-main/experiments) by extensions ['ignore', 'ignore_ament_install']
[0.520s] Level 1:colcon.colcon_core.package_identification:_identify(g1/scripts/unifolm-vla_g1-main/experiments) by extension 'ignore'
[0.520s] Level 1:colcon.colcon_core.package_identification:_identify(g1/scripts/unifolm-vla_g1-main/experiments) by extension 'ignore_ament_install'
[0.520s] Level 1:colcon.colcon_core.package_identification:_identify(g1/scripts/unifolm-vla_g1-main/experiments) by extensions ['colcon_pkg']
[0.520s] Level 1:colcon.colcon_core.package_identification:_identify(g1/scripts/unifolm-vla_g1-main/experiments) by extension 'colcon_pkg'
[0.520s] Level 1:colcon.colcon_core.package_identification:_identify(g1/scripts/unifolm-vla_g1-main/experiments) by extensions ['colcon_meta']
[0.520s] Level 1:colcon.colcon_core.package_identification:_identify(g1/scripts/unifolm-vla_g1-main/experiments) by extension 'colcon_meta'
[0.520s] Level 1:colcon.colcon_core.package_identification:_identify(g1/scripts/unifolm-vla_g1-main/experiments) by extensions ['ros']
[0.520s] Level 1:colcon.colcon_core.package_identification:_identify(g1/scripts/unifolm-vla_g1-main/experiments) by extension 'ros'
[0.520s] Level 1:colcon.colcon_core.package_identification:_identify(g1/scripts/unifolm-vla_g1-main/experiments) by extensions ['cmake', 'python']
[0.520s] Level 1:colcon.colcon_core.package_identification:_identify(g1/scripts/unifolm-vla_g1-main/experiments) by extension 'cmake'
[0.520s] Level 1:colcon.colcon_core.package_identification:_identify(g1/scripts/unifolm-vla_g1-main/experiments) by extension 'python'
[0.520s] Level 1:colcon.colcon_core.package_identification:_identify(g1/scripts/unifolm-vla_g1-main/experiments) by extensions ['python_setup_py']
[0.520s] Level 1:colcon.colcon_core.package_identification:_identify(g1/scripts/unifolm-vla_g1-main/experiments) by extension 'python_setup_py'
[0.521s] Level 1:colcon.colcon_core.package_identification:_identify(g1/scripts/unifolm-vla_g1-main/experiments/LIBERO) by extensions ['ignore', 'ignore_ament_install']
[0.521s] Level 1:colcon.colcon_core.package_identification:_identify(g1/scripts/unifolm-vla_g1-main/experiments/LIBERO) by extension 'ignore'
[0.521s] Level 1:colcon.colcon_core.package_identification:_identify(g1/scripts/unifolm-vla_g1-main/experiments/LIBERO) by extension 'ignore_ament_install'
[0.521s] Level 1:colcon.colcon_core.package_identification:_identify(g1/scripts/unifolm-vla_g1-main/experiments/LIBERO) by extensions ['colcon_pkg']
[0.521s] Level 1:colcon.colcon_core.package_identification:_identify(g1/scripts/unifolm-vla_g1-main/experiments/LIBERO) by extension 'colcon_pkg'
[0.521s] Level 1:colcon.colcon_core.package_identification:_identify(g1/scripts/unifolm-vla_g1-main/experiments/LIBERO) by extensions ['colcon_meta']
[0.521s] Level 1:colcon.colcon_core.package_identification:_identify(g1/scripts/unifolm-vla_g1-main/experiments/LIBERO) by extension 'colcon_meta'
[0.521s] Level 1:colcon.colcon_core.package_identification:_identify(g1/scripts/unifolm-vla_g1-main/experiments/LIBERO) by extensions ['ros']
[0.521s] Level 1:colcon.colcon_core.package_identification:_identify(g1/scripts/unifolm-vla_g1-main/experiments/LIBERO) by extension 'ros'
[0.521s] Level 1:colcon.colcon_core.package_identification:_identify(g1/scripts/unifolm-vla_g1-main/experiments/LIBERO) by extensions ['cmake', 'python']
[0.521s] Level 1:colcon.colcon_core.package_identification:_identify(g1/scripts/unifolm-vla_g1-main/experiments/LIBERO) by extension 'cmake'
[0.521s] Level 1:colcon.colcon_core.package_identification:_identify(g1/scripts/unifolm-vla_g1-main/experiments/LIBERO) by extension 'python'
[0.522s] Level 1:colcon.colcon_core.package_identification:_identify(g1/scripts/unifolm-vla_g1-main/experiments/LIBERO) by extensions ['python_setup_py']
[0.522s] Level 1:colcon.colcon_core.package_identification:_identify(g1/scripts/unifolm-vla_g1-main/experiments/LIBERO) by extension 'python_setup_py'
[0.522s] Level 1:colcon.colcon_core.package_identification:_identify(g1/scripts/unifolm-vla_g1-main/experiments/logs) by extensions ['ignore', 'ignore_ament_install']
[0.522s] Level 1:colcon.colcon_core.package_identification:_identify(g1/scripts/unifolm-vla_g1-main/experiments/logs) by extension 'ignore'
[0.522s] Level 1:colcon.colcon_core.package_identification:_identify(g1/scripts/unifolm-vla_g1-main/experiments/logs) by extension 'ignore_ament_install'
[0.522s] Level 1:colcon.colcon_core.package_identification:_identify(g1/scripts/unifolm-vla_g1-main/experiments/logs) by extensions ['colcon_pkg']
[0.522s] Level 1:colcon.colcon_core.package_identification:_identify(g1/scripts/unifolm-vla_g1-main/experiments/logs) by extension 'colcon_pkg'
[0.523s] Level 1:colcon.colcon_core.package_identification:_identify(g1/scripts/unifolm-vla_g1-main/experiments/logs) by extensions ['colcon_meta']
[0.523s] Level 1:colcon.colcon_core.package_identification:_identify(g1/scripts/unifolm-vla_g1-main/experiments/logs) by extension 'colcon_meta'
[0.523s] Level 1:colcon.colcon_core.package_identification:_identify(g1/scripts/unifolm-vla_g1-main/experiments/logs) by extensions ['ros']
[0.523s] Level 1:colcon.colcon_core.package_identification:_identify(g1/scripts/unifolm-vla_g1-main/experiments/logs) by extension 'ros'
[0.523s] Level 1:colcon.colcon_core.package_identification:_identify(g1/scripts/unifolm-vla_g1-main/experiments/logs) by extensions ['cmake', 'python']
[0.523s] Level 1:colcon.colcon_core.package_identification:_identify(g1/scripts/unifolm-vla_g1-main/experiments/logs) by extension 'cmake'
[0.523s] Level 1:colcon.colcon_core.package_identification:_identify(g1/scripts/unifolm-vla_g1-main/experiments/logs) by extension 'python'
[0.523s] Level 1:colcon.colcon_core.package_identification:_identify(g1/scripts/unifolm-vla_g1-main/experiments/logs) by extensions ['python_setup_py']
[0.523s] Level 1:colcon.colcon_core.package_identification:_identify(g1/scripts/unifolm-vla_g1-main/experiments/logs) by extension 'python_setup_py'
[0.524s] Level 1:colcon.colcon_core.package_identification:_identify(g1/scripts/unifolm-vla_g1-main/prepare_data) by extensions ['ignore', 'ignore_ament_install']
[0.524s] Level 1:colcon.colcon_core.package_identification:_identify(g1/scripts/unifolm-vla_g1-main/prepare_data) by extension 'ignore'
[0.524s] Level 1:colcon.colcon_core.package_identification:_identify(g1/scripts/unifolm-vla_g1-main/prepare_data) by extension 'ignore_ament_install'
[0.524s] Level 1:colcon.colcon_core.package_identification:_identify(g1/scripts/unifolm-vla_g1-main/prepare_data) by extensions ['colcon_pkg']
[0.524s] Level 1:colcon.colcon_core.package_identification:_identify(g1/scripts/unifolm-vla_g1-main/prepare_data) by extension 'colcon_pkg'
[0.524s] Level 1:colcon.colcon_core.package_identification:_identify(g1/scripts/unifolm-vla_g1-main/prepare_data) by extensions ['colcon_meta']
[0.524s] Level 1:colcon.colcon_core.package_identification:_identify(g1/scripts/unifolm-vla_g1-main/prepare_data) by extension 'colcon_meta'
[0.524s] Level 1:colcon.colcon_core.package_identification:_identify(g1/scripts/unifolm-vla_g1-main/prepare_data) by extensions ['ros']
[0.524s] Level 1:colcon.colcon_core.package_identification:_identify(g1/scripts/unifolm-vla_g1-main/prepare_data) by extension 'ros'
[0.524s] Level 1:colcon.colcon_core.package_identification:_identify(g1/scripts/unifolm-vla_g1-main/prepare_data) by extensions ['cmake', 'python']
[0.524s] Level 1:colcon.colcon_core.package_identification:_identify(g1/scripts/unifolm-vla_g1-main/prepare_data) by extension 'cmake'
[0.524s] Level 1:colcon.colcon_core.package_identification:_identify(g1/scripts/unifolm-vla_g1-main/prepare_data) by extension 'python'
[0.524s] Level 1:colcon.colcon_core.package_identification:_identify(g1/scripts/unifolm-vla_g1-main/prepare_data) by extensions ['python_setup_py']
[0.524s] Level 1:colcon.colcon_core.package_identification:_identify(g1/scripts/unifolm-vla_g1-main/prepare_data) by extension 'python_setup_py'
[0.525s] Level 1:colcon.colcon_core.package_identification:_identify(g1/scripts/unifolm-vla_g1-main/prepare_data/hdf5_to_rlds) by extensions ['ignore', 'ignore_ament_install']
[0.525s] Level 1:colcon.colcon_core.package_identification:_identify(g1/scripts/unifolm-vla_g1-main/prepare_data/hdf5_to_rlds) by extension 'ignore'
[0.525s] Level 1:colcon.colcon_core.package_identification:_identify(g1/scripts/unifolm-vla_g1-main/prepare_data/hdf5_to_rlds) by extension 'ignore_ament_install'
[0.525s] Level 1:colcon.colcon_core.package_identification:_identify(g1/scripts/unifolm-vla_g1-main/prepare_data/hdf5_to_rlds) by extensions ['colcon_pkg']
[0.525s] Level 1:colcon.colcon_core.package_identification:_identify(g1/scripts/unifolm-vla_g1-main/prepare_data/hdf5_to_rlds) by extension 'colcon_pkg'
[0.525s] Level 1:colcon.colcon_core.package_identification:_identify(g1/scripts/unifolm-vla_g1-main/prepare_data/hdf5_to_rlds) by extensions ['colcon_meta']
[0.525s] Level 1:colcon.colcon_core.package_identification:_identify(g1/scripts/unifolm-vla_g1-main/prepare_data/hdf5_to_rlds) by extension 'colcon_meta'
[0.525s] Level 1:colcon.colcon_core.package_identification:_identify(g1/scripts/unifolm-vla_g1-main/prepare_data/hdf5_to_rlds) by extensions ['ros']
[0.525s] Level 1:colcon.colcon_core.package_identification:_identify(g1/scripts/unifolm-vla_g1-main/prepare_data/hdf5_to_rlds) by extension 'ros'
[0.525s] Level 1:colcon.colcon_core.package_identification:_identify(g1/scripts/unifolm-vla_g1-main/prepare_data/hdf5_to_rlds) by extensions ['cmake', 'python']
[0.525s] Level 1:colcon.colcon_core.package_identification:_identify(g1/scripts/unifolm-vla_g1-main/prepare_data/hdf5_to_rlds) by extension 'cmake'
[0.525s] Level 1:colcon.colcon_core.package_identification:_identify(g1/scripts/unifolm-vla_g1-main/prepare_data/hdf5_to_rlds) by extension 'python'
[0.525s] Level 1:colcon.colcon_core.package_identification:_identify(g1/scripts/unifolm-vla_g1-main/prepare_data/hdf5_to_rlds) by extensions ['python_setup_py']
[0.525s] Level 1:colcon.colcon_core.package_identification:_identify(g1/scripts/unifolm-vla_g1-main/prepare_data/hdf5_to_rlds) by extension 'python_setup_py'
[0.526s] Level 1:colcon.colcon_core.package_identification:_identify(g1/scripts/unifolm-vla_g1-main/prepare_data/hdf5_to_rlds/rlds_dataset) by extensions ['ignore', 'ignore_ament_install']
[0.526s] Level 1:colcon.colcon_core.package_identification:_identify(g1/scripts/unifolm-vla_g1-main/prepare_data/hdf5_to_rlds/rlds_dataset) by extension 'ignore'
[0.526s] Level 1:colcon.colcon_core.package_identification:_identify(g1/scripts/unifolm-vla_g1-main/prepare_data/hdf5_to_rlds/rlds_dataset) by extension 'ignore_ament_install'
[0.526s] Level 1:colcon.colcon_core.package_identification:_identify(g1/scripts/unifolm-vla_g1-main/prepare_data/hdf5_to_rlds/rlds_dataset) by extensions ['colcon_pkg']
[0.526s] Level 1:colcon.colcon_core.package_identification:_identify(g1/scripts/unifolm-vla_g1-main/prepare_data/hdf5_to_rlds/rlds_dataset) by extension 'colcon_pkg'
[0.526s] Level 1:colcon.colcon_core.package_identification:_identify(g1/scripts/unifolm-vla_g1-main/prepare_data/hdf5_to_rlds/rlds_dataset) by extensions ['colcon_meta']
[0.526s] Level 1:colcon.colcon_core.package_identification:_identify(g1/scripts/unifolm-vla_g1-main/prepare_data/hdf5_to_rlds/rlds_dataset) by extension 'colcon_meta'
[0.526s] Level 1:colcon.colcon_core.package_identification:_identify(g1/scripts/unifolm-vla_g1-main/prepare_data/hdf5_to_rlds/rlds_dataset) by extensions ['ros']
[0.526s] Level 1:colcon.colcon_core.package_identification:_identify(g1/scripts/unifolm-vla_g1-main/prepare_data/hdf5_to_rlds/rlds_dataset) by extension 'ros'
[0.527s] Level 1:colcon.colcon_core.package_identification:_identify(g1/scripts/unifolm-vla_g1-main/prepare_data/hdf5_to_rlds/rlds_dataset) by extensions ['cmake', 'python']
[0.527s] Level 1:colcon.colcon_core.package_identification:_identify(g1/scripts/unifolm-vla_g1-main/prepare_data/hdf5_to_rlds/rlds_dataset) by extension 'cmake'
[0.527s] Level 1:colcon.colcon_core.package_identification:_identify(g1/scripts/unifolm-vla_g1-main/prepare_data/hdf5_to_rlds/rlds_dataset) by extension 'python'
[0.527s] Level 1:colcon.colcon_core.package_identification:_identify(g1/scripts/unifolm-vla_g1-main/prepare_data/hdf5_to_rlds/rlds_dataset) by extensions ['python_setup_py']
[0.527s] Level 1:colcon.colcon_core.package_identification:_identify(g1/scripts/unifolm-vla_g1-main/prepare_data/hdf5_to_rlds/rlds_dataset) by extension 'python_setup_py'
[0.527s] Level 1:colcon.colcon_core.package_identification:_identify(g1/scripts/unifolm-vla_g1-main/scripts) by extensions ['ignore', 'ignore_ament_install']
[0.527s] Level 1:colcon.colcon_core.package_identification:_identify(g1/scripts/unifolm-vla_g1-main/scripts) by extension 'ignore'
[0.527s] Level 1:colcon.colcon_core.package_identification:_identify(g1/scripts/unifolm-vla_g1-main/scripts) by extension 'ignore_ament_install'
[0.528s] Level 1:colcon.colcon_core.package_identification:_identify(g1/scripts/unifolm-vla_g1-main/scripts) by extensions ['colcon_pkg']
[0.528s] Level 1:colcon.colcon_core.package_identification:_identify(g1/scripts/unifolm-vla_g1-main/scripts) by extension 'colcon_pkg'
[0.528s] Level 1:colcon.colcon_core.package_identification:_identify(g1/scripts/unifolm-vla_g1-main/scripts) by extensions ['colcon_meta']
[0.528s] Level 1:colcon.colcon_core.package_identification:_identify(g1/scripts/unifolm-vla_g1-main/scripts) by extension 'colcon_meta'
[0.528s] Level 1:colcon.colcon_core.package_identification:_identify(g1/scripts/unifolm-vla_g1-main/scripts) by extensions ['ros']
[0.528s] Level 1:colcon.colcon_core.package_identification:_identify(g1/scripts/unifolm-vla_g1-main/scripts) by extension 'ros'
[0.528s] Level 1:colcon.colcon_core.package_identification:_identify(g1/scripts/unifolm-vla_g1-main/scripts) by extensions ['cmake', 'python']
[0.528s] Level 1:colcon.colcon_core.package_identification:_identify(g1/scripts/unifolm-vla_g1-main/scripts) by extension 'cmake'
[0.528s] Level 1:colcon.colcon_core.package_identification:_identify(g1/scripts/unifolm-vla_g1-main/scripts) by extension 'python'
[0.528s] Level 1:colcon.colcon_core.package_identification:_identify(g1/scripts/unifolm-vla_g1-main/scripts) by extensions ['python_setup_py']
[0.528s] Level 1:colcon.colcon_core.package_identification:_identify(g1/scripts/unifolm-vla_g1-main/scripts) by extension 'python_setup_py'
[0.528s] Level 1:colcon.colcon_core.package_identification:_identify(g1/scripts/unifolm-vla_g1-main/scripts/eval_scripts) by extensions ['ignore', 'ignore_ament_install']
[0.529s] Level 1:colcon.colcon_core.package_identification:_identify(g1/scripts/unifolm-vla_g1-main/scripts/eval_scripts) by extension 'ignore'
[0.529s] Level 1:colcon.colcon_core.package_identification:_identify(g1/scripts/unifolm-vla_g1-main/scripts/eval_scripts) by extension 'ignore_ament_install'
[0.529s] Level 1:colcon.colcon_core.package_identification:_identify(g1/scripts/unifolm-vla_g1-main/scripts/eval_scripts) by extensions ['colcon_pkg']
[0.529s] Level 1:colcon.colcon_core.package_identification:_identify(g1/scripts/unifolm-vla_g1-main/scripts/eval_scripts) by extension 'colcon_pkg'
[0.529s] Level 1:colcon.colcon_core.package_identification:_identify(g1/scripts/unifolm-vla_g1-main/scripts/eval_scripts) by extensions ['colcon_meta']
[0.529s] Level 1:colcon.colcon_core.package_identification:_identify(g1/scripts/unifolm-vla_g1-main/scripts/eval_scripts) by extension 'colcon_meta'
[0.529s] Level 1:colcon.colcon_core.package_identification:_identify(g1/scripts/unifolm-vla_g1-main/scripts/eval_scripts) by extensions ['ros']
[0.529s] Level 1:colcon.colcon_core.package_identification:_identify(g1/scripts/unifolm-vla_g1-main/scripts/eval_scripts) by extension 'ros'
[0.529s] Level 1:colcon.colcon_core.package_identification:_identify(g1/scripts/unifolm-vla_g1-main/scripts/eval_scripts) by extensions ['cmake', 'python']
[0.529s] Level 1:colcon.colcon_core.package_identification:_identify(g1/scripts/unifolm-vla_g1-main/scripts/eval_scripts) by extension 'cmake'
[0.529s] Level 1:colcon.colcon_core.package_identification:_identify(g1/scripts/unifolm-vla_g1-main/scripts/eval_scripts) by extension 'python'
[0.529s] Level 1:colcon.colcon_core.package_identification:_identify(g1/scripts/unifolm-vla_g1-main/scripts/eval_scripts) by extensions ['python_setup_py']
[0.529s] Level 1:colcon.colcon_core.package_identification:_identify(g1/scripts/unifolm-vla_g1-main/scripts/eval_scripts) by extension 'python_setup_py'
[0.530s] Level 1:colcon.colcon_core.package_identification:_identify(g1/scripts/unifolm-vla_g1-main/scripts/run_scripts) by extensions ['ignore', 'ignore_ament_install']
[0.530s] Level 1:colcon.colcon_core.package_identification:_identify(g1/scripts/unifolm-vla_g1-main/scripts/run_scripts) by extension 'ignore'
[0.530s] Level 1:colcon.colcon_core.package_identification:_identify(g1/scripts/unifolm-vla_g1-main/scripts/run_scripts) by extension 'ignore_ament_install'
[0.530s] Level 1:colcon.colcon_core.package_identification:_identify(g1/scripts/unifolm-vla_g1-main/scripts/run_scripts) by extensions ['colcon_pkg']
[0.530s] Level 1:colcon.colcon_core.package_identification:_identify(g1/scripts/unifolm-vla_g1-main/scripts/run_scripts) by extension 'colcon_pkg'
[0.530s] Level 1:colcon.colcon_core.package_identification:_identify(g1/scripts/unifolm-vla_g1-main/scripts/run_scripts) by extensions ['colcon_meta']
[0.530s] Level 1:colcon.colcon_core.package_identification:_identify(g1/scripts/unifolm-vla_g1-main/scripts/run_scripts) by extension 'colcon_meta'
[0.530s] Level 1:colcon.colcon_core.package_identification:_identify(g1/scripts/unifolm-vla_g1-main/scripts/run_scripts) by extensions ['ros']
[0.530s] Level 1:colcon.colcon_core.package_identification:_identify(g1/scripts/unifolm-vla_g1-main/scripts/run_scripts) by extension 'ros'
[0.530s] Level 1:colcon.colcon_core.package_identification:_identify(g1/scripts/unifolm-vla_g1-main/scripts/run_scripts) by extensions ['cmake', 'python']
[0.530s] Level 1:colcon.colcon_core.package_identification:_identify(g1/scripts/unifolm-vla_g1-main/scripts/run_scripts) by extension 'cmake'
[0.530s] Level 1:colcon.colcon_core.package_identification:_identify(g1/scripts/unifolm-vla_g1-main/scripts/run_scripts) by extension 'python'
[0.530s] Level 1:colcon.colcon_core.package_identification:_identify(g1/scripts/unifolm-vla_g1-main/scripts/run_scripts) by extensions ['python_setup_py']
[0.530s] Level 1:colcon.colcon_core.package_identification:_identify(g1/scripts/unifolm-vla_g1-main/scripts/run_scripts) by extension 'python_setup_py'
[0.531s] Level 1:colcon.colcon_core.package_identification:_identify(g1/scripts/unifolm-vla_g1-main/src) by extensions ['ignore', 'ignore_ament_install']
[0.531s] Level 1:colcon.colcon_core.package_identification:_identify(g1/scripts/unifolm-vla_g1-main/src) by extension 'ignore'
[0.531s] Level 1:colcon.colcon_core.package_identification:_identify(g1/scripts/unifolm-vla_g1-main/src) by extension 'ignore_ament_install'
[0.531s] Level 1:colcon.colcon_core.package_identification:_identify(g1/scripts/unifolm-vla_g1-main/src) by extensions ['colcon_pkg']
[0.531s] Level 1:colcon.colcon_core.package_identification:_identify(g1/scripts/unifolm-vla_g1-main/src) by extension 'colcon_pkg'
[0.531s] Level 1:colcon.colcon_core.package_identification:_identify(g1/scripts/unifolm-vla_g1-main/src) by extensions ['colcon_meta']
[0.531s] Level 1:colcon.colcon_core.package_identification:_identify(g1/scripts/unifolm-vla_g1-main/src) by extension 'colcon_meta'
[0.531s] Level 1:colcon.colcon_core.package_identification:_identify(g1/scripts/unifolm-vla_g1-main/src) by extensions ['ros']
[0.531s] Level 1:colcon.colcon_core.package_identification:_identify(g1/scripts/unifolm-vla_g1-main/src) by extension 'ros'
[0.531s] Level 1:colcon.colcon_core.package_identification:_identify(g1/scripts/unifolm-vla_g1-main/src) by extensions ['cmake', 'python']
[0.531s] Level 1:colcon.colcon_core.package_identification:_identify(g1/scripts/unifolm-vla_g1-main/src) by extension 'cmake'
[0.532s] Level 1:colcon.colcon_core.package_identification:_identify(g1/scripts/unifolm-vla_g1-main/src) by extension 'python'
[0.532s] Level 1:colcon.colcon_core.package_identification:_identify(g1/scripts/unifolm-vla_g1-main/src) by extensions ['python_setup_py']
[0.532s] Level 1:colcon.colcon_core.package_identification:_identify(g1/scripts/unifolm-vla_g1-main/src) by extension 'python_setup_py'
[0.532s] Level 1:colcon.colcon_core.package_identification:_identify(g1/scripts/unifolm-vla_g1-main/src/unifolm_vla) by extensions ['ignore', 'ignore_ament_install']
[0.532s] Level 1:colcon.colcon_core.package_identification:_identify(g1/scripts/unifolm-vla_g1-main/src/unifolm_vla) by extension 'ignore'
[0.532s] Level 1:colcon.colcon_core.package_identification:_identify(g1/scripts/unifolm-vla_g1-main/src/unifolm_vla) by extension 'ignore_ament_install'
[0.532s] Level 1:colcon.colcon_core.package_identification:_identify(g1/scripts/unifolm-vla_g1-main/src/unifolm_vla) by extensions ['colcon_pkg']
[0.533s] Level 1:colcon.colcon_core.package_identification:_identify(g1/scripts/unifolm-vla_g1-main/src/unifolm_vla) by extension 'colcon_pkg'
[0.533s] Level 1:colcon.colcon_core.package_identification:_identify(g1/scripts/unifolm-vla_g1-main/src/unifolm_vla) by extensions ['colcon_meta']
[0.533s] Level 1:colcon.colcon_core.package_identification:_identify(g1/scripts/unifolm-vla_g1-main/src/unifolm_vla) by extension 'colcon_meta'
[0.533s] Level 1:colcon.colcon_core.package_identification:_identify(g1/scripts/unifolm-vla_g1-main/src/unifolm_vla) by extensions ['ros']
[0.533s] Level 1:colcon.colcon_core.package_identification:_identify(g1/scripts/unifolm-vla_g1-main/src/unifolm_vla) by extension 'ros'
[0.533s] Level 1:colcon.colcon_core.package_identification:_identify(g1/scripts/unifolm-vla_g1-main/src/unifolm_vla) by extensions ['cmake', 'python']
[0.533s] Level 1:colcon.colcon_core.package_identification:_identify(g1/scripts/unifolm-vla_g1-main/src/unifolm_vla) by extension 'cmake'
[0.533s] Level 1:colcon.colcon_core.package_identification:_identify(g1/scripts/unifolm-vla_g1-main/src/unifolm_vla) by extension 'python'
[0.533s] Level 1:colcon.colcon_core.package_identification:_identify(g1/scripts/unifolm-vla_g1-main/src/unifolm_vla) by extensions ['python_setup_py']
[0.533s] Level 1:colcon.colcon_core.package_identification:_identify(g1/scripts/unifolm-vla_g1-main/src/unifolm_vla) by extension 'python_setup_py'
[0.533s] Level 1:colcon.colcon_core.package_identification:_identify(g1/scripts/unifolm-vla_g1-main/src/unifolm_vla/config) by extensions ['ignore', 'ignore_ament_install']
[0.533s] Level 1:colcon.colcon_core.package_identification:_identify(g1/scripts/unifolm-vla_g1-main/src/unifolm_vla/config) by extension 'ignore'
[0.534s] Level 1:colcon.colcon_core.package_identification:_identify(g1/scripts/unifolm-vla_g1-main/src/unifolm_vla/config) by extension 'ignore_ament_install'
[0.534s] Level 1:colcon.colcon_core.package_identification:_identify(g1/scripts/unifolm-vla_g1-main/src/unifolm_vla/config) by extensions ['colcon_pkg']
[0.534s] Level 1:colcon.colcon_core.package_identification:_identify(g1/scripts/unifolm-vla_g1-main/src/unifolm_vla/config) by extension 'colcon_pkg'
[0.534s] Level 1:colcon.colcon_core.package_identification:_identify(g1/scripts/unifolm-vla_g1-main/src/unifolm_vla/config) by extensions ['colcon_meta']
[0.534s] Level 1:colcon.colcon_core.package_identification:_identify(g1/scripts/unifolm-vla_g1-main/src/unifolm_vla/config) by extension 'colcon_meta'
[0.534s] Level 1:colcon.colcon_core.package_identification:_identify(g1/scripts/unifolm-vla_g1-main/src/unifolm_vla/config) by extensions ['ros']
[0.534s] Level 1:colcon.colcon_core.package_identification:_identify(g1/scripts/unifolm-vla_g1-main/src/unifolm_vla/config) by extension 'ros'
[0.534s] Level 1:colcon.colcon_core.package_identification:_identify(g1/scripts/unifolm-vla_g1-main/src/unifolm_vla/config) by extensions ['cmake', 'python']
[0.534s] Level 1:colcon.colcon_core.package_identification:_identify(g1/scripts/unifolm-vla_g1-main/src/unifolm_vla/config) by extension 'cmake'
[0.534s] Level 1:colcon.colcon_core.package_identification:_identify(g1/scripts/unifolm-vla_g1-main/src/unifolm_vla/config) by extension 'python'
[0.534s] Level 1:colcon.colcon_core.package_identification:_identify(g1/scripts/unifolm-vla_g1-main/src/unifolm_vla/config) by extensions ['python_setup_py']
[0.534s] Level 1:colcon.colcon_core.package_identification:_identify(g1/scripts/unifolm-vla_g1-main/src/unifolm_vla/config) by extension 'python_setup_py'
[0.534s] Level 1:colcon.colcon_core.package_identification:_identify(g1/scripts/unifolm-vla_g1-main/src/unifolm_vla/config/deepseeds) by extensions ['ignore', 'ignore_ament_install']
[0.535s] Level 1:colcon.colcon_core.package_identification:_identify(g1/scripts/unifolm-vla_g1-main/src/unifolm_vla/config/deepseeds) by extension 'ignore'
[0.535s] Level 1:colcon.colcon_core.package_identification:_identify(g1/scripts/unifolm-vla_g1-main/src/unifolm_vla/config/deepseeds) by extension 'ignore_ament_install'
[0.535s] Level 1:colcon.colcon_core.package_identification:_identify(g1/scripts/unifolm-vla_g1-main/src/unifolm_vla/config/deepseeds) by extensions ['colcon_pkg']
[0.535s] Level 1:colcon.colcon_core.package_identification:_identify(g1/scripts/unifolm-vla_g1-main/src/unifolm_vla/config/deepseeds) by extension 'colcon_pkg'
[0.535s] Level 1:colcon.colcon_core.package_identification:_identify(g1/scripts/unifolm-vla_g1-main/src/unifolm_vla/config/deepseeds) by extensions ['colcon_meta']
[0.535s] Level 1:colcon.colcon_core.package_identification:_identify(g1/scripts/unifolm-vla_g1-main/src/unifolm_vla/config/deepseeds) by extension 'colcon_meta'
[0.535s] Level 1:colcon.colcon_core.package_identification:_identify(g1/scripts/unifolm-vla_g1-main/src/unifolm_vla/config/deepseeds) by extensions ['ros']
[0.535s] Level 1:colcon.colcon_core.package_identification:_identify(g1/scripts/unifolm-vla_g1-main/src/unifolm_vla/config/deepseeds) by extension 'ros'
[0.535s] Level 1:colcon.colcon_core.package_identification:_identify(g1/scripts/unifolm-vla_g1-main/src/unifolm_vla/config/deepseeds) by extensions ['cmake', 'python']
[0.535s] Level 1:colcon.colcon_core.package_identification:_identify(g1/scripts/unifolm-vla_g1-main/src/unifolm_vla/config/deepseeds) by extension 'cmake'
[0.535s] Level 1:colcon.colcon_core.package_identification:_identify(g1/scripts/unifolm-vla_g1-main/src/unifolm_vla/config/deepseeds) by extension 'python'
[0.535s] Level 1:colcon.colcon_core.package_identification:_identify(g1/scripts/unifolm-vla_g1-main/src/unifolm_vla/config/deepseeds) by extensions ['python_setup_py']
[0.535s] Level 1:colcon.colcon_core.package_identification:_identify(g1/scripts/unifolm-vla_g1-main/src/unifolm_vla/config/deepseeds) by extension 'python_setup_py'
[0.535s] Level 1:colcon.colcon_core.package_identification:_identify(g1/scripts/unifolm-vla_g1-main/src/unifolm_vla/config/training) by extensions ['ignore', 'ignore_ament_install']
[0.536s] Level 1:colcon.colcon_core.package_identification:_identify(g1/scripts/unifolm-vla_g1-main/src/unifolm_vla/config/training) by extension 'ignore'
[0.536s] Level 1:colcon.colcon_core.package_identification:_identify(g1/scripts/unifolm-vla_g1-main/src/unifolm_vla/config/training) by extension 'ignore_ament_install'
[0.536s] Level 1:colcon.colcon_core.package_identification:_identify(g1/scripts/unifolm-vla_g1-main/src/unifolm_vla/config/training) by extensions ['colcon_pkg']
[0.536s] Level 1:colcon.colcon_core.package_identification:_identify(g1/scripts/unifolm-vla_g1-main/src/unifolm_vla/config/training) by extension 'colcon_pkg'
[0.536s] Level 1:colcon.colcon_core.package_identification:_identify(g1/scripts/unifolm-vla_g1-main/src/unifolm_vla/config/training) by extensions ['colcon_meta']
[0.536s] Level 1:colcon.colcon_core.package_identification:_identify(g1/scripts/unifolm-vla_g1-main/src/unifolm_vla/config/training) by extension 'colcon_meta'
[0.536s] Level 1:colcon.colcon_core.package_identification:_identify(g1/scripts/unifolm-vla_g1-main/src/unifolm_vla/config/training) by extensions ['ros']
[0.536s] Level 1:colcon.colcon_core.package_identification:_identify(g1/scripts/unifolm-vla_g1-main/src/unifolm_vla/config/training) by extension 'ros'
[0.536s] Level 1:colcon.colcon_core.package_identification:_identify(g1/scripts/unifolm-vla_g1-main/src/unifolm_vla/config/training) by extensions ['cmake', 'python']
[0.536s] Level 1:colcon.colcon_core.package_identification:_identify(g1/scripts/unifolm-vla_g1-main/src/unifolm_vla/config/training) by extension 'cmake'
[0.536s] Level 1:colcon.colcon_core.package_identification:_identify(g1/scripts/unifolm-vla_g1-main/src/unifolm_vla/config/training) by extension 'python'
[0.536s] Level 1:colcon.colcon_core.package_identification:_identify(g1/scripts/unifolm-vla_g1-main/src/unifolm_vla/config/training) by extensions ['python_setup_py']
[0.536s] Level 1:colcon.colcon_core.package_identification:_identify(g1/scripts/unifolm-vla_g1-main/src/unifolm_vla/config/training) by extension 'python_setup_py'
[0.537s] Level 1:colcon.colcon_core.package_identification:_identify(g1/scripts/unifolm-vla_g1-main/src/unifolm_vla/model) by extensions ['ignore', 'ignore_ament_install']
[0.537s] Level 1:colcon.colcon_core.package_identification:_identify(g1/scripts/unifolm-vla_g1-main/src/unifolm_vla/model) by extension 'ignore'
[0.537s] Level 1:colcon.colcon_core.package_identification:_identify(g1/scripts/unifolm-vla_g1-main/src/unifolm_vla/model) by extension 'ignore_ament_install'
[0.537s] Level 1:colcon.colcon_core.package_identification:_identify(g1/scripts/unifolm-vla_g1-main/src/unifolm_vla/model) by extensions ['colcon_pkg']
[0.537s] Level 1:colcon.colcon_core.package_identification:_identify(g1/scripts/unifolm-vla_g1-main/src/unifolm_vla/model) by extension 'colcon_pkg'
[0.537s] Level 1:colcon.colcon_core.package_identification:_identify(g1/scripts/unifolm-vla_g1-main/src/unifolm_vla/model) by extensions ['colcon_meta']
[0.537s] Level 1:colcon.colcon_core.package_identification:_identify(g1/scripts/unifolm-vla_g1-main/src/unifolm_vla/model) by extension 'colcon_meta'
[0.537s] Level 1:colcon.colcon_core.package_identification:_identify(g1/scripts/unifolm-vla_g1-main/src/unifolm_vla/model) by extensions ['ros']
[0.537s] Level 1:colcon.colcon_core.package_identification:_identify(g1/scripts/unifolm-vla_g1-main/src/unifolm_vla/model) by extension 'ros'
[0.537s] Level 1:colcon.colcon_core.package_identification:_identify(g1/scripts/unifolm-vla_g1-main/src/unifolm_vla/model) by extensions ['cmake', 'python']
[0.537s] Level 1:colcon.colcon_core.package_identification:_identify(g1/scripts/unifolm-vla_g1-main/src/unifolm_vla/model) by extension 'cmake'
[0.537s] Level 1:colcon.colcon_core.package_identification:_identify(g1/scripts/unifolm-vla_g1-main/src/unifolm_vla/model) by extension 'python'
[0.537s] Level 1:colcon.colcon_core.package_identification:_identify(g1/scripts/unifolm-vla_g1-main/src/unifolm_vla/model) by extensions ['python_setup_py']
[0.537s] Level 1:colcon.colcon_core.package_identification:_identify(g1/scripts/unifolm-vla_g1-main/src/unifolm_vla/model) by extension 'python_setup_py'
[0.538s] Level 1:colcon.colcon_core.package_identification:_identify(g1/scripts/unifolm-vla_g1-main/src/unifolm_vla/model/framework) by extensions ['ignore', 'ignore_ament_install']
[0.538s] Level 1:colcon.colcon_core.package_identification:_identify(g1/scripts/unifolm-vla_g1-main/src/unifolm_vla/model/framework) by extension 'ignore'
[0.538s] Level 1:colcon.colcon_core.package_identification:_identify(g1/scripts/unifolm-vla_g1-main/src/unifolm_vla/model/framework) by extension 'ignore_ament_install'
[0.538s] Level 1:colcon.colcon_core.package_identification:_identify(g1/scripts/unifolm-vla_g1-main/src/unifolm_vla/model/framework) by extensions ['colcon_pkg']
[0.538s] Level 1:colcon.colcon_core.package_identification:_identify(g1/scripts/unifolm-vla_g1-main/src/unifolm_vla/model/framework) by extension 'colcon_pkg'
[0.538s] Level 1:colcon.colcon_core.package_identification:_identify(g1/scripts/unifolm-vla_g1-main/src/unifolm_vla/model/framework) by extensions ['colcon_meta']
[0.538s] Level 1:colcon.colcon_core.package_identification:_identify(g1/scripts/unifolm-vla_g1-main/src/unifolm_vla/model/framework) by extension 'colcon_meta'
[0.538s] Level 1:colcon.colcon_core.package_identification:_identify(g1/scripts/unifolm-vla_g1-main/src/unifolm_vla/model/framework) by extensions ['ros']
[0.538s] Level 1:colcon.colcon_core.package_identification:_identify(g1/scripts/unifolm-vla_g1-main/src/unifolm_vla/model/framework) by extension 'ros'
[0.538s] Level 1:colcon.colcon_core.package_identification:_identify(g1/scripts/unifolm-vla_g1-main/src/unifolm_vla/model/framework) by extensions ['cmake', 'python']
[0.538s] Level 1:colcon.colcon_core.package_identification:_identify(g1/scripts/unifolm-vla_g1-main/src/unifolm_vla/model/framework) by extension 'cmake'
[0.538s] Level 1:colcon.colcon_core.package_identification:_identify(g1/scripts/unifolm-vla_g1-main/src/unifolm_vla/model/framework) by extension 'python'
[0.538s] Level 1:colcon.colcon_core.package_identification:_identify(g1/scripts/unifolm-vla_g1-main/src/unifolm_vla/model/framework) by extensions ['python_setup_py']
[0.538s] Level 1:colcon.colcon_core.package_identification:_identify(g1/scripts/unifolm-vla_g1-main/src/unifolm_vla/model/framework) by extension 'python_setup_py'
[0.539s] Level 1:colcon.colcon_core.package_identification:_identify(g1/scripts/unifolm-vla_g1-main/src/unifolm_vla/model/modules) by extensions ['ignore', 'ignore_ament_install']
[0.539s] Level 1:colcon.colcon_core.package_identification:_identify(g1/scripts/unifolm-vla_g1-main/src/unifolm_vla/model/modules) by extension 'ignore'
[0.539s] Level 1:colcon.colcon_core.package_identification:_identify(g1/scripts/unifolm-vla_g1-main/src/unifolm_vla/model/modules) by extension 'ignore_ament_install'
[0.539s] Level 1:colcon.colcon_core.package_identification:_identify(g1/scripts/unifolm-vla_g1-main/src/unifolm_vla/model/modules) by extensions ['colcon_pkg']
[0.539s] Level 1:colcon.colcon_core.package_identification:_identify(g1/scripts/unifolm-vla_g1-main/src/unifolm_vla/model/modules) by extension 'colcon_pkg'
[0.539s] Level 1:colcon.colcon_core.package_identification:_identify(g1/scripts/unifolm-vla_g1-main/src/unifolm_vla/model/modules) by extensions ['colcon_meta']
[0.539s] Level 1:colcon.colcon_core.package_identification:_identify(g1/scripts/unifolm-vla_g1-main/src/unifolm_vla/model/modules) by extension 'colcon_meta'
[0.539s] Level 1:colcon.colcon_core.package_identification:_identify(g1/scripts/unifolm-vla_g1-main/src/unifolm_vla/model/modules) by extensions ['ros']
[0.539s] Level 1:colcon.colcon_core.package_identification:_identify(g1/scripts/unifolm-vla_g1-main/src/unifolm_vla/model/modules) by extension 'ros'
[0.539s] Level 1:colcon.colcon_core.package_identification:_identify(g1/scripts/unifolm-vla_g1-main/src/unifolm_vla/model/modules) by extensions ['cmake', 'python']
[0.539s] Level 1:colcon.colcon_core.package_identification:_identify(g1/scripts/unifolm-vla_g1-main/src/unifolm_vla/model/modules) by extension 'cmake'
[0.539s] Level 1:colcon.colcon_core.package_identification:_identify(g1/scripts/unifolm-vla_g1-main/src/unifolm_vla/model/modules) by extension 'python'
[0.540s] Level 1:colcon.colcon_core.package_identification:_identify(g1/scripts/unifolm-vla_g1-main/src/unifolm_vla/model/modules) by extensions ['python_setup_py']
[0.540s] Level 1:colcon.colcon_core.package_identification:_identify(g1/scripts/unifolm-vla_g1-main/src/unifolm_vla/model/modules) by extension 'python_setup_py'
[0.540s] Level 1:colcon.colcon_core.package_identification:_identify(g1/scripts/unifolm-vla_g1-main/src/unifolm_vla/model/modules/action_model) by extensions ['ignore', 'ignore_ament_install']
[0.540s] Level 1:colcon.colcon_core.package_identification:_identify(g1/scripts/unifolm-vla_g1-main/src/unifolm_vla/model/modules/action_model) by extension 'ignore'
[0.540s] Level 1:colcon.colcon_core.package_identification:_identify(g1/scripts/unifolm-vla_g1-main/src/unifolm_vla/model/modules/action_model) by extension 'ignore_ament_install'
[0.540s] Level 1:colcon.colcon_core.package_identification:_identify(g1/scripts/unifolm-vla_g1-main/src/unifolm_vla/model/modules/action_model) by extensions ['colcon_pkg']
[0.540s] Level 1:colcon.colcon_core.package_identification:_identify(g1/scripts/unifolm-vla_g1-main/src/unifolm_vla/model/modules/action_model) by extension 'colcon_pkg'
[0.540s] Level 1:colcon.colcon_core.package_identification:_identify(g1/scripts/unifolm-vla_g1-main/src/unifolm_vla/model/modules/action_model) by extensions ['colcon_meta']
[0.541s] Level 1:colcon.colcon_core.package_identification:_identify(g1/scripts/unifolm-vla_g1-main/src/unifolm_vla/model/modules/action_model) by extension 'colcon_meta'
[0.541s] Level 1:colcon.colcon_core.package_identification:_identify(g1/scripts/unifolm-vla_g1-main/src/unifolm_vla/model/modules/action_model) by extensions ['ros']
[0.541s] Level 1:colcon.colcon_core.package_identification:_identify(g1/scripts/unifolm-vla_g1-main/src/unifolm_vla/model/modules/action_model) by extension 'ros'
[0.541s] Level 1:colcon.colcon_core.package_identification:_identify(g1/scripts/unifolm-vla_g1-main/src/unifolm_vla/model/modules/action_model) by extensions ['cmake', 'python']
[0.541s] Level 1:colcon.colcon_core.package_identification:_identify(g1/scripts/unifolm-vla_g1-main/src/unifolm_vla/model/modules/action_model) by extension 'cmake'
[0.541s] Level 1:colcon.colcon_core.package_identification:_identify(g1/scripts/unifolm-vla_g1-main/src/unifolm_vla/model/modules/action_model) by extension 'python'
[0.541s] Level 1:colcon.colcon_core.package_identification:_identify(g1/scripts/unifolm-vla_g1-main/src/unifolm_vla/model/modules/action_model) by extensions ['python_setup_py']
[0.541s] Level 1:colcon.colcon_core.package_identification:_identify(g1/scripts/unifolm-vla_g1-main/src/unifolm_vla/model/modules/action_model) by extension 'python_setup_py'
[0.541s] Level 1:colcon.colcon_core.package_identification:_identify(g1/scripts/unifolm-vla_g1-main/src/unifolm_vla/model/modules/action_model/flow_matching_modules) by extensions ['ignore', 'ignore_ament_install']
[0.541s] Level 1:colcon.colcon_core.package_identification:_identify(g1/scripts/unifolm-vla_g1-main/src/unifolm_vla/model/modules/action_model/flow_matching_modules) by extension 'ignore'
[0.541s] Level 1:colcon.colcon_core.package_identification:_identify(g1/scripts/unifolm-vla_g1-main/src/unifolm_vla/model/modules/action_model/flow_matching_modules) by extension 'ignore_ament_install'
[0.542s] Level 1:colcon.colcon_core.package_identification:_identify(g1/scripts/unifolm-vla_g1-main/src/unifolm_vla/model/modules/action_model/flow_matching_modules) by extensions ['colcon_pkg']
[0.542s] Level 1:colcon.colcon_core.package_identification:_identify(g1/scripts/unifolm-vla_g1-main/src/unifolm_vla/model/modules/action_model/flow_matching_modules) by extension 'colcon_pkg'
[0.542s] Level 1:colcon.colcon_core.package_identification:_identify(g1/scripts/unifolm-vla_g1-main/src/unifolm_vla/model/modules/action_model/flow_matching_modules) by extensions ['colcon_meta']
[0.542s] Level 1:colcon.colcon_core.package_identification:_identify(g1/scripts/unifolm-vla_g1-main/src/unifolm_vla/model/modules/action_model/flow_matching_modules) by extension 'colcon_meta'
[0.542s] Level 1:colcon.colcon_core.package_identification:_identify(g1/scripts/unifolm-vla_g1-main/src/unifolm_vla/model/modules/action_model/flow_matching_modules) by extensions ['ros']
[0.542s] Level 1:colcon.colcon_core.package_identification:_identify(g1/scripts/unifolm-vla_g1-main/src/unifolm_vla/model/modules/action_model/flow_matching_modules) by extension 'ros'
[0.542s] Level 1:colcon.colcon_core.package_identification:_identify(g1/scripts/unifolm-vla_g1-main/src/unifolm_vla/model/modules/action_model/flow_matching_modules) by extensions ['cmake', 'python']
[0.542s] Level 1:colcon.colcon_core.package_identification:_identify(g1/scripts/unifolm-vla_g1-main/src/unifolm_vla/model/modules/action_model/flow_matching_modules) by extension 'cmake'
[0.542s] Level 1:colcon.colcon_core.package_identification:_identify(g1/scripts/unifolm-vla_g1-main/src/unifolm_vla/model/modules/action_model/flow_matching_modules) by extension 'python'
[0.542s] Level 1:colcon.colcon_core.package_identification:_identify(g1/scripts/unifolm-vla_g1-main/src/unifolm_vla/model/modules/action_model/flow_matching_modules) by extensions ['python_setup_py']
[0.542s] Level 1:colcon.colcon_core.package_identification:_identify(g1/scripts/unifolm-vla_g1-main/src/unifolm_vla/model/modules/action_model/flow_matching_modules) by extension 'python_setup_py'
[0.543s] Level 1:colcon.colcon_core.package_identification:_identify(g1/scripts/unifolm-vla_g1-main/src/unifolm_vla/model/modules/vlm) by extensions ['ignore', 'ignore_ament_install']
[0.543s] Level 1:colcon.colcon_core.package_identification:_identify(g1/scripts/unifolm-vla_g1-main/src/unifolm_vla/model/modules/vlm) by extension 'ignore'
[0.543s] Level 1:colcon.colcon_core.package_identification:_identify(g1/scripts/unifolm-vla_g1-main/src/unifolm_vla/model/modules/vlm) by extension 'ignore_ament_install'
[0.543s] Level 1:colcon.colcon_core.package_identification:_identify(g1/scripts/unifolm-vla_g1-main/src/unifolm_vla/model/modules/vlm) by extensions ['colcon_pkg']
[0.543s] Level 1:colcon.colcon_core.package_identification:_identify(g1/scripts/unifolm-vla_g1-main/src/unifolm_vla/model/modules/vlm) by extension 'colcon_pkg'
[0.543s] Level 1:colcon.colcon_core.package_identification:_identify(g1/scripts/unifolm-vla_g1-main/src/unifolm_vla/model/modules/vlm) by extensions ['colcon_meta']
[0.543s] Level 1:colcon.colcon_core.package_identification:_identify(g1/scripts/unifolm-vla_g1-main/src/unifolm_vla/model/modules/vlm) by extension 'colcon_meta'
[0.543s] Level 1:colcon.colcon_core.package_identification:_identify(g1/scripts/unifolm-vla_g1-main/src/unifolm_vla/model/modules/vlm) by extensions ['ros']
[0.543s] Level 1:colcon.colcon_core.package_identification:_identify(g1/scripts/unifolm-vla_g1-main/src/unifolm_vla/model/modules/vlm) by extension 'ros'
[0.543s] Level 1:colcon.colcon_core.package_identification:_identify(g1/scripts/unifolm-vla_g1-main/src/unifolm_vla/model/modules/vlm) by extensions ['cmake', 'python']
[0.543s] Level 1:colcon.colcon_core.package_identification:_identify(g1/scripts/unifolm-vla_g1-main/src/unifolm_vla/model/modules/vlm) by extension 'cmake'
[0.543s] Level 1:colcon.colcon_core.package_identification:_identify(g1/scripts/unifolm-vla_g1-main/src/unifolm_vla/model/modules/vlm) by extension 'python'
[0.543s] Level 1:colcon.colcon_core.package_identification:_identify(g1/scripts/unifolm-vla_g1-main/src/unifolm_vla/model/modules/vlm) by extensions ['python_setup_py']
[0.543s] Level 1:colcon.colcon_core.package_identification:_identify(g1/scripts/unifolm-vla_g1-main/src/unifolm_vla/model/modules/vlm) by extension 'python_setup_py'
[0.544s] Level 1:colcon.colcon_core.package_identification:_identify(g1/scripts/unifolm-vla_g1-main/src/unifolm_vla/model/utils) by extensions ['ignore', 'ignore_ament_install']
[0.544s] Level 1:colcon.colcon_core.package_identification:_identify(g1/scripts/unifolm-vla_g1-main/src/unifolm_vla/model/utils) by extension 'ignore'
[0.544s] Level 1:colcon.colcon_core.package_identification:_identify(g1/scripts/unifolm-vla_g1-main/src/unifolm_vla/model/utils) by extension 'ignore_ament_install'
[0.544s] Level 1:colcon.colcon_core.package_identification:_identify(g1/scripts/unifolm-vla_g1-main/src/unifolm_vla/model/utils) by extensions ['colcon_pkg']
[0.544s] Level 1:colcon.colcon_core.package_identification:_identify(g1/scripts/unifolm-vla_g1-main/src/unifolm_vla/model/utils) by extension 'colcon_pkg'
[0.544s] Level 1:colcon.colcon_core.package_identification:_identify(g1/scripts/unifolm-vla_g1-main/src/unifolm_vla/model/utils) by extensions ['colcon_meta']
[0.544s] Level 1:colcon.colcon_core.package_identification:_identify(g1/scripts/unifolm-vla_g1-main/src/unifolm_vla/model/utils) by extension 'colcon_meta'
[0.544s] Level 1:colcon.colcon_core.package_identification:_identify(g1/scripts/unifolm-vla_g1-main/src/unifolm_vla/model/utils) by extensions ['ros']
[0.544s] Level 1:colcon.colcon_core.package_identification:_identify(g1/scripts/unifolm-vla_g1-main/src/unifolm_vla/model/utils) by extension 'ros'
[0.544s] Level 1:colcon.colcon_core.package_identification:_identify(g1/scripts/unifolm-vla_g1-main/src/unifolm_vla/model/utils) by extensions ['cmake', 'python']
[0.544s] Level 1:colcon.colcon_core.package_identification:_identify(g1/scripts/unifolm-vla_g1-main/src/unifolm_vla/model/utils) by extension 'cmake'
[0.544s] Level 1:colcon.colcon_core.package_identification:_identify(g1/scripts/unifolm-vla_g1-main/src/unifolm_vla/model/utils) by extension 'python'
[0.545s] Level 1:colcon.colcon_core.package_identification:_identify(g1/scripts/unifolm-vla_g1-main/src/unifolm_vla/model/utils) by extensions ['python_setup_py']
[0.545s] Level 1:colcon.colcon_core.package_identification:_identify(g1/scripts/unifolm-vla_g1-main/src/unifolm_vla/model/utils) by extension 'python_setup_py'
[0.545s] Level 1:colcon.colcon_core.package_identification:_identify(g1/scripts/unifolm-vla_g1-main/src/unifolm_vla/rlds_dataloader) by extensions ['ignore', 'ignore_ament_install']
[0.545s] Level 1:colcon.colcon_core.package_identification:_identify(g1/scripts/unifolm-vla_g1-main/src/unifolm_vla/rlds_dataloader) by extension 'ignore'
[0.545s] Level 1:colcon.colcon_core.package_identification:_identify(g1/scripts/unifolm-vla_g1-main/src/unifolm_vla/rlds_dataloader) by extension 'ignore_ament_install'
[0.545s] Level 1:colcon.colcon_core.package_identification:_identify(g1/scripts/unifolm-vla_g1-main/src/unifolm_vla/rlds_dataloader) by extensions ['colcon_pkg']
[0.545s] Level 1:colcon.colcon_core.package_identification:_identify(g1/scripts/unifolm-vla_g1-main/src/unifolm_vla/rlds_dataloader) by extension 'colcon_pkg'
[0.545s] Level 1:colcon.colcon_core.package_identification:_identify(g1/scripts/unifolm-vla_g1-main/src/unifolm_vla/rlds_dataloader) by extensions ['colcon_meta']
[0.545s] Level 1:colcon.colcon_core.package_identification:_identify(g1/scripts/unifolm-vla_g1-main/src/unifolm_vla/rlds_dataloader) by extension 'colcon_meta'
[0.546s] Level 1:colcon.colcon_core.package_identification:_identify(g1/scripts/unifolm-vla_g1-main/src/unifolm_vla/rlds_dataloader) by extensions ['ros']
[0.546s] Level 1:colcon.colcon_core.package_identification:_identify(g1/scripts/unifolm-vla_g1-main/src/unifolm_vla/rlds_dataloader) by extension 'ros'
[0.546s] Level 1:colcon.colcon_core.package_identification:_identify(g1/scripts/unifolm-vla_g1-main/src/unifolm_vla/rlds_dataloader) by extensions ['cmake', 'python']
[0.546s] Level 1:colcon.colcon_core.package_identification:_identify(g1/scripts/unifolm-vla_g1-main/src/unifolm_vla/rlds_dataloader) by extension 'cmake'
[0.546s] Level 1:colcon.colcon_core.package_identification:_identify(g1/scripts/unifolm-vla_g1-main/src/unifolm_vla/rlds_dataloader) by extension 'python'
[0.546s] Level 1:colcon.colcon_core.package_identification:_identify(g1/scripts/unifolm-vla_g1-main/src/unifolm_vla/rlds_dataloader) by extensions ['python_setup_py']
[0.546s] Level 1:colcon.colcon_core.package_identification:_identify(g1/scripts/unifolm-vla_g1-main/src/unifolm_vla/rlds_dataloader) by extension 'python_setup_py'
[0.546s] Level 1:colcon.colcon_core.package_identification:_identify(g1/scripts/unifolm-vla_g1-main/src/unifolm_vla/rlds_dataloader/datasets) by extensions ['ignore', 'ignore_ament_install']
[0.546s] Level 1:colcon.colcon_core.package_identification:_identify(g1/scripts/unifolm-vla_g1-main/src/unifolm_vla/rlds_dataloader/datasets) by extension 'ignore'
[0.547s] Level 1:colcon.colcon_core.package_identification:_identify(g1/scripts/unifolm-vla_g1-main/src/unifolm_vla/rlds_dataloader/datasets) by extension 'ignore_ament_install'
[0.547s] Level 1:colcon.colcon_core.package_identification:_identify(g1/scripts/unifolm-vla_g1-main/src/unifolm_vla/rlds_dataloader/datasets) by extensions ['colcon_pkg']
[0.547s] Level 1:colcon.colcon_core.package_identification:_identify(g1/scripts/unifolm-vla_g1-main/src/unifolm_vla/rlds_dataloader/datasets) by extension 'colcon_pkg'
[0.547s] Level 1:colcon.colcon_core.package_identification:_identify(g1/scripts/unifolm-vla_g1-main/src/unifolm_vla/rlds_dataloader/datasets) by extensions ['colcon_meta']
[0.547s] Level 1:colcon.colcon_core.package_identification:_identify(g1/scripts/unifolm-vla_g1-main/src/unifolm_vla/rlds_dataloader/datasets) by extension 'colcon_meta'
[0.547s] Level 1:colcon.colcon_core.package_identification:_identify(g1/scripts/unifolm-vla_g1-main/src/unifolm_vla/rlds_dataloader/datasets) by extensions ['ros']
[0.547s] Level 1:colcon.colcon_core.package_identification:_identify(g1/scripts/unifolm-vla_g1-main/src/unifolm_vla/rlds_dataloader/datasets) by extension 'ros'
[0.547s] Level 1:colcon.colcon_core.package_identification:_identify(g1/scripts/unifolm-vla_g1-main/src/unifolm_vla/rlds_dataloader/datasets) by extensions ['cmake', 'python']
[0.547s] Level 1:colcon.colcon_core.package_identification:_identify(g1/scripts/unifolm-vla_g1-main/src/unifolm_vla/rlds_dataloader/datasets) by extension 'cmake'
[0.547s] Level 1:colcon.colcon_core.package_identification:_identify(g1/scripts/unifolm-vla_g1-main/src/unifolm_vla/rlds_dataloader/datasets) by extension 'python'
[0.547s] Level 1:colcon.colcon_core.package_identification:_identify(g1/scripts/unifolm-vla_g1-main/src/unifolm_vla/rlds_dataloader/datasets) by extensions ['python_setup_py']
[0.547s] Level 1:colcon.colcon_core.package_identification:_identify(g1/scripts/unifolm-vla_g1-main/src/unifolm_vla/rlds_dataloader/datasets) by extension 'python_setup_py'
[0.548s] Level 1:colcon.colcon_core.package_identification:_identify(g1/scripts/unifolm-vla_g1-main/src/unifolm_vla/rlds_dataloader/datasets/rlds) by extensions ['ignore', 'ignore_ament_install']
[0.548s] Level 1:colcon.colcon_core.package_identification:_identify(g1/scripts/unifolm-vla_g1-main/src/unifolm_vla/rlds_dataloader/datasets/rlds) by extension 'ignore'
[0.548s] Level 1:colcon.colcon_core.package_identification:_identify(g1/scripts/unifolm-vla_g1-main/src/unifolm_vla/rlds_dataloader/datasets/rlds) by extension 'ignore_ament_install'
[0.548s] Level 1:colcon.colcon_core.package_identification:_identify(g1/scripts/unifolm-vla_g1-main/src/unifolm_vla/rlds_dataloader/datasets/rlds) by extensions ['colcon_pkg']
[0.548s] Level 1:colcon.colcon_core.package_identification:_identify(g1/scripts/unifolm-vla_g1-main/src/unifolm_vla/rlds_dataloader/datasets/rlds) by extension 'colcon_pkg'
[0.548s] Level 1:colcon.colcon_core.package_identification:_identify(g1/scripts/unifolm-vla_g1-main/src/unifolm_vla/rlds_dataloader/datasets/rlds) by extensions ['colcon_meta']
[0.548s] Level 1:colcon.colcon_core.package_identification:_identify(g1/scripts/unifolm-vla_g1-main/src/unifolm_vla/rlds_dataloader/datasets/rlds) by extension 'colcon_meta'
[0.548s] Level 1:colcon.colcon_core.package_identification:_identify(g1/scripts/unifolm-vla_g1-main/src/unifolm_vla/rlds_dataloader/datasets/rlds) by extensions ['ros']
[0.548s] Level 1:colcon.colcon_core.package_identification:_identify(g1/scripts/unifolm-vla_g1-main/src/unifolm_vla/rlds_dataloader/datasets/rlds) by extension 'ros'
[0.548s] Level 1:colcon.colcon_core.package_identification:_identify(g1/scripts/unifolm-vla_g1-main/src/unifolm_vla/rlds_dataloader/datasets/rlds) by extensions ['cmake', 'python']
[0.548s] Level 1:colcon.colcon_core.package_identification:_identify(g1/scripts/unifolm-vla_g1-main/src/unifolm_vla/rlds_dataloader/datasets/rlds) by extension 'cmake'
[0.548s] Level 1:colcon.colcon_core.package_identification:_identify(g1/scripts/unifolm-vla_g1-main/src/unifolm_vla/rlds_dataloader/datasets/rlds) by extension 'python'
[0.548s] Level 1:colcon.colcon_core.package_identification:_identify(g1/scripts/unifolm-vla_g1-main/src/unifolm_vla/rlds_dataloader/datasets/rlds) by extensions ['python_setup_py']
[0.548s] Level 1:colcon.colcon_core.package_identification:_identify(g1/scripts/unifolm-vla_g1-main/src/unifolm_vla/rlds_dataloader/datasets/rlds) by extension 'python_setup_py'
[0.549s] Level 1:colcon.colcon_core.package_identification:_identify(g1/scripts/unifolm-vla_g1-main/src/unifolm_vla/rlds_dataloader/datasets/rlds/oxe) by extensions ['ignore', 'ignore_ament_install']
[0.549s] Level 1:colcon.colcon_core.package_identification:_identify(g1/scripts/unifolm-vla_g1-main/src/unifolm_vla/rlds_dataloader/datasets/rlds/oxe) by extension 'ignore'
[0.549s] Level 1:colcon.colcon_core.package_identification:_identify(g1/scripts/unifolm-vla_g1-main/src/unifolm_vla/rlds_dataloader/datasets/rlds/oxe) by extension 'ignore_ament_install'
[0.549s] Level 1:colcon.colcon_core.package_identification:_identify(g1/scripts/unifolm-vla_g1-main/src/unifolm_vla/rlds_dataloader/datasets/rlds/oxe) by extensions ['colcon_pkg']
[0.549s] Level 1:colcon.colcon_core.package_identification:_identify(g1/scripts/unifolm-vla_g1-main/src/unifolm_vla/rlds_dataloader/datasets/rlds/oxe) by extension 'colcon_pkg'
[0.549s] Level 1:colcon.colcon_core.package_identification:_identify(g1/scripts/unifolm-vla_g1-main/src/unifolm_vla/rlds_dataloader/datasets/rlds/oxe) by extensions ['colcon_meta']
[0.549s] Level 1:colcon.colcon_core.package_identification:_identify(g1/scripts/unifolm-vla_g1-main/src/unifolm_vla/rlds_dataloader/datasets/rlds/oxe) by extension 'colcon_meta'
[0.549s] Level 1:colcon.colcon_core.package_identification:_identify(g1/scripts/unifolm-vla_g1-main/src/unifolm_vla/rlds_dataloader/datasets/rlds/oxe) by extensions ['ros']
[0.549s] Level 1:colcon.colcon_core.package_identification:_identify(g1/scripts/unifolm-vla_g1-main/src/unifolm_vla/rlds_dataloader/datasets/rlds/oxe) by extension 'ros'
[0.549s] Level 1:colcon.colcon_core.package_identification:_identify(g1/scripts/unifolm-vla_g1-main/src/unifolm_vla/rlds_dataloader/datasets/rlds/oxe) by extensions ['cmake', 'python']
[0.549s] Level 1:colcon.colcon_core.package_identification:_identify(g1/scripts/unifolm-vla_g1-main/src/unifolm_vla/rlds_dataloader/datasets/rlds/oxe) by extension 'cmake'
[0.549s] Level 1:colcon.colcon_core.package_identification:_identify(g1/scripts/unifolm-vla_g1-main/src/unifolm_vla/rlds_dataloader/datasets/rlds/oxe) by extension 'python'
[0.549s] Level 1:colcon.colcon_core.package_identification:_identify(g1/scripts/unifolm-vla_g1-main/src/unifolm_vla/rlds_dataloader/datasets/rlds/oxe) by extensions ['python_setup_py']
[0.549s] Level 1:colcon.colcon_core.package_identification:_identify(g1/scripts/unifolm-vla_g1-main/src/unifolm_vla/rlds_dataloader/datasets/rlds/oxe) by extension 'python_setup_py'
[0.550s] Level 1:colcon.colcon_core.package_identification:_identify(g1/scripts/unifolm-vla_g1-main/src/unifolm_vla/rlds_dataloader/datasets/rlds/oxe/utils) by extensions ['ignore', 'ignore_ament_install']
[0.550s] Level 1:colcon.colcon_core.package_identification:_identify(g1/scripts/unifolm-vla_g1-main/src/unifolm_vla/rlds_dataloader/datasets/rlds/oxe/utils) by extension 'ignore'
[0.550s] Level 1:colcon.colcon_core.package_identification:_identify(g1/scripts/unifolm-vla_g1-main/src/unifolm_vla/rlds_dataloader/datasets/rlds/oxe/utils) by extension 'ignore_ament_install'
[0.550s] Level 1:colcon.colcon_core.package_identification:_identify(g1/scripts/unifolm-vla_g1-main/src/unifolm_vla/rlds_dataloader/datasets/rlds/oxe/utils) by extensions ['colcon_pkg']
[0.550s] Level 1:colcon.colcon_core.package_identification:_identify(g1/scripts/unifolm-vla_g1-main/src/unifolm_vla/rlds_dataloader/datasets/rlds/oxe/utils) by extension 'colcon_pkg'
[0.550s] Level 1:colcon.colcon_core.package_identification:_identify(g1/scripts/unifolm-vla_g1-main/src/unifolm_vla/rlds_dataloader/datasets/rlds/oxe/utils) by extensions ['colcon_meta']
[0.550s] Level 1:colcon.colcon_core.package_identification:_identify(g1/scripts/unifolm-vla_g1-main/src/unifolm_vla/rlds_dataloader/datasets/rlds/oxe/utils) by extension 'colcon_meta'
[0.550s] Level 1:colcon.colcon_core.package_identification:_identify(g1/scripts/unifolm-vla_g1-main/src/unifolm_vla/rlds_dataloader/datasets/rlds/oxe/utils) by extensions ['ros']
[0.550s] Level 1:colcon.colcon_core.package_identification:_identify(g1/scripts/unifolm-vla_g1-main/src/unifolm_vla/rlds_dataloader/datasets/rlds/oxe/utils) by extension 'ros'
[0.550s] Level 1:colcon.colcon_core.package_identification:_identify(g1/scripts/unifolm-vla_g1-main/src/unifolm_vla/rlds_dataloader/datasets/rlds/oxe/utils) by extensions ['cmake', 'python']
[0.550s] Level 1:colcon.colcon_core.package_identification:_identify(g1/scripts/unifolm-vla_g1-main/src/unifolm_vla/rlds_dataloader/datasets/rlds/oxe/utils) by extension 'cmake'
[0.550s] Level 1:colcon.colcon_core.package_identification:_identify(g1/scripts/unifolm-vla_g1-main/src/unifolm_vla/rlds_dataloader/datasets/rlds/oxe/utils) by extension 'python'
[0.550s] Level 1:colcon.colcon_core.package_identification:_identify(g1/scripts/unifolm-vla_g1-main/src/unifolm_vla/rlds_dataloader/datasets/rlds/oxe/utils) by extensions ['python_setup_py']
[0.551s] Level 1:colcon.colcon_core.package_identification:_identify(g1/scripts/unifolm-vla_g1-main/src/unifolm_vla/rlds_dataloader/datasets/rlds/oxe/utils) by extension 'python_setup_py'
[0.551s] Level 1:colcon.colcon_core.package_identification:_identify(g1/scripts/unifolm-vla_g1-main/src/unifolm_vla/rlds_dataloader/datasets/rlds/utils) by extensions ['ignore', 'ignore_ament_install']
[0.551s] Level 1:colcon.colcon_core.package_identification:_identify(g1/scripts/unifolm-vla_g1-main/src/unifolm_vla/rlds_dataloader/datasets/rlds/utils) by extension 'ignore'
[0.551s] Level 1:colcon.colcon_core.package_identification:_identify(g1/scripts/unifolm-vla_g1-main/src/unifolm_vla/rlds_dataloader/datasets/rlds/utils) by extension 'ignore_ament_install'
[0.551s] Level 1:colcon.colcon_core.package_identification:_identify(g1/scripts/unifolm-vla_g1-main/src/unifolm_vla/rlds_dataloader/datasets/rlds/utils) by extensions ['colcon_pkg']
[0.551s] Level 1:colcon.colcon_core.package_identification:_identify(g1/scripts/unifolm-vla_g1-main/src/unifolm_vla/rlds_dataloader/datasets/rlds/utils) by extension 'colcon_pkg'
[0.551s] Level 1:colcon.colcon_core.package_identification:_identify(g1/scripts/unifolm-vla_g1-main/src/unifolm_vla/rlds_dataloader/datasets/rlds/utils) by extensions ['colcon_meta']
[0.551s] Level 1:colcon.colcon_core.package_identification:_identify(g1/scripts/unifolm-vla_g1-main/src/unifolm_vla/rlds_dataloader/datasets/rlds/utils) by extension 'colcon_meta'
[0.551s] Level 1:colcon.colcon_core.package_identification:_identify(g1/scripts/unifolm-vla_g1-main/src/unifolm_vla/rlds_dataloader/datasets/rlds/utils) by extensions ['ros']
[0.551s] Level 1:colcon.colcon_core.package_identification:_identify(g1/scripts/unifolm-vla_g1-main/src/unifolm_vla/rlds_dataloader/datasets/rlds/utils) by extension 'ros'
[0.551s] Level 1:colcon.colcon_core.package_identification:_identify(g1/scripts/unifolm-vla_g1-main/src/unifolm_vla/rlds_dataloader/datasets/rlds/utils) by extensions ['cmake', 'python']
[0.551s] Level 1:colcon.colcon_core.package_identification:_identify(g1/scripts/unifolm-vla_g1-main/src/unifolm_vla/rlds_dataloader/datasets/rlds/utils) by extension 'cmake'
[0.551s] Level 1:colcon.colcon_core.package_identification:_identify(g1/scripts/unifolm-vla_g1-main/src/unifolm_vla/rlds_dataloader/datasets/rlds/utils) by extension 'python'
[0.552s] Level 1:colcon.colcon_core.package_identification:_identify(g1/scripts/unifolm-vla_g1-main/src/unifolm_vla/rlds_dataloader/datasets/rlds/utils) by extensions ['python_setup_py']
[0.552s] Level 1:colcon.colcon_core.package_identification:_identify(g1/scripts/unifolm-vla_g1-main/src/unifolm_vla/rlds_dataloader/datasets/rlds/utils) by extension 'python_setup_py'
[0.552s] Level 1:colcon.colcon_core.package_identification:_identify(g1/scripts/unifolm-vla_g1-main/src/unifolm_vla/training) by extensions ['ignore', 'ignore_ament_install']
[0.552s] Level 1:colcon.colcon_core.package_identification:_identify(g1/scripts/unifolm-vla_g1-main/src/unifolm_vla/training) by extension 'ignore'
[0.552s] Level 1:colcon.colcon_core.package_identification:_identify(g1/scripts/unifolm-vla_g1-main/src/unifolm_vla/training) by extension 'ignore_ament_install'
[0.552s] Level 1:colcon.colcon_core.package_identification:_identify(g1/scripts/unifolm-vla_g1-main/src/unifolm_vla/training) by extensions ['colcon_pkg']
[0.552s] Level 1:colcon.colcon_core.package_identification:_identify(g1/scripts/unifolm-vla_g1-main/src/unifolm_vla/training) by extension 'colcon_pkg'
[0.552s] Level 1:colcon.colcon_core.package_identification:_identify(g1/scripts/unifolm-vla_g1-main/src/unifolm_vla/training) by extensions ['colcon_meta']
[0.552s] Level 1:colcon.colcon_core.package_identification:_identify(g1/scripts/unifolm-vla_g1-main/src/unifolm_vla/training) by extension 'colcon_meta'
[0.552s] Level 1:colcon.colcon_core.package_identification:_identify(g1/scripts/unifolm-vla_g1-main/src/unifolm_vla/training) by extensions ['ros']
[0.552s] Level 1:colcon.colcon_core.package_identification:_identify(g1/scripts/unifolm-vla_g1-main/src/unifolm_vla/training) by extension 'ros'
[0.552s] Level 1:colcon.colcon_core.package_identification:_identify(g1/scripts/unifolm-vla_g1-main/src/unifolm_vla/training) by extensions ['cmake', 'python']
[0.552s] Level 1:colcon.colcon_core.package_identification:_identify(g1/scripts/unifolm-vla_g1-main/src/unifolm_vla/training) by extension 'cmake'
[0.552s] Level 1:colcon.colcon_core.package_identification:_identify(g1/scripts/unifolm-vla_g1-main/src/unifolm_vla/training) by extension 'python'
[0.553s] Level 1:colcon.colcon_core.package_identification:_identify(g1/scripts/unifolm-vla_g1-main/src/unifolm_vla/training) by extensions ['python_setup_py']
[0.553s] Level 1:colcon.colcon_core.package_identification:_identify(g1/scripts/unifolm-vla_g1-main/src/unifolm_vla/training) by extension 'python_setup_py'
[0.553s] Level 1:colcon.colcon_core.package_identification:_identify(g1/scripts/unifolm-vla_g1-main/src/unifolm_vla/training/trainer_utils) by extensions ['ignore', 'ignore_ament_install']
[0.553s] Level 1:colcon.colcon_core.package_identification:_identify(g1/scripts/unifolm-vla_g1-main/src/unifolm_vla/training/trainer_utils) by extension 'ignore'
[0.553s] Level 1:colcon.colcon_core.package_identification:_identify(g1/scripts/unifolm-vla_g1-main/src/unifolm_vla/training/trainer_utils) by extension 'ignore_ament_install'
[0.553s] Level 1:colcon.colcon_core.package_identification:_identify(g1/scripts/unifolm-vla_g1-main/src/unifolm_vla/training/trainer_utils) by extensions ['colcon_pkg']
[0.553s] Level 1:colcon.colcon_core.package_identification:_identify(g1/scripts/unifolm-vla_g1-main/src/unifolm_vla/training/trainer_utils) by extension 'colcon_pkg'
[0.553s] Level 1:colcon.colcon_core.package_identification:_identify(g1/scripts/unifolm-vla_g1-main/src/unifolm_vla/training/trainer_utils) by extensions ['colcon_meta']
[0.553s] Level 1:colcon.colcon_core.package_identification:_identify(g1/scripts/unifolm-vla_g1-main/src/unifolm_vla/training/trainer_utils) by extension 'colcon_meta'
[0.553s] Level 1:colcon.colcon_core.package_identification:_identify(g1/scripts/unifolm-vla_g1-main/src/unifolm_vla/training/trainer_utils) by extensions ['ros']
[0.553s] Level 1:colcon.colcon_core.package_identification:_identify(g1/scripts/unifolm-vla_g1-main/src/unifolm_vla/training/trainer_utils) by extension 'ros'
[0.553s] Level 1:colcon.colcon_core.package_identification:_identify(g1/scripts/unifolm-vla_g1-main/src/unifolm_vla/training/trainer_utils) by extensions ['cmake', 'python']
[0.553s] Level 1:colcon.colcon_core.package_identification:_identify(g1/scripts/unifolm-vla_g1-main/src/unifolm_vla/training/trainer_utils) by extension 'cmake'
[0.553s] Level 1:colcon.colcon_core.package_identification:_identify(g1/scripts/unifolm-vla_g1-main/src/unifolm_vla/training/trainer_utils) by extension 'python'
[0.553s] Level 1:colcon.colcon_core.package_identification:_identify(g1/scripts/unifolm-vla_g1-main/src/unifolm_vla/training/trainer_utils) by extensions ['python_setup_py']
[0.553s] Level 1:colcon.colcon_core.package_identification:_identify(g1/scripts/unifolm-vla_g1-main/src/unifolm_vla/training/trainer_utils) by extension 'python_setup_py'
[0.554s] Level 1:colcon.colcon_core.package_identification:_identify(g1/scripts/usecases) by extensions ['ignore', 'ignore_ament_install']
[0.554s] Level 1:colcon.colcon_core.package_identification:_identify(g1/scripts/usecases) by extension 'ignore'
[0.554s] Level 1:colcon.colcon_core.package_identification:_identify(g1/scripts/usecases) by extension 'ignore_ament_install'
[0.554s] Level 1:colcon.colcon_core.package_identification:_identify(g1/scripts/usecases) by extensions ['colcon_pkg']
[0.554s] Level 1:colcon.colcon_core.package_identification:_identify(g1/scripts/usecases) by extension 'colcon_pkg'
[0.554s] Level 1:colcon.colcon_core.package_identification:_identify(g1/scripts/usecases) by extensions ['colcon_meta']
[0.554s] Level 1:colcon.colcon_core.package_identification:_identify(g1/scripts/usecases) by extension 'colcon_meta'
[0.554s] Level 1:colcon.colcon_core.package_identification:_identify(g1/scripts/usecases) by extensions ['ros']
[0.554s] Level 1:colcon.colcon_core.package_identification:_identify(g1/scripts/usecases) by extension 'ros'
[0.554s] Level 1:colcon.colcon_core.package_identification:_identify(g1/scripts/usecases) by extensions ['cmake', 'python']
[0.554s] Level 1:colcon.colcon_core.package_identification:_identify(g1/scripts/usecases) by extension 'cmake'
[0.554s] Level 1:colcon.colcon_core.package_identification:_identify(g1/scripts/usecases) by extension 'python'
[0.554s] Level 1:colcon.colcon_core.package_identification:_identify(g1/scripts/usecases) by extensions ['python_setup_py']
[0.554s] Level 1:colcon.colcon_core.package_identification:_identify(g1/scripts/usecases) by extension 'python_setup_py'
[0.555s] Level 1:colcon.colcon_core.package_identification:_identify(g1/scripts/usecases/boxing_bag_hunt) by extensions ['ignore', 'ignore_ament_install']
[0.555s] Level 1:colcon.colcon_core.package_identification:_identify(g1/scripts/usecases/boxing_bag_hunt) by extension 'ignore'
[0.555s] Level 1:colcon.colcon_core.package_identification:_identify(g1/scripts/usecases/boxing_bag_hunt) by extension 'ignore_ament_install'
[0.555s] Level 1:colcon.colcon_core.package_identification:_identify(g1/scripts/usecases/boxing_bag_hunt) by extensions ['colcon_pkg']
[0.555s] Level 1:colcon.colcon_core.package_identification:_identify(g1/scripts/usecases/boxing_bag_hunt) by extension 'colcon_pkg'
[0.555s] Level 1:colcon.colcon_core.package_identification:_identify(g1/scripts/usecases/boxing_bag_hunt) by extensions ['colcon_meta']
[0.555s] Level 1:colcon.colcon_core.package_identification:_identify(g1/scripts/usecases/boxing_bag_hunt) by extension 'colcon_meta'
[0.555s] Level 1:colcon.colcon_core.package_identification:_identify(g1/scripts/usecases/boxing_bag_hunt) by extensions ['ros']
[0.555s] Level 1:colcon.colcon_core.package_identification:_identify(g1/scripts/usecases/boxing_bag_hunt) by extension 'ros'
[0.555s] Level 1:colcon.colcon_core.package_identification:_identify(g1/scripts/usecases/boxing_bag_hunt) by extensions ['cmake', 'python']
[0.555s] Level 1:colcon.colcon_core.package_identification:_identify(g1/scripts/usecases/boxing_bag_hunt) by extension 'cmake'
[0.555s] Level 1:colcon.colcon_core.package_identification:_identify(g1/scripts/usecases/boxing_bag_hunt) by extension 'python'
[0.555s] Level 1:colcon.colcon_core.package_identification:_identify(g1/scripts/usecases/boxing_bag_hunt) by extensions ['python_setup_py']
[0.555s] Level 1:colcon.colcon_core.package_identification:_identify(g1/scripts/usecases/boxing_bag_hunt) by extension 'python_setup_py'
[0.555s] Level 1:colcon.colcon_core.package_identification:_identify(g1/sim) by extensions ['ignore', 'ignore_ament_install']
[0.555s] Level 1:colcon.colcon_core.package_identification:_identify(g1/sim) by extension 'ignore'
[0.555s] Level 1:colcon.colcon_core.package_identification:_identify(g1/sim) by extension 'ignore_ament_install'
[0.556s] Level 1:colcon.colcon_core.package_identification:_identify(g1/sim) by extensions ['colcon_pkg']
[0.556s] Level 1:colcon.colcon_core.package_identification:_identify(g1/sim) by extension 'colcon_pkg'
[0.556s] Level 1:colcon.colcon_core.package_identification:_identify(g1/sim) by extensions ['colcon_meta']
[0.556s] Level 1:colcon.colcon_core.package_identification:_identify(g1/sim) by extension 'colcon_meta'
[0.556s] Level 1:colcon.colcon_core.package_identification:_identify(g1/sim) by extensions ['ros']
[0.556s] Level 1:colcon.colcon_core.package_identification:_identify(g1/sim) by extension 'ros'
[0.556s] Level 1:colcon.colcon_core.package_identification:_identify(g1/sim) by extensions ['cmake', 'python']
[0.556s] Level 1:colcon.colcon_core.package_identification:_identify(g1/sim) by extension 'cmake'
[0.556s] Level 1:colcon.colcon_core.package_identification:_identify(g1/sim) by extension 'python'
[0.556s] Level 1:colcon.colcon_core.package_identification:_identify(g1/sim) by extensions ['python_setup_py']
[0.556s] Level 1:colcon.colcon_core.package_identification:_identify(g1/sim) by extension 'python_setup_py'
[0.556s] Level 1:colcon.colcon_core.package_identification:_identify(g1/sim/G1_rviz_simulation-main) by extensions ['ignore', 'ignore_ament_install']
[0.556s] Level 1:colcon.colcon_core.package_identification:_identify(g1/sim/G1_rviz_simulation-main) by extension 'ignore'
[0.556s] Level 1:colcon.colcon_core.package_identification:_identify(g1/sim/G1_rviz_simulation-main) by extension 'ignore_ament_install'
[0.556s] Level 1:colcon.colcon_core.package_identification:_identify(g1/sim/G1_rviz_simulation-main) by extensions ['colcon_pkg']
[0.556s] Level 1:colcon.colcon_core.package_identification:_identify(g1/sim/G1_rviz_simulation-main) by extension 'colcon_pkg'
[0.556s] Level 1:colcon.colcon_core.package_identification:_identify(g1/sim/G1_rviz_simulation-main) by extensions ['colcon_meta']
[0.556s] Level 1:colcon.colcon_core.package_identification:_identify(g1/sim/G1_rviz_simulation-main) by extension 'colcon_meta'
[0.556s] Level 1:colcon.colcon_core.package_identification:_identify(g1/sim/G1_rviz_simulation-main) by extensions ['ros']
[0.556s] Level 1:colcon.colcon_core.package_identification:_identify(g1/sim/G1_rviz_simulation-main) by extension 'ros'
[0.556s] Level 1:colcon.colcon_core.package_identification:_identify(g1/sim/G1_rviz_simulation-main) by extensions ['cmake', 'python']
[0.556s] Level 1:colcon.colcon_core.package_identification:_identify(g1/sim/G1_rviz_simulation-main) by extension 'cmake'
[0.556s] Level 1:colcon.colcon_core.package_identification:_identify(g1/sim/G1_rviz_simulation-main) by extension 'python'
[0.556s] Level 1:colcon.colcon_core.package_identification:_identify(g1/sim/G1_rviz_simulation-main) by extensions ['python_setup_py']
[0.556s] Level 1:colcon.colcon_core.package_identification:_identify(g1/sim/G1_rviz_simulation-main) by extension 'python_setup_py'
[0.556s] Level 1:colcon.colcon_core.package_identification:_identify(g1/sim/G1_rviz_simulation-main/G1_rviz_simulation-main) by extensions ['ignore', 'ignore_ament_install']
[0.556s] Level 1:colcon.colcon_core.package_identification:_identify(g1/sim/G1_rviz_simulation-main/G1_rviz_simulation-main) by extension 'ignore'
[0.557s] Level 1:colcon.colcon_core.package_identification:_identify(g1/sim/G1_rviz_simulation-main/G1_rviz_simulation-main) by extension 'ignore_ament_install'
[0.557s] Level 1:colcon.colcon_core.package_identification:_identify(g1/sim/G1_rviz_simulation-main/G1_rviz_simulation-main) by extensions ['colcon_pkg']
[0.557s] Level 1:colcon.colcon_core.package_identification:_identify(g1/sim/G1_rviz_simulation-main/G1_rviz_simulation-main) by extension 'colcon_pkg'
[0.557s] Level 1:colcon.colcon_core.package_identification:_identify(g1/sim/G1_rviz_simulation-main/G1_rviz_simulation-main) by extensions ['colcon_meta']
[0.557s] Level 1:colcon.colcon_core.package_identification:_identify(g1/sim/G1_rviz_simulation-main/G1_rviz_simulation-main) by extension 'colcon_meta'
[0.557s] Level 1:colcon.colcon_core.package_identification:_identify(g1/sim/G1_rviz_simulation-main/G1_rviz_simulation-main) by extensions ['ros']
[0.557s] Level 1:colcon.colcon_core.package_identification:_identify(g1/sim/G1_rviz_simulation-main/G1_rviz_simulation-main) by extension 'ros'
[0.561s] DEBUG:colcon.colcon_core.package_identification:Package 'g1/sim/G1_rviz_simulation-main/G1_rviz_simulation-main' with type 'ros.ament_python' and name 'g1_description'
[0.562s] Level 1:colcon.colcon_core.package_identification:_identify(g1/sim/mujoco) by extensions ['ignore', 'ignore_ament_install']
[0.562s] Level 1:colcon.colcon_core.package_identification:_identify(g1/sim/mujoco) by extension 'ignore'
[0.562s] Level 1:colcon.colcon_core.package_identification:_identify(g1/sim/mujoco) by extension 'ignore_ament_install'
[0.562s] Level 1:colcon.colcon_core.package_identification:_identify(g1/sim/mujoco) by extensions ['colcon_pkg']
[0.562s] Level 1:colcon.colcon_core.package_identification:_identify(g1/sim/mujoco) by extension 'colcon_pkg'
[0.562s] Level 1:colcon.colcon_core.package_identification:_identify(g1/sim/mujoco) by extensions ['colcon_meta']
[0.562s] Level 1:colcon.colcon_core.package_identification:_identify(g1/sim/mujoco) by extension 'colcon_meta'
[0.562s] Level 1:colcon.colcon_core.package_identification:_identify(g1/sim/mujoco) by extensions ['ros']
[0.562s] Level 1:colcon.colcon_core.package_identification:_identify(g1/sim/mujoco) by extension 'ros'
[0.562s] Level 1:colcon.colcon_core.package_identification:_identify(g1/sim/mujoco) by extensions ['cmake', 'python']
[0.562s] Level 1:colcon.colcon_core.package_identification:_identify(g1/sim/mujoco) by extension 'cmake'
[0.562s] Level 1:colcon.colcon_core.package_identification:_identify(g1/sim/mujoco) by extension 'python'
[0.562s] Level 1:colcon.colcon_core.package_identification:_identify(g1/sim/mujoco) by extensions ['python_setup_py']
[0.562s] Level 1:colcon.colcon_core.package_identification:_identify(g1/sim/mujoco) by extension 'python_setup_py'
[0.563s] Level 1:colcon.colcon_core.package_identification:_identify(g1/sim/mujoco/COM_viz) by extensions ['ignore', 'ignore_ament_install']
[0.563s] Level 1:colcon.colcon_core.package_identification:_identify(g1/sim/mujoco/COM_viz) by extension 'ignore'
[0.563s] Level 1:colcon.colcon_core.package_identification:_identify(g1/sim/mujoco/COM_viz) by extension 'ignore_ament_install'
[0.563s] Level 1:colcon.colcon_core.package_identification:_identify(g1/sim/mujoco/COM_viz) by extensions ['colcon_pkg']
[0.563s] Level 1:colcon.colcon_core.package_identification:_identify(g1/sim/mujoco/COM_viz) by extension 'colcon_pkg'
[0.563s] Level 1:colcon.colcon_core.package_identification:_identify(g1/sim/mujoco/COM_viz) by extensions ['colcon_meta']
[0.563s] Level 1:colcon.colcon_core.package_identification:_identify(g1/sim/mujoco/COM_viz) by extension 'colcon_meta'
[0.563s] Level 1:colcon.colcon_core.package_identification:_identify(g1/sim/mujoco/COM_viz) by extensions ['ros']
[0.563s] Level 1:colcon.colcon_core.package_identification:_identify(g1/sim/mujoco/COM_viz) by extension 'ros'
[0.563s] Level 1:colcon.colcon_core.package_identification:_identify(g1/sim/mujoco/COM_viz) by extensions ['cmake', 'python']
[0.563s] Level 1:colcon.colcon_core.package_identification:_identify(g1/sim/mujoco/COM_viz) by extension 'cmake'
[0.563s] Level 1:colcon.colcon_core.package_identification:_identify(g1/sim/mujoco/COM_viz) by extension 'python'
[0.563s] Level 1:colcon.colcon_core.package_identification:_identify(g1/sim/mujoco/COM_viz) by extensions ['python_setup_py']
[0.563s] Level 1:colcon.colcon_core.package_identification:_identify(g1/sim/mujoco/COM_viz) by extension 'python_setup_py'
[0.564s] Level 1:colcon.colcon_core.package_identification:_identify(g1/sim/mujoco/scripts) by extensions ['ignore', 'ignore_ament_install']
[0.564s] Level 1:colcon.colcon_core.package_identification:_identify(g1/sim/mujoco/scripts) by extension 'ignore'
[0.564s] Level 1:colcon.colcon_core.package_identification:_identify(g1/sim/mujoco/scripts) by extension 'ignore_ament_install'
[0.564s] Level 1:colcon.colcon_core.package_identification:_identify(g1/sim/mujoco/scripts) by extensions ['colcon_pkg']
[0.564s] Level 1:colcon.colcon_core.package_identification:_identify(g1/sim/mujoco/scripts) by extension 'colcon_pkg'
[0.564s] Level 1:colcon.colcon_core.package_identification:_identify(g1/sim/mujoco/scripts) by extensions ['colcon_meta']
[0.564s] Level 1:colcon.colcon_core.package_identification:_identify(g1/sim/mujoco/scripts) by extension 'colcon_meta'
[0.564s] Level 1:colcon.colcon_core.package_identification:_identify(g1/sim/mujoco/scripts) by extensions ['ros']
[0.564s] Level 1:colcon.colcon_core.package_identification:_identify(g1/sim/mujoco/scripts) by extension 'ros'
[0.564s] Level 1:colcon.colcon_core.package_identification:_identify(g1/sim/mujoco/scripts) by extensions ['cmake', 'python']
[0.564s] Level 1:colcon.colcon_core.package_identification:_identify(g1/sim/mujoco/scripts) by extension 'cmake'
[0.564s] Level 1:colcon.colcon_core.package_identification:_identify(g1/sim/mujoco/scripts) by extension 'python'
[0.564s] Level 1:colcon.colcon_core.package_identification:_identify(g1/sim/mujoco/scripts) by extensions ['python_setup_py']
[0.564s] Level 1:colcon.colcon_core.package_identification:_identify(g1/sim/mujoco/scripts) by extension 'python_setup_py'
[0.565s] Level 1:colcon.colcon_core.package_identification:_identify(g1/sim/unitree_robots) by extensions ['ignore', 'ignore_ament_install']
[0.565s] Level 1:colcon.colcon_core.package_identification:_identify(g1/sim/unitree_robots) by extension 'ignore'
[0.565s] Level 1:colcon.colcon_core.package_identification:_identify(g1/sim/unitree_robots) by extension 'ignore_ament_install'
[0.565s] Level 1:colcon.colcon_core.package_identification:_identify(g1/sim/unitree_robots) by extensions ['colcon_pkg']
[0.565s] Level 1:colcon.colcon_core.package_identification:_identify(g1/sim/unitree_robots) by extension 'colcon_pkg'
[0.565s] Level 1:colcon.colcon_core.package_identification:_identify(g1/sim/unitree_robots) by extensions ['colcon_meta']
[0.565s] Level 1:colcon.colcon_core.package_identification:_identify(g1/sim/unitree_robots) by extension 'colcon_meta'
[0.565s] Level 1:colcon.colcon_core.package_identification:_identify(g1/sim/unitree_robots) by extensions ['ros']
[0.565s] Level 1:colcon.colcon_core.package_identification:_identify(g1/sim/unitree_robots) by extension 'ros'
[0.566s] Level 1:colcon.colcon_core.package_identification:_identify(g1/sim/unitree_robots) by extensions ['cmake', 'python']
[0.566s] Level 1:colcon.colcon_core.package_identification:_identify(g1/sim/unitree_robots) by extension 'cmake'
[0.566s] Level 1:colcon.colcon_core.package_identification:_identify(g1/sim/unitree_robots) by extension 'python'
[0.566s] Level 1:colcon.colcon_core.package_identification:_identify(g1/sim/unitree_robots) by extensions ['python_setup_py']
[0.566s] Level 1:colcon.colcon_core.package_identification:_identify(g1/sim/unitree_robots) by extension 'python_setup_py'
[0.566s] Level 1:colcon.colcon_core.package_identification:_identify(g1/sim/unitree_robots/b2) by extensions ['ignore', 'ignore_ament_install']
[0.566s] Level 1:colcon.colcon_core.package_identification:_identify(g1/sim/unitree_robots/b2) by extension 'ignore'
[0.566s] Level 1:colcon.colcon_core.package_identification:_identify(g1/sim/unitree_robots/b2) by extension 'ignore_ament_install'
[0.567s] Level 1:colcon.colcon_core.package_identification:_identify(g1/sim/unitree_robots/b2) by extensions ['colcon_pkg']
[0.567s] Level 1:colcon.colcon_core.package_identification:_identify(g1/sim/unitree_robots/b2) by extension 'colcon_pkg'
[0.567s] Level 1:colcon.colcon_core.package_identification:_identify(g1/sim/unitree_robots/b2) by extensions ['colcon_meta']
[0.567s] Level 1:colcon.colcon_core.package_identification:_identify(g1/sim/unitree_robots/b2) by extension 'colcon_meta'
[0.567s] Level 1:colcon.colcon_core.package_identification:_identify(g1/sim/unitree_robots/b2) by extensions ['ros']
[0.567s] Level 1:colcon.colcon_core.package_identification:_identify(g1/sim/unitree_robots/b2) by extension 'ros'
[0.567s] Level 1:colcon.colcon_core.package_identification:_identify(g1/sim/unitree_robots/b2) by extensions ['cmake', 'python']
[0.567s] Level 1:colcon.colcon_core.package_identification:_identify(g1/sim/unitree_robots/b2) by extension 'cmake'
[0.567s] Level 1:colcon.colcon_core.package_identification:_identify(g1/sim/unitree_robots/b2) by extension 'python'
[0.567s] Level 1:colcon.colcon_core.package_identification:_identify(g1/sim/unitree_robots/b2) by extensions ['python_setup_py']
[0.567s] Level 1:colcon.colcon_core.package_identification:_identify(g1/sim/unitree_robots/b2) by extension 'python_setup_py'
[0.567s] Level 1:colcon.colcon_core.package_identification:_identify(g1/sim/unitree_robots/b2/assets) by extensions ['ignore', 'ignore_ament_install']
[0.568s] Level 1:colcon.colcon_core.package_identification:_identify(g1/sim/unitree_robots/b2/assets) by extension 'ignore'
[0.568s] Level 1:colcon.colcon_core.package_identification:_identify(g1/sim/unitree_robots/b2/assets) by extension 'ignore_ament_install'
[0.568s] Level 1:colcon.colcon_core.package_identification:_identify(g1/sim/unitree_robots/b2/assets) by extensions ['colcon_pkg']
[0.568s] Level 1:colcon.colcon_core.package_identification:_identify(g1/sim/unitree_robots/b2/assets) by extension 'colcon_pkg'
[0.568s] Level 1:colcon.colcon_core.package_identification:_identify(g1/sim/unitree_robots/b2/assets) by extensions ['colcon_meta']
[0.568s] Level 1:colcon.colcon_core.package_identification:_identify(g1/sim/unitree_robots/b2/assets) by extension 'colcon_meta'
[0.568s] Level 1:colcon.colcon_core.package_identification:_identify(g1/sim/unitree_robots/b2/assets) by extensions ['ros']
[0.568s] Level 1:colcon.colcon_core.package_identification:_identify(g1/sim/unitree_robots/b2/assets) by extension 'ros'
[0.568s] Level 1:colcon.colcon_core.package_identification:_identify(g1/sim/unitree_robots/b2/assets) by extensions ['cmake', 'python']
[0.568s] Level 1:colcon.colcon_core.package_identification:_identify(g1/sim/unitree_robots/b2/assets) by extension 'cmake'
[0.568s] Level 1:colcon.colcon_core.package_identification:_identify(g1/sim/unitree_robots/b2/assets) by extension 'python'
[0.568s] Level 1:colcon.colcon_core.package_identification:_identify(g1/sim/unitree_robots/b2/assets) by extensions ['python_setup_py']
[0.568s] Level 1:colcon.colcon_core.package_identification:_identify(g1/sim/unitree_robots/b2/assets) by extension 'python_setup_py'
[0.569s] Level 1:colcon.colcon_core.package_identification:_identify(g1/sim/unitree_robots/b2w) by extensions ['ignore', 'ignore_ament_install']
[0.569s] Level 1:colcon.colcon_core.package_identification:_identify(g1/sim/unitree_robots/b2w) by extension 'ignore'
[0.569s] Level 1:colcon.colcon_core.package_identification:_identify(g1/sim/unitree_robots/b2w) by extension 'ignore_ament_install'
[0.569s] Level 1:colcon.colcon_core.package_identification:_identify(g1/sim/unitree_robots/b2w) by extensions ['colcon_pkg']
[0.569s] Level 1:colcon.colcon_core.package_identification:_identify(g1/sim/unitree_robots/b2w) by extension 'colcon_pkg'
[0.569s] Level 1:colcon.colcon_core.package_identification:_identify(g1/sim/unitree_robots/b2w) by extensions ['colcon_meta']
[0.569s] Level 1:colcon.colcon_core.package_identification:_identify(g1/sim/unitree_robots/b2w) by extension 'colcon_meta'
[0.569s] Level 1:colcon.colcon_core.package_identification:_identify(g1/sim/unitree_robots/b2w) by extensions ['ros']
[0.569s] Level 1:colcon.colcon_core.package_identification:_identify(g1/sim/unitree_robots/b2w) by extension 'ros'
[0.569s] Level 1:colcon.colcon_core.package_identification:_identify(g1/sim/unitree_robots/b2w) by extensions ['cmake', 'python']
[0.569s] Level 1:colcon.colcon_core.package_identification:_identify(g1/sim/unitree_robots/b2w) by extension 'cmake'
[0.569s] Level 1:colcon.colcon_core.package_identification:_identify(g1/sim/unitree_robots/b2w) by extension 'python'
[0.569s] Level 1:colcon.colcon_core.package_identification:_identify(g1/sim/unitree_robots/b2w) by extensions ['python_setup_py']
[0.569s] Level 1:colcon.colcon_core.package_identification:_identify(g1/sim/unitree_robots/b2w) by extension 'python_setup_py'
[0.570s] Level 1:colcon.colcon_core.package_identification:_identify(g1/sim/unitree_robots/b2w/assets) by extensions ['ignore', 'ignore_ament_install']
[0.570s] Level 1:colcon.colcon_core.package_identification:_identify(g1/sim/unitree_robots/b2w/assets) by extension 'ignore'
[0.570s] Level 1:colcon.colcon_core.package_identification:_identify(g1/sim/unitree_robots/b2w/assets) by extension 'ignore_ament_install'
[0.570s] Level 1:colcon.colcon_core.package_identification:_identify(g1/sim/unitree_robots/b2w/assets) by extensions ['colcon_pkg']
[0.570s] Level 1:colcon.colcon_core.package_identification:_identify(g1/sim/unitree_robots/b2w/assets) by extension 'colcon_pkg'
[0.570s] Level 1:colcon.colcon_core.package_identification:_identify(g1/sim/unitree_robots/b2w/assets) by extensions ['colcon_meta']
[0.570s] Level 1:colcon.colcon_core.package_identification:_identify(g1/sim/unitree_robots/b2w/assets) by extension 'colcon_meta'
[0.570s] Level 1:colcon.colcon_core.package_identification:_identify(g1/sim/unitree_robots/b2w/assets) by extensions ['ros']
[0.570s] Level 1:colcon.colcon_core.package_identification:_identify(g1/sim/unitree_robots/b2w/assets) by extension 'ros'
[0.570s] Level 1:colcon.colcon_core.package_identification:_identify(g1/sim/unitree_robots/b2w/assets) by extensions ['cmake', 'python']
[0.570s] Level 1:colcon.colcon_core.package_identification:_identify(g1/sim/unitree_robots/b2w/assets) by extension 'cmake'
[0.570s] Level 1:colcon.colcon_core.package_identification:_identify(g1/sim/unitree_robots/b2w/assets) by extension 'python'
[0.571s] Level 1:colcon.colcon_core.package_identification:_identify(g1/sim/unitree_robots/b2w/assets) by extensions ['python_setup_py']
[0.571s] Level 1:colcon.colcon_core.package_identification:_identify(g1/sim/unitree_robots/b2w/assets) by extension 'python_setup_py'
[0.571s] Level 1:colcon.colcon_core.package_identification:_identify(g1/sim/unitree_robots/g1) by extensions ['ignore', 'ignore_ament_install']
[0.571s] Level 1:colcon.colcon_core.package_identification:_identify(g1/sim/unitree_robots/g1) by extension 'ignore'
[0.571s] Level 1:colcon.colcon_core.package_identification:_identify(g1/sim/unitree_robots/g1) by extension 'ignore_ament_install'
[0.571s] Level 1:colcon.colcon_core.package_identification:_identify(g1/sim/unitree_robots/g1) by extensions ['colcon_pkg']
[0.571s] Level 1:colcon.colcon_core.package_identification:_identify(g1/sim/unitree_robots/g1) by extension 'colcon_pkg'
[0.571s] Level 1:colcon.colcon_core.package_identification:_identify(g1/sim/unitree_robots/g1) by extensions ['colcon_meta']
[0.571s] Level 1:colcon.colcon_core.package_identification:_identify(g1/sim/unitree_robots/g1) by extension 'colcon_meta'
[0.571s] Level 1:colcon.colcon_core.package_identification:_identify(g1/sim/unitree_robots/g1) by extensions ['ros']
[0.571s] Level 1:colcon.colcon_core.package_identification:_identify(g1/sim/unitree_robots/g1) by extension 'ros'
[0.572s] Level 1:colcon.colcon_core.package_identification:_identify(g1/sim/unitree_robots/g1) by extensions ['cmake', 'python']
[0.572s] Level 1:colcon.colcon_core.package_identification:_identify(g1/sim/unitree_robots/g1) by extension 'cmake'
[0.572s] Level 1:colcon.colcon_core.package_identification:_identify(g1/sim/unitree_robots/g1) by extension 'python'
[0.572s] Level 1:colcon.colcon_core.package_identification:_identify(g1/sim/unitree_robots/g1) by extensions ['python_setup_py']
[0.572s] Level 1:colcon.colcon_core.package_identification:_identify(g1/sim/unitree_robots/g1) by extension 'python_setup_py'
[0.576s] Level 1:colcon.colcon_core.package_identification:_identify(g1/sim/unitree_robots/g1/images) by extensions ['ignore', 'ignore_ament_install']
[0.576s] Level 1:colcon.colcon_core.package_identification:_identify(g1/sim/unitree_robots/g1/images) by extension 'ignore'
[0.576s] Level 1:colcon.colcon_core.package_identification:_identify(g1/sim/unitree_robots/g1/images) by extension 'ignore_ament_install'
[0.576s] Level 1:colcon.colcon_core.package_identification:_identify(g1/sim/unitree_robots/g1/images) by extensions ['colcon_pkg']
[0.576s] Level 1:colcon.colcon_core.package_identification:_identify(g1/sim/unitree_robots/g1/images) by extension 'colcon_pkg'
[0.576s] Level 1:colcon.colcon_core.package_identification:_identify(g1/sim/unitree_robots/g1/images) by extensions ['colcon_meta']
[0.576s] Level 1:colcon.colcon_core.package_identification:_identify(g1/sim/unitree_robots/g1/images) by extension 'colcon_meta'
[0.576s] Level 1:colcon.colcon_core.package_identification:_identify(g1/sim/unitree_robots/g1/images) by extensions ['ros']
[0.576s] Level 1:colcon.colcon_core.package_identification:_identify(g1/sim/unitree_robots/g1/images) by extension 'ros'
[0.577s] Level 1:colcon.colcon_core.package_identification:_identify(g1/sim/unitree_robots/g1/images) by extensions ['cmake', 'python']
[0.577s] Level 1:colcon.colcon_core.package_identification:_identify(g1/sim/unitree_robots/g1/images) by extension 'cmake'
[0.577s] Level 1:colcon.colcon_core.package_identification:_identify(g1/sim/unitree_robots/g1/images) by extension 'python'
[0.577s] Level 1:colcon.colcon_core.package_identification:_identify(g1/sim/unitree_robots/g1/images) by extensions ['python_setup_py']
[0.577s] Level 1:colcon.colcon_core.package_identification:_identify(g1/sim/unitree_robots/g1/images) by extension 'python_setup_py'
[0.578s] Level 1:colcon.colcon_core.package_identification:_identify(g1/sim/unitree_robots/g1/meshes) by extensions ['ignore', 'ignore_ament_install']
[0.578s] Level 1:colcon.colcon_core.package_identification:_identify(g1/sim/unitree_robots/g1/meshes) by extension 'ignore'
[0.578s] Level 1:colcon.colcon_core.package_identification:_identify(g1/sim/unitree_robots/g1/meshes) by extension 'ignore_ament_install'
[0.578s] Level 1:colcon.colcon_core.package_identification:_identify(g1/sim/unitree_robots/g1/meshes) by extensions ['colcon_pkg']
[0.578s] Level 1:colcon.colcon_core.package_identification:_identify(g1/sim/unitree_robots/g1/meshes) by extension 'colcon_pkg'
[0.578s] Level 1:colcon.colcon_core.package_identification:_identify(g1/sim/unitree_robots/g1/meshes) by extensions ['colcon_meta']
[0.578s] Level 1:colcon.colcon_core.package_identification:_identify(g1/sim/unitree_robots/g1/meshes) by extension 'colcon_meta'
[0.578s] Level 1:colcon.colcon_core.package_identification:_identify(g1/sim/unitree_robots/g1/meshes) by extensions ['ros']
[0.578s] Level 1:colcon.colcon_core.package_identification:_identify(g1/sim/unitree_robots/g1/meshes) by extension 'ros'
[0.578s] Level 1:colcon.colcon_core.package_identification:_identify(g1/sim/unitree_robots/g1/meshes) by extensions ['cmake', 'python']
[0.579s] Level 1:colcon.colcon_core.package_identification:_identify(g1/sim/unitree_robots/g1/meshes) by extension 'cmake'
[0.579s] Level 1:colcon.colcon_core.package_identification:_identify(g1/sim/unitree_robots/g1/meshes) by extension 'python'
[0.579s] Level 1:colcon.colcon_core.package_identification:_identify(g1/sim/unitree_robots/g1/meshes) by extensions ['python_setup_py']
[0.579s] Level 1:colcon.colcon_core.package_identification:_identify(g1/sim/unitree_robots/g1/meshes) by extension 'python_setup_py'
[0.579s] Level 1:colcon.colcon_core.package_identification:_identify(g1/sim/unitree_robots/go2) by extensions ['ignore', 'ignore_ament_install']
[0.579s] Level 1:colcon.colcon_core.package_identification:_identify(g1/sim/unitree_robots/go2) by extension 'ignore'
[0.579s] Level 1:colcon.colcon_core.package_identification:_identify(g1/sim/unitree_robots/go2) by extension 'ignore_ament_install'
[0.580s] Level 1:colcon.colcon_core.package_identification:_identify(g1/sim/unitree_robots/go2) by extensions ['colcon_pkg']
[0.580s] Level 1:colcon.colcon_core.package_identification:_identify(g1/sim/unitree_robots/go2) by extension 'colcon_pkg'
[0.580s] Level 1:colcon.colcon_core.package_identification:_identify(g1/sim/unitree_robots/go2) by extensions ['colcon_meta']
[0.580s] Level 1:colcon.colcon_core.package_identification:_identify(g1/sim/unitree_robots/go2) by extension 'colcon_meta'
[0.580s] Level 1:colcon.colcon_core.package_identification:_identify(g1/sim/unitree_robots/go2) by extensions ['ros']
[0.580s] Level 1:colcon.colcon_core.package_identification:_identify(g1/sim/unitree_robots/go2) by extension 'ros'
[0.580s] Level 1:colcon.colcon_core.package_identification:_identify(g1/sim/unitree_robots/go2) by extensions ['cmake', 'python']
[0.580s] Level 1:colcon.colcon_core.package_identification:_identify(g1/sim/unitree_robots/go2) by extension 'cmake'
[0.580s] Level 1:colcon.colcon_core.package_identification:_identify(g1/sim/unitree_robots/go2) by extension 'python'
[0.580s] Level 1:colcon.colcon_core.package_identification:_identify(g1/sim/unitree_robots/go2) by extensions ['python_setup_py']
[0.580s] Level 1:colcon.colcon_core.package_identification:_identify(g1/sim/unitree_robots/go2) by extension 'python_setup_py'
[0.581s] Level 1:colcon.colcon_core.package_identification:_identify(g1/sim/unitree_robots/go2/assets) by extensions ['ignore', 'ignore_ament_install']
[0.581s] Level 1:colcon.colcon_core.package_identification:_identify(g1/sim/unitree_robots/go2/assets) by extension 'ignore'
[0.581s] Level 1:colcon.colcon_core.package_identification:_identify(g1/sim/unitree_robots/go2/assets) by extension 'ignore_ament_install'
[0.581s] Level 1:colcon.colcon_core.package_identification:_identify(g1/sim/unitree_robots/go2/assets) by extensions ['colcon_pkg']
[0.581s] Level 1:colcon.colcon_core.package_identification:_identify(g1/sim/unitree_robots/go2/assets) by extension 'colcon_pkg'
[0.581s] Level 1:colcon.colcon_core.package_identification:_identify(g1/sim/unitree_robots/go2/assets) by extensions ['colcon_meta']
[0.581s] Level 1:colcon.colcon_core.package_identification:_identify(g1/sim/unitree_robots/go2/assets) by extension 'colcon_meta'
[0.581s] Level 1:colcon.colcon_core.package_identification:_identify(g1/sim/unitree_robots/go2/assets) by extensions ['ros']
[0.582s] Level 1:colcon.colcon_core.package_identification:_identify(g1/sim/unitree_robots/go2/assets) by extension 'ros'
[0.582s] Level 1:colcon.colcon_core.package_identification:_identify(g1/sim/unitree_robots/go2/assets) by extensions ['cmake', 'python']
[0.582s] Level 1:colcon.colcon_core.package_identification:_identify(g1/sim/unitree_robots/go2/assets) by extension 'cmake'
[0.582s] Level 1:colcon.colcon_core.package_identification:_identify(g1/sim/unitree_robots/go2/assets) by extension 'python'
[0.582s] Level 1:colcon.colcon_core.package_identification:_identify(g1/sim/unitree_robots/go2/assets) by extensions ['python_setup_py']
[0.582s] Level 1:colcon.colcon_core.package_identification:_identify(g1/sim/unitree_robots/go2/assets) by extension 'python_setup_py'
[0.582s] Level 1:colcon.colcon_core.package_identification:_identify(g1/sim/unitree_robots/go2w) by extensions ['ignore', 'ignore_ament_install']
[0.582s] Level 1:colcon.colcon_core.package_identification:_identify(g1/sim/unitree_robots/go2w) by extension 'ignore'
[0.582s] Level 1:colcon.colcon_core.package_identification:_identify(g1/sim/unitree_robots/go2w) by extension 'ignore_ament_install'
[0.582s] Level 1:colcon.colcon_core.package_identification:_identify(g1/sim/unitree_robots/go2w) by extensions ['colcon_pkg']
[0.582s] Level 1:colcon.colcon_core.package_identification:_identify(g1/sim/unitree_robots/go2w) by extension 'colcon_pkg'
[0.582s] Level 1:colcon.colcon_core.package_identification:_identify(g1/sim/unitree_robots/go2w) by extensions ['colcon_meta']
[0.582s] Level 1:colcon.colcon_core.package_identification:_identify(g1/sim/unitree_robots/go2w) by extension 'colcon_meta'
[0.582s] Level 1:colcon.colcon_core.package_identification:_identify(g1/sim/unitree_robots/go2w) by extensions ['ros']
[0.582s] Level 1:colcon.colcon_core.package_identification:_identify(g1/sim/unitree_robots/go2w) by extension 'ros'
[0.583s] Level 1:colcon.colcon_core.package_identification:_identify(g1/sim/unitree_robots/go2w) by extensions ['cmake', 'python']
[0.583s] Level 1:colcon.colcon_core.package_identification:_identify(g1/sim/unitree_robots/go2w) by extension 'cmake'
[0.583s] Level 1:colcon.colcon_core.package_identification:_identify(g1/sim/unitree_robots/go2w) by extension 'python'
[0.583s] Level 1:colcon.colcon_core.package_identification:_identify(g1/sim/unitree_robots/go2w) by extensions ['python_setup_py']
[0.583s] Level 1:colcon.colcon_core.package_identification:_identify(g1/sim/unitree_robots/go2w) by extension 'python_setup_py'
[0.583s] Level 1:colcon.colcon_core.package_identification:_identify(g1/sim/unitree_robots/go2w/assets) by extensions ['ignore', 'ignore_ament_install']
[0.583s] Level 1:colcon.colcon_core.package_identification:_identify(g1/sim/unitree_robots/go2w/assets) by extension 'ignore'
[0.583s] Level 1:colcon.colcon_core.package_identification:_identify(g1/sim/unitree_robots/go2w/assets) by extension 'ignore_ament_install'
[0.583s] Level 1:colcon.colcon_core.package_identification:_identify(g1/sim/unitree_robots/go2w/assets) by extensions ['colcon_pkg']
[0.583s] Level 1:colcon.colcon_core.package_identification:_identify(g1/sim/unitree_robots/go2w/assets) by extension 'colcon_pkg'
[0.583s] Level 1:colcon.colcon_core.package_identification:_identify(g1/sim/unitree_robots/go2w/assets) by extensions ['colcon_meta']
[0.583s] Level 1:colcon.colcon_core.package_identification:_identify(g1/sim/unitree_robots/go2w/assets) by extension 'colcon_meta'
[0.583s] Level 1:colcon.colcon_core.package_identification:_identify(g1/sim/unitree_robots/go2w/assets) by extensions ['ros']
[0.584s] Level 1:colcon.colcon_core.package_identification:_identify(g1/sim/unitree_robots/go2w/assets) by extension 'ros'
[0.584s] Level 1:colcon.colcon_core.package_identification:_identify(g1/sim/unitree_robots/go2w/assets) by extensions ['cmake', 'python']
[0.584s] Level 1:colcon.colcon_core.package_identification:_identify(g1/sim/unitree_robots/go2w/assets) by extension 'cmake'
[0.584s] Level 1:colcon.colcon_core.package_identification:_identify(g1/sim/unitree_robots/go2w/assets) by extension 'python'
[0.584s] Level 1:colcon.colcon_core.package_identification:_identify(g1/sim/unitree_robots/go2w/assets) by extensions ['python_setup_py']
[0.584s] Level 1:colcon.colcon_core.package_identification:_identify(g1/sim/unitree_robots/go2w/assets) by extension 'python_setup_py'
[0.584s] Level 1:colcon.colcon_core.package_identification:_identify(g1/sim/unitree_robots/h1) by extensions ['ignore', 'ignore_ament_install']
[0.584s] Level 1:colcon.colcon_core.package_identification:_identify(g1/sim/unitree_robots/h1) by extension 'ignore'
[0.584s] Level 1:colcon.colcon_core.package_identification:_identify(g1/sim/unitree_robots/h1) by extension 'ignore_ament_install'
[0.584s] Level 1:colcon.colcon_core.package_identification:_identify(g1/sim/unitree_robots/h1) by extensions ['colcon_pkg']
[0.584s] Level 1:colcon.colcon_core.package_identification:_identify(g1/sim/unitree_robots/h1) by extension 'colcon_pkg'
[0.584s] Level 1:colcon.colcon_core.package_identification:_identify(g1/sim/unitree_robots/h1) by extensions ['colcon_meta']
[0.584s] Level 1:colcon.colcon_core.package_identification:_identify(g1/sim/unitree_robots/h1) by extension 'colcon_meta'
[0.584s] Level 1:colcon.colcon_core.package_identification:_identify(g1/sim/unitree_robots/h1) by extensions ['ros']
[0.584s] Level 1:colcon.colcon_core.package_identification:_identify(g1/sim/unitree_robots/h1) by extension 'ros'
[0.585s] Level 1:colcon.colcon_core.package_identification:_identify(g1/sim/unitree_robots/h1) by extensions ['cmake', 'python']
[0.585s] Level 1:colcon.colcon_core.package_identification:_identify(g1/sim/unitree_robots/h1) by extension 'cmake'
[0.585s] Level 1:colcon.colcon_core.package_identification:_identify(g1/sim/unitree_robots/h1) by extension 'python'
[0.585s] Level 1:colcon.colcon_core.package_identification:_identify(g1/sim/unitree_robots/h1) by extensions ['python_setup_py']
[0.585s] Level 1:colcon.colcon_core.package_identification:_identify(g1/sim/unitree_robots/h1) by extension 'python_setup_py'
[0.585s] Level 1:colcon.colcon_core.package_identification:_identify(g1/sim/unitree_robots/h1/assets) by extensions ['ignore', 'ignore_ament_install']
[0.585s] Level 1:colcon.colcon_core.package_identification:_identify(g1/sim/unitree_robots/h1/assets) by extension 'ignore'
[0.585s] Level 1:colcon.colcon_core.package_identification:_identify(g1/sim/unitree_robots/h1/assets) by extension 'ignore_ament_install'
[0.585s] Level 1:colcon.colcon_core.package_identification:_identify(g1/sim/unitree_robots/h1/assets) by extensions ['colcon_pkg']
[0.585s] Level 1:colcon.colcon_core.package_identification:_identify(g1/sim/unitree_robots/h1/assets) by extension 'colcon_pkg'
[0.585s] Level 1:colcon.colcon_core.package_identification:_identify(g1/sim/unitree_robots/h1/assets) by extensions ['colcon_meta']
[0.585s] Level 1:colcon.colcon_core.package_identification:_identify(g1/sim/unitree_robots/h1/assets) by extension 'colcon_meta'
[0.585s] Level 1:colcon.colcon_core.package_identification:_identify(g1/sim/unitree_robots/h1/assets) by extensions ['ros']
[0.585s] Level 1:colcon.colcon_core.package_identification:_identify(g1/sim/unitree_robots/h1/assets) by extension 'ros'
[0.585s] Level 1:colcon.colcon_core.package_identification:_identify(g1/sim/unitree_robots/h1/assets) by extensions ['cmake', 'python']
[0.586s] Level 1:colcon.colcon_core.package_identification:_identify(g1/sim/unitree_robots/h1/assets) by extension 'cmake'
[0.586s] Level 1:colcon.colcon_core.package_identification:_identify(g1/sim/unitree_robots/h1/assets) by extension 'python'
[0.586s] Level 1:colcon.colcon_core.package_identification:_identify(g1/sim/unitree_robots/h1/assets) by extensions ['python_setup_py']
[0.586s] Level 1:colcon.colcon_core.package_identification:_identify(g1/sim/unitree_robots/h1/assets) by extension 'python_setup_py'
[0.586s] Level 1:colcon.colcon_core.package_identification:_identify(g1/sim/unitree_robots/h1_2) by extensions ['ignore', 'ignore_ament_install']
[0.586s] Level 1:colcon.colcon_core.package_identification:_identify(g1/sim/unitree_robots/h1_2) by extension 'ignore'
[0.586s] Level 1:colcon.colcon_core.package_identification:_identify(g1/sim/unitree_robots/h1_2) by extension 'ignore_ament_install'
[0.586s] Level 1:colcon.colcon_core.package_identification:_identify(g1/sim/unitree_robots/h1_2) by extensions ['colcon_pkg']
[0.586s] Level 1:colcon.colcon_core.package_identification:_identify(g1/sim/unitree_robots/h1_2) by extension 'colcon_pkg'
[0.586s] Level 1:colcon.colcon_core.package_identification:_identify(g1/sim/unitree_robots/h1_2) by extensions ['colcon_meta']
[0.586s] Level 1:colcon.colcon_core.package_identification:_identify(g1/sim/unitree_robots/h1_2) by extension 'colcon_meta'
[0.586s] Level 1:colcon.colcon_core.package_identification:_identify(g1/sim/unitree_robots/h1_2) by extensions ['ros']
[0.586s] Level 1:colcon.colcon_core.package_identification:_identify(g1/sim/unitree_robots/h1_2) by extension 'ros'
[0.586s] Level 1:colcon.colcon_core.package_identification:_identify(g1/sim/unitree_robots/h1_2) by extensions ['cmake', 'python']
[0.587s] Level 1:colcon.colcon_core.package_identification:_identify(g1/sim/unitree_robots/h1_2) by extension 'cmake'
[0.587s] Level 1:colcon.colcon_core.package_identification:_identify(g1/sim/unitree_robots/h1_2) by extension 'python'
[0.587s] Level 1:colcon.colcon_core.package_identification:_identify(g1/sim/unitree_robots/h1_2) by extensions ['python_setup_py']
[0.587s] Level 1:colcon.colcon_core.package_identification:_identify(g1/sim/unitree_robots/h1_2) by extension 'python_setup_py'
[0.587s] Level 1:colcon.colcon_core.package_identification:_identify(g1/sim/unitree_robots/h1_2/meshes) by extensions ['ignore', 'ignore_ament_install']
[0.587s] Level 1:colcon.colcon_core.package_identification:_identify(g1/sim/unitree_robots/h1_2/meshes) by extension 'ignore'
[0.587s] Level 1:colcon.colcon_core.package_identification:_identify(g1/sim/unitree_robots/h1_2/meshes) by extension 'ignore_ament_install'
[0.587s] Level 1:colcon.colcon_core.package_identification:_identify(g1/sim/unitree_robots/h1_2/meshes) by extensions ['colcon_pkg']
[0.587s] Level 1:colcon.colcon_core.package_identification:_identify(g1/sim/unitree_robots/h1_2/meshes) by extension 'colcon_pkg'
[0.587s] Level 1:colcon.colcon_core.package_identification:_identify(g1/sim/unitree_robots/h1_2/meshes) by extensions ['colcon_meta']
[0.587s] Level 1:colcon.colcon_core.package_identification:_identify(g1/sim/unitree_robots/h1_2/meshes) by extension 'colcon_meta'
[0.587s] Level 1:colcon.colcon_core.package_identification:_identify(g1/sim/unitree_robots/h1_2/meshes) by extensions ['ros']
[0.587s] Level 1:colcon.colcon_core.package_identification:_identify(g1/sim/unitree_robots/h1_2/meshes) by extension 'ros'
[0.587s] Level 1:colcon.colcon_core.package_identification:_identify(g1/sim/unitree_robots/h1_2/meshes) by extensions ['cmake', 'python']
[0.588s] Level 1:colcon.colcon_core.package_identification:_identify(g1/sim/unitree_robots/h1_2/meshes) by extension 'cmake'
[0.588s] Level 1:colcon.colcon_core.package_identification:_identify(g1/sim/unitree_robots/h1_2/meshes) by extension 'python'
[0.588s] Level 1:colcon.colcon_core.package_identification:_identify(g1/sim/unitree_robots/h1_2/meshes) by extensions ['python_setup_py']
[0.588s] Level 1:colcon.colcon_core.package_identification:_identify(g1/sim/unitree_robots/h1_2/meshes) by extension 'python_setup_py'
[0.588s] Level 1:colcon.colcon_core.package_identification:_identify(go2) by extensions ['ignore', 'ignore_ament_install']
[0.588s] Level 1:colcon.colcon_core.package_identification:_identify(go2) by extension 'ignore'
[0.588s] Level 1:colcon.colcon_core.package_identification:_identify(go2) by extension 'ignore_ament_install'
[0.588s] Level 1:colcon.colcon_core.package_identification:_identify(go2) by extensions ['colcon_pkg']
[0.588s] Level 1:colcon.colcon_core.package_identification:_identify(go2) by extension 'colcon_pkg'
[0.588s] Level 1:colcon.colcon_core.package_identification:_identify(go2) by extensions ['colcon_meta']
[0.588s] Level 1:colcon.colcon_core.package_identification:_identify(go2) by extension 'colcon_meta'
[0.588s] Level 1:colcon.colcon_core.package_identification:_identify(go2) by extensions ['ros']
[0.588s] Level 1:colcon.colcon_core.package_identification:_identify(go2) by extension 'ros'
[0.588s] Level 1:colcon.colcon_core.package_identification:_identify(go2) by extensions ['cmake', 'python']
[0.588s] Level 1:colcon.colcon_core.package_identification:_identify(go2) by extension 'cmake'
[0.588s] Level 1:colcon.colcon_core.package_identification:_identify(go2) by extension 'python'
[0.588s] Level 1:colcon.colcon_core.package_identification:_identify(go2) by extensions ['python_setup_py']
[0.588s] Level 1:colcon.colcon_core.package_identification:_identify(go2) by extension 'python_setup_py'
[0.589s] Level 1:colcon.colcon_core.package_identification:_identify(go2/maps) by extensions ['ignore', 'ignore_ament_install']
[0.589s] Level 1:colcon.colcon_core.package_identification:_identify(go2/maps) by extension 'ignore'
[0.589s] Level 1:colcon.colcon_core.package_identification:_identify(go2/maps) by extension 'ignore_ament_install'
[0.589s] Level 1:colcon.colcon_core.package_identification:_identify(go2/maps) by extensions ['colcon_pkg']
[0.589s] Level 1:colcon.colcon_core.package_identification:_identify(go2/maps) by extension 'colcon_pkg'
[0.589s] Level 1:colcon.colcon_core.package_identification:_identify(go2/maps) by extensions ['colcon_meta']
[0.589s] Level 1:colcon.colcon_core.package_identification:_identify(go2/maps) by extension 'colcon_meta'
[0.589s] Level 1:colcon.colcon_core.package_identification:_identify(go2/maps) by extensions ['ros']
[0.589s] Level 1:colcon.colcon_core.package_identification:_identify(go2/maps) by extension 'ros'
[0.589s] Level 1:colcon.colcon_core.package_identification:_identify(go2/maps) by extensions ['cmake', 'python']
[0.590s] Level 1:colcon.colcon_core.package_identification:_identify(go2/maps) by extension 'cmake'
[0.590s] Level 1:colcon.colcon_core.package_identification:_identify(go2/maps) by extension 'python'
[0.590s] Level 1:colcon.colcon_core.package_identification:_identify(go2/maps) by extensions ['python_setup_py']
[0.590s] Level 1:colcon.colcon_core.package_identification:_identify(go2/maps) by extension 'python_setup_py'
[0.590s] Level 1:colcon.colcon_core.package_identification:_identify(go2/scripts) by extensions ['ignore', 'ignore_ament_install']
[0.590s] Level 1:colcon.colcon_core.package_identification:_identify(go2/scripts) by extension 'ignore'
[0.590s] Level 1:colcon.colcon_core.package_identification:_identify(go2/scripts) by extension 'ignore_ament_install'
[0.590s] Level 1:colcon.colcon_core.package_identification:_identify(go2/scripts) by extensions ['colcon_pkg']
[0.590s] Level 1:colcon.colcon_core.package_identification:_identify(go2/scripts) by extension 'colcon_pkg'
[0.590s] Level 1:colcon.colcon_core.package_identification:_identify(go2/scripts) by extensions ['colcon_meta']
[0.590s] Level 1:colcon.colcon_core.package_identification:_identify(go2/scripts) by extension 'colcon_meta'
[0.590s] Level 1:colcon.colcon_core.package_identification:_identify(go2/scripts) by extensions ['ros']
[0.590s] Level 1:colcon.colcon_core.package_identification:_identify(go2/scripts) by extension 'ros'
[0.590s] Level 1:colcon.colcon_core.package_identification:_identify(go2/scripts) by extensions ['cmake', 'python']
[0.590s] Level 1:colcon.colcon_core.package_identification:_identify(go2/scripts) by extension 'cmake'
[0.591s] Level 1:colcon.colcon_core.package_identification:_identify(go2/scripts) by extension 'python'
[0.591s] Level 1:colcon.colcon_core.package_identification:_identify(go2/scripts) by extensions ['python_setup_py']
[0.591s] Level 1:colcon.colcon_core.package_identification:_identify(go2/scripts) by extension 'python_setup_py'
[0.591s] Level 1:colcon.colcon_core.package_identification:_identify(go2/scripts/VLA) by extensions ['ignore', 'ignore_ament_install']
[0.591s] Level 1:colcon.colcon_core.package_identification:_identify(go2/scripts/VLA) by extension 'ignore'
[0.591s] Level 1:colcon.colcon_core.package_identification:_identify(go2/scripts/VLA) by extension 'ignore_ament_install'
[0.591s] Level 1:colcon.colcon_core.package_identification:_identify(go2/scripts/VLA) by extensions ['colcon_pkg']
[0.591s] Level 1:colcon.colcon_core.package_identification:_identify(go2/scripts/VLA) by extension 'colcon_pkg'
[0.591s] Level 1:colcon.colcon_core.package_identification:_identify(go2/scripts/VLA) by extensions ['colcon_meta']
[0.591s] Level 1:colcon.colcon_core.package_identification:_identify(go2/scripts/VLA) by extension 'colcon_meta'
[0.591s] Level 1:colcon.colcon_core.package_identification:_identify(go2/scripts/VLA) by extensions ['ros']
[0.591s] Level 1:colcon.colcon_core.package_identification:_identify(go2/scripts/VLA) by extension 'ros'
[0.591s] Level 1:colcon.colcon_core.package_identification:_identify(go2/scripts/VLA) by extensions ['cmake', 'python']
[0.591s] Level 1:colcon.colcon_core.package_identification:_identify(go2/scripts/VLA) by extension 'cmake'
[0.591s] Level 1:colcon.colcon_core.package_identification:_identify(go2/scripts/VLA) by extension 'python'
[0.592s] Level 1:colcon.colcon_core.package_identification:_identify(go2/scripts/VLA) by extensions ['python_setup_py']
[0.592s] Level 1:colcon.colcon_core.package_identification:_identify(go2/scripts/VLA) by extension 'python_setup_py'
[0.592s] Level 1:colcon.colcon_core.package_identification:_identify(go2/scripts/VLA/hf_vla) by extensions ['ignore', 'ignore_ament_install']
[0.592s] Level 1:colcon.colcon_core.package_identification:_identify(go2/scripts/VLA/hf_vla) by extension 'ignore'
[0.592s] Level 1:colcon.colcon_core.package_identification:_identify(go2/scripts/VLA/hf_vla) by extension 'ignore_ament_install'
[0.592s] Level 1:colcon.colcon_core.package_identification:_identify(go2/scripts/VLA/hf_vla) by extensions ['colcon_pkg']
[0.592s] Level 1:colcon.colcon_core.package_identification:_identify(go2/scripts/VLA/hf_vla) by extension 'colcon_pkg'
[0.592s] Level 1:colcon.colcon_core.package_identification:_identify(go2/scripts/VLA/hf_vla) by extensions ['colcon_meta']
[0.592s] Level 1:colcon.colcon_core.package_identification:_identify(go2/scripts/VLA/hf_vla) by extension 'colcon_meta'
[0.592s] Level 1:colcon.colcon_core.package_identification:_identify(go2/scripts/VLA/hf_vla) by extensions ['ros']
[0.592s] Level 1:colcon.colcon_core.package_identification:_identify(go2/scripts/VLA/hf_vla) by extension 'ros'
[0.592s] Level 1:colcon.colcon_core.package_identification:_identify(go2/scripts/VLA/hf_vla) by extensions ['cmake', 'python']
[0.593s] Level 1:colcon.colcon_core.package_identification:_identify(go2/scripts/VLA/hf_vla) by extension 'cmake'
[0.593s] Level 1:colcon.colcon_core.package_identification:_identify(go2/scripts/VLA/hf_vla) by extension 'python'
[0.593s] Level 1:colcon.colcon_core.package_identification:_identify(go2/scripts/VLA/hf_vla) by extensions ['python_setup_py']
[0.593s] Level 1:colcon.colcon_core.package_identification:_identify(go2/scripts/VLA/hf_vla) by extension 'python_setup_py'
[0.593s] Level 1:colcon.colcon_core.package_identification:_identify(go2/scripts/VLA/ollama_vla) by extensions ['ignore', 'ignore_ament_install']
[0.593s] Level 1:colcon.colcon_core.package_identification:_identify(go2/scripts/VLA/ollama_vla) by extension 'ignore'
[0.593s] Level 1:colcon.colcon_core.package_identification:_identify(go2/scripts/VLA/ollama_vla) by extension 'ignore_ament_install'
[0.593s] Level 1:colcon.colcon_core.package_identification:_identify(go2/scripts/VLA/ollama_vla) by extensions ['colcon_pkg']
[0.593s] Level 1:colcon.colcon_core.package_identification:_identify(go2/scripts/VLA/ollama_vla) by extension 'colcon_pkg'
[0.593s] Level 1:colcon.colcon_core.package_identification:_identify(go2/scripts/VLA/ollama_vla) by extensions ['colcon_meta']
[0.593s] Level 1:colcon.colcon_core.package_identification:_identify(go2/scripts/VLA/ollama_vla) by extension 'colcon_meta'
[0.593s] Level 1:colcon.colcon_core.package_identification:_identify(go2/scripts/VLA/ollama_vla) by extensions ['ros']
[0.593s] Level 1:colcon.colcon_core.package_identification:_identify(go2/scripts/VLA/ollama_vla) by extension 'ros'
[0.594s] Level 1:colcon.colcon_core.package_identification:_identify(go2/scripts/VLA/ollama_vla) by extensions ['cmake', 'python']
[0.594s] Level 1:colcon.colcon_core.package_identification:_identify(go2/scripts/VLA/ollama_vla) by extension 'cmake'
[0.594s] Level 1:colcon.colcon_core.package_identification:_identify(go2/scripts/VLA/ollama_vla) by extension 'python'
[0.594s] Level 1:colcon.colcon_core.package_identification:_identify(go2/scripts/VLA/ollama_vla) by extensions ['python_setup_py']
[0.594s] Level 1:colcon.colcon_core.package_identification:_identify(go2/scripts/VLA/ollama_vla) by extension 'python_setup_py'
[0.594s] Level 1:colcon.colcon_core.package_identification:_identify(go2/sim) by extensions ['ignore', 'ignore_ament_install']
[0.594s] Level 1:colcon.colcon_core.package_identification:_identify(go2/sim) by extension 'ignore'
[0.594s] Level 1:colcon.colcon_core.package_identification:_identify(go2/sim) by extension 'ignore_ament_install'
[0.594s] Level 1:colcon.colcon_core.package_identification:_identify(go2/sim) by extensions ['colcon_pkg']
[0.594s] Level 1:colcon.colcon_core.package_identification:_identify(go2/sim) by extension 'colcon_pkg'
[0.594s] Level 1:colcon.colcon_core.package_identification:_identify(go2/sim) by extensions ['colcon_meta']
[0.594s] Level 1:colcon.colcon_core.package_identification:_identify(go2/sim) by extension 'colcon_meta'
[0.594s] Level 1:colcon.colcon_core.package_identification:_identify(go2/sim) by extensions ['ros']
[0.594s] Level 1:colcon.colcon_core.package_identification:_identify(go2/sim) by extension 'ros'
[0.594s] Level 1:colcon.colcon_core.package_identification:_identify(go2/sim) by extensions ['cmake', 'python']
[0.594s] Level 1:colcon.colcon_core.package_identification:_identify(go2/sim) by extension 'cmake'
[0.594s] Level 1:colcon.colcon_core.package_identification:_identify(go2/sim) by extension 'python'
[0.594s] Level 1:colcon.colcon_core.package_identification:_identify(go2/sim) by extensions ['python_setup_py']
[0.594s] Level 1:colcon.colcon_core.package_identification:_identify(go2/sim) by extension 'python_setup_py'
[0.595s] Level 1:colcon.colcon_core.package_identification:_identify(go2/sim/mujoco) by extensions ['ignore', 'ignore_ament_install']
[0.595s] Level 1:colcon.colcon_core.package_identification:_identify(go2/sim/mujoco) by extension 'ignore'
[0.595s] Level 1:colcon.colcon_core.package_identification:_identify(go2/sim/mujoco) by extension 'ignore_ament_install'
[0.595s] Level 1:colcon.colcon_core.package_identification:_identify(go2/sim/mujoco) by extensions ['colcon_pkg']
[0.595s] Level 1:colcon.colcon_core.package_identification:_identify(go2/sim/mujoco) by extension 'colcon_pkg'
[0.595s] Level 1:colcon.colcon_core.package_identification:_identify(go2/sim/mujoco) by extensions ['colcon_meta']
[0.595s] Level 1:colcon.colcon_core.package_identification:_identify(go2/sim/mujoco) by extension 'colcon_meta'
[0.595s] Level 1:colcon.colcon_core.package_identification:_identify(go2/sim/mujoco) by extensions ['ros']
[0.595s] Level 1:colcon.colcon_core.package_identification:_identify(go2/sim/mujoco) by extension 'ros'
[0.595s] Level 1:colcon.colcon_core.package_identification:_identify(go2/sim/mujoco) by extensions ['cmake', 'python']
[0.595s] Level 1:colcon.colcon_core.package_identification:_identify(go2/sim/mujoco) by extension 'cmake'
[0.595s] Level 1:colcon.colcon_core.package_identification:_identify(go2/sim/mujoco) by extension 'python'
[0.595s] Level 1:colcon.colcon_core.package_identification:_identify(go2/sim/mujoco) by extensions ['python_setup_py']
[0.595s] Level 1:colcon.colcon_core.package_identification:_identify(go2/sim/mujoco) by extension 'python_setup_py'
[0.596s] Level 1:colcon.colcon_core.package_identification:_identify(go2/sim/mujoco/scripts) by extensions ['ignore', 'ignore_ament_install']
[0.596s] Level 1:colcon.colcon_core.package_identification:_identify(go2/sim/mujoco/scripts) by extension 'ignore'
[0.596s] Level 1:colcon.colcon_core.package_identification:_identify(go2/sim/mujoco/scripts) by extension 'ignore_ament_install'
[0.596s] Level 1:colcon.colcon_core.package_identification:_identify(go2/sim/mujoco/scripts) by extensions ['colcon_pkg']
[0.596s] Level 1:colcon.colcon_core.package_identification:_identify(go2/sim/mujoco/scripts) by extension 'colcon_pkg'
[0.596s] Level 1:colcon.colcon_core.package_identification:_identify(go2/sim/mujoco/scripts) by extensions ['colcon_meta']
[0.596s] Level 1:colcon.colcon_core.package_identification:_identify(go2/sim/mujoco/scripts) by extension 'colcon_meta'
[0.596s] Level 1:colcon.colcon_core.package_identification:_identify(go2/sim/mujoco/scripts) by extensions ['ros']
[0.596s] Level 1:colcon.colcon_core.package_identification:_identify(go2/sim/mujoco/scripts) by extension 'ros'
[0.597s] Level 1:colcon.colcon_core.package_identification:_identify(go2/sim/mujoco/scripts) by extensions ['cmake', 'python']
[0.597s] Level 1:colcon.colcon_core.package_identification:_identify(go2/sim/mujoco/scripts) by extension 'cmake'
[0.597s] Level 1:colcon.colcon_core.package_identification:_identify(go2/sim/mujoco/scripts) by extension 'python'
[0.597s] Level 1:colcon.colcon_core.package_identification:_identify(go2/sim/mujoco/scripts) by extensions ['python_setup_py']
[0.597s] Level 1:colcon.colcon_core.package_identification:_identify(go2/sim/mujoco/scripts) by extension 'python_setup_py'
[0.597s] Level 1:colcon.colcon_core.package_identification:_identify(go2/sim/unitree_description-master) by extensions ['ignore', 'ignore_ament_install']
[0.597s] Level 1:colcon.colcon_core.package_identification:_identify(go2/sim/unitree_description-master) by extension 'ignore'
[0.597s] Level 1:colcon.colcon_core.package_identification:_identify(go2/sim/unitree_description-master) by extension 'ignore_ament_install'
[0.597s] Level 1:colcon.colcon_core.package_identification:_identify(go2/sim/unitree_description-master) by extensions ['colcon_pkg']
[0.597s] Level 1:colcon.colcon_core.package_identification:_identify(go2/sim/unitree_description-master) by extension 'colcon_pkg'
[0.598s] Level 1:colcon.colcon_core.package_identification:_identify(go2/sim/unitree_description-master) by extensions ['colcon_meta']
[0.598s] Level 1:colcon.colcon_core.package_identification:_identify(go2/sim/unitree_description-master) by extension 'colcon_meta'
[0.598s] Level 1:colcon.colcon_core.package_identification:_identify(go2/sim/unitree_description-master) by extensions ['ros']
[0.598s] Level 1:colcon.colcon_core.package_identification:_identify(go2/sim/unitree_description-master) by extension 'ros'
[0.604s] DEBUG:colcon.colcon_core.package_identification:Package 'go2/sim/unitree_description-master' with type 'ros.cmake' and name 'unitree_description'
[0.605s] Level 1:colcon.colcon_core.package_identification:_identify(go2/sim/unitree_robots) by extensions ['ignore', 'ignore_ament_install']
[0.605s] Level 1:colcon.colcon_core.package_identification:_identify(go2/sim/unitree_robots) by extension 'ignore'
[0.605s] Level 1:colcon.colcon_core.package_identification:_identify(go2/sim/unitree_robots) by extension 'ignore_ament_install'
[0.605s] Level 1:colcon.colcon_core.package_identification:_identify(go2/sim/unitree_robots) by extensions ['colcon_pkg']
[0.605s] Level 1:colcon.colcon_core.package_identification:_identify(go2/sim/unitree_robots) by extension 'colcon_pkg'
[0.605s] Level 1:colcon.colcon_core.package_identification:_identify(go2/sim/unitree_robots) by extensions ['colcon_meta']
[0.605s] Level 1:colcon.colcon_core.package_identification:_identify(go2/sim/unitree_robots) by extension 'colcon_meta'
[0.605s] Level 1:colcon.colcon_core.package_identification:_identify(go2/sim/unitree_robots) by extensions ['ros']
[0.605s] Level 1:colcon.colcon_core.package_identification:_identify(go2/sim/unitree_robots) by extension 'ros'
[0.605s] Level 1:colcon.colcon_core.package_identification:_identify(go2/sim/unitree_robots) by extensions ['cmake', 'python']
[0.606s] Level 1:colcon.colcon_core.package_identification:_identify(go2/sim/unitree_robots) by extension 'cmake'
[0.606s] Level 1:colcon.colcon_core.package_identification:_identify(go2/sim/unitree_robots) by extension 'python'
[0.606s] Level 1:colcon.colcon_core.package_identification:_identify(go2/sim/unitree_robots) by extensions ['python_setup_py']
[0.606s] Level 1:colcon.colcon_core.package_identification:_identify(go2/sim/unitree_robots) by extension 'python_setup_py'
[0.606s] Level 1:colcon.colcon_core.package_identification:_identify(go2/sim/unitree_robots/b2) by extensions ['ignore', 'ignore_ament_install']
[0.606s] Level 1:colcon.colcon_core.package_identification:_identify(go2/sim/unitree_robots/b2) by extension 'ignore'
[0.606s] Level 1:colcon.colcon_core.package_identification:_identify(go2/sim/unitree_robots/b2) by extension 'ignore_ament_install'
[0.606s] Level 1:colcon.colcon_core.package_identification:_identify(go2/sim/unitree_robots/b2) by extensions ['colcon_pkg']
[0.606s] Level 1:colcon.colcon_core.package_identification:_identify(go2/sim/unitree_robots/b2) by extension 'colcon_pkg'
[0.607s] Level 1:colcon.colcon_core.package_identification:_identify(go2/sim/unitree_robots/b2) by extensions ['colcon_meta']
[0.607s] Level 1:colcon.colcon_core.package_identification:_identify(go2/sim/unitree_robots/b2) by extension 'colcon_meta'
[0.607s] Level 1:colcon.colcon_core.package_identification:_identify(go2/sim/unitree_robots/b2) by extensions ['ros']
[0.607s] Level 1:colcon.colcon_core.package_identification:_identify(go2/sim/unitree_robots/b2) by extension 'ros'
[0.607s] Level 1:colcon.colcon_core.package_identification:_identify(go2/sim/unitree_robots/b2) by extensions ['cmake', 'python']
[0.607s] Level 1:colcon.colcon_core.package_identification:_identify(go2/sim/unitree_robots/b2) by extension 'cmake'
[0.607s] Level 1:colcon.colcon_core.package_identification:_identify(go2/sim/unitree_robots/b2) by extension 'python'
[0.607s] Level 1:colcon.colcon_core.package_identification:_identify(go2/sim/unitree_robots/b2) by extensions ['python_setup_py']
[0.607s] Level 1:colcon.colcon_core.package_identification:_identify(go2/sim/unitree_robots/b2) by extension 'python_setup_py'
[0.607s] Level 1:colcon.colcon_core.package_identification:_identify(go2/sim/unitree_robots/b2/assets) by extensions ['ignore', 'ignore_ament_install']
[0.608s] Level 1:colcon.colcon_core.package_identification:_identify(go2/sim/unitree_robots/b2/assets) by extension 'ignore'
[0.608s] Level 1:colcon.colcon_core.package_identification:_identify(go2/sim/unitree_robots/b2/assets) by extension 'ignore_ament_install'
[0.608s] Level 1:colcon.colcon_core.package_identification:_identify(go2/sim/unitree_robots/b2/assets) by extensions ['colcon_pkg']
[0.608s] Level 1:colcon.colcon_core.package_identification:_identify(go2/sim/unitree_robots/b2/assets) by extension 'colcon_pkg'
[0.608s] Level 1:colcon.colcon_core.package_identification:_identify(go2/sim/unitree_robots/b2/assets) by extensions ['colcon_meta']
[0.608s] Level 1:colcon.colcon_core.package_identification:_identify(go2/sim/unitree_robots/b2/assets) by extension 'colcon_meta'
[0.608s] Level 1:colcon.colcon_core.package_identification:_identify(go2/sim/unitree_robots/b2/assets) by extensions ['ros']
[0.608s] Level 1:colcon.colcon_core.package_identification:_identify(go2/sim/unitree_robots/b2/assets) by extension 'ros'
[0.608s] Level 1:colcon.colcon_core.package_identification:_identify(go2/sim/unitree_robots/b2/assets) by extensions ['cmake', 'python']
[0.608s] Level 1:colcon.colcon_core.package_identification:_identify(go2/sim/unitree_robots/b2/assets) by extension 'cmake'
[0.608s] Level 1:colcon.colcon_core.package_identification:_identify(go2/sim/unitree_robots/b2/assets) by extension 'python'
[0.608s] Level 1:colcon.colcon_core.package_identification:_identify(go2/sim/unitree_robots/b2/assets) by extensions ['python_setup_py']
[0.608s] Level 1:colcon.colcon_core.package_identification:_identify(go2/sim/unitree_robots/b2/assets) by extension 'python_setup_py'
[0.609s] Level 1:colcon.colcon_core.package_identification:_identify(go2/sim/unitree_robots/b2w) by extensions ['ignore', 'ignore_ament_install']
[0.609s] Level 1:colcon.colcon_core.package_identification:_identify(go2/sim/unitree_robots/b2w) by extension 'ignore'
[0.609s] Level 1:colcon.colcon_core.package_identification:_identify(go2/sim/unitree_robots/b2w) by extension 'ignore_ament_install'
[0.609s] Level 1:colcon.colcon_core.package_identification:_identify(go2/sim/unitree_robots/b2w) by extensions ['colcon_pkg']
[0.609s] Level 1:colcon.colcon_core.package_identification:_identify(go2/sim/unitree_robots/b2w) by extension 'colcon_pkg'
[0.609s] Level 1:colcon.colcon_core.package_identification:_identify(go2/sim/unitree_robots/b2w) by extensions ['colcon_meta']
[0.609s] Level 1:colcon.colcon_core.package_identification:_identify(go2/sim/unitree_robots/b2w) by extension 'colcon_meta'
[0.609s] Level 1:colcon.colcon_core.package_identification:_identify(go2/sim/unitree_robots/b2w) by extensions ['ros']
[0.609s] Level 1:colcon.colcon_core.package_identification:_identify(go2/sim/unitree_robots/b2w) by extension 'ros'
[0.609s] Level 1:colcon.colcon_core.package_identification:_identify(go2/sim/unitree_robots/b2w) by extensions ['cmake', 'python']
[0.609s] Level 1:colcon.colcon_core.package_identification:_identify(go2/sim/unitree_robots/b2w) by extension 'cmake'
[0.609s] Level 1:colcon.colcon_core.package_identification:_identify(go2/sim/unitree_robots/b2w) by extension 'python'
[0.610s] Level 1:colcon.colcon_core.package_identification:_identify(go2/sim/unitree_robots/b2w) by extensions ['python_setup_py']
[0.610s] Level 1:colcon.colcon_core.package_identification:_identify(go2/sim/unitree_robots/b2w) by extension 'python_setup_py'
[0.610s] Level 1:colcon.colcon_core.package_identification:_identify(go2/sim/unitree_robots/b2w/assets) by extensions ['ignore', 'ignore_ament_install']
[0.610s] Level 1:colcon.colcon_core.package_identification:_identify(go2/sim/unitree_robots/b2w/assets) by extension 'ignore'
[0.610s] Level 1:colcon.colcon_core.package_identification:_identify(go2/sim/unitree_robots/b2w/assets) by extension 'ignore_ament_install'
[0.610s] Level 1:colcon.colcon_core.package_identification:_identify(go2/sim/unitree_robots/b2w/assets) by extensions ['colcon_pkg']
[0.610s] Level 1:colcon.colcon_core.package_identification:_identify(go2/sim/unitree_robots/b2w/assets) by extension 'colcon_pkg'
[0.610s] Level 1:colcon.colcon_core.package_identification:_identify(go2/sim/unitree_robots/b2w/assets) by extensions ['colcon_meta']
[0.610s] Level 1:colcon.colcon_core.package_identification:_identify(go2/sim/unitree_robots/b2w/assets) by extension 'colcon_meta'
[0.611s] Level 1:colcon.colcon_core.package_identification:_identify(go2/sim/unitree_robots/b2w/assets) by extensions ['ros']
[0.611s] Level 1:colcon.colcon_core.package_identification:_identify(go2/sim/unitree_robots/b2w/assets) by extension 'ros'
[0.611s] Level 1:colcon.colcon_core.package_identification:_identify(go2/sim/unitree_robots/b2w/assets) by extensions ['cmake', 'python']
[0.611s] Level 1:colcon.colcon_core.package_identification:_identify(go2/sim/unitree_robots/b2w/assets) by extension 'cmake'
[0.611s] Level 1:colcon.colcon_core.package_identification:_identify(go2/sim/unitree_robots/b2w/assets) by extension 'python'
[0.611s] Level 1:colcon.colcon_core.package_identification:_identify(go2/sim/unitree_robots/b2w/assets) by extensions ['python_setup_py']
[0.611s] Level 1:colcon.colcon_core.package_identification:_identify(go2/sim/unitree_robots/b2w/assets) by extension 'python_setup_py'
[0.611s] Level 1:colcon.colcon_core.package_identification:_identify(go2/sim/unitree_robots/g1) by extensions ['ignore', 'ignore_ament_install']
[0.612s] Level 1:colcon.colcon_core.package_identification:_identify(go2/sim/unitree_robots/g1) by extension 'ignore'
[0.612s] Level 1:colcon.colcon_core.package_identification:_identify(go2/sim/unitree_robots/g1) by extension 'ignore_ament_install'
[0.612s] Level 1:colcon.colcon_core.package_identification:_identify(go2/sim/unitree_robots/g1) by extensions ['colcon_pkg']
[0.612s] Level 1:colcon.colcon_core.package_identification:_identify(go2/sim/unitree_robots/g1) by extension 'colcon_pkg'
[0.612s] Level 1:colcon.colcon_core.package_identification:_identify(go2/sim/unitree_robots/g1) by extensions ['colcon_meta']
[0.612s] Level 1:colcon.colcon_core.package_identification:_identify(go2/sim/unitree_robots/g1) by extension 'colcon_meta'
[0.612s] Level 1:colcon.colcon_core.package_identification:_identify(go2/sim/unitree_robots/g1) by extensions ['ros']
[0.612s] Level 1:colcon.colcon_core.package_identification:_identify(go2/sim/unitree_robots/g1) by extension 'ros'
[0.612s] Level 1:colcon.colcon_core.package_identification:_identify(go2/sim/unitree_robots/g1) by extensions ['cmake', 'python']
[0.612s] Level 1:colcon.colcon_core.package_identification:_identify(go2/sim/unitree_robots/g1) by extension 'cmake'
[0.612s] Level 1:colcon.colcon_core.package_identification:_identify(go2/sim/unitree_robots/g1) by extension 'python'
[0.612s] Level 1:colcon.colcon_core.package_identification:_identify(go2/sim/unitree_robots/g1) by extensions ['python_setup_py']
[0.612s] Level 1:colcon.colcon_core.package_identification:_identify(go2/sim/unitree_robots/g1) by extension 'python_setup_py'
[0.613s] Level 1:colcon.colcon_core.package_identification:_identify(go2/sim/unitree_robots/g1/images) by extensions ['ignore', 'ignore_ament_install']
[0.613s] Level 1:colcon.colcon_core.package_identification:_identify(go2/sim/unitree_robots/g1/images) by extension 'ignore'
[0.613s] Level 1:colcon.colcon_core.package_identification:_identify(go2/sim/unitree_robots/g1/images) by extension 'ignore_ament_install'
[0.613s] Level 1:colcon.colcon_core.package_identification:_identify(go2/sim/unitree_robots/g1/images) by extensions ['colcon_pkg']
[0.613s] Level 1:colcon.colcon_core.package_identification:_identify(go2/sim/unitree_robots/g1/images) by extension 'colcon_pkg'
[0.613s] Level 1:colcon.colcon_core.package_identification:_identify(go2/sim/unitree_robots/g1/images) by extensions ['colcon_meta']
[0.613s] Level 1:colcon.colcon_core.package_identification:_identify(go2/sim/unitree_robots/g1/images) by extension 'colcon_meta'
[0.613s] Level 1:colcon.colcon_core.package_identification:_identify(go2/sim/unitree_robots/g1/images) by extensions ['ros']
[0.613s] Level 1:colcon.colcon_core.package_identification:_identify(go2/sim/unitree_robots/g1/images) by extension 'ros'
[0.614s] Level 1:colcon.colcon_core.package_identification:_identify(go2/sim/unitree_robots/g1/images) by extensions ['cmake', 'python']
[0.614s] Level 1:colcon.colcon_core.package_identification:_identify(go2/sim/unitree_robots/g1/images) by extension 'cmake'
[0.614s] Level 1:colcon.colcon_core.package_identification:_identify(go2/sim/unitree_robots/g1/images) by extension 'python'
[0.614s] Level 1:colcon.colcon_core.package_identification:_identify(go2/sim/unitree_robots/g1/images) by extensions ['python_setup_py']
[0.614s] Level 1:colcon.colcon_core.package_identification:_identify(go2/sim/unitree_robots/g1/images) by extension 'python_setup_py'
[0.614s] Level 1:colcon.colcon_core.package_identification:_identify(go2/sim/unitree_robots/g1/meshes) by extensions ['ignore', 'ignore_ament_install']
[0.615s] Level 1:colcon.colcon_core.package_identification:_identify(go2/sim/unitree_robots/g1/meshes) by extension 'ignore'
[0.615s] Level 1:colcon.colcon_core.package_identification:_identify(go2/sim/unitree_robots/g1/meshes) by extension 'ignore_ament_install'
[0.615s] Level 1:colcon.colcon_core.package_identification:_identify(go2/sim/unitree_robots/g1/meshes) by extensions ['colcon_pkg']
[0.615s] Level 1:colcon.colcon_core.package_identification:_identify(go2/sim/unitree_robots/g1/meshes) by extension 'colcon_pkg'
[0.615s] Level 1:colcon.colcon_core.package_identification:_identify(go2/sim/unitree_robots/g1/meshes) by extensions ['colcon_meta']
[0.615s] Level 1:colcon.colcon_core.package_identification:_identify(go2/sim/unitree_robots/g1/meshes) by extension 'colcon_meta'
[0.615s] Level 1:colcon.colcon_core.package_identification:_identify(go2/sim/unitree_robots/g1/meshes) by extensions ['ros']
[0.615s] Level 1:colcon.colcon_core.package_identification:_identify(go2/sim/unitree_robots/g1/meshes) by extension 'ros'
[0.615s] Level 1:colcon.colcon_core.package_identification:_identify(go2/sim/unitree_robots/g1/meshes) by extensions ['cmake', 'python']
[0.615s] Level 1:colcon.colcon_core.package_identification:_identify(go2/sim/unitree_robots/g1/meshes) by extension 'cmake'
[0.615s] Level 1:colcon.colcon_core.package_identification:_identify(go2/sim/unitree_robots/g1/meshes) by extension 'python'
[0.615s] Level 1:colcon.colcon_core.package_identification:_identify(go2/sim/unitree_robots/g1/meshes) by extensions ['python_setup_py']
[0.615s] Level 1:colcon.colcon_core.package_identification:_identify(go2/sim/unitree_robots/g1/meshes) by extension 'python_setup_py'
[0.616s] Level 1:colcon.colcon_core.package_identification:_identify(go2/sim/unitree_robots/go2) by extensions ['ignore', 'ignore_ament_install']
[0.616s] Level 1:colcon.colcon_core.package_identification:_identify(go2/sim/unitree_robots/go2) by extension 'ignore'
[0.616s] Level 1:colcon.colcon_core.package_identification:_identify(go2/sim/unitree_robots/go2) by extension 'ignore_ament_install'
[0.616s] Level 1:colcon.colcon_core.package_identification:_identify(go2/sim/unitree_robots/go2) by extensions ['colcon_pkg']
[0.616s] Level 1:colcon.colcon_core.package_identification:_identify(go2/sim/unitree_robots/go2) by extension 'colcon_pkg'
[0.616s] Level 1:colcon.colcon_core.package_identification:_identify(go2/sim/unitree_robots/go2) by extensions ['colcon_meta']
[0.616s] Level 1:colcon.colcon_core.package_identification:_identify(go2/sim/unitree_robots/go2) by extension 'colcon_meta'
[0.616s] Level 1:colcon.colcon_core.package_identification:_identify(go2/sim/unitree_robots/go2) by extensions ['ros']
[0.616s] Level 1:colcon.colcon_core.package_identification:_identify(go2/sim/unitree_robots/go2) by extension 'ros'
[0.616s] Level 1:colcon.colcon_core.package_identification:_identify(go2/sim/unitree_robots/go2) by extensions ['cmake', 'python']
[0.616s] Level 1:colcon.colcon_core.package_identification:_identify(go2/sim/unitree_robots/go2) by extension 'cmake'
[0.616s] Level 1:colcon.colcon_core.package_identification:_identify(go2/sim/unitree_robots/go2) by extension 'python'
[0.616s] Level 1:colcon.colcon_core.package_identification:_identify(go2/sim/unitree_robots/go2) by extensions ['python_setup_py']
[0.616s] Level 1:colcon.colcon_core.package_identification:_identify(go2/sim/unitree_robots/go2) by extension 'python_setup_py'
[0.617s] Level 1:colcon.colcon_core.package_identification:_identify(go2/sim/unitree_robots/go2/assets) by extensions ['ignore', 'ignore_ament_install']
[0.617s] Level 1:colcon.colcon_core.package_identification:_identify(go2/sim/unitree_robots/go2/assets) by extension 'ignore'
[0.617s] Level 1:colcon.colcon_core.package_identification:_identify(go2/sim/unitree_robots/go2/assets) by extension 'ignore_ament_install'
[0.617s] Level 1:colcon.colcon_core.package_identification:_identify(go2/sim/unitree_robots/go2/assets) by extensions ['colcon_pkg']
[0.617s] Level 1:colcon.colcon_core.package_identification:_identify(go2/sim/unitree_robots/go2/assets) by extension 'colcon_pkg'
[0.617s] Level 1:colcon.colcon_core.package_identification:_identify(go2/sim/unitree_robots/go2/assets) by extensions ['colcon_meta']
[0.617s] Level 1:colcon.colcon_core.package_identification:_identify(go2/sim/unitree_robots/go2/assets) by extension 'colcon_meta'
[0.617s] Level 1:colcon.colcon_core.package_identification:_identify(go2/sim/unitree_robots/go2/assets) by extensions ['ros']
[0.617s] Level 1:colcon.colcon_core.package_identification:_identify(go2/sim/unitree_robots/go2/assets) by extension 'ros'
[0.618s] Level 1:colcon.colcon_core.package_identification:_identify(go2/sim/unitree_robots/go2/assets) by extensions ['cmake', 'python']
[0.618s] Level 1:colcon.colcon_core.package_identification:_identify(go2/sim/unitree_robots/go2/assets) by extension 'cmake'
[0.618s] Level 1:colcon.colcon_core.package_identification:_identify(go2/sim/unitree_robots/go2/assets) by extension 'python'
[0.618s] Level 1:colcon.colcon_core.package_identification:_identify(go2/sim/unitree_robots/go2/assets) by extensions ['python_setup_py']
[0.618s] Level 1:colcon.colcon_core.package_identification:_identify(go2/sim/unitree_robots/go2/assets) by extension 'python_setup_py'
[0.619s] Level 1:colcon.colcon_core.package_identification:_identify(go2/sim/unitree_robots/go2w) by extensions ['ignore', 'ignore_ament_install']
[0.619s] Level 1:colcon.colcon_core.package_identification:_identify(go2/sim/unitree_robots/go2w) by extension 'ignore'
[0.619s] Level 1:colcon.colcon_core.package_identification:_identify(go2/sim/unitree_robots/go2w) by extension 'ignore_ament_install'
[0.619s] Level 1:colcon.colcon_core.package_identification:_identify(go2/sim/unitree_robots/go2w) by extensions ['colcon_pkg']
[0.619s] Level 1:colcon.colcon_core.package_identification:_identify(go2/sim/unitree_robots/go2w) by extension 'colcon_pkg'
[0.619s] Level 1:colcon.colcon_core.package_identification:_identify(go2/sim/unitree_robots/go2w) by extensions ['colcon_meta']
[0.619s] Level 1:colcon.colcon_core.package_identification:_identify(go2/sim/unitree_robots/go2w) by extension 'colcon_meta'
[0.619s] Level 1:colcon.colcon_core.package_identification:_identify(go2/sim/unitree_robots/go2w) by extensions ['ros']
[0.619s] Level 1:colcon.colcon_core.package_identification:_identify(go2/sim/unitree_robots/go2w) by extension 'ros'
[0.619s] Level 1:colcon.colcon_core.package_identification:_identify(go2/sim/unitree_robots/go2w) by extensions ['cmake', 'python']
[0.619s] Level 1:colcon.colcon_core.package_identification:_identify(go2/sim/unitree_robots/go2w) by extension 'cmake'
[0.619s] Level 1:colcon.colcon_core.package_identification:_identify(go2/sim/unitree_robots/go2w) by extension 'python'
[0.619s] Level 1:colcon.colcon_core.package_identification:_identify(go2/sim/unitree_robots/go2w) by extensions ['python_setup_py']
[0.619s] Level 1:colcon.colcon_core.package_identification:_identify(go2/sim/unitree_robots/go2w) by extension 'python_setup_py'
[0.620s] Level 1:colcon.colcon_core.package_identification:_identify(go2/sim/unitree_robots/go2w/assets) by extensions ['ignore', 'ignore_ament_install']
[0.620s] Level 1:colcon.colcon_core.package_identification:_identify(go2/sim/unitree_robots/go2w/assets) by extension 'ignore'
[0.620s] Level 1:colcon.colcon_core.package_identification:_identify(go2/sim/unitree_robots/go2w/assets) by extension 'ignore_ament_install'
[0.620s] Level 1:colcon.colcon_core.package_identification:_identify(go2/sim/unitree_robots/go2w/assets) by extensions ['colcon_pkg']
[0.620s] Level 1:colcon.colcon_core.package_identification:_identify(go2/sim/unitree_robots/go2w/assets) by extension 'colcon_pkg'
[0.620s] Level 1:colcon.colcon_core.package_identification:_identify(go2/sim/unitree_robots/go2w/assets) by extensions ['colcon_meta']
[0.620s] Level 1:colcon.colcon_core.package_identification:_identify(go2/sim/unitree_robots/go2w/assets) by extension 'colcon_meta'
[0.620s] Level 1:colcon.colcon_core.package_identification:_identify(go2/sim/unitree_robots/go2w/assets) by extensions ['ros']
[0.620s] Level 1:colcon.colcon_core.package_identification:_identify(go2/sim/unitree_robots/go2w/assets) by extension 'ros'
[0.620s] Level 1:colcon.colcon_core.package_identification:_identify(go2/sim/unitree_robots/go2w/assets) by extensions ['cmake', 'python']
[0.620s] Level 1:colcon.colcon_core.package_identification:_identify(go2/sim/unitree_robots/go2w/assets) by extension 'cmake'
[0.620s] Level 1:colcon.colcon_core.package_identification:_identify(go2/sim/unitree_robots/go2w/assets) by extension 'python'
[0.620s] Level 1:colcon.colcon_core.package_identification:_identify(go2/sim/unitree_robots/go2w/assets) by extensions ['python_setup_py']
[0.620s] Level 1:colcon.colcon_core.package_identification:_identify(go2/sim/unitree_robots/go2w/assets) by extension 'python_setup_py'
[0.621s] Level 1:colcon.colcon_core.package_identification:_identify(go2/sim/unitree_robots/h1) by extensions ['ignore', 'ignore_ament_install']
[0.621s] Level 1:colcon.colcon_core.package_identification:_identify(go2/sim/unitree_robots/h1) by extension 'ignore'
[0.621s] Level 1:colcon.colcon_core.package_identification:_identify(go2/sim/unitree_robots/h1) by extension 'ignore_ament_install'
[0.621s] Level 1:colcon.colcon_core.package_identification:_identify(go2/sim/unitree_robots/h1) by extensions ['colcon_pkg']
[0.621s] Level 1:colcon.colcon_core.package_identification:_identify(go2/sim/unitree_robots/h1) by extension 'colcon_pkg'
[0.621s] Level 1:colcon.colcon_core.package_identification:_identify(go2/sim/unitree_robots/h1) by extensions ['colcon_meta']
[0.621s] Level 1:colcon.colcon_core.package_identification:_identify(go2/sim/unitree_robots/h1) by extension 'colcon_meta'
[0.622s] Level 1:colcon.colcon_core.package_identification:_identify(go2/sim/unitree_robots/h1) by extensions ['ros']
[0.622s] Level 1:colcon.colcon_core.package_identification:_identify(go2/sim/unitree_robots/h1) by extension 'ros'
[0.622s] Level 1:colcon.colcon_core.package_identification:_identify(go2/sim/unitree_robots/h1) by extensions ['cmake', 'python']
[0.622s] Level 1:colcon.colcon_core.package_identification:_identify(go2/sim/unitree_robots/h1) by extension 'cmake'
[0.622s] Level 1:colcon.colcon_core.package_identification:_identify(go2/sim/unitree_robots/h1) by extension 'python'
[0.622s] Level 1:colcon.colcon_core.package_identification:_identify(go2/sim/unitree_robots/h1) by extensions ['python_setup_py']
[0.622s] Level 1:colcon.colcon_core.package_identification:_identify(go2/sim/unitree_robots/h1) by extension 'python_setup_py'
[0.622s] Level 1:colcon.colcon_core.package_identification:_identify(go2/sim/unitree_robots/h1/assets) by extensions ['ignore', 'ignore_ament_install']
[0.623s] Level 1:colcon.colcon_core.package_identification:_identify(go2/sim/unitree_robots/h1/assets) by extension 'ignore'
[0.623s] Level 1:colcon.colcon_core.package_identification:_identify(go2/sim/unitree_robots/h1/assets) by extension 'ignore_ament_install'
[0.623s] Level 1:colcon.colcon_core.package_identification:_identify(go2/sim/unitree_robots/h1/assets) by extensions ['colcon_pkg']
[0.623s] Level 1:colcon.colcon_core.package_identification:_identify(go2/sim/unitree_robots/h1/assets) by extension 'colcon_pkg'
[0.623s] Level 1:colcon.colcon_core.package_identification:_identify(go2/sim/unitree_robots/h1/assets) by extensions ['colcon_meta']
[0.623s] Level 1:colcon.colcon_core.package_identification:_identify(go2/sim/unitree_robots/h1/assets) by extension 'colcon_meta'
[0.623s] Level 1:colcon.colcon_core.package_identification:_identify(go2/sim/unitree_robots/h1/assets) by extensions ['ros']
[0.623s] Level 1:colcon.colcon_core.package_identification:_identify(go2/sim/unitree_robots/h1/assets) by extension 'ros'
[0.623s] Level 1:colcon.colcon_core.package_identification:_identify(go2/sim/unitree_robots/h1/assets) by extensions ['cmake', 'python']
[0.623s] Level 1:colcon.colcon_core.package_identification:_identify(go2/sim/unitree_robots/h1/assets) by extension 'cmake'
[0.623s] Level 1:colcon.colcon_core.package_identification:_identify(go2/sim/unitree_robots/h1/assets) by extension 'python'
[0.623s] Level 1:colcon.colcon_core.package_identification:_identify(go2/sim/unitree_robots/h1/assets) by extensions ['python_setup_py']
[0.623s] Level 1:colcon.colcon_core.package_identification:_identify(go2/sim/unitree_robots/h1/assets) by extension 'python_setup_py'
[0.624s] Level 1:colcon.colcon_core.package_identification:_identify(go2/sim/unitree_robots/h1_2) by extensions ['ignore', 'ignore_ament_install']
[0.624s] Level 1:colcon.colcon_core.package_identification:_identify(go2/sim/unitree_robots/h1_2) by extension 'ignore'
[0.624s] Level 1:colcon.colcon_core.package_identification:_identify(go2/sim/unitree_robots/h1_2) by extension 'ignore_ament_install'
[0.624s] Level 1:colcon.colcon_core.package_identification:_identify(go2/sim/unitree_robots/h1_2) by extensions ['colcon_pkg']
[0.624s] Level 1:colcon.colcon_core.package_identification:_identify(go2/sim/unitree_robots/h1_2) by extension 'colcon_pkg'
[0.624s] Level 1:colcon.colcon_core.package_identification:_identify(go2/sim/unitree_robots/h1_2) by extensions ['colcon_meta']
[0.624s] Level 1:colcon.colcon_core.package_identification:_identify(go2/sim/unitree_robots/h1_2) by extension 'colcon_meta'
[0.624s] Level 1:colcon.colcon_core.package_identification:_identify(go2/sim/unitree_robots/h1_2) by extensions ['ros']
[0.624s] Level 1:colcon.colcon_core.package_identification:_identify(go2/sim/unitree_robots/h1_2) by extension 'ros'
[0.624s] Level 1:colcon.colcon_core.package_identification:_identify(go2/sim/unitree_robots/h1_2) by extensions ['cmake', 'python']
[0.624s] Level 1:colcon.colcon_core.package_identification:_identify(go2/sim/unitree_robots/h1_2) by extension 'cmake'
[0.624s] Level 1:colcon.colcon_core.package_identification:_identify(go2/sim/unitree_robots/h1_2) by extension 'python'
[0.624s] Level 1:colcon.colcon_core.package_identification:_identify(go2/sim/unitree_robots/h1_2) by extensions ['python_setup_py']
[0.624s] Level 1:colcon.colcon_core.package_identification:_identify(go2/sim/unitree_robots/h1_2) by extension 'python_setup_py'
[0.625s] Level 1:colcon.colcon_core.package_identification:_identify(go2/sim/unitree_robots/h1_2/meshes) by extensions ['ignore', 'ignore_ament_install']
[0.625s] Level 1:colcon.colcon_core.package_identification:_identify(go2/sim/unitree_robots/h1_2/meshes) by extension 'ignore'
[0.625s] Level 1:colcon.colcon_core.package_identification:_identify(go2/sim/unitree_robots/h1_2/meshes) by extension 'ignore_ament_install'
[0.625s] Level 1:colcon.colcon_core.package_identification:_identify(go2/sim/unitree_robots/h1_2/meshes) by extensions ['colcon_pkg']
[0.625s] Level 1:colcon.colcon_core.package_identification:_identify(go2/sim/unitree_robots/h1_2/meshes) by extension 'colcon_pkg'
[0.625s] Level 1:colcon.colcon_core.package_identification:_identify(go2/sim/unitree_robots/h1_2/meshes) by extensions ['colcon_meta']
[0.625s] Level 1:colcon.colcon_core.package_identification:_identify(go2/sim/unitree_robots/h1_2/meshes) by extension 'colcon_meta'
[0.625s] Level 1:colcon.colcon_core.package_identification:_identify(go2/sim/unitree_robots/h1_2/meshes) by extensions ['ros']
[0.625s] Level 1:colcon.colcon_core.package_identification:_identify(go2/sim/unitree_robots/h1_2/meshes) by extension 'ros'
[0.626s] Level 1:colcon.colcon_core.package_identification:_identify(go2/sim/unitree_robots/h1_2/meshes) by extensions ['cmake', 'python']
[0.626s] Level 1:colcon.colcon_core.package_identification:_identify(go2/sim/unitree_robots/h1_2/meshes) by extension 'cmake'
[0.626s] Level 1:colcon.colcon_core.package_identification:_identify(go2/sim/unitree_robots/h1_2/meshes) by extension 'python'
[0.626s] Level 1:colcon.colcon_core.package_identification:_identify(go2/sim/unitree_robots/h1_2/meshes) by extensions ['python_setup_py']
[0.626s] Level 1:colcon.colcon_core.package_identification:_identify(go2/sim/unitree_robots/h1_2/meshes) by extension 'python_setup_py'
[0.626s] Level 1:colcon.colcon_core.package_identification:_identify(install) by extensions ['ignore', 'ignore_ament_install']
[0.626s] Level 1:colcon.colcon_core.package_identification:_identify(install) by extension 'ignore'
[0.626s] Level 1:colcon.colcon_core.package_identification:_identify(install) ignored
[0.626s] Level 1:colcon.colcon_core.package_identification:_identify(log) by extensions ['ignore', 'ignore_ament_install']
[0.626s] Level 1:colcon.colcon_core.package_identification:_identify(log) by extension 'ignore'
[0.626s] Level 1:colcon.colcon_core.package_identification:_identify(log) ignored
[0.627s] Level 1:colcon.colcon_core.package_identification:_identify(src) by extensions ['ignore', 'ignore_ament_install']
[0.628s] Level 1:colcon.colcon_core.package_identification:_identify(src) by extension 'ignore'
[0.628s] Level 1:colcon.colcon_core.package_identification:_identify(src) by extension 'ignore_ament_install'
[0.628s] Level 1:colcon.colcon_core.package_identification:_identify(src) by extensions ['colcon_pkg']
[0.628s] Level 1:colcon.colcon_core.package_identification:_identify(src) by extension 'colcon_pkg'
[0.628s] Level 1:colcon.colcon_core.package_identification:_identify(src) by extensions ['colcon_meta']
[0.628s] Level 1:colcon.colcon_core.package_identification:_identify(src) by extension 'colcon_meta'
[0.628s] Level 1:colcon.colcon_core.package_identification:_identify(src) by extensions ['ros']
[0.628s] Level 1:colcon.colcon_core.package_identification:_identify(src) by extension 'ros'
[0.628s] Level 1:colcon.colcon_core.package_identification:_identify(src) by extensions ['cmake', 'python']
[0.628s] Level 1:colcon.colcon_core.package_identification:_identify(src) by extension 'cmake'
[0.628s] Level 1:colcon.colcon_core.package_identification:_identify(src) by extension 'python'
[0.628s] Level 1:colcon.colcon_core.package_identification:_identify(src) by extensions ['python_setup_py']
[0.628s] Level 1:colcon.colcon_core.package_identification:_identify(src) by extension 'python_setup_py'
[0.629s] Level 1:colcon.colcon_core.package_identification:_identify(src/build) by extensions ['ignore', 'ignore_ament_install']
[0.629s] Level 1:colcon.colcon_core.package_identification:_identify(src/build) by extension 'ignore'
[0.629s] Level 1:colcon.colcon_core.package_identification:_identify(src/build) ignored
[0.629s] Level 1:colcon.colcon_core.package_identification:_identify(src/go2_ros2_bridge) by extensions ['ignore', 'ignore_ament_install']
[0.630s] Level 1:colcon.colcon_core.package_identification:_identify(src/go2_ros2_bridge) by extension 'ignore'
[0.630s] Level 1:colcon.colcon_core.package_identification:_identify(src/go2_ros2_bridge) by extension 'ignore_ament_install'
[0.630s] Level 1:colcon.colcon_core.package_identification:_identify(src/go2_ros2_bridge) by extensions ['colcon_pkg']
[0.630s] Level 1:colcon.colcon_core.package_identification:_identify(src/go2_ros2_bridge) by extension 'colcon_pkg'
[0.630s] Level 1:colcon.colcon_core.package_identification:_identify(src/go2_ros2_bridge) by extensions ['colcon_meta']
[0.630s] Level 1:colcon.colcon_core.package_identification:_identify(src/go2_ros2_bridge) by extension 'colcon_meta'
[0.630s] Level 1:colcon.colcon_core.package_identification:_identify(src/go2_ros2_bridge) by extensions ['ros']
[0.630s] Level 1:colcon.colcon_core.package_identification:_identify(src/go2_ros2_bridge) by extension 'ros'
[0.631s] DEBUG:colcon.colcon_core.package_identification:Failed to parse potential ROS package manifest in'src/go2_ros2_bridge': Error(s) in package 'src/go2_ros2_bridge/package.xml':
Invalid email "melodse@local" for person "melodse"
[0.631s] Level 1:colcon.colcon_core.package_identification:_identify(src/go2_ros2_bridge) by extensions ['cmake', 'python']
[0.631s] Level 1:colcon.colcon_core.package_identification:_identify(src/go2_ros2_bridge) by extension 'cmake'
[0.631s] Level 1:colcon.colcon_core.package_identification:_identify(src/go2_ros2_bridge) by extension 'python'
[0.632s] DEBUG:colcon.colcon_core.package_identification:Python package in 'src/go2_ros2_bridge' passes arguments to the setup() function which requires a different identification extension than 'python'
[0.632s] Level 1:colcon.colcon_core.package_identification:_identify(src/go2_ros2_bridge) by extensions ['python_setup_py']
[0.632s] Level 1:colcon.colcon_core.package_identification:_identify(src/go2_ros2_bridge) by extension 'python_setup_py'
[0.882s] DEBUG:colcon.colcon_core.package_identification:Package 'src/go2_ros2_bridge' with type 'python' and name 'go2_ros2_bridge'
[0.884s] Level 1:colcon.colcon_core.package_identification:_identify(src/install) by extensions ['ignore', 'ignore_ament_install']
[0.884s] Level 1:colcon.colcon_core.package_identification:_identify(src/install) by extension 'ignore'
[0.884s] Level 1:colcon.colcon_core.package_identification:_identify(src/install) ignored
[0.885s] Level 1:colcon.colcon_core.package_identification:_identify(src/log) by extensions ['ignore', 'ignore_ament_install']
[0.885s] Level 1:colcon.colcon_core.package_identification:_identify(src/log) by extension 'ignore'
[0.885s] Level 1:colcon.colcon_core.package_identification:_identify(src/log) ignored
[0.885s] Level 1:colcon.colcon_core.package_discovery:discover_packages(recursive) using defaults
[0.886s] Level 1:colcon.colcon_core.package_discovery:discover_packages(ignore) discover
[0.886s] Level 1:colcon.colcon_core.package_discovery:discover_packages(ignore) using defaults
[0.886s] Level 1:colcon.colcon_core.package_discovery:discover_packages(path) discover
[0.886s] Level 1:colcon.colcon_core.package_discovery:discover_packages(path) using defaults
[0.916s] INFO:colcon.colcon_metadata.metadata.colcon_pkg:Updating descriptor of package 'go2/sim/unitree_description-master' from colcon.pkg: {'hooks': ['share/unitree_description/hook/ament_prefix_path.dsv', 'share/unitree_description/hook/python_path.dsv']}
[0.919s] Level 1:colcon.colcon_core.package_discovery:discover_packages(prefix_path) check parameters
[0.919s] Level 1:colcon.colcon_core.package_discovery:discover_packages(prefix_path) discover
[0.927s] DEBUG:colcon.colcon_installed_package_information.package_discovery:Found 3 installed packages in /home/melodse/ef_ws/install
[0.927s] DEBUG:colcon.colcon_installed_package_information.package_discovery:Found 1 installed packages in /home/melodse/ros2_ws/install
[0.929s] DEBUG:colcon.colcon_installed_package_information.package_discovery:Found 423 installed packages in /opt/ros/jazzy
[0.930s] Level 1:colcon.colcon_core.package_discovery:discover_packages(prefix_path) using defaults
[0.984s] Level 5:colcon.colcon_core.verb:set package 'go2_ros2_bridge' build argument 'cmake_args' from command line to 'None'
[0.984s] Level 5:colcon.colcon_core.verb:set package 'go2_ros2_bridge' build argument 'cmake_target' from command line to 'None'
[0.984s] Level 5:colcon.colcon_core.verb:set package 'go2_ros2_bridge' build argument 'cmake_target_skip_unavailable' from command line to 'False'
[0.984s] Level 5:colcon.colcon_core.verb:set package 'go2_ros2_bridge' build argument 'cmake_clean_cache' from command line to 'False'
[0.984s] Level 5:colcon.colcon_core.verb:set package 'go2_ros2_bridge' build argument 'cmake_clean_first' from command line to 'False'
[0.984s] Level 5:colcon.colcon_core.verb:set package 'go2_ros2_bridge' build argument 'cmake_force_configure' from command line to 'False'
[0.984s] Level 5:colcon.colcon_core.verb:set package 'go2_ros2_bridge' build argument 'ament_cmake_args' from command line to 'None'
[0.984s] Level 5:colcon.colcon_core.verb:set package 'go2_ros2_bridge' build argument 'catkin_cmake_args' from command line to 'None'
[0.984s] Level 5:colcon.colcon_core.verb:set package 'go2_ros2_bridge' build argument 'catkin_skip_building_tests' from command line to 'False'
[0.984s] DEBUG:colcon.colcon_core.verb:Building package 'go2_ros2_bridge' with the following arguments: {'ament_cmake_args': None, 'build_base': '/home/melodse/ef_ws/build/go2_ros2_bridge', 'catkin_cmake_args': None, 'catkin_skip_building_tests': False, 'cmake_args': None, 'cmake_clean_cache': False, 'cmake_clean_first': False, 'cmake_force_configure': False, 'cmake_target': None, 'cmake_target_skip_unavailable': False, 'install_base': '/home/melodse/ef_ws/install/go2_ros2_bridge', 'merge_install': False, 'path': '/home/melodse/ef_ws/src/go2_ros2_bridge', 'symlink_install': False, 'test_result_base': None}
[0.984s] Level 5:colcon.colcon_core.verb:set package 'slam_example' build argument 'cmake_args' from command line to 'None'
[0.984s] Level 5:colcon.colcon_core.verb:set package 'slam_example' build argument 'cmake_target' from command line to 'None'
[0.984s] Level 5:colcon.colcon_core.verb:set package 'slam_example' build argument 'cmake_target_skip_unavailable' from command line to 'False'
[0.984s] Level 5:colcon.colcon_core.verb:set package 'slam_example' build argument 'cmake_clean_cache' from command line to 'False'
[0.984s] Level 5:colcon.colcon_core.verb:set package 'slam_example' build argument 'cmake_clean_first' from command line to 'False'
[0.984s] Level 5:colcon.colcon_core.verb:set package 'slam_example' build argument 'cmake_force_configure' from command line to 'False'
[0.984s] Level 5:colcon.colcon_core.verb:set package 'slam_example' build argument 'ament_cmake_args' from command line to 'None'
[0.984s] Level 5:colcon.colcon_core.verb:set package 'slam_example' build argument 'catkin_cmake_args' from command line to 'None'
[0.984s] Level 5:colcon.colcon_core.verb:set package 'slam_example' build argument 'catkin_skip_building_tests' from command line to 'False'
[0.984s] DEBUG:colcon.colcon_core.verb:Building package 'slam_example' with the following arguments: {'ament_cmake_args': None, 'build_base': '/home/melodse/ef_ws/build/slam_example', 'catkin_cmake_args': None, 'catkin_skip_building_tests': False, 'cmake_args': None, 'cmake_clean_cache': False, 'cmake_clean_first': False, 'cmake_force_configure': False, 'cmake_target': None, 'cmake_target_skip_unavailable': False, 'install_base': '/home/melodse/ef_ws/install/slam_example', 'merge_install': False, 'path': '/home/melodse/ef_ws/g1/scripts/navigation/obstacle_avoidance/slam_sdk_example/example', 'symlink_install': False, 'test_result_base': None}
[0.985s] Level 5:colcon.colcon_core.verb:set package 'tx_lidar' build argument 'cmake_args' from command line to 'None'
[0.985s] Level 5:colcon.colcon_core.verb:set package 'tx_lidar' build argument 'cmake_target' from command line to 'None'
[0.985s] Level 5:colcon.colcon_core.verb:set package 'tx_lidar' build argument 'cmake_target_skip_unavailable' from command line to 'False'
[0.985s] Level 5:colcon.colcon_core.verb:set package 'tx_lidar' build argument 'cmake_clean_cache' from command line to 'False'
[0.985s] Level 5:colcon.colcon_core.verb:set package 'tx_lidar' build argument 'cmake_clean_first' from command line to 'False'
[0.985s] Level 5:colcon.colcon_core.verb:set package 'tx_lidar' build argument 'cmake_force_configure' from command line to 'False'
[0.985s] Level 5:colcon.colcon_core.verb:set package 'tx_lidar' build argument 'ament_cmake_args' from command line to 'None'
[0.985s] Level 5:colcon.colcon_core.verb:set package 'tx_lidar' build argument 'catkin_cmake_args' from command line to 'None'
[0.985s] Level 5:colcon.colcon_core.verb:set package 'tx_lidar' build argument 'catkin_skip_building_tests' from command line to 'False'
[0.985s] DEBUG:colcon.colcon_core.verb:Building package 'tx_lidar' with the following arguments: {'ament_cmake_args': None, 'build_base': '/home/melodse/ef_ws/build/tx_lidar', 'catkin_cmake_args': None, 'catkin_skip_building_tests': False, 'cmake_args': None, 'cmake_clean_cache': False, 'cmake_clean_first': False, 'cmake_force_configure': False, 'cmake_target': None, 'cmake_target_skip_unavailable': False, 'install_base': '/home/melodse/ef_ws/install/tx_lidar', 'merge_install': False, 'path': '/home/melodse/ef_ws/g1/scripts/sensors/manual_streaming', 'symlink_install': False, 'test_result_base': None}
[0.985s] Level 5:colcon.colcon_core.verb:set package 'unitree_description' build argument 'cmake_args' from command line to 'None'
[0.985s] Level 5:colcon.colcon_core.verb:set package 'unitree_description' build argument 'cmake_target' from command line to 'None'
[0.985s] Level 5:colcon.colcon_core.verb:set package 'unitree_description' build argument 'cmake_target_skip_unavailable' from command line to 'False'
[0.985s] Level 5:colcon.colcon_core.verb:set package 'unitree_description' build argument 'cmake_clean_cache' from command line to 'False'
[0.985s] Level 5:colcon.colcon_core.verb:set package 'unitree_description' build argument 'cmake_clean_first' from command line to 'False'
[0.985s] Level 5:colcon.colcon_core.verb:set package 'unitree_description' build argument 'cmake_force_configure' from command line to 'False'
[0.985s] Level 5:colcon.colcon_core.verb:set package 'unitree_description' build argument 'ament_cmake_args' from command line to 'None'
[0.985s] Level 5:colcon.colcon_core.verb:set package 'unitree_description' build argument 'catkin_cmake_args' from command line to 'None'
[0.985s] Level 5:colcon.colcon_core.verb:set package 'unitree_description' build argument 'catkin_skip_building_tests' from command line to 'False'
[0.985s] DEBUG:colcon.colcon_core.verb:Building package 'unitree_description' with the following arguments: {'ament_cmake_args': None, 'build_base': '/home/melodse/ef_ws/build/unitree_description', 'catkin_cmake_args': None, 'catkin_skip_building_tests': False, 'cmake_args': None, 'cmake_clean_cache': False, 'cmake_clean_first': False, 'cmake_force_configure': False, 'cmake_target': None, 'cmake_target_skip_unavailable': False, 'install_base': '/home/melodse/ef_ws/install/unitree_description', 'merge_install': False, 'path': '/home/melodse/ef_ws/go2/sim/unitree_description-master', 'symlink_install': False, 'test_result_base': None}
[0.985s] Level 5:colcon.colcon_core.verb:set package 'g1_description' build argument 'cmake_args' from command line to 'None'
[0.985s] Level 5:colcon.colcon_core.verb:set package 'g1_description' build argument 'cmake_target' from command line to 'None'
[0.985s] Level 5:colcon.colcon_core.verb:set package 'g1_description' build argument 'cmake_target_skip_unavailable' from command line to 'False'
[0.985s] Level 5:colcon.colcon_core.verb:set package 'g1_description' build argument 'cmake_clean_cache' from command line to 'False'
[0.985s] Level 5:colcon.colcon_core.verb:set package 'g1_description' build argument 'cmake_clean_first' from command line to 'False'
[0.985s] Level 5:colcon.colcon_core.verb:set package 'g1_description' build argument 'cmake_force_configure' from command line to 'False'
[0.985s] Level 5:colcon.colcon_core.verb:set package 'g1_description' build argument 'ament_cmake_args' from command line to 'None'
[0.985s] Level 5:colcon.colcon_core.verb:set package 'g1_description' build argument 'catkin_cmake_args' from command line to 'None'
[0.985s] Level 5:colcon.colcon_core.verb:set package 'g1_description' build argument 'catkin_skip_building_tests' from command line to 'False'
[0.985s] DEBUG:colcon.colcon_core.verb:Building package 'g1_description' with the following arguments: {'ament_cmake_args': None, 'build_base': '/home/melodse/ef_ws/build/g1_description', 'catkin_cmake_args': None, 'catkin_skip_building_tests': False, 'cmake_args': None, 'cmake_clean_cache': False, 'cmake_clean_first': False, 'cmake_force_configure': False, 'cmake_target': None, 'cmake_target_skip_unavailable': False, 'install_base': '/home/melodse/ef_ws/install/g1_description', 'merge_install': False, 'path': '/home/melodse/ef_ws/g1/sim/G1_rviz_simulation-main/G1_rviz_simulation-main', 'symlink_install': False, 'test_result_base': None}
[0.985s] INFO:colcon.colcon_core.executor:Executing jobs using 'parallel' executor
[0.987s] DEBUG:colcon.colcon_parallel_executor.executor.parallel:run_until_complete
[0.987s] INFO:colcon.colcon_ros.task.cmake.build:Building ROS package in '/home/melodse/ef_ws/go2/sim/unitree_description-master' with build type 'cmake'
[0.987s] INFO:colcon.colcon_cmake.task.cmake.build:Building CMake package in '/home/melodse/ef_ws/go2/sim/unitree_description-master'
[0.999s] INFO:colcon.colcon_core.plugin_system:Skipping extension 'colcon_core.shell.bat': Not used on non-Windows systems
[1.000s] INFO:colcon.colcon_core.shell:Skip shell extension 'powershell' for command environment: Not usable outside of PowerShell
[1.000s] DEBUG:colcon.colcon_core.shell:Skip shell extension 'dsv' for command environment
[1.004s] INFO:colcon.colcon_core.task.python.build:Building Python package in '/home/melodse/ef_ws/src/go2_ros2_bridge'
[1.007s] INFO:colcon.colcon_core.shell:Skip shell extension 'powershell' for command environment: Not usable outside of PowerShell
[1.008s] DEBUG:colcon.colcon_core.shell:Skip shell extension 'dsv' for command environment
[1.015s] INFO:colcon.colcon_cmake.task.cmake.build:Building CMake package in '/home/melodse/ef_ws/g1/scripts/navigation/obstacle_avoidance/slam_sdk_example/example'
[1.015s] INFO:colcon.colcon_core.shell:Skip shell extension 'powershell' for command environment: Not usable outside of PowerShell
[1.015s] DEBUG:colcon.colcon_core.shell:Skip shell extension 'dsv' for command environment
[1.020s] INFO:colcon.colcon_cmake.task.cmake.build:Building CMake package in '/home/melodse/ef_ws/g1/scripts/sensors/manual_streaming'
[1.020s] INFO:colcon.colcon_core.shell:Skip shell extension 'powershell' for command environment: Not usable outside of PowerShell
[1.020s] DEBUG:colcon.colcon_core.shell:Skip shell extension 'dsv' for command environment
[1.045s] DEBUG:colcon.colcon_core.event_handler.log_command:Invoking command in '/home/melodse/ef_ws/build/unitree_description': CMAKE_PREFIX_PATH=${CMAKE_PREFIX_PATH}:/home/melodse/ef_ws/install:/home/melodse/ef_ws/install/g1_description:/opt/ros/jazzy /usr/bin/cmake --build /home/melodse/ef_ws/build/unitree_description -- -j12 -l12
[1.291s] DEBUG:colcon.colcon_core.event_handler.log_command:Invoking command in '/home/melodse/ef_ws/build/slam_example': /usr/bin/cmake --build /home/melodse/ef_ws/build/slam_example -- -j12 -l12
[1.308s] DEBUG:colcon.colcon_core.event_handler.log_command:Invoking command in '/home/melodse/ef_ws/build/tx_lidar': /usr/bin/cmake /home/melodse/ef_ws/g1/scripts/sensors/manual_streaming -DCMAKE_INSTALL_PREFIX=/home/melodse/ef_ws/install/tx_lidar
[1.309s] DEBUG:colcon.colcon_core.event_handler.log_command:Invoked command in '/home/melodse/ef_ws/build/unitree_description' returned '0': CMAKE_PREFIX_PATH=${CMAKE_PREFIX_PATH}:/home/melodse/ef_ws/install:/home/melodse/ef_ws/install/g1_description:/opt/ros/jazzy /usr/bin/cmake --build /home/melodse/ef_ws/build/unitree_description -- -j12 -l12
[1.324s] DEBUG:colcon.colcon_core.event_handler.log_command:Invoking command in '/home/melodse/ef_ws/build/unitree_description': CMAKE_PREFIX_PATH=${CMAKE_PREFIX_PATH}:/home/melodse/ef_ws/install:/home/melodse/ef_ws/install/g1_description:/opt/ros/jazzy /usr/bin/cmake --install /home/melodse/ef_ws/build/unitree_description
[1.366s] DEBUG:colcon.colcon_core.event_handler.log_command:Invoked command in '/home/melodse/ef_ws/build/unitree_description' returned '0': CMAKE_PREFIX_PATH=${CMAKE_PREFIX_PATH}:/home/melodse/ef_ws/install:/home/melodse/ef_ws/install/g1_description:/opt/ros/jazzy /usr/bin/cmake --install /home/melodse/ef_ws/build/unitree_description
[1.366s] Level 1:colcon.colcon_core.shell:create_environment_hook('unitree_description', 'pkg_config_path')
[1.367s] INFO:colcon.colcon_core.shell:Creating environment hook '/home/melodse/ef_ws/install/unitree_description/share/unitree_description/hook/pkg_config_path.ps1'
[1.368s] INFO:colcon.colcon_core.shell:Creating environment descriptor '/home/melodse/ef_ws/install/unitree_description/share/unitree_description/hook/pkg_config_path.dsv'
[1.369s] INFO:colcon.colcon_core.shell:Creating environment hook '/home/melodse/ef_ws/install/unitree_description/share/unitree_description/hook/pkg_config_path.sh'
[1.378s] Level 1:colcon.colcon_core.shell:create_environment_hook('unitree_description', 'pkg_config_path_multiarch')
[1.378s] INFO:colcon.colcon_core.shell:Creating environment hook '/home/melodse/ef_ws/install/unitree_description/share/unitree_description/hook/pkg_config_path_multiarch.ps1'
[1.378s] INFO:colcon.colcon_core.shell:Creating environment descriptor '/home/melodse/ef_ws/install/unitree_description/share/unitree_description/hook/pkg_config_path_multiarch.dsv'
[1.379s] INFO:colcon.colcon_core.shell:Creating environment hook '/home/melodse/ef_ws/install/unitree_description/share/unitree_description/hook/pkg_config_path_multiarch.sh'
[1.379s] Level 1:colcon.colcon_core.environment:create_environment_scripts_only(unitree_description)
[1.388s] Level 1:colcon.colcon_core.environment:checking '/home/melodse/ef_ws/install/unitree_description' for CMake module files
[1.389s] Level 1:colcon.colcon_core.environment:checking '/home/melodse/ef_ws/install/unitree_description' for CMake config files
[1.393s] Level 1:colcon.colcon_core.shell:create_environment_hook('unitree_description', 'cmake_prefix_path')
[1.393s] INFO:colcon.colcon_core.shell:Creating environment hook '/home/melodse/ef_ws/install/unitree_description/share/unitree_description/hook/cmake_prefix_path.ps1'
[1.393s] INFO:colcon.colcon_core.shell:Creating environment descriptor '/home/melodse/ef_ws/install/unitree_description/share/unitree_description/hook/cmake_prefix_path.dsv'
[1.394s] INFO:colcon.colcon_core.shell:Creating environment hook '/home/melodse/ef_ws/install/unitree_description/share/unitree_description/hook/cmake_prefix_path.sh'
[1.394s] Level 1:colcon.colcon_core.environment:checking '/home/melodse/ef_ws/install/unitree_description/lib'
[1.395s] Level 1:colcon.colcon_core.environment:checking '/home/melodse/ef_ws/install/unitree_description/bin'
[1.395s] Level 1:colcon.colcon_core.environment:checking '/home/melodse/ef_ws/install/unitree_description/lib/pkgconfig/unitree_description.pc'
[1.395s] Level 1:colcon.colcon_core.shell:create_environment_hook('unitree_description', 'pkg_config')
[1.395s] INFO:colcon.colcon_core.shell:Creating environment hook '/home/melodse/ef_ws/install/unitree_description/share/unitree_description/hook/pkg_config.ps1'
[1.395s] INFO:colcon.colcon_core.shell:Creating environment descriptor '/home/melodse/ef_ws/install/unitree_description/share/unitree_description/hook/pkg_config.dsv'
[1.396s] INFO:colcon.colcon_core.shell:Creating environment hook '/home/melodse/ef_ws/install/unitree_description/share/unitree_description/hook/pkg_config.sh'
[1.396s] Level 1:colcon.colcon_core.environment:checking '/home/melodse/ef_ws/install/unitree_description/lib/python3.12/site-packages'
[1.396s] Level 1:colcon.colcon_core.shell:create_environment_hook('unitree_description', 'pythonpath')
[1.397s] INFO:colcon.colcon_core.shell:Creating environment hook '/home/melodse/ef_ws/install/unitree_description/share/unitree_description/hook/pythonpath.ps1'
[1.397s] INFO:colcon.colcon_core.shell:Creating environment descriptor '/home/melodse/ef_ws/install/unitree_description/share/unitree_description/hook/pythonpath.dsv'
[1.397s] INFO:colcon.colcon_core.shell:Creating environment hook '/home/melodse/ef_ws/install/unitree_description/share/unitree_description/hook/pythonpath.sh'
[1.398s] Level 1:colcon.colcon_core.environment:checking '/home/melodse/ef_ws/install/unitree_description/bin'
[1.398s] INFO:colcon.colcon_core.shell:Creating package script '/home/melodse/ef_ws/install/unitree_description/share/unitree_description/package.ps1'
[1.400s] INFO:colcon.colcon_core.shell:Creating package descriptor '/home/melodse/ef_ws/install/unitree_description/share/unitree_description/package.dsv'
[1.401s] INFO:colcon.colcon_core.shell:Creating package script '/home/melodse/ef_ws/install/unitree_description/share/unitree_description/package.sh'
[1.402s] INFO:colcon.colcon_core.shell:Creating package script '/home/melodse/ef_ws/install/unitree_description/share/unitree_description/package.bash'
[1.403s] INFO:colcon.colcon_core.shell:Creating package script '/home/melodse/ef_ws/install/unitree_description/share/unitree_description/package.zsh'
[1.404s] Level 1:colcon.colcon_core.environment:create_file_with_runtime_dependencies(/home/melodse/ef_ws/install/unitree_description/share/colcon-core/packages/unitree_description)
[1.405s] INFO:colcon.colcon_ros.task.ament_python.build:Building ROS package in '/home/melodse/ef_ws/g1/sim/G1_rviz_simulation-main/G1_rviz_simulation-main' with build type 'ament_python'
[1.405s] Level 1:colcon.colcon_core.shell:create_environment_hook('g1_description', 'ament_prefix_path')
[1.405s] INFO:colcon.colcon_core.shell:Creating environment hook '/home/melodse/ef_ws/install/g1_description/share/g1_description/hook/ament_prefix_path.ps1'
[1.407s] INFO:colcon.colcon_core.shell:Creating environment descriptor '/home/melodse/ef_ws/install/g1_description/share/g1_description/hook/ament_prefix_path.dsv'
[1.408s] INFO:colcon.colcon_core.shell:Creating environment hook '/home/melodse/ef_ws/install/g1_description/share/g1_description/hook/ament_prefix_path.sh'
[1.409s] INFO:colcon.colcon_core.shell:Skip shell extension 'powershell' for command environment: Not usable outside of PowerShell
[1.409s] DEBUG:colcon.colcon_core.shell:Skip shell extension 'dsv' for command environment
[1.414s] DEBUG:colcon.colcon_core.event_handler.log_command:Invoked command in '/home/melodse/ef_ws/build/tx_lidar' returned '1': /usr/bin/cmake /home/melodse/ef_ws/g1/scripts/sensors/manual_streaming -DCMAKE_INSTALL_PREFIX=/home/melodse/ef_ws/install/tx_lidar
[2.405s] DEBUG:colcon.colcon_parallel_executor.executor.parallel:closing loop
[2.405s] DEBUG:colcon.colcon_parallel_executor.executor.parallel:loop closed
[2.406s] DEBUG:colcon.colcon_parallel_executor.executor.parallel:run_until_complete finished with '1'
[2.406s] DEBUG:colcon.colcon_core.event_reactor:joining thread
[2.421s] INFO:colcon.colcon_core.plugin_system:Skipping extension 'colcon_notification.desktop_notification.terminal_notifier': Not used on non-Darwin systems
[2.421s] INFO:colcon.colcon_core.plugin_system:Skipping extension 'colcon_notification.desktop_notification.win32': Not used on non-Windows systems
[2.421s] INFO:colcon.colcon_notification.desktop_notification:Sending desktop notification using 'notify2'
[2.427s] DEBUG:colcon.colcon_notification.desktop_notification.notify2:Failed to initialize notify2: org.freedesktop.DBus.Error.ServiceUnknown: The name org.freedesktop.Notifications was not provided by any .service files
[2.427s] DEBUG:colcon.colcon_core.event_reactor:joined thread
[2.427s] INFO:colcon.colcon_core.shell:Creating prefix script '/home/melodse/ef_ws/install/local_setup.ps1'
[2.428s] INFO:colcon.colcon_core.shell:Creating prefix util module '/home/melodse/ef_ws/install/_local_setup_util_ps1.py'
[2.430s] INFO:colcon.colcon_core.shell:Creating prefix chain script '/home/melodse/ef_ws/install/setup.ps1'
[2.431s] INFO:colcon.colcon_core.shell:Creating prefix script '/home/melodse/ef_ws/install/local_setup.sh'
[2.432s] INFO:colcon.colcon_core.shell:Creating prefix util module '/home/melodse/ef_ws/install/_local_setup_util_sh.py'
[2.433s] INFO:colcon.colcon_core.shell:Creating prefix chain script '/home/melodse/ef_ws/install/setup.sh'
[2.434s] INFO:colcon.colcon_core.shell:Creating prefix script '/home/melodse/ef_ws/install/local_setup.bash'
[2.435s] INFO:colcon.colcon_core.shell:Creating prefix chain script '/home/melodse/ef_ws/install/setup.bash'
[2.436s] INFO:colcon.colcon_core.shell:Creating prefix script '/home/melodse/ef_ws/install/local_setup.zsh'
[2.437s] INFO:colcon.colcon_core.shell:Creating prefix chain script '/home/melodse/ef_ws/install/setup.zsh'
