[0.313s] DEBUG:colcon:Command line arguments: ['/usr/bin/colcon', 'build', '--packages-select', 'unitree_description']
[0.313s] DEBUG:colcon:Parsed command line arguments: Namespace(log_base=None, log_level=None, verb_name='build', build_base='build', install_base='install', merge_install=False, symlink_install=False, test_result_base=None, continue_on_error=False, executor='parallel', parallel_workers=12, event_handlers=None, ignore_user_meta=False, metas=['./colcon.meta'], base_paths=['.'], packages_ignore=None, packages_ignore_regex=None, paths=None, packages_up_to=None, packages_up_to_regex=None, packages_above=None, packages_above_and_dependencies=None, packages_above_depth=None, packages_select_by_dep=None, packages_skip_by_dep=None, packages_skip_up_to=None, packages_select_build_failed=False, packages_skip_build_finished=False, packages_select_test_failures=False, packages_skip_test_passed=False, packages_select=['unitree_description'], packages_skip=None, packages_select_regex=None, packages_skip_regex=None, packages_start=None, packages_end=None, allow_overriding=[], cmake_args=None, cmake_target=None, cmake_target_skip_unavailable=False, cmake_clean_cache=False, cmake_clean_first=False, cmake_force_configure=False, ament_cmake_args=None, catkin_cmake_args=None, catkin_skip_building_tests=False, mixin_files=None, mixin=None, verb_parser=<colcon_mixin.mixin.mixin_argument.MixinArgumentDecorator object at 0x7ee7061ccc20>, verb_extension=<colcon_core.verb.build.BuildVerb object at 0x7ee7062f12e0>, main=<bound method BuildVerb.main of <colcon_core.verb.build.BuildVerb object at 0x7ee7062f12e0>>, mixin_verb=('build',))
[0.380s] Level 1:colcon.colcon_core.package_discovery:discover_packages(colcon_meta) check parameters
[0.380s] Level 1:colcon.colcon_core.package_discovery:discover_packages(recursive) check parameters
[0.380s] Level 1:colcon.colcon_core.package_discovery:discover_packages(ignore) check parameters
[0.380s] Level 1:colcon.colcon_core.package_discovery:discover_packages(path) check parameters
[0.380s] Level 1:colcon.colcon_core.package_discovery:discover_packages(colcon_meta) discover
[0.380s] Level 1:colcon.colcon_core.package_discovery:discover_packages(recursive) discover
[0.380s] INFO:colcon.colcon_core.package_discovery:Crawling recursively for packages in '/home/melodse/ef_ws'
[0.381s] Level 1:colcon.colcon_core.package_identification:_identify(.) by extensions ['ignore', 'ignore_ament_install']
[0.381s] Level 1:colcon.colcon_core.package_identification:_identify(.) by extension 'ignore'
[0.381s] Level 1:colcon.colcon_core.package_identification:_identify(.) by extension 'ignore_ament_install'
[0.381s] Level 1:colcon.colcon_core.package_identification:_identify(.) by extensions ['colcon_pkg']
[0.381s] Level 1:colcon.colcon_core.package_identification:_identify(.) by extension 'colcon_pkg'
[0.381s] Level 1:colcon.colcon_core.package_identification:_identify(.) by extensions ['colcon_meta']
[0.381s] Level 1:colcon.colcon_core.package_identification:_identify(.) by extension 'colcon_meta'
[0.381s] Level 1:colcon.colcon_core.package_identification:_identify(.) by extensions ['ros']
[0.381s] Level 1:colcon.colcon_core.package_identification:_identify(.) by extension 'ros'
[0.433s] Level 1:colcon.colcon_core.package_identification:_identify(.) by extensions ['cmake', 'python']
[0.434s] Level 1:colcon.colcon_core.package_identification:_identify(.) by extension 'cmake'
[0.434s] Level 1:colcon.colcon_core.package_identification:_identify(.) by extension 'python'
[0.434s] Level 1:colcon.colcon_core.package_identification:_identify(.) by extensions ['python_setup_py']
[0.434s] Level 1:colcon.colcon_core.package_identification:_identify(.) by extension 'python_setup_py'
[0.434s] Level 1:colcon.colcon_core.package_identification:_identify(build) by extensions ['ignore', 'ignore_ament_install']
[0.434s] Level 1:colcon.colcon_core.package_identification:_identify(build) by extension 'ignore'
[0.434s] Level 1:colcon.colcon_core.package_identification:_identify(build) ignored
[0.434s] Level 1:colcon.colcon_core.package_identification:_identify(dev) by extensions ['ignore', 'ignore_ament_install']
[0.434s] Level 1:colcon.colcon_core.package_identification:_identify(dev) by extension 'ignore'
[0.435s] Level 1:colcon.colcon_core.package_identification:_identify(dev) by extension 'ignore_ament_install'
[0.435s] Level 1:colcon.colcon_core.package_identification:_identify(dev) by extensions ['colcon_pkg']
[0.435s] Level 1:colcon.colcon_core.package_identification:_identify(dev) by extension 'colcon_pkg'
[0.435s] Level 1:colcon.colcon_core.package_identification:_identify(dev) by extensions ['colcon_meta']
[0.435s] Level 1:colcon.colcon_core.package_identification:_identify(dev) by extension 'colcon_meta'
[0.435s] Level 1:colcon.colcon_core.package_identification:_identify(dev) by extensions ['ros']
[0.435s] Level 1:colcon.colcon_core.package_identification:_identify(dev) by extension 'ros'
[0.435s] Level 1:colcon.colcon_core.package_identification:_identify(dev) by extensions ['cmake', 'python']
[0.435s] Level 1:colcon.colcon_core.package_identification:_identify(dev) by extension 'cmake'
[0.435s] Level 1:colcon.colcon_core.package_identification:_identify(dev) by extension 'python'
[0.435s] Level 1:colcon.colcon_core.package_identification:_identify(dev) by extensions ['python_setup_py']
[0.435s] Level 1:colcon.colcon_core.package_identification:_identify(dev) by extension 'python_setup_py'
[0.435s] Level 1:colcon.colcon_core.package_identification:_identify(g1) by extensions ['ignore', 'ignore_ament_install']
[0.435s] Level 1:colcon.colcon_core.package_identification:_identify(g1) by extension 'ignore'
[0.435s] Level 1:colcon.colcon_core.package_identification:_identify(g1) by extension 'ignore_ament_install'
[0.435s] Level 1:colcon.colcon_core.package_identification:_identify(g1) by extensions ['colcon_pkg']
[0.435s] Level 1:colcon.colcon_core.package_identification:_identify(g1) by extension 'colcon_pkg'
[0.436s] Level 1:colcon.colcon_core.package_identification:_identify(g1) by extensions ['colcon_meta']
[0.436s] Level 1:colcon.colcon_core.package_identification:_identify(g1) by extension 'colcon_meta'
[0.436s] Level 1:colcon.colcon_core.package_identification:_identify(g1) by extensions ['ros']
[0.436s] Level 1:colcon.colcon_core.package_identification:_identify(g1) by extension 'ros'
[0.436s] Level 1:colcon.colcon_core.package_identification:_identify(g1) by extensions ['cmake', 'python']
[0.436s] Level 1:colcon.colcon_core.package_identification:_identify(g1) by extension 'cmake'
[0.436s] Level 1:colcon.colcon_core.package_identification:_identify(g1) by extension 'python'
[0.436s] Level 1:colcon.colcon_core.package_identification:_identify(g1) by extensions ['python_setup_py']
[0.436s] Level 1:colcon.colcon_core.package_identification:_identify(g1) by extension 'python_setup_py'
[0.436s] Level 1:colcon.colcon_core.package_identification:_identify(g1/dashboards) by extensions ['ignore', 'ignore_ament_install']
[0.436s] Level 1:colcon.colcon_core.package_identification:_identify(g1/dashboards) by extension 'ignore'
[0.436s] Level 1:colcon.colcon_core.package_identification:_identify(g1/dashboards) by extension 'ignore_ament_install'
[0.436s] Level 1:colcon.colcon_core.package_identification:_identify(g1/dashboards) by extensions ['colcon_pkg']
[0.436s] Level 1:colcon.colcon_core.package_identification:_identify(g1/dashboards) by extension 'colcon_pkg'
[0.436s] Level 1:colcon.colcon_core.package_identification:_identify(g1/dashboards) by extensions ['colcon_meta']
[0.436s] Level 1:colcon.colcon_core.package_identification:_identify(g1/dashboards) by extension 'colcon_meta'
[0.436s] Level 1:colcon.colcon_core.package_identification:_identify(g1/dashboards) by extensions ['ros']
[0.436s] Level 1:colcon.colcon_core.package_identification:_identify(g1/dashboards) by extension 'ros'
[0.436s] Level 1:colcon.colcon_core.package_identification:_identify(g1/dashboards) by extensions ['cmake', 'python']
[0.436s] Level 1:colcon.colcon_core.package_identification:_identify(g1/dashboards) by extension 'cmake'
[0.437s] Level 1:colcon.colcon_core.package_identification:_identify(g1/dashboards) by extension 'python'
[0.437s] Level 1:colcon.colcon_core.package_identification:_identify(g1/dashboards) by extensions ['python_setup_py']
[0.437s] Level 1:colcon.colcon_core.package_identification:_identify(g1/dashboards) by extension 'python_setup_py'
[0.437s] Level 1:colcon.colcon_core.package_identification:_identify(g1/docs) by extensions ['ignore', 'ignore_ament_install']
[0.437s] Level 1:colcon.colcon_core.package_identification:_identify(g1/docs) by extension 'ignore'
[0.437s] Level 1:colcon.colcon_core.package_identification:_identify(g1/docs) by extension 'ignore_ament_install'
[0.437s] Level 1:colcon.colcon_core.package_identification:_identify(g1/docs) by extensions ['colcon_pkg']
[0.437s] Level 1:colcon.colcon_core.package_identification:_identify(g1/docs) by extension 'colcon_pkg'
[0.437s] Level 1:colcon.colcon_core.package_identification:_identify(g1/docs) by extensions ['colcon_meta']
[0.437s] Level 1:colcon.colcon_core.package_identification:_identify(g1/docs) by extension 'colcon_meta'
[0.437s] Level 1:colcon.colcon_core.package_identification:_identify(g1/docs) by extensions ['ros']
[0.437s] Level 1:colcon.colcon_core.package_identification:_identify(g1/docs) by extension 'ros'
[0.437s] Level 1:colcon.colcon_core.package_identification:_identify(g1/docs) by extensions ['cmake', 'python']
[0.437s] Level 1:colcon.colcon_core.package_identification:_identify(g1/docs) by extension 'cmake'
[0.437s] Level 1:colcon.colcon_core.package_identification:_identify(g1/docs) by extension 'python'
[0.437s] Level 1:colcon.colcon_core.package_identification:_identify(g1/docs) by extensions ['python_setup_py']
[0.437s] Level 1:colcon.colcon_core.package_identification:_identify(g1/docs) by extension 'python_setup_py'
[0.437s] Level 1:colcon.colcon_core.package_identification:_identify(g1/edge_runtime) by extensions ['ignore', 'ignore_ament_install']
[0.438s] Level 1:colcon.colcon_core.package_identification:_identify(g1/edge_runtime) by extension 'ignore'
[0.438s] Level 1:colcon.colcon_core.package_identification:_identify(g1/edge_runtime) by extension 'ignore_ament_install'
[0.438s] Level 1:colcon.colcon_core.package_identification:_identify(g1/edge_runtime) by extensions ['colcon_pkg']
[0.438s] Level 1:colcon.colcon_core.package_identification:_identify(g1/edge_runtime) by extension 'colcon_pkg'
[0.438s] Level 1:colcon.colcon_core.package_identification:_identify(g1/edge_runtime) by extensions ['colcon_meta']
[0.438s] Level 1:colcon.colcon_core.package_identification:_identify(g1/edge_runtime) by extension 'colcon_meta'
[0.438s] Level 1:colcon.colcon_core.package_identification:_identify(g1/edge_runtime) by extensions ['ros']
[0.438s] Level 1:colcon.colcon_core.package_identification:_identify(g1/edge_runtime) by extension 'ros'
[0.438s] Level 1:colcon.colcon_core.package_identification:_identify(g1/edge_runtime) by extensions ['cmake', 'python']
[0.438s] Level 1:colcon.colcon_core.package_identification:_identify(g1/edge_runtime) by extension 'cmake'
[0.438s] Level 1:colcon.colcon_core.package_identification:_identify(g1/edge_runtime) by extension 'python'
[0.438s] Level 1:colcon.colcon_core.package_identification:_identify(g1/edge_runtime) by extensions ['python_setup_py']
[0.438s] Level 1:colcon.colcon_core.package_identification:_identify(g1/edge_runtime) by extension 'python_setup_py'
[0.438s] Level 1:colcon.colcon_core.package_identification:_identify(g1/edge_runtime/config) by extensions ['ignore', 'ignore_ament_install']
[0.438s] Level 1:colcon.colcon_core.package_identification:_identify(g1/edge_runtime/config) by extension 'ignore'
[0.438s] Level 1:colcon.colcon_core.package_identification:_identify(g1/edge_runtime/config) by extension 'ignore_ament_install'
[0.438s] Level 1:colcon.colcon_core.package_identification:_identify(g1/edge_runtime/config) by extensions ['colcon_pkg']
[0.438s] Level 1:colcon.colcon_core.package_identification:_identify(g1/edge_runtime/config) by extension 'colcon_pkg'
[0.438s] Level 1:colcon.colcon_core.package_identification:_identify(g1/edge_runtime/config) by extensions ['colcon_meta']
[0.438s] Level 1:colcon.colcon_core.package_identification:_identify(g1/edge_runtime/config) by extension 'colcon_meta'
[0.438s] Level 1:colcon.colcon_core.package_identification:_identify(g1/edge_runtime/config) by extensions ['ros']
[0.438s] Level 1:colcon.colcon_core.package_identification:_identify(g1/edge_runtime/config) by extension 'ros'
[0.439s] Level 1:colcon.colcon_core.package_identification:_identify(g1/edge_runtime/config) by extensions ['cmake', 'python']
[0.439s] Level 1:colcon.colcon_core.package_identification:_identify(g1/edge_runtime/config) by extension 'cmake'
[0.439s] Level 1:colcon.colcon_core.package_identification:_identify(g1/edge_runtime/config) by extension 'python'
[0.439s] Level 1:colcon.colcon_core.package_identification:_identify(g1/edge_runtime/config) by extensions ['python_setup_py']
[0.439s] Level 1:colcon.colcon_core.package_identification:_identify(g1/edge_runtime/config) by extension 'python_setup_py'
[0.439s] Level 1:colcon.colcon_core.package_identification:_identify(g1/edge_runtime/device_identity) by extensions ['ignore', 'ignore_ament_install']
[0.439s] Level 1:colcon.colcon_core.package_identification:_identify(g1/edge_runtime/device_identity) by extension 'ignore'
[0.439s] Level 1:colcon.colcon_core.package_identification:_identify(g1/edge_runtime/device_identity) by extension 'ignore_ament_install'
[0.439s] Level 1:colcon.colcon_core.package_identification:_identify(g1/edge_runtime/device_identity) by extensions ['colcon_pkg']
[0.439s] Level 1:colcon.colcon_core.package_identification:_identify(g1/edge_runtime/device_identity) by extension 'colcon_pkg'
[0.439s] Level 1:colcon.colcon_core.package_identification:_identify(g1/edge_runtime/device_identity) by extensions ['colcon_meta']
[0.439s] Level 1:colcon.colcon_core.package_identification:_identify(g1/edge_runtime/device_identity) by extension 'colcon_meta'
[0.439s] Level 1:colcon.colcon_core.package_identification:_identify(g1/edge_runtime/device_identity) by extensions ['ros']
[0.439s] Level 1:colcon.colcon_core.package_identification:_identify(g1/edge_runtime/device_identity) by extension 'ros'
[0.439s] Level 1:colcon.colcon_core.package_identification:_identify(g1/edge_runtime/device_identity) by extensions ['cmake', 'python']
[0.439s] Level 1:colcon.colcon_core.package_identification:_identify(g1/edge_runtime/device_identity) by extension 'cmake'
[0.439s] Level 1:colcon.colcon_core.package_identification:_identify(g1/edge_runtime/device_identity) by extension 'python'
[0.439s] Level 1:colcon.colcon_core.package_identification:_identify(g1/edge_runtime/device_identity) by extensions ['python_setup_py']
[0.439s] Level 1:colcon.colcon_core.package_identification:_identify(g1/edge_runtime/device_identity) by extension 'python_setup_py'
[0.439s] Level 1:colcon.colcon_core.package_identification:_identify(g1/edge_runtime/gateway) by extensions ['ignore', 'ignore_ament_install']
[0.440s] Level 1:colcon.colcon_core.package_identification:_identify(g1/edge_runtime/gateway) by extension 'ignore'
[0.440s] Level 1:colcon.colcon_core.package_identification:_identify(g1/edge_runtime/gateway) by extension 'ignore_ament_install'
[0.440s] Level 1:colcon.colcon_core.package_identification:_identify(g1/edge_runtime/gateway) by extensions ['colcon_pkg']
[0.440s] Level 1:colcon.colcon_core.package_identification:_identify(g1/edge_runtime/gateway) by extension 'colcon_pkg'
[0.440s] Level 1:colcon.colcon_core.package_identification:_identify(g1/edge_runtime/gateway) by extensions ['colcon_meta']
[0.440s] Level 1:colcon.colcon_core.package_identification:_identify(g1/edge_runtime/gateway) by extension 'colcon_meta'
[0.440s] Level 1:colcon.colcon_core.package_identification:_identify(g1/edge_runtime/gateway) by extensions ['ros']
[0.440s] Level 1:colcon.colcon_core.package_identification:_identify(g1/edge_runtime/gateway) by extension 'ros'
[0.440s] Level 1:colcon.colcon_core.package_identification:_identify(g1/edge_runtime/gateway) by extensions ['cmake', 'python']
[0.440s] Level 1:colcon.colcon_core.package_identification:_identify(g1/edge_runtime/gateway) by extension 'cmake'
[0.440s] Level 1:colcon.colcon_core.package_identification:_identify(g1/edge_runtime/gateway) by extension 'python'
[0.440s] Level 1:colcon.colcon_core.package_identification:_identify(g1/edge_runtime/gateway) by extensions ['python_setup_py']
[0.440s] Level 1:colcon.colcon_core.package_identification:_identify(g1/edge_runtime/gateway) by extension 'python_setup_py'
[0.440s] Level 1:colcon.colcon_core.package_identification:_identify(g1/edge_runtime/skills) by extensions ['ignore', 'ignore_ament_install']
[0.440s] Level 1:colcon.colcon_core.package_identification:_identify(g1/edge_runtime/skills) by extension 'ignore'
[0.440s] Level 1:colcon.colcon_core.package_identification:_identify(g1/edge_runtime/skills) by extension 'ignore_ament_install'
[0.440s] Level 1:colcon.colcon_core.package_identification:_identify(g1/edge_runtime/skills) by extensions ['colcon_pkg']
[0.440s] Level 1:colcon.colcon_core.package_identification:_identify(g1/edge_runtime/skills) by extension 'colcon_pkg'
[0.440s] Level 1:colcon.colcon_core.package_identification:_identify(g1/edge_runtime/skills) by extensions ['colcon_meta']
[0.440s] Level 1:colcon.colcon_core.package_identification:_identify(g1/edge_runtime/skills) by extension 'colcon_meta'
[0.441s] Level 1:colcon.colcon_core.package_identification:_identify(g1/edge_runtime/skills) by extensions ['ros']
[0.441s] Level 1:colcon.colcon_core.package_identification:_identify(g1/edge_runtime/skills) by extension 'ros'
[0.441s] Level 1:colcon.colcon_core.package_identification:_identify(g1/edge_runtime/skills) by extensions ['cmake', 'python']
[0.441s] Level 1:colcon.colcon_core.package_identification:_identify(g1/edge_runtime/skills) by extension 'cmake'
[0.441s] Level 1:colcon.colcon_core.package_identification:_identify(g1/edge_runtime/skills) by extension 'python'
[0.441s] Level 1:colcon.colcon_core.package_identification:_identify(g1/edge_runtime/skills) by extensions ['python_setup_py']
[0.441s] Level 1:colcon.colcon_core.package_identification:_identify(g1/edge_runtime/skills) by extension 'python_setup_py'
[0.441s] Level 1:colcon.colcon_core.package_identification:_identify(g1/edge_runtime/telemetry) by extensions ['ignore', 'ignore_ament_install']
[0.441s] Level 1:colcon.colcon_core.package_identification:_identify(g1/edge_runtime/telemetry) by extension 'ignore'
[0.441s] Level 1:colcon.colcon_core.package_identification:_identify(g1/edge_runtime/telemetry) by extension 'ignore_ament_install'
[0.441s] Level 1:colcon.colcon_core.package_identification:_identify(g1/edge_runtime/telemetry) by extensions ['colcon_pkg']
[0.441s] Level 1:colcon.colcon_core.package_identification:_identify(g1/edge_runtime/telemetry) by extension 'colcon_pkg'
[0.441s] Level 1:colcon.colcon_core.package_identification:_identify(g1/edge_runtime/telemetry) by extensions ['colcon_meta']
[0.441s] Level 1:colcon.colcon_core.package_identification:_identify(g1/edge_runtime/telemetry) by extension 'colcon_meta'
[0.441s] Level 1:colcon.colcon_core.package_identification:_identify(g1/edge_runtime/telemetry) by extensions ['ros']
[0.441s] Level 1:colcon.colcon_core.package_identification:_identify(g1/edge_runtime/telemetry) by extension 'ros'
[0.441s] Level 1:colcon.colcon_core.package_identification:_identify(g1/edge_runtime/telemetry) by extensions ['cmake', 'python']
[0.441s] Level 1:colcon.colcon_core.package_identification:_identify(g1/edge_runtime/telemetry) by extension 'cmake'
[0.442s] Level 1:colcon.colcon_core.package_identification:_identify(g1/edge_runtime/telemetry) by extension 'python'
[0.442s] Level 1:colcon.colcon_core.package_identification:_identify(g1/edge_runtime/telemetry) by extensions ['python_setup_py']
[0.442s] Level 1:colcon.colcon_core.package_identification:_identify(g1/edge_runtime/telemetry) by extension 'python_setup_py'
[0.442s] Level 1:colcon.colcon_core.package_identification:_identify(g1/modules) by extensions ['ignore', 'ignore_ament_install']
[0.442s] Level 1:colcon.colcon_core.package_identification:_identify(g1/modules) by extension 'ignore'
[0.442s] Level 1:colcon.colcon_core.package_identification:_identify(g1/modules) by extension 'ignore_ament_install'
[0.442s] Level 1:colcon.colcon_core.package_identification:_identify(g1/modules) by extensions ['colcon_pkg']
[0.442s] Level 1:colcon.colcon_core.package_identification:_identify(g1/modules) by extension 'colcon_pkg'
[0.442s] Level 1:colcon.colcon_core.package_identification:_identify(g1/modules) by extensions ['colcon_meta']
[0.442s] Level 1:colcon.colcon_core.package_identification:_identify(g1/modules) by extension 'colcon_meta'
[0.442s] Level 1:colcon.colcon_core.package_identification:_identify(g1/modules) by extensions ['ros']
[0.442s] Level 1:colcon.colcon_core.package_identification:_identify(g1/modules) by extension 'ros'
[0.442s] Level 1:colcon.colcon_core.package_identification:_identify(g1/modules) by extensions ['cmake', 'python']
[0.442s] Level 1:colcon.colcon_core.package_identification:_identify(g1/modules) by extension 'cmake'
[0.442s] Level 1:colcon.colcon_core.package_identification:_identify(g1/modules) by extension 'python'
[0.442s] Level 1:colcon.colcon_core.package_identification:_identify(g1/modules) by extensions ['python_setup_py']
[0.442s] Level 1:colcon.colcon_core.package_identification:_identify(g1/modules) by extension 'python_setup_py'
[0.442s] Level 1:colcon.colcon_core.package_identification:_identify(g1/scripts) by extensions ['ignore', 'ignore_ament_install']
[0.442s] Level 1:colcon.colcon_core.package_identification:_identify(g1/scripts) by extension 'ignore'
[0.442s] Level 1:colcon.colcon_core.package_identification:_identify(g1/scripts) by extension 'ignore_ament_install'
[0.443s] Level 1:colcon.colcon_core.package_identification:_identify(g1/scripts) by extensions ['colcon_pkg']
[0.443s] Level 1:colcon.colcon_core.package_identification:_identify(g1/scripts) by extension 'colcon_pkg'
[0.443s] Level 1:colcon.colcon_core.package_identification:_identify(g1/scripts) by extensions ['colcon_meta']
[0.443s] Level 1:colcon.colcon_core.package_identification:_identify(g1/scripts) by extension 'colcon_meta'
[0.443s] Level 1:colcon.colcon_core.package_identification:_identify(g1/scripts) by extensions ['ros']
[0.443s] Level 1:colcon.colcon_core.package_identification:_identify(g1/scripts) by extension 'ros'
[0.443s] Level 1:colcon.colcon_core.package_identification:_identify(g1/scripts) by extensions ['cmake', 'python']
[0.443s] Level 1:colcon.colcon_core.package_identification:_identify(g1/scripts) by extension 'cmake'
[0.443s] Level 1:colcon.colcon_core.package_identification:_identify(g1/scripts) by extension 'python'
[0.443s] Level 1:colcon.colcon_core.package_identification:_identify(g1/scripts) by extensions ['python_setup_py']
[0.443s] Level 1:colcon.colcon_core.package_identification:_identify(g1/scripts) by extension 'python_setup_py'
[0.443s] Level 1:colcon.colcon_core.package_identification:_identify(g1/scripts/arm_motion) by extensions ['ignore', 'ignore_ament_install']
[0.443s] Level 1:colcon.colcon_core.package_identification:_identify(g1/scripts/arm_motion) by extension 'ignore'
[0.443s] Level 1:colcon.colcon_core.package_identification:_identify(g1/scripts/arm_motion) by extension 'ignore_ament_install'
[0.443s] Level 1:colcon.colcon_core.package_identification:_identify(g1/scripts/arm_motion) by extensions ['colcon_pkg']
[0.443s] Level 1:colcon.colcon_core.package_identification:_identify(g1/scripts/arm_motion) by extension 'colcon_pkg'
[0.443s] Level 1:colcon.colcon_core.package_identification:_identify(g1/scripts/arm_motion) by extensions ['colcon_meta']
[0.443s] Level 1:colcon.colcon_core.package_identification:_identify(g1/scripts/arm_motion) by extension 'colcon_meta'
[0.443s] Level 1:colcon.colcon_core.package_identification:_identify(g1/scripts/arm_motion) by extensions ['ros']
[0.443s] Level 1:colcon.colcon_core.package_identification:_identify(g1/scripts/arm_motion) by extension 'ros'
[0.443s] Level 1:colcon.colcon_core.package_identification:_identify(g1/scripts/arm_motion) by extensions ['cmake', 'python']
[0.444s] Level 1:colcon.colcon_core.package_identification:_identify(g1/scripts/arm_motion) by extension 'cmake'
[0.444s] Level 1:colcon.colcon_core.package_identification:_identify(g1/scripts/arm_motion) by extension 'python'
[0.444s] Level 1:colcon.colcon_core.package_identification:_identify(g1/scripts/arm_motion) by extensions ['python_setup_py']
[0.444s] Level 1:colcon.colcon_core.package_identification:_identify(g1/scripts/arm_motion) by extension 'python_setup_py'
[0.444s] Level 1:colcon.colcon_core.package_identification:_identify(g1/scripts/arm_motion/pbd) by extensions ['ignore', 'ignore_ament_install']
[0.444s] Level 1:colcon.colcon_core.package_identification:_identify(g1/scripts/arm_motion/pbd) by extension 'ignore'
[0.444s] Level 1:colcon.colcon_core.package_identification:_identify(g1/scripts/arm_motion/pbd) by extension 'ignore_ament_install'
[0.444s] Level 1:colcon.colcon_core.package_identification:_identify(g1/scripts/arm_motion/pbd) by extensions ['colcon_pkg']
[0.444s] Level 1:colcon.colcon_core.package_identification:_identify(g1/scripts/arm_motion/pbd) by extension 'colcon_pkg'
[0.444s] Level 1:colcon.colcon_core.package_identification:_identify(g1/scripts/arm_motion/pbd) by extensions ['colcon_meta']
[0.444s] Level 1:colcon.colcon_core.package_identification:_identify(g1/scripts/arm_motion/pbd) by extension 'colcon_meta'
[0.444s] Level 1:colcon.colcon_core.package_identification:_identify(g1/scripts/arm_motion/pbd) by extensions ['ros']
[0.444s] Level 1:colcon.colcon_core.package_identification:_identify(g1/scripts/arm_motion/pbd) by extension 'ros'
[0.444s] Level 1:colcon.colcon_core.package_identification:_identify(g1/scripts/arm_motion/pbd) by extensions ['cmake', 'python']
[0.444s] Level 1:colcon.colcon_core.package_identification:_identify(g1/scripts/arm_motion/pbd) by extension 'cmake'
[0.444s] Level 1:colcon.colcon_core.package_identification:_identify(g1/scripts/arm_motion/pbd) by extension 'python'
[0.444s] Level 1:colcon.colcon_core.package_identification:_identify(g1/scripts/arm_motion/pbd) by extensions ['python_setup_py']
[0.444s] Level 1:colcon.colcon_core.package_identification:_identify(g1/scripts/arm_motion/pbd) by extension 'python_setup_py'
[0.444s] Level 1:colcon.colcon_core.package_identification:_identify(g1/scripts/arm_motion/pbd/motion_databse) by extensions ['ignore', 'ignore_ament_install']
[0.445s] Level 1:colcon.colcon_core.package_identification:_identify(g1/scripts/arm_motion/pbd/motion_databse) by extension 'ignore'
[0.445s] Level 1:colcon.colcon_core.package_identification:_identify(g1/scripts/arm_motion/pbd/motion_databse) by extension 'ignore_ament_install'
[0.445s] Level 1:colcon.colcon_core.package_identification:_identify(g1/scripts/arm_motion/pbd/motion_databse) by extensions ['colcon_pkg']
[0.445s] Level 1:colcon.colcon_core.package_identification:_identify(g1/scripts/arm_motion/pbd/motion_databse) by extension 'colcon_pkg'
[0.445s] Level 1:colcon.colcon_core.package_identification:_identify(g1/scripts/arm_motion/pbd/motion_databse) by extensions ['colcon_meta']
[0.445s] Level 1:colcon.colcon_core.package_identification:_identify(g1/scripts/arm_motion/pbd/motion_databse) by extension 'colcon_meta'
[0.445s] Level 1:colcon.colcon_core.package_identification:_identify(g1/scripts/arm_motion/pbd/motion_databse) by extensions ['ros']
[0.445s] Level 1:colcon.colcon_core.package_identification:_identify(g1/scripts/arm_motion/pbd/motion_databse) by extension 'ros'
[0.445s] Level 1:colcon.colcon_core.package_identification:_identify(g1/scripts/arm_motion/pbd/motion_databse) by extensions ['cmake', 'python']
[0.445s] Level 1:colcon.colcon_core.package_identification:_identify(g1/scripts/arm_motion/pbd/motion_databse) by extension 'cmake'
[0.445s] Level 1:colcon.colcon_core.package_identification:_identify(g1/scripts/arm_motion/pbd/motion_databse) by extension 'python'
[0.445s] Level 1:colcon.colcon_core.package_identification:_identify(g1/scripts/arm_motion/pbd/motion_databse) by extensions ['python_setup_py']
[0.445s] Level 1:colcon.colcon_core.package_identification:_identify(g1/scripts/arm_motion/pbd/motion_databse) by extension 'python_setup_py'
[0.445s] Level 1:colcon.colcon_core.package_identification:_identify(g1/scripts/arm_motion/pbd/safety) by extensions ['ignore', 'ignore_ament_install']
[0.445s] Level 1:colcon.colcon_core.package_identification:_identify(g1/scripts/arm_motion/pbd/safety) by extension 'ignore'
[0.445s] Level 1:colcon.colcon_core.package_identification:_identify(g1/scripts/arm_motion/pbd/safety) by extension 'ignore_ament_install'
[0.445s] Level 1:colcon.colcon_core.package_identification:_identify(g1/scripts/arm_motion/pbd/safety) by extensions ['colcon_pkg']
[0.445s] Level 1:colcon.colcon_core.package_identification:_identify(g1/scripts/arm_motion/pbd/safety) by extension 'colcon_pkg'
[0.445s] Level 1:colcon.colcon_core.package_identification:_identify(g1/scripts/arm_motion/pbd/safety) by extensions ['colcon_meta']
[0.445s] Level 1:colcon.colcon_core.package_identification:_identify(g1/scripts/arm_motion/pbd/safety) by extension 'colcon_meta'
[0.445s] Level 1:colcon.colcon_core.package_identification:_identify(g1/scripts/arm_motion/pbd/safety) by extensions ['ros']
[0.445s] Level 1:colcon.colcon_core.package_identification:_identify(g1/scripts/arm_motion/pbd/safety) by extension 'ros'
[0.446s] Level 1:colcon.colcon_core.package_identification:_identify(g1/scripts/arm_motion/pbd/safety) by extensions ['cmake', 'python']
[0.446s] Level 1:colcon.colcon_core.package_identification:_identify(g1/scripts/arm_motion/pbd/safety) by extension 'cmake'
[0.446s] Level 1:colcon.colcon_core.package_identification:_identify(g1/scripts/arm_motion/pbd/safety) by extension 'python'
[0.446s] Level 1:colcon.colcon_core.package_identification:_identify(g1/scripts/arm_motion/pbd/safety) by extensions ['python_setup_py']
[0.446s] Level 1:colcon.colcon_core.package_identification:_identify(g1/scripts/arm_motion/pbd/safety) by extension 'python_setup_py'
[0.446s] Level 1:colcon.colcon_core.package_identification:_identify(g1/scripts/arm_motion/safety) by extensions ['ignore', 'ignore_ament_install']
[0.446s] Level 1:colcon.colcon_core.package_identification:_identify(g1/scripts/arm_motion/safety) by extension 'ignore'
[0.446s] Level 1:colcon.colcon_core.package_identification:_identify(g1/scripts/arm_motion/safety) by extension 'ignore_ament_install'
[0.446s] Level 1:colcon.colcon_core.package_identification:_identify(g1/scripts/arm_motion/safety) by extensions ['colcon_pkg']
[0.446s] Level 1:colcon.colcon_core.package_identification:_identify(g1/scripts/arm_motion/safety) by extension 'colcon_pkg'
[0.446s] Level 1:colcon.colcon_core.package_identification:_identify(g1/scripts/arm_motion/safety) by extensions ['colcon_meta']
[0.446s] Level 1:colcon.colcon_core.package_identification:_identify(g1/scripts/arm_motion/safety) by extension 'colcon_meta'
[0.446s] Level 1:colcon.colcon_core.package_identification:_identify(g1/scripts/arm_motion/safety) by extensions ['ros']
[0.446s] Level 1:colcon.colcon_core.package_identification:_identify(g1/scripts/arm_motion/safety) by extension 'ros'
[0.446s] Level 1:colcon.colcon_core.package_identification:_identify(g1/scripts/arm_motion/safety) by extensions ['cmake', 'python']
[0.446s] Level 1:colcon.colcon_core.package_identification:_identify(g1/scripts/arm_motion/safety) by extension 'cmake'
[0.446s] Level 1:colcon.colcon_core.package_identification:_identify(g1/scripts/arm_motion/safety) by extension 'python'
[0.446s] Level 1:colcon.colcon_core.package_identification:_identify(g1/scripts/arm_motion/safety) by extensions ['python_setup_py']
[0.446s] Level 1:colcon.colcon_core.package_identification:_identify(g1/scripts/arm_motion/safety) by extension 'python_setup_py'
[0.446s] Level 1:colcon.colcon_core.package_identification:_identify(g1/scripts/basic) by extensions ['ignore', 'ignore_ament_install']
[0.446s] Level 1:colcon.colcon_core.package_identification:_identify(g1/scripts/basic) by extension 'ignore'
[0.447s] Level 1:colcon.colcon_core.package_identification:_identify(g1/scripts/basic) by extension 'ignore_ament_install'
[0.447s] Level 1:colcon.colcon_core.package_identification:_identify(g1/scripts/basic) by extensions ['colcon_pkg']
[0.447s] Level 1:colcon.colcon_core.package_identification:_identify(g1/scripts/basic) by extension 'colcon_pkg'
[0.447s] Level 1:colcon.colcon_core.package_identification:_identify(g1/scripts/basic) by extensions ['colcon_meta']
[0.447s] Level 1:colcon.colcon_core.package_identification:_identify(g1/scripts/basic) by extension 'colcon_meta'
[0.447s] Level 1:colcon.colcon_core.package_identification:_identify(g1/scripts/basic) by extensions ['ros']
[0.447s] Level 1:colcon.colcon_core.package_identification:_identify(g1/scripts/basic) by extension 'ros'
[0.447s] Level 1:colcon.colcon_core.package_identification:_identify(g1/scripts/basic) by extensions ['cmake', 'python']
[0.447s] Level 1:colcon.colcon_core.package_identification:_identify(g1/scripts/basic) by extension 'cmake'
[0.447s] Level 1:colcon.colcon_core.package_identification:_identify(g1/scripts/basic) by extension 'python'
[0.447s] Level 1:colcon.colcon_core.package_identification:_identify(g1/scripts/basic) by extensions ['python_setup_py']
[0.447s] Level 1:colcon.colcon_core.package_identification:_identify(g1/scripts/basic) by extension 'python_setup_py'
[0.447s] Level 1:colcon.colcon_core.package_identification:_identify(g1/scripts/basic/audio) by extensions ['ignore', 'ignore_ament_install']
[0.447s] Level 1:colcon.colcon_core.package_identification:_identify(g1/scripts/basic/audio) by extension 'ignore'
[0.447s] Level 1:colcon.colcon_core.package_identification:_identify(g1/scripts/basic/audio) by extension 'ignore_ament_install'
[0.447s] Level 1:colcon.colcon_core.package_identification:_identify(g1/scripts/basic/audio) by extensions ['colcon_pkg']
[0.447s] Level 1:colcon.colcon_core.package_identification:_identify(g1/scripts/basic/audio) by extension 'colcon_pkg'
[0.447s] Level 1:colcon.colcon_core.package_identification:_identify(g1/scripts/basic/audio) by extensions ['colcon_meta']
[0.447s] Level 1:colcon.colcon_core.package_identification:_identify(g1/scripts/basic/audio) by extension 'colcon_meta'
[0.447s] Level 1:colcon.colcon_core.package_identification:_identify(g1/scripts/basic/audio) by extensions ['ros']
[0.447s] Level 1:colcon.colcon_core.package_identification:_identify(g1/scripts/basic/audio) by extension 'ros'
[0.448s] Level 1:colcon.colcon_core.package_identification:_identify(g1/scripts/basic/audio) by extensions ['cmake', 'python']
[0.448s] Level 1:colcon.colcon_core.package_identification:_identify(g1/scripts/basic/audio) by extension 'cmake'
[0.448s] Level 1:colcon.colcon_core.package_identification:_identify(g1/scripts/basic/audio) by extension 'python'
[0.448s] Level 1:colcon.colcon_core.package_identification:_identify(g1/scripts/basic/audio) by extensions ['python_setup_py']
[0.448s] Level 1:colcon.colcon_core.package_identification:_identify(g1/scripts/basic/audio) by extension 'python_setup_py'
[0.448s] Level 1:colcon.colcon_core.package_identification:_identify(g1/scripts/basic/headlight_client) by extensions ['ignore', 'ignore_ament_install']
[0.448s] Level 1:colcon.colcon_core.package_identification:_identify(g1/scripts/basic/headlight_client) by extension 'ignore'
[0.448s] Level 1:colcon.colcon_core.package_identification:_identify(g1/scripts/basic/headlight_client) by extension 'ignore_ament_install'
[0.448s] Level 1:colcon.colcon_core.package_identification:_identify(g1/scripts/basic/headlight_client) by extensions ['colcon_pkg']
[0.448s] Level 1:colcon.colcon_core.package_identification:_identify(g1/scripts/basic/headlight_client) by extension 'colcon_pkg'
[0.448s] Level 1:colcon.colcon_core.package_identification:_identify(g1/scripts/basic/headlight_client) by extensions ['colcon_meta']
[0.448s] Level 1:colcon.colcon_core.package_identification:_identify(g1/scripts/basic/headlight_client) by extension 'colcon_meta'
[0.448s] Level 1:colcon.colcon_core.package_identification:_identify(g1/scripts/basic/headlight_client) by extensions ['ros']
[0.448s] Level 1:colcon.colcon_core.package_identification:_identify(g1/scripts/basic/headlight_client) by extension 'ros'
[0.448s] Level 1:colcon.colcon_core.package_identification:_identify(g1/scripts/basic/headlight_client) by extensions ['cmake', 'python']
[0.448s] Level 1:colcon.colcon_core.package_identification:_identify(g1/scripts/basic/headlight_client) by extension 'cmake'
[0.448s] Level 1:colcon.colcon_core.package_identification:_identify(g1/scripts/basic/headlight_client) by extension 'python'
[0.448s] Level 1:colcon.colcon_core.package_identification:_identify(g1/scripts/basic/headlight_client) by extensions ['python_setup_py']
[0.448s] Level 1:colcon.colcon_core.package_identification:_identify(g1/scripts/basic/headlight_client) by extension 'python_setup_py'
[0.448s] Level 1:colcon.colcon_core.package_identification:_identify(g1/scripts/basic/safety) by extensions ['ignore', 'ignore_ament_install']
[0.449s] Level 1:colcon.colcon_core.package_identification:_identify(g1/scripts/basic/safety) by extension 'ignore'
[0.449s] Level 1:colcon.colcon_core.package_identification:_identify(g1/scripts/basic/safety) by extension 'ignore_ament_install'
[0.449s] Level 1:colcon.colcon_core.package_identification:_identify(g1/scripts/basic/safety) by extensions ['colcon_pkg']
[0.449s] Level 1:colcon.colcon_core.package_identification:_identify(g1/scripts/basic/safety) by extension 'colcon_pkg'
[0.449s] Level 1:colcon.colcon_core.package_identification:_identify(g1/scripts/basic/safety) by extensions ['colcon_meta']
[0.449s] Level 1:colcon.colcon_core.package_identification:_identify(g1/scripts/basic/safety) by extension 'colcon_meta'
[0.449s] Level 1:colcon.colcon_core.package_identification:_identify(g1/scripts/basic/safety) by extensions ['ros']
[0.449s] Level 1:colcon.colcon_core.package_identification:_identify(g1/scripts/basic/safety) by extension 'ros'
[0.449s] Level 1:colcon.colcon_core.package_identification:_identify(g1/scripts/basic/safety) by extensions ['cmake', 'python']
[0.449s] Level 1:colcon.colcon_core.package_identification:_identify(g1/scripts/basic/safety) by extension 'cmake'
[0.449s] Level 1:colcon.colcon_core.package_identification:_identify(g1/scripts/basic/safety) by extension 'python'
[0.449s] Level 1:colcon.colcon_core.package_identification:_identify(g1/scripts/basic/safety) by extensions ['python_setup_py']
[0.449s] Level 1:colcon.colcon_core.package_identification:_identify(g1/scripts/basic/safety) by extension 'python_setup_py'
[0.449s] Level 1:colcon.colcon_core.package_identification:_identify(g1/scripts/dev) by extensions ['ignore', 'ignore_ament_install']
[0.449s] Level 1:colcon.colcon_core.package_identification:_identify(g1/scripts/dev) by extension 'ignore'
[0.449s] Level 1:colcon.colcon_core.package_identification:_identify(g1/scripts/dev) by extension 'ignore_ament_install'
[0.449s] Level 1:colcon.colcon_core.package_identification:_identify(g1/scripts/dev) by extensions ['colcon_pkg']
[0.449s] Level 1:colcon.colcon_core.package_identification:_identify(g1/scripts/dev) by extension 'colcon_pkg'
[0.449s] Level 1:colcon.colcon_core.package_identification:_identify(g1/scripts/dev) by extensions ['colcon_meta']
[0.449s] Level 1:colcon.colcon_core.package_identification:_identify(g1/scripts/dev) by extension 'colcon_meta'
[0.449s] Level 1:colcon.colcon_core.package_identification:_identify(g1/scripts/dev) by extensions ['ros']
[0.449s] Level 1:colcon.colcon_core.package_identification:_identify(g1/scripts/dev) by extension 'ros'
[0.450s] Level 1:colcon.colcon_core.package_identification:_identify(g1/scripts/dev) by extensions ['cmake', 'python']
[0.450s] Level 1:colcon.colcon_core.package_identification:_identify(g1/scripts/dev) by extension 'cmake'
[0.450s] Level 1:colcon.colcon_core.package_identification:_identify(g1/scripts/dev) by extension 'python'
[0.450s] Level 1:colcon.colcon_core.package_identification:_identify(g1/scripts/dev) by extensions ['python_setup_py']
[0.450s] Level 1:colcon.colcon_core.package_identification:_identify(g1/scripts/dev) by extension 'python_setup_py'
[0.450s] Level 1:colcon.colcon_core.package_identification:_identify(g1/scripts/dev/VLA) by extensions ['ignore', 'ignore_ament_install']
[0.450s] Level 1:colcon.colcon_core.package_identification:_identify(g1/scripts/dev/VLA) by extension 'ignore'
[0.450s] Level 1:colcon.colcon_core.package_identification:_identify(g1/scripts/dev/VLA) by extension 'ignore_ament_install'
[0.450s] Level 1:colcon.colcon_core.package_identification:_identify(g1/scripts/dev/VLA) by extensions ['colcon_pkg']
[0.450s] Level 1:colcon.colcon_core.package_identification:_identify(g1/scripts/dev/VLA) by extension 'colcon_pkg'
[0.450s] Level 1:colcon.colcon_core.package_identification:_identify(g1/scripts/dev/VLA) by extensions ['colcon_meta']
[0.450s] Level 1:colcon.colcon_core.package_identification:_identify(g1/scripts/dev/VLA) by extension 'colcon_meta'
[0.450s] Level 1:colcon.colcon_core.package_identification:_identify(g1/scripts/dev/VLA) by extensions ['ros']
[0.450s] Level 1:colcon.colcon_core.package_identification:_identify(g1/scripts/dev/VLA) by extension 'ros'
[0.450s] Level 1:colcon.colcon_core.package_identification:_identify(g1/scripts/dev/VLA) by extensions ['cmake', 'python']
[0.450s] Level 1:colcon.colcon_core.package_identification:_identify(g1/scripts/dev/VLA) by extension 'cmake'
[0.450s] Level 1:colcon.colcon_core.package_identification:_identify(g1/scripts/dev/VLA) by extension 'python'
[0.450s] Level 1:colcon.colcon_core.package_identification:_identify(g1/scripts/dev/VLA) by extensions ['python_setup_py']
[0.450s] Level 1:colcon.colcon_core.package_identification:_identify(g1/scripts/dev/VLA) by extension 'python_setup_py'
[0.450s] Level 1:colcon.colcon_core.package_identification:_identify(g1/scripts/dev/VLA/stack2) by extensions ['ignore', 'ignore_ament_install']
[0.450s] Level 1:colcon.colcon_core.package_identification:_identify(g1/scripts/dev/VLA/stack2) by extension 'ignore'
[0.451s] Level 1:colcon.colcon_core.package_identification:_identify(g1/scripts/dev/VLA/stack2) by extension 'ignore_ament_install'
[0.451s] Level 1:colcon.colcon_core.package_identification:_identify(g1/scripts/dev/VLA/stack2) by extensions ['colcon_pkg']
[0.451s] Level 1:colcon.colcon_core.package_identification:_identify(g1/scripts/dev/VLA/stack2) by extension 'colcon_pkg'
[0.451s] Level 1:colcon.colcon_core.package_identification:_identify(g1/scripts/dev/VLA/stack2) by extensions ['colcon_meta']
[0.451s] Level 1:colcon.colcon_core.package_identification:_identify(g1/scripts/dev/VLA/stack2) by extension 'colcon_meta'
[0.451s] Level 1:colcon.colcon_core.package_identification:_identify(g1/scripts/dev/VLA/stack2) by extensions ['ros']
[0.451s] Level 1:colcon.colcon_core.package_identification:_identify(g1/scripts/dev/VLA/stack2) by extension 'ros'
[0.451s] Level 1:colcon.colcon_core.package_identification:_identify(g1/scripts/dev/VLA/stack2) by extensions ['cmake', 'python']
[0.451s] Level 1:colcon.colcon_core.package_identification:_identify(g1/scripts/dev/VLA/stack2) by extension 'cmake'
[0.451s] Level 1:colcon.colcon_core.package_identification:_identify(g1/scripts/dev/VLA/stack2) by extension 'python'
[0.451s] Level 1:colcon.colcon_core.package_identification:_identify(g1/scripts/dev/VLA/stack2) by extensions ['python_setup_py']
[0.451s] Level 1:colcon.colcon_core.package_identification:_identify(g1/scripts/dev/VLA/stack2) by extension 'python_setup_py'
[0.451s] Level 1:colcon.colcon_core.package_identification:_identify(g1/scripts/dev/VLA/stack_1) by extensions ['ignore', 'ignore_ament_install']
[0.451s] Level 1:colcon.colcon_core.package_identification:_identify(g1/scripts/dev/VLA/stack_1) by extension 'ignore'
[0.451s] Level 1:colcon.colcon_core.package_identification:_identify(g1/scripts/dev/VLA/stack_1) by extension 'ignore_ament_install'
[0.451s] Level 1:colcon.colcon_core.package_identification:_identify(g1/scripts/dev/VLA/stack_1) by extensions ['colcon_pkg']
[0.451s] Level 1:colcon.colcon_core.package_identification:_identify(g1/scripts/dev/VLA/stack_1) by extension 'colcon_pkg'
[0.451s] Level 1:colcon.colcon_core.package_identification:_identify(g1/scripts/dev/VLA/stack_1) by extensions ['colcon_meta']
[0.451s] Level 1:colcon.colcon_core.package_identification:_identify(g1/scripts/dev/VLA/stack_1) by extension 'colcon_meta'
[0.452s] Level 1:colcon.colcon_core.package_identification:_identify(g1/scripts/dev/VLA/stack_1) by extensions ['ros']
[0.452s] Level 1:colcon.colcon_core.package_identification:_identify(g1/scripts/dev/VLA/stack_1) by extension 'ros'
[0.452s] Level 1:colcon.colcon_core.package_identification:_identify(g1/scripts/dev/VLA/stack_1) by extensions ['cmake', 'python']
[0.452s] Level 1:colcon.colcon_core.package_identification:_identify(g1/scripts/dev/VLA/stack_1) by extension 'cmake'
[0.452s] Level 1:colcon.colcon_core.package_identification:_identify(g1/scripts/dev/VLA/stack_1) by extension 'python'
[0.452s] Level 1:colcon.colcon_core.package_identification:_identify(g1/scripts/dev/VLA/stack_1) by extensions ['python_setup_py']
[0.452s] Level 1:colcon.colcon_core.package_identification:_identify(g1/scripts/dev/VLA/stack_1) by extension 'python_setup_py'
[0.452s] Level 1:colcon.colcon_core.package_identification:_identify(g1/scripts/dev/imitation) by extensions ['ignore', 'ignore_ament_install']
[0.452s] Level 1:colcon.colcon_core.package_identification:_identify(g1/scripts/dev/imitation) by extension 'ignore'
[0.452s] Level 1:colcon.colcon_core.package_identification:_identify(g1/scripts/dev/imitation) by extension 'ignore_ament_install'
[0.452s] Level 1:colcon.colcon_core.package_identification:_identify(g1/scripts/dev/imitation) by extensions ['colcon_pkg']
[0.452s] Level 1:colcon.colcon_core.package_identification:_identify(g1/scripts/dev/imitation) by extension 'colcon_pkg'
[0.452s] Level 1:colcon.colcon_core.package_identification:_identify(g1/scripts/dev/imitation) by extensions ['colcon_meta']
[0.452s] Level 1:colcon.colcon_core.package_identification:_identify(g1/scripts/dev/imitation) by extension 'colcon_meta'
[0.452s] Level 1:colcon.colcon_core.package_identification:_identify(g1/scripts/dev/imitation) by extensions ['ros']
[0.452s] Level 1:colcon.colcon_core.package_identification:_identify(g1/scripts/dev/imitation) by extension 'ros'
[0.452s] Level 1:colcon.colcon_core.package_identification:_identify(g1/scripts/dev/imitation) by extensions ['cmake', 'python']
[0.452s] Level 1:colcon.colcon_core.package_identification:_identify(g1/scripts/dev/imitation) by extension 'cmake'
[0.452s] Level 1:colcon.colcon_core.package_identification:_identify(g1/scripts/dev/imitation) by extension 'python'
[0.453s] Level 1:colcon.colcon_core.package_identification:_identify(g1/scripts/dev/imitation) by extensions ['python_setup_py']
[0.453s] Level 1:colcon.colcon_core.package_identification:_identify(g1/scripts/dev/imitation) by extension 'python_setup_py'
[0.453s] Level 1:colcon.colcon_core.package_identification:_identify(g1/scripts/dev/imitation/stack_1) by extensions ['ignore', 'ignore_ament_install']
[0.453s] Level 1:colcon.colcon_core.package_identification:_identify(g1/scripts/dev/imitation/stack_1) by extension 'ignore'
[0.453s] Level 1:colcon.colcon_core.package_identification:_identify(g1/scripts/dev/imitation/stack_1) by extension 'ignore_ament_install'
[0.453s] Level 1:colcon.colcon_core.package_identification:_identify(g1/scripts/dev/imitation/stack_1) by extensions ['colcon_pkg']
[0.453s] Level 1:colcon.colcon_core.package_identification:_identify(g1/scripts/dev/imitation/stack_1) by extension 'colcon_pkg'
[0.453s] Level 1:colcon.colcon_core.package_identification:_identify(g1/scripts/dev/imitation/stack_1) by extensions ['colcon_meta']
[0.453s] Level 1:colcon.colcon_core.package_identification:_identify(g1/scripts/dev/imitation/stack_1) by extension 'colcon_meta'
[0.453s] Level 1:colcon.colcon_core.package_identification:_identify(g1/scripts/dev/imitation/stack_1) by extensions ['ros']
[0.453s] Level 1:colcon.colcon_core.package_identification:_identify(g1/scripts/dev/imitation/stack_1) by extension 'ros'
[0.453s] Level 1:colcon.colcon_core.package_identification:_identify(g1/scripts/dev/imitation/stack_1) by extensions ['cmake', 'python']
[0.453s] Level 1:colcon.colcon_core.package_identification:_identify(g1/scripts/dev/imitation/stack_1) by extension 'cmake'
[0.453s] Level 1:colcon.colcon_core.package_identification:_identify(g1/scripts/dev/imitation/stack_1) by extension 'python'
[0.453s] Level 1:colcon.colcon_core.package_identification:_identify(g1/scripts/dev/imitation/stack_1) by extensions ['python_setup_py']
[0.453s] Level 1:colcon.colcon_core.package_identification:_identify(g1/scripts/dev/imitation/stack_1) by extension 'python_setup_py'
[0.453s] Level 1:colcon.colcon_core.package_identification:_identify(g1/scripts/ef_ws) by extensions ['ignore', 'ignore_ament_install']
[0.453s] Level 1:colcon.colcon_core.package_identification:_identify(g1/scripts/ef_ws) by extension 'ignore'
[0.453s] Level 1:colcon.colcon_core.package_identification:_identify(g1/scripts/ef_ws) by extension 'ignore_ament_install'
[0.453s] Level 1:colcon.colcon_core.package_identification:_identify(g1/scripts/ef_ws) by extensions ['colcon_pkg']
[0.454s] Level 1:colcon.colcon_core.package_identification:_identify(g1/scripts/ef_ws) by extension 'colcon_pkg'
[0.454s] Level 1:colcon.colcon_core.package_identification:_identify(g1/scripts/ef_ws) by extensions ['colcon_meta']
[0.454s] Level 1:colcon.colcon_core.package_identification:_identify(g1/scripts/ef_ws) by extension 'colcon_meta'
[0.454s] Level 1:colcon.colcon_core.package_identification:_identify(g1/scripts/ef_ws) by extensions ['ros']
[0.454s] Level 1:colcon.colcon_core.package_identification:_identify(g1/scripts/ef_ws) by extension 'ros'
[0.454s] Level 1:colcon.colcon_core.package_identification:_identify(g1/scripts/ef_ws) by extensions ['cmake', 'python']
[0.454s] Level 1:colcon.colcon_core.package_identification:_identify(g1/scripts/ef_ws) by extension 'cmake'
[0.454s] Level 1:colcon.colcon_core.package_identification:_identify(g1/scripts/ef_ws) by extension 'python'
[0.454s] Level 1:colcon.colcon_core.package_identification:_identify(g1/scripts/ef_ws) by extensions ['python_setup_py']
[0.454s] Level 1:colcon.colcon_core.package_identification:_identify(g1/scripts/ef_ws) by extension 'python_setup_py'
[0.454s] Level 1:colcon.colcon_core.package_identification:_identify(g1/scripts/navigation) by extensions ['ignore', 'ignore_ament_install']
[0.454s] Level 1:colcon.colcon_core.package_identification:_identify(g1/scripts/navigation) by extension 'ignore'
[0.454s] Level 1:colcon.colcon_core.package_identification:_identify(g1/scripts/navigation) by extension 'ignore_ament_install'
[0.454s] Level 1:colcon.colcon_core.package_identification:_identify(g1/scripts/navigation) by extensions ['colcon_pkg']
[0.454s] Level 1:colcon.colcon_core.package_identification:_identify(g1/scripts/navigation) by extension 'colcon_pkg'
[0.454s] Level 1:colcon.colcon_core.package_identification:_identify(g1/scripts/navigation) by extensions ['colcon_meta']
[0.454s] Level 1:colcon.colcon_core.package_identification:_identify(g1/scripts/navigation) by extension 'colcon_meta'
[0.454s] Level 1:colcon.colcon_core.package_identification:_identify(g1/scripts/navigation) by extensions ['ros']
[0.454s] Level 1:colcon.colcon_core.package_identification:_identify(g1/scripts/navigation) by extension 'ros'
[0.454s] Level 1:colcon.colcon_core.package_identification:_identify(g1/scripts/navigation) by extensions ['cmake', 'python']
[0.454s] Level 1:colcon.colcon_core.package_identification:_identify(g1/scripts/navigation) by extension 'cmake'
[0.454s] Level 1:colcon.colcon_core.package_identification:_identify(g1/scripts/navigation) by extension 'python'
[0.454s] Level 1:colcon.colcon_core.package_identification:_identify(g1/scripts/navigation) by extensions ['python_setup_py']
[0.454s] Level 1:colcon.colcon_core.package_identification:_identify(g1/scripts/navigation) by extension 'python_setup_py'
[0.454s] Level 1:colcon.colcon_core.package_identification:_identify(g1/scripts/navigation/obstacle_avoidance) by extensions ['ignore', 'ignore_ament_install']
[0.455s] Level 1:colcon.colcon_core.package_identification:_identify(g1/scripts/navigation/obstacle_avoidance) by extension 'ignore'
[0.455s] Level 1:colcon.colcon_core.package_identification:_identify(g1/scripts/navigation/obstacle_avoidance) by extension 'ignore_ament_install'
[0.455s] Level 1:colcon.colcon_core.package_identification:_identify(g1/scripts/navigation/obstacle_avoidance) by extensions ['colcon_pkg']
[0.455s] Level 1:colcon.colcon_core.package_identification:_identify(g1/scripts/navigation/obstacle_avoidance) by extension 'colcon_pkg'
[0.455s] Level 1:colcon.colcon_core.package_identification:_identify(g1/scripts/navigation/obstacle_avoidance) by extensions ['colcon_meta']
[0.455s] Level 1:colcon.colcon_core.package_identification:_identify(g1/scripts/navigation/obstacle_avoidance) by extension 'colcon_meta'
[0.455s] Level 1:colcon.colcon_core.package_identification:_identify(g1/scripts/navigation/obstacle_avoidance) by extensions ['ros']
[0.455s] Level 1:colcon.colcon_core.package_identification:_identify(g1/scripts/navigation/obstacle_avoidance) by extension 'ros'
[0.455s] Level 1:colcon.colcon_core.package_identification:_identify(g1/scripts/navigation/obstacle_avoidance) by extensions ['cmake', 'python']
[0.455s] Level 1:colcon.colcon_core.package_identification:_identify(g1/scripts/navigation/obstacle_avoidance) by extension 'cmake'
[0.455s] Level 1:colcon.colcon_core.package_identification:_identify(g1/scripts/navigation/obstacle_avoidance) by extension 'python'
[0.455s] Level 1:colcon.colcon_core.package_identification:_identify(g1/scripts/navigation/obstacle_avoidance) by extensions ['python_setup_py']
[0.455s] Level 1:colcon.colcon_core.package_identification:_identify(g1/scripts/navigation/obstacle_avoidance) by extension 'python_setup_py'
[0.455s] Level 1:colcon.colcon_core.package_identification:_identify(g1/scripts/navigation/obstacle_avoidance/maps) by extensions ['ignore', 'ignore_ament_install']
[0.455s] Level 1:colcon.colcon_core.package_identification:_identify(g1/scripts/navigation/obstacle_avoidance/maps) by extension 'ignore'
[0.455s] Level 1:colcon.colcon_core.package_identification:_identify(g1/scripts/navigation/obstacle_avoidance/maps) by extension 'ignore_ament_install'
[0.455s] Level 1:colcon.colcon_core.package_identification:_identify(g1/scripts/navigation/obstacle_avoidance/maps) by extensions ['colcon_pkg']
[0.455s] Level 1:colcon.colcon_core.package_identification:_identify(g1/scripts/navigation/obstacle_avoidance/maps) by extension 'colcon_pkg'
[0.455s] Level 1:colcon.colcon_core.package_identification:_identify(g1/scripts/navigation/obstacle_avoidance/maps) by extensions ['colcon_meta']
[0.455s] Level 1:colcon.colcon_core.package_identification:_identify(g1/scripts/navigation/obstacle_avoidance/maps) by extension 'colcon_meta'
[0.455s] Level 1:colcon.colcon_core.package_identification:_identify(g1/scripts/navigation/obstacle_avoidance/maps) by extensions ['ros']
[0.455s] Level 1:colcon.colcon_core.package_identification:_identify(g1/scripts/navigation/obstacle_avoidance/maps) by extension 'ros'
[0.455s] Level 1:colcon.colcon_core.package_identification:_identify(g1/scripts/navigation/obstacle_avoidance/maps) by extensions ['cmake', 'python']
[0.455s] Level 1:colcon.colcon_core.package_identification:_identify(g1/scripts/navigation/obstacle_avoidance/maps) by extension 'cmake'
[0.455s] Level 1:colcon.colcon_core.package_identification:_identify(g1/scripts/navigation/obstacle_avoidance/maps) by extension 'python'
[0.455s] Level 1:colcon.colcon_core.package_identification:_identify(g1/scripts/navigation/obstacle_avoidance/maps) by extensions ['python_setup_py']
[0.456s] Level 1:colcon.colcon_core.package_identification:_identify(g1/scripts/navigation/obstacle_avoidance/maps) by extension 'python_setup_py'
[0.456s] Level 1:colcon.colcon_core.package_identification:_identify(g1/scripts/navigation/obstacle_avoidance/safety) by extensions ['ignore', 'ignore_ament_install']
[0.456s] Level 1:colcon.colcon_core.package_identification:_identify(g1/scripts/navigation/obstacle_avoidance/safety) by extension 'ignore'
[0.456s] Level 1:colcon.colcon_core.package_identification:_identify(g1/scripts/navigation/obstacle_avoidance/safety) by extension 'ignore_ament_install'
[0.456s] Level 1:colcon.colcon_core.package_identification:_identify(g1/scripts/navigation/obstacle_avoidance/safety) by extensions ['colcon_pkg']
[0.456s] Level 1:colcon.colcon_core.package_identification:_identify(g1/scripts/navigation/obstacle_avoidance/safety) by extension 'colcon_pkg'
[0.456s] Level 1:colcon.colcon_core.package_identification:_identify(g1/scripts/navigation/obstacle_avoidance/safety) by extensions ['colcon_meta']
[0.456s] Level 1:colcon.colcon_core.package_identification:_identify(g1/scripts/navigation/obstacle_avoidance/safety) by extension 'colcon_meta'
[0.456s] Level 1:colcon.colcon_core.package_identification:_identify(g1/scripts/navigation/obstacle_avoidance/safety) by extensions ['ros']
[0.456s] Level 1:colcon.colcon_core.package_identification:_identify(g1/scripts/navigation/obstacle_avoidance/safety) by extension 'ros'
[0.456s] Level 1:colcon.colcon_core.package_identification:_identify(g1/scripts/navigation/obstacle_avoidance/safety) by extensions ['cmake', 'python']
[0.456s] Level 1:colcon.colcon_core.package_identification:_identify(g1/scripts/navigation/obstacle_avoidance/safety) by extension 'cmake'
[0.456s] Level 1:colcon.colcon_core.package_identification:_identify(g1/scripts/navigation/obstacle_avoidance/safety) by extension 'python'
[0.456s] Level 1:colcon.colcon_core.package_identification:_identify(g1/scripts/navigation/obstacle_avoidance/safety) by extensions ['python_setup_py']
[0.456s] Level 1:colcon.colcon_core.package_identification:_identify(g1/scripts/navigation/obstacle_avoidance/safety) by extension 'python_setup_py'
[0.456s] Level 1:colcon.colcon_core.package_identification:_identify(g1/scripts/navigation/obstacle_avoidance/slam_sdk_example) by extensions ['ignore', 'ignore_ament_install']
[0.456s] Level 1:colcon.colcon_core.package_identification:_identify(g1/scripts/navigation/obstacle_avoidance/slam_sdk_example) by extension 'ignore'
[0.456s] Level 1:colcon.colcon_core.package_identification:_identify(g1/scripts/navigation/obstacle_avoidance/slam_sdk_example) by extension 'ignore_ament_install'
[0.456s] Level 1:colcon.colcon_core.package_identification:_identify(g1/scripts/navigation/obstacle_avoidance/slam_sdk_example) by extensions ['colcon_pkg']
[0.456s] Level 1:colcon.colcon_core.package_identification:_identify(g1/scripts/navigation/obstacle_avoidance/slam_sdk_example) by extension 'colcon_pkg'
[0.456s] Level 1:colcon.colcon_core.package_identification:_identify(g1/scripts/navigation/obstacle_avoidance/slam_sdk_example) by extensions ['colcon_meta']
[0.456s] Level 1:colcon.colcon_core.package_identification:_identify(g1/scripts/navigation/obstacle_avoidance/slam_sdk_example) by extension 'colcon_meta'
[0.456s] Level 1:colcon.colcon_core.package_identification:_identify(g1/scripts/navigation/obstacle_avoidance/slam_sdk_example) by extensions ['ros']
[0.456s] Level 1:colcon.colcon_core.package_identification:_identify(g1/scripts/navigation/obstacle_avoidance/slam_sdk_example) by extension 'ros'
[0.457s] Level 1:colcon.colcon_core.package_identification:_identify(g1/scripts/navigation/obstacle_avoidance/slam_sdk_example) by extensions ['cmake', 'python']
[0.457s] Level 1:colcon.colcon_core.package_identification:_identify(g1/scripts/navigation/obstacle_avoidance/slam_sdk_example) by extension 'cmake'
[0.457s] Level 1:colcon.colcon_core.package_identification:_identify(g1/scripts/navigation/obstacle_avoidance/slam_sdk_example) by extension 'python'
[0.457s] Level 1:colcon.colcon_core.package_identification:_identify(g1/scripts/navigation/obstacle_avoidance/slam_sdk_example) by extensions ['python_setup_py']
[0.457s] Level 1:colcon.colcon_core.package_identification:_identify(g1/scripts/navigation/obstacle_avoidance/slam_sdk_example) by extension 'python_setup_py'
[0.457s] Level 1:colcon.colcon_core.package_identification:_identify(g1/scripts/navigation/obstacle_avoidance/slam_sdk_example/example) by extensions ['ignore', 'ignore_ament_install']
[0.457s] Level 1:colcon.colcon_core.package_identification:_identify(g1/scripts/navigation/obstacle_avoidance/slam_sdk_example/example) by extension 'ignore'
[0.457s] Level 1:colcon.colcon_core.package_identification:_identify(g1/scripts/navigation/obstacle_avoidance/slam_sdk_example/example) by extension 'ignore_ament_install'
[0.457s] Level 1:colcon.colcon_core.package_identification:_identify(g1/scripts/navigation/obstacle_avoidance/slam_sdk_example/example) by extensions ['colcon_pkg']
[0.457s] Level 1:colcon.colcon_core.package_identification:_identify(g1/scripts/navigation/obstacle_avoidance/slam_sdk_example/example) by extension 'colcon_pkg'
[0.457s] Level 1:colcon.colcon_core.package_identification:_identify(g1/scripts/navigation/obstacle_avoidance/slam_sdk_example/example) by extensions ['colcon_meta']
[0.457s] Level 1:colcon.colcon_core.package_identification:_identify(g1/scripts/navigation/obstacle_avoidance/slam_sdk_example/example) by extension 'colcon_meta'
[0.457s] Level 1:colcon.colcon_core.package_identification:_identify(g1/scripts/navigation/obstacle_avoidance/slam_sdk_example/example) by extensions ['ros']
[0.457s] Level 1:colcon.colcon_core.package_identification:_identify(g1/scripts/navigation/obstacle_avoidance/slam_sdk_example/example) by extension 'ros'
[0.457s] Level 1:colcon.colcon_core.package_identification:_identify(g1/scripts/navigation/obstacle_avoidance/slam_sdk_example/example) by extensions ['cmake', 'python']
[0.457s] Level 1:colcon.colcon_core.package_identification:_identify(g1/scripts/navigation/obstacle_avoidance/slam_sdk_example/example) by extension 'cmake'
[0.460s] Level 1:colcon.colcon_core.package_identification:_identify(g1/scripts/navigation/obstacle_avoidance/slam_sdk_example/example) by extension 'python'
[0.460s] DEBUG:colcon.colcon_core.package_identification:Package 'g1/scripts/navigation/obstacle_avoidance/slam_sdk_example/example' with type 'cmake' and name 'slam_example'
[0.460s] Level 1:colcon.colcon_core.package_identification:_identify(g1/scripts/navigation/obstacle_avoidance/slam_sdk_example/rviz2) by extensions ['ignore', 'ignore_ament_install']
[0.460s] Level 1:colcon.colcon_core.package_identification:_identify(g1/scripts/navigation/obstacle_avoidance/slam_sdk_example/rviz2) by extension 'ignore'
[0.460s] Level 1:colcon.colcon_core.package_identification:_identify(g1/scripts/navigation/obstacle_avoidance/slam_sdk_example/rviz2) by extension 'ignore_ament_install'
[0.460s] Level 1:colcon.colcon_core.package_identification:_identify(g1/scripts/navigation/obstacle_avoidance/slam_sdk_example/rviz2) by extensions ['colcon_pkg']
[0.461s] Level 1:colcon.colcon_core.package_identification:_identify(g1/scripts/navigation/obstacle_avoidance/slam_sdk_example/rviz2) by extension 'colcon_pkg'
[0.461s] Level 1:colcon.colcon_core.package_identification:_identify(g1/scripts/navigation/obstacle_avoidance/slam_sdk_example/rviz2) by extensions ['colcon_meta']
[0.461s] Level 1:colcon.colcon_core.package_identification:_identify(g1/scripts/navigation/obstacle_avoidance/slam_sdk_example/rviz2) by extension 'colcon_meta'
[0.461s] Level 1:colcon.colcon_core.package_identification:_identify(g1/scripts/navigation/obstacle_avoidance/slam_sdk_example/rviz2) by extensions ['ros']
[0.461s] Level 1:colcon.colcon_core.package_identification:_identify(g1/scripts/navigation/obstacle_avoidance/slam_sdk_example/rviz2) by extension 'ros'
[0.461s] Level 1:colcon.colcon_core.package_identification:_identify(g1/scripts/navigation/obstacle_avoidance/slam_sdk_example/rviz2) by extensions ['cmake', 'python']
[0.461s] Level 1:colcon.colcon_core.package_identification:_identify(g1/scripts/navigation/obstacle_avoidance/slam_sdk_example/rviz2) by extension 'cmake'
[0.461s] Level 1:colcon.colcon_core.package_identification:_identify(g1/scripts/navigation/obstacle_avoidance/slam_sdk_example/rviz2) by extension 'python'
[0.461s] Level 1:colcon.colcon_core.package_identification:_identify(g1/scripts/navigation/obstacle_avoidance/slam_sdk_example/rviz2) by extensions ['python_setup_py']
[0.461s] Level 1:colcon.colcon_core.package_identification:_identify(g1/scripts/navigation/obstacle_avoidance/slam_sdk_example/rviz2) by extension 'python_setup_py'
[0.461s] Level 1:colcon.colcon_core.package_identification:_identify(g1/scripts/navigation/slam) by extensions ['ignore', 'ignore_ament_install']
[0.461s] Level 1:colcon.colcon_core.package_identification:_identify(g1/scripts/navigation/slam) by extension 'ignore'
[0.461s] Level 1:colcon.colcon_core.package_identification:_identify(g1/scripts/navigation/slam) by extension 'ignore_ament_install'
[0.461s] Level 1:colcon.colcon_core.package_identification:_identify(g1/scripts/navigation/slam) by extensions ['colcon_pkg']
[0.461s] Level 1:colcon.colcon_core.package_identification:_identify(g1/scripts/navigation/slam) by extension 'colcon_pkg'
[0.461s] Level 1:colcon.colcon_core.package_identification:_identify(g1/scripts/navigation/slam) by extensions ['colcon_meta']
[0.461s] Level 1:colcon.colcon_core.package_identification:_identify(g1/scripts/navigation/slam) by extension 'colcon_meta'
[0.461s] Level 1:colcon.colcon_core.package_identification:_identify(g1/scripts/navigation/slam) by extensions ['ros']
[0.461s] Level 1:colcon.colcon_core.package_identification:_identify(g1/scripts/navigation/slam) by extension 'ros'
[0.461s] Level 1:colcon.colcon_core.package_identification:_identify(g1/scripts/navigation/slam) by extensions ['cmake', 'python']
[0.461s] Level 1:colcon.colcon_core.package_identification:_identify(g1/scripts/navigation/slam) by extension 'cmake'
[0.461s] Level 1:colcon.colcon_core.package_identification:_identify(g1/scripts/navigation/slam) by extension 'python'
[0.462s] Level 1:colcon.colcon_core.package_identification:_identify(g1/scripts/navigation/slam) by extensions ['python_setup_py']
[0.462s] Level 1:colcon.colcon_core.package_identification:_identify(g1/scripts/navigation/slam) by extension 'python_setup_py'
[0.462s] Level 1:colcon.colcon_core.package_identification:_identify(g1/scripts/navigation/slam/logs) by extensions ['ignore', 'ignore_ament_install']
[0.462s] Level 1:colcon.colcon_core.package_identification:_identify(g1/scripts/navigation/slam/logs) by extension 'ignore'
[0.462s] Level 1:colcon.colcon_core.package_identification:_identify(g1/scripts/navigation/slam/logs) by extension 'ignore_ament_install'
[0.462s] Level 1:colcon.colcon_core.package_identification:_identify(g1/scripts/navigation/slam/logs) by extensions ['colcon_pkg']
[0.462s] Level 1:colcon.colcon_core.package_identification:_identify(g1/scripts/navigation/slam/logs) by extension 'colcon_pkg'
[0.462s] Level 1:colcon.colcon_core.package_identification:_identify(g1/scripts/navigation/slam/logs) by extensions ['colcon_meta']
[0.462s] Level 1:colcon.colcon_core.package_identification:_identify(g1/scripts/navigation/slam/logs) by extension 'colcon_meta'
[0.462s] Level 1:colcon.colcon_core.package_identification:_identify(g1/scripts/navigation/slam/logs) by extensions ['ros']
[0.462s] Level 1:colcon.colcon_core.package_identification:_identify(g1/scripts/navigation/slam/logs) by extension 'ros'
[0.462s] Level 1:colcon.colcon_core.package_identification:_identify(g1/scripts/navigation/slam/logs) by extensions ['cmake', 'python']
[0.462s] Level 1:colcon.colcon_core.package_identification:_identify(g1/scripts/navigation/slam/logs) by extension 'cmake'
[0.462s] Level 1:colcon.colcon_core.package_identification:_identify(g1/scripts/navigation/slam/logs) by extension 'python'
[0.462s] Level 1:colcon.colcon_core.package_identification:_identify(g1/scripts/navigation/slam/logs) by extensions ['python_setup_py']
[0.462s] Level 1:colcon.colcon_core.package_identification:_identify(g1/scripts/navigation/slam/logs) by extension 'python_setup_py'
[0.462s] Level 1:colcon.colcon_core.package_identification:_identify(g1/scripts/navigation/slam/maps) by extensions ['ignore', 'ignore_ament_install']
[0.462s] Level 1:colcon.colcon_core.package_identification:_identify(g1/scripts/navigation/slam/maps) by extension 'ignore'
[0.462s] Level 1:colcon.colcon_core.package_identification:_identify(g1/scripts/navigation/slam/maps) by extension 'ignore_ament_install'
[0.462s] Level 1:colcon.colcon_core.package_identification:_identify(g1/scripts/navigation/slam/maps) by extensions ['colcon_pkg']
[0.463s] Level 1:colcon.colcon_core.package_identification:_identify(g1/scripts/navigation/slam/maps) by extension 'colcon_pkg'
[0.463s] Level 1:colcon.colcon_core.package_identification:_identify(g1/scripts/navigation/slam/maps) by extensions ['colcon_meta']
[0.463s] Level 1:colcon.colcon_core.package_identification:_identify(g1/scripts/navigation/slam/maps) by extension 'colcon_meta'
[0.463s] Level 1:colcon.colcon_core.package_identification:_identify(g1/scripts/navigation/slam/maps) by extensions ['ros']
[0.463s] Level 1:colcon.colcon_core.package_identification:_identify(g1/scripts/navigation/slam/maps) by extension 'ros'
[0.463s] Level 1:colcon.colcon_core.package_identification:_identify(g1/scripts/navigation/slam/maps) by extensions ['cmake', 'python']
[0.463s] Level 1:colcon.colcon_core.package_identification:_identify(g1/scripts/navigation/slam/maps) by extension 'cmake'
[0.463s] Level 1:colcon.colcon_core.package_identification:_identify(g1/scripts/navigation/slam/maps) by extension 'python'
[0.463s] Level 1:colcon.colcon_core.package_identification:_identify(g1/scripts/navigation/slam/maps) by extensions ['python_setup_py']
[0.463s] Level 1:colcon.colcon_core.package_identification:_identify(g1/scripts/navigation/slam/maps) by extension 'python_setup_py'
[0.463s] Level 1:colcon.colcon_core.package_identification:_identify(g1/scripts/obj_detection) by extensions ['ignore', 'ignore_ament_install']
[0.463s] Level 1:colcon.colcon_core.package_identification:_identify(g1/scripts/obj_detection) by extension 'ignore'
[0.463s] Level 1:colcon.colcon_core.package_identification:_identify(g1/scripts/obj_detection) by extension 'ignore_ament_install'
[0.463s] Level 1:colcon.colcon_core.package_identification:_identify(g1/scripts/obj_detection) by extensions ['colcon_pkg']
[0.463s] Level 1:colcon.colcon_core.package_identification:_identify(g1/scripts/obj_detection) by extension 'colcon_pkg'
[0.463s] Level 1:colcon.colcon_core.package_identification:_identify(g1/scripts/obj_detection) by extensions ['colcon_meta']
[0.463s] Level 1:colcon.colcon_core.package_identification:_identify(g1/scripts/obj_detection) by extension 'colcon_meta'
[0.463s] Level 1:colcon.colcon_core.package_identification:_identify(g1/scripts/obj_detection) by extensions ['ros']
[0.463s] Level 1:colcon.colcon_core.package_identification:_identify(g1/scripts/obj_detection) by extension 'ros'
[0.464s] Level 1:colcon.colcon_core.package_identification:_identify(g1/scripts/obj_detection) by extensions ['cmake', 'python']
[0.464s] Level 1:colcon.colcon_core.package_identification:_identify(g1/scripts/obj_detection) by extension 'cmake'
[0.464s] Level 1:colcon.colcon_core.package_identification:_identify(g1/scripts/obj_detection) by extension 'python'
[0.464s] Level 1:colcon.colcon_core.package_identification:_identify(g1/scripts/obj_detection) by extensions ['python_setup_py']
[0.464s] Level 1:colcon.colcon_core.package_identification:_identify(g1/scripts/obj_detection) by extension 'python_setup_py'
[0.464s] Level 1:colcon.colcon_core.package_identification:_identify(g1/scripts/sensors) by extensions ['ignore', 'ignore_ament_install']
[0.464s] Level 1:colcon.colcon_core.package_identification:_identify(g1/scripts/sensors) by extension 'ignore'
[0.464s] Level 1:colcon.colcon_core.package_identification:_identify(g1/scripts/sensors) by extension 'ignore_ament_install'
[0.464s] Level 1:colcon.colcon_core.package_identification:_identify(g1/scripts/sensors) by extensions ['colcon_pkg']
[0.464s] Level 1:colcon.colcon_core.package_identification:_identify(g1/scripts/sensors) by extension 'colcon_pkg'
[0.464s] Level 1:colcon.colcon_core.package_identification:_identify(g1/scripts/sensors) by extensions ['colcon_meta']
[0.464s] Level 1:colcon.colcon_core.package_identification:_identify(g1/scripts/sensors) by extension 'colcon_meta'
[0.464s] Level 1:colcon.colcon_core.package_identification:_identify(g1/scripts/sensors) by extensions ['ros']
[0.464s] Level 1:colcon.colcon_core.package_identification:_identify(g1/scripts/sensors) by extension 'ros'
[0.464s] Level 1:colcon.colcon_core.package_identification:_identify(g1/scripts/sensors) by extensions ['cmake', 'python']
[0.464s] Level 1:colcon.colcon_core.package_identification:_identify(g1/scripts/sensors) by extension 'cmake'
[0.464s] Level 1:colcon.colcon_core.package_identification:_identify(g1/scripts/sensors) by extension 'python'
[0.464s] Level 1:colcon.colcon_core.package_identification:_identify(g1/scripts/sensors) by extensions ['python_setup_py']
[0.464s] Level 1:colcon.colcon_core.package_identification:_identify(g1/scripts/sensors) by extension 'python_setup_py'
[0.465s] Level 1:colcon.colcon_core.package_identification:_identify(g1/scripts/sensors/manual_streaming) by extensions ['ignore', 'ignore_ament_install']
[0.465s] Level 1:colcon.colcon_core.package_identification:_identify(g1/scripts/sensors/manual_streaming) by extension 'ignore'
[0.465s] Level 1:colcon.colcon_core.package_identification:_identify(g1/scripts/sensors/manual_streaming) by extension 'ignore_ament_install'
[0.465s] Level 1:colcon.colcon_core.package_identification:_identify(g1/scripts/sensors/manual_streaming) by extensions ['colcon_pkg']
[0.465s] Level 1:colcon.colcon_core.package_identification:_identify(g1/scripts/sensors/manual_streaming) by extension 'colcon_pkg'
[0.465s] Level 1:colcon.colcon_core.package_identification:_identify(g1/scripts/sensors/manual_streaming) by extensions ['colcon_meta']
[0.465s] Level 1:colcon.colcon_core.package_identification:_identify(g1/scripts/sensors/manual_streaming) by extension 'colcon_meta'
[0.465s] Level 1:colcon.colcon_core.package_identification:_identify(g1/scripts/sensors/manual_streaming) by extensions ['ros']
[0.465s] Level 1:colcon.colcon_core.package_identification:_identify(g1/scripts/sensors/manual_streaming) by extension 'ros'
[0.465s] Level 1:colcon.colcon_core.package_identification:_identify(g1/scripts/sensors/manual_streaming) by extensions ['cmake', 'python']
[0.465s] Level 1:colcon.colcon_core.package_identification:_identify(g1/scripts/sensors/manual_streaming) by extension 'cmake'
[0.466s] Level 1:colcon.colcon_core.package_identification:_identify(g1/scripts/sensors/manual_streaming) by extension 'python'
[0.466s] DEBUG:colcon.colcon_core.package_identification:Package 'g1/scripts/sensors/manual_streaming' with type 'cmake' and name 'tx_lidar'
[0.466s] Level 1:colcon.colcon_core.package_identification:_identify(g1/scripts/troubleshooting) by extensions ['ignore', 'ignore_ament_install']
[0.466s] Level 1:colcon.colcon_core.package_identification:_identify(g1/scripts/troubleshooting) by extension 'ignore'
[0.466s] Level 1:colcon.colcon_core.package_identification:_identify(g1/scripts/troubleshooting) by extension 'ignore_ament_install'
[0.466s] Level 1:colcon.colcon_core.package_identification:_identify(g1/scripts/troubleshooting) by extensions ['colcon_pkg']
[0.466s] Level 1:colcon.colcon_core.package_identification:_identify(g1/scripts/troubleshooting) by extension 'colcon_pkg'
[0.466s] Level 1:colcon.colcon_core.package_identification:_identify(g1/scripts/troubleshooting) by extensions ['colcon_meta']
[0.466s] Level 1:colcon.colcon_core.package_identification:_identify(g1/scripts/troubleshooting) by extension 'colcon_meta'
[0.466s] Level 1:colcon.colcon_core.package_identification:_identify(g1/scripts/troubleshooting) by extensions ['ros']
[0.466s] Level 1:colcon.colcon_core.package_identification:_identify(g1/scripts/troubleshooting) by extension 'ros'
[0.466s] Level 1:colcon.colcon_core.package_identification:_identify(g1/scripts/troubleshooting) by extensions ['cmake', 'python']
[0.466s] Level 1:colcon.colcon_core.package_identification:_identify(g1/scripts/troubleshooting) by extension 'cmake'
[0.466s] Level 1:colcon.colcon_core.package_identification:_identify(g1/scripts/troubleshooting) by extension 'python'
[0.466s] Level 1:colcon.colcon_core.package_identification:_identify(g1/scripts/troubleshooting) by extensions ['python_setup_py']
[0.466s] Level 1:colcon.colcon_core.package_identification:_identify(g1/scripts/troubleshooting) by extension 'python_setup_py'
[0.466s] Level 1:colcon.colcon_core.package_identification:_identify(g1/scripts/unifolm-vla_g1-main) by extensions ['ignore', 'ignore_ament_install']
[0.466s] Level 1:colcon.colcon_core.package_identification:_identify(g1/scripts/unifolm-vla_g1-main) by extension 'ignore'
[0.466s] Level 1:colcon.colcon_core.package_identification:_identify(g1/scripts/unifolm-vla_g1-main) by extension 'ignore_ament_install'
[0.466s] Level 1:colcon.colcon_core.package_identification:_identify(g1/scripts/unifolm-vla_g1-main) by extensions ['colcon_pkg']
[0.466s] Level 1:colcon.colcon_core.package_identification:_identify(g1/scripts/unifolm-vla_g1-main) by extension 'colcon_pkg'
[0.466s] Level 1:colcon.colcon_core.package_identification:_identify(g1/scripts/unifolm-vla_g1-main) by extensions ['colcon_meta']
[0.466s] Level 1:colcon.colcon_core.package_identification:_identify(g1/scripts/unifolm-vla_g1-main) by extension 'colcon_meta'
[0.466s] Level 1:colcon.colcon_core.package_identification:_identify(g1/scripts/unifolm-vla_g1-main) by extensions ['ros']
[0.466s] Level 1:colcon.colcon_core.package_identification:_identify(g1/scripts/unifolm-vla_g1-main) by extension 'ros'
[0.466s] Level 1:colcon.colcon_core.package_identification:_identify(g1/scripts/unifolm-vla_g1-main) by extensions ['cmake', 'python']
[0.466s] Level 1:colcon.colcon_core.package_identification:_identify(g1/scripts/unifolm-vla_g1-main) by extension 'cmake'
[0.466s] Level 1:colcon.colcon_core.package_identification:_identify(g1/scripts/unifolm-vla_g1-main) by extension 'python'
[0.467s] Level 1:colcon.colcon_core.package_identification:_identify(g1/scripts/unifolm-vla_g1-main) by extensions ['python_setup_py']
[0.467s] Level 1:colcon.colcon_core.package_identification:_identify(g1/scripts/unifolm-vla_g1-main) by extension 'python_setup_py'
[0.467s] Level 1:colcon.colcon_core.package_identification:_identify(g1/scripts/unifolm-vla_g1-main/assets) by extensions ['ignore', 'ignore_ament_install']
[0.467s] Level 1:colcon.colcon_core.package_identification:_identify(g1/scripts/unifolm-vla_g1-main/assets) by extension 'ignore'
[0.467s] Level 1:colcon.colcon_core.package_identification:_identify(g1/scripts/unifolm-vla_g1-main/assets) by extension 'ignore_ament_install'
[0.467s] Level 1:colcon.colcon_core.package_identification:_identify(g1/scripts/unifolm-vla_g1-main/assets) by extensions ['colcon_pkg']
[0.467s] Level 1:colcon.colcon_core.package_identification:_identify(g1/scripts/unifolm-vla_g1-main/assets) by extension 'colcon_pkg'
[0.467s] Level 1:colcon.colcon_core.package_identification:_identify(g1/scripts/unifolm-vla_g1-main/assets) by extensions ['colcon_meta']
[0.467s] Level 1:colcon.colcon_core.package_identification:_identify(g1/scripts/unifolm-vla_g1-main/assets) by extension 'colcon_meta'
[0.467s] Level 1:colcon.colcon_core.package_identification:_identify(g1/scripts/unifolm-vla_g1-main/assets) by extensions ['ros']
[0.467s] Level 1:colcon.colcon_core.package_identification:_identify(g1/scripts/unifolm-vla_g1-main/assets) by extension 'ros'
[0.467s] Level 1:colcon.colcon_core.package_identification:_identify(g1/scripts/unifolm-vla_g1-main/assets) by extensions ['cmake', 'python']
[0.467s] Level 1:colcon.colcon_core.package_identification:_identify(g1/scripts/unifolm-vla_g1-main/assets) by extension 'cmake'
[0.467s] Level 1:colcon.colcon_core.package_identification:_identify(g1/scripts/unifolm-vla_g1-main/assets) by extension 'python'
[0.467s] Level 1:colcon.colcon_core.package_identification:_identify(g1/scripts/unifolm-vla_g1-main/assets) by extensions ['python_setup_py']
[0.467s] Level 1:colcon.colcon_core.package_identification:_identify(g1/scripts/unifolm-vla_g1-main/assets) by extension 'python_setup_py'
[0.467s] Level 1:colcon.colcon_core.package_identification:_identify(g1/scripts/unifolm-vla_g1-main/assets/gif) by extensions ['ignore', 'ignore_ament_install']
[0.468s] Level 1:colcon.colcon_core.package_identification:_identify(g1/scripts/unifolm-vla_g1-main/assets/gif) by extension 'ignore'
[0.468s] Level 1:colcon.colcon_core.package_identification:_identify(g1/scripts/unifolm-vla_g1-main/assets/gif) by extension 'ignore_ament_install'
[0.468s] Level 1:colcon.colcon_core.package_identification:_identify(g1/scripts/unifolm-vla_g1-main/assets/gif) by extensions ['colcon_pkg']
[0.468s] Level 1:colcon.colcon_core.package_identification:_identify(g1/scripts/unifolm-vla_g1-main/assets/gif) by extension 'colcon_pkg'
[0.468s] Level 1:colcon.colcon_core.package_identification:_identify(g1/scripts/unifolm-vla_g1-main/assets/gif) by extensions ['colcon_meta']
[0.468s] Level 1:colcon.colcon_core.package_identification:_identify(g1/scripts/unifolm-vla_g1-main/assets/gif) by extension 'colcon_meta'
[0.468s] Level 1:colcon.colcon_core.package_identification:_identify(g1/scripts/unifolm-vla_g1-main/assets/gif) by extensions ['ros']
[0.468s] Level 1:colcon.colcon_core.package_identification:_identify(g1/scripts/unifolm-vla_g1-main/assets/gif) by extension 'ros'
[0.468s] Level 1:colcon.colcon_core.package_identification:_identify(g1/scripts/unifolm-vla_g1-main/assets/gif) by extensions ['cmake', 'python']
[0.468s] Level 1:colcon.colcon_core.package_identification:_identify(g1/scripts/unifolm-vla_g1-main/assets/gif) by extension 'cmake'
[0.468s] Level 1:colcon.colcon_core.package_identification:_identify(g1/scripts/unifolm-vla_g1-main/assets/gif) by extension 'python'
[0.468s] Level 1:colcon.colcon_core.package_identification:_identify(g1/scripts/unifolm-vla_g1-main/assets/gif) by extensions ['python_setup_py']
[0.468s] Level 1:colcon.colcon_core.package_identification:_identify(g1/scripts/unifolm-vla_g1-main/assets/gif) by extension 'python_setup_py'
[0.469s] Level 1:colcon.colcon_core.package_identification:_identify(g1/scripts/unifolm-vla_g1-main/deployment) by extensions ['ignore', 'ignore_ament_install']
[0.469s] Level 1:colcon.colcon_core.package_identification:_identify(g1/scripts/unifolm-vla_g1-main/deployment) by extension 'ignore'
[0.469s] Level 1:colcon.colcon_core.package_identification:_identify(g1/scripts/unifolm-vla_g1-main/deployment) by extension 'ignore_ament_install'
[0.469s] Level 1:colcon.colcon_core.package_identification:_identify(g1/scripts/unifolm-vla_g1-main/deployment) by extensions ['colcon_pkg']
[0.469s] Level 1:colcon.colcon_core.package_identification:_identify(g1/scripts/unifolm-vla_g1-main/deployment) by extension 'colcon_pkg'
[0.469s] Level 1:colcon.colcon_core.package_identification:_identify(g1/scripts/unifolm-vla_g1-main/deployment) by extensions ['colcon_meta']
[0.469s] Level 1:colcon.colcon_core.package_identification:_identify(g1/scripts/unifolm-vla_g1-main/deployment) by extension 'colcon_meta'
[0.469s] Level 1:colcon.colcon_core.package_identification:_identify(g1/scripts/unifolm-vla_g1-main/deployment) by extensions ['ros']
[0.469s] Level 1:colcon.colcon_core.package_identification:_identify(g1/scripts/unifolm-vla_g1-main/deployment) by extension 'ros'
[0.469s] Level 1:colcon.colcon_core.package_identification:_identify(g1/scripts/unifolm-vla_g1-main/deployment) by extensions ['cmake', 'python']
[0.469s] Level 1:colcon.colcon_core.package_identification:_identify(g1/scripts/unifolm-vla_g1-main/deployment) by extension 'cmake'
[0.470s] Level 1:colcon.colcon_core.package_identification:_identify(g1/scripts/unifolm-vla_g1-main/deployment) by extension 'python'
[0.470s] Level 1:colcon.colcon_core.package_identification:_identify(g1/scripts/unifolm-vla_g1-main/deployment) by extensions ['python_setup_py']
[0.470s] Level 1:colcon.colcon_core.package_identification:_identify(g1/scripts/unifolm-vla_g1-main/deployment) by extension 'python_setup_py'
[0.470s] Level 1:colcon.colcon_core.package_identification:_identify(g1/scripts/unifolm-vla_g1-main/deployment/model_server) by extensions ['ignore', 'ignore_ament_install']
[0.470s] Level 1:colcon.colcon_core.package_identification:_identify(g1/scripts/unifolm-vla_g1-main/deployment/model_server) by extension 'ignore'
[0.470s] Level 1:colcon.colcon_core.package_identification:_identify(g1/scripts/unifolm-vla_g1-main/deployment/model_server) by extension 'ignore_ament_install'
[0.470s] Level 1:colcon.colcon_core.package_identification:_identify(g1/scripts/unifolm-vla_g1-main/deployment/model_server) by extensions ['colcon_pkg']
[0.470s] Level 1:colcon.colcon_core.package_identification:_identify(g1/scripts/unifolm-vla_g1-main/deployment/model_server) by extension 'colcon_pkg'
[0.470s] Level 1:colcon.colcon_core.package_identification:_identify(g1/scripts/unifolm-vla_g1-main/deployment/model_server) by extensions ['colcon_meta']
[0.470s] Level 1:colcon.colcon_core.package_identification:_identify(g1/scripts/unifolm-vla_g1-main/deployment/model_server) by extension 'colcon_meta'
[0.470s] Level 1:colcon.colcon_core.package_identification:_identify(g1/scripts/unifolm-vla_g1-main/deployment/model_server) by extensions ['ros']
[0.470s] Level 1:colcon.colcon_core.package_identification:_identify(g1/scripts/unifolm-vla_g1-main/deployment/model_server) by extension 'ros'
[0.470s] Level 1:colcon.colcon_core.package_identification:_identify(g1/scripts/unifolm-vla_g1-main/deployment/model_server) by extensions ['cmake', 'python']
[0.470s] Level 1:colcon.colcon_core.package_identification:_identify(g1/scripts/unifolm-vla_g1-main/deployment/model_server) by extension 'cmake'
[0.470s] Level 1:colcon.colcon_core.package_identification:_identify(g1/scripts/unifolm-vla_g1-main/deployment/model_server) by extension 'python'
[0.470s] Level 1:colcon.colcon_core.package_identification:_identify(g1/scripts/unifolm-vla_g1-main/deployment/model_server) by extensions ['python_setup_py']
[0.470s] Level 1:colcon.colcon_core.package_identification:_identify(g1/scripts/unifolm-vla_g1-main/deployment/model_server) by extension 'python_setup_py'
[0.471s] Level 1:colcon.colcon_core.package_identification:_identify(g1/scripts/unifolm-vla_g1-main/experiments) by extensions ['ignore', 'ignore_ament_install']
[0.471s] Level 1:colcon.colcon_core.package_identification:_identify(g1/scripts/unifolm-vla_g1-main/experiments) by extension 'ignore'
[0.471s] Level 1:colcon.colcon_core.package_identification:_identify(g1/scripts/unifolm-vla_g1-main/experiments) by extension 'ignore_ament_install'
[0.471s] Level 1:colcon.colcon_core.package_identification:_identify(g1/scripts/unifolm-vla_g1-main/experiments) by extensions ['colcon_pkg']
[0.471s] Level 1:colcon.colcon_core.package_identification:_identify(g1/scripts/unifolm-vla_g1-main/experiments) by extension 'colcon_pkg'
[0.471s] Level 1:colcon.colcon_core.package_identification:_identify(g1/scripts/unifolm-vla_g1-main/experiments) by extensions ['colcon_meta']
[0.471s] Level 1:colcon.colcon_core.package_identification:_identify(g1/scripts/unifolm-vla_g1-main/experiments) by extension 'colcon_meta'
[0.471s] Level 1:colcon.colcon_core.package_identification:_identify(g1/scripts/unifolm-vla_g1-main/experiments) by extensions ['ros']
[0.471s] Level 1:colcon.colcon_core.package_identification:_identify(g1/scripts/unifolm-vla_g1-main/experiments) by extension 'ros'
[0.471s] Level 1:colcon.colcon_core.package_identification:_identify(g1/scripts/unifolm-vla_g1-main/experiments) by extensions ['cmake', 'python']
[0.471s] Level 1:colcon.colcon_core.package_identification:_identify(g1/scripts/unifolm-vla_g1-main/experiments) by extension 'cmake'
[0.471s] Level 1:colcon.colcon_core.package_identification:_identify(g1/scripts/unifolm-vla_g1-main/experiments) by extension 'python'
[0.471s] Level 1:colcon.colcon_core.package_identification:_identify(g1/scripts/unifolm-vla_g1-main/experiments) by extensions ['python_setup_py']
[0.471s] Level 1:colcon.colcon_core.package_identification:_identify(g1/scripts/unifolm-vla_g1-main/experiments) by extension 'python_setup_py'
[0.471s] Level 1:colcon.colcon_core.package_identification:_identify(g1/scripts/unifolm-vla_g1-main/experiments/LIBERO) by extensions ['ignore', 'ignore_ament_install']
[0.471s] Level 1:colcon.colcon_core.package_identification:_identify(g1/scripts/unifolm-vla_g1-main/experiments/LIBERO) by extension 'ignore'
[0.472s] Level 1:colcon.colcon_core.package_identification:_identify(g1/scripts/unifolm-vla_g1-main/experiments/LIBERO) by extension 'ignore_ament_install'
[0.472s] Level 1:colcon.colcon_core.package_identification:_identify(g1/scripts/unifolm-vla_g1-main/experiments/LIBERO) by extensions ['colcon_pkg']
[0.472s] Level 1:colcon.colcon_core.package_identification:_identify(g1/scripts/unifolm-vla_g1-main/experiments/LIBERO) by extension 'colcon_pkg'
[0.472s] Level 1:colcon.colcon_core.package_identification:_identify(g1/scripts/unifolm-vla_g1-main/experiments/LIBERO) by extensions ['colcon_meta']
[0.472s] Level 1:colcon.colcon_core.package_identification:_identify(g1/scripts/unifolm-vla_g1-main/experiments/LIBERO) by extension 'colcon_meta'
[0.472s] Level 1:colcon.colcon_core.package_identification:_identify(g1/scripts/unifolm-vla_g1-main/experiments/LIBERO) by extensions ['ros']
[0.472s] Level 1:colcon.colcon_core.package_identification:_identify(g1/scripts/unifolm-vla_g1-main/experiments/LIBERO) by extension 'ros'
[0.472s] Level 1:colcon.colcon_core.package_identification:_identify(g1/scripts/unifolm-vla_g1-main/experiments/LIBERO) by extensions ['cmake', 'python']
[0.472s] Level 1:colcon.colcon_core.package_identification:_identify(g1/scripts/unifolm-vla_g1-main/experiments/LIBERO) by extension 'cmake'
[0.472s] Level 1:colcon.colcon_core.package_identification:_identify(g1/scripts/unifolm-vla_g1-main/experiments/LIBERO) by extension 'python'
[0.472s] Level 1:colcon.colcon_core.package_identification:_identify(g1/scripts/unifolm-vla_g1-main/experiments/LIBERO) by extensions ['python_setup_py']
[0.472s] Level 1:colcon.colcon_core.package_identification:_identify(g1/scripts/unifolm-vla_g1-main/experiments/LIBERO) by extension 'python_setup_py'
[0.472s] Level 1:colcon.colcon_core.package_identification:_identify(g1/scripts/unifolm-vla_g1-main/experiments/logs) by extensions ['ignore', 'ignore_ament_install']
[0.472s] Level 1:colcon.colcon_core.package_identification:_identify(g1/scripts/unifolm-vla_g1-main/experiments/logs) by extension 'ignore'
[0.472s] Level 1:colcon.colcon_core.package_identification:_identify(g1/scripts/unifolm-vla_g1-main/experiments/logs) by extension 'ignore_ament_install'
[0.472s] Level 1:colcon.colcon_core.package_identification:_identify(g1/scripts/unifolm-vla_g1-main/experiments/logs) by extensions ['colcon_pkg']
[0.472s] Level 1:colcon.colcon_core.package_identification:_identify(g1/scripts/unifolm-vla_g1-main/experiments/logs) by extension 'colcon_pkg'
[0.473s] Level 1:colcon.colcon_core.package_identification:_identify(g1/scripts/unifolm-vla_g1-main/experiments/logs) by extensions ['colcon_meta']
[0.473s] Level 1:colcon.colcon_core.package_identification:_identify(g1/scripts/unifolm-vla_g1-main/experiments/logs) by extension 'colcon_meta'
[0.473s] Level 1:colcon.colcon_core.package_identification:_identify(g1/scripts/unifolm-vla_g1-main/experiments/logs) by extensions ['ros']
[0.473s] Level 1:colcon.colcon_core.package_identification:_identify(g1/scripts/unifolm-vla_g1-main/experiments/logs) by extension 'ros'
[0.473s] Level 1:colcon.colcon_core.package_identification:_identify(g1/scripts/unifolm-vla_g1-main/experiments/logs) by extensions ['cmake', 'python']
[0.473s] Level 1:colcon.colcon_core.package_identification:_identify(g1/scripts/unifolm-vla_g1-main/experiments/logs) by extension 'cmake'
[0.473s] Level 1:colcon.colcon_core.package_identification:_identify(g1/scripts/unifolm-vla_g1-main/experiments/logs) by extension 'python'
[0.473s] Level 1:colcon.colcon_core.package_identification:_identify(g1/scripts/unifolm-vla_g1-main/experiments/logs) by extensions ['python_setup_py']
[0.473s] Level 1:colcon.colcon_core.package_identification:_identify(g1/scripts/unifolm-vla_g1-main/experiments/logs) by extension 'python_setup_py'
[0.473s] Level 1:colcon.colcon_core.package_identification:_identify(g1/scripts/unifolm-vla_g1-main/prepare_data) by extensions ['ignore', 'ignore_ament_install']
[0.473s] Level 1:colcon.colcon_core.package_identification:_identify(g1/scripts/unifolm-vla_g1-main/prepare_data) by extension 'ignore'
[0.473s] Level 1:colcon.colcon_core.package_identification:_identify(g1/scripts/unifolm-vla_g1-main/prepare_data) by extension 'ignore_ament_install'
[0.473s] Level 1:colcon.colcon_core.package_identification:_identify(g1/scripts/unifolm-vla_g1-main/prepare_data) by extensions ['colcon_pkg']
[0.473s] Level 1:colcon.colcon_core.package_identification:_identify(g1/scripts/unifolm-vla_g1-main/prepare_data) by extension 'colcon_pkg'
[0.473s] Level 1:colcon.colcon_core.package_identification:_identify(g1/scripts/unifolm-vla_g1-main/prepare_data) by extensions ['colcon_meta']
[0.473s] Level 1:colcon.colcon_core.package_identification:_identify(g1/scripts/unifolm-vla_g1-main/prepare_data) by extension 'colcon_meta'
[0.473s] Level 1:colcon.colcon_core.package_identification:_identify(g1/scripts/unifolm-vla_g1-main/prepare_data) by extensions ['ros']
[0.473s] Level 1:colcon.colcon_core.package_identification:_identify(g1/scripts/unifolm-vla_g1-main/prepare_data) by extension 'ros'
[0.474s] Level 1:colcon.colcon_core.package_identification:_identify(g1/scripts/unifolm-vla_g1-main/prepare_data) by extensions ['cmake', 'python']
[0.474s] Level 1:colcon.colcon_core.package_identification:_identify(g1/scripts/unifolm-vla_g1-main/prepare_data) by extension 'cmake'
[0.474s] Level 1:colcon.colcon_core.package_identification:_identify(g1/scripts/unifolm-vla_g1-main/prepare_data) by extension 'python'
[0.474s] Level 1:colcon.colcon_core.package_identification:_identify(g1/scripts/unifolm-vla_g1-main/prepare_data) by extensions ['python_setup_py']
[0.474s] Level 1:colcon.colcon_core.package_identification:_identify(g1/scripts/unifolm-vla_g1-main/prepare_data) by extension 'python_setup_py'
[0.474s] Level 1:colcon.colcon_core.package_identification:_identify(g1/scripts/unifolm-vla_g1-main/prepare_data/hdf5_to_rlds) by extensions ['ignore', 'ignore_ament_install']
[0.474s] Level 1:colcon.colcon_core.package_identification:_identify(g1/scripts/unifolm-vla_g1-main/prepare_data/hdf5_to_rlds) by extension 'ignore'
[0.474s] Level 1:colcon.colcon_core.package_identification:_identify(g1/scripts/unifolm-vla_g1-main/prepare_data/hdf5_to_rlds) by extension 'ignore_ament_install'
[0.474s] Level 1:colcon.colcon_core.package_identification:_identify(g1/scripts/unifolm-vla_g1-main/prepare_data/hdf5_to_rlds) by extensions ['colcon_pkg']
[0.474s] Level 1:colcon.colcon_core.package_identification:_identify(g1/scripts/unifolm-vla_g1-main/prepare_data/hdf5_to_rlds) by extension 'colcon_pkg'
[0.474s] Level 1:colcon.colcon_core.package_identification:_identify(g1/scripts/unifolm-vla_g1-main/prepare_data/hdf5_to_rlds) by extensions ['colcon_meta']
[0.474s] Level 1:colcon.colcon_core.package_identification:_identify(g1/scripts/unifolm-vla_g1-main/prepare_data/hdf5_to_rlds) by extension 'colcon_meta'
[0.474s] Level 1:colcon.colcon_core.package_identification:_identify(g1/scripts/unifolm-vla_g1-main/prepare_data/hdf5_to_rlds) by extensions ['ros']
[0.474s] Level 1:colcon.colcon_core.package_identification:_identify(g1/scripts/unifolm-vla_g1-main/prepare_data/hdf5_to_rlds) by extension 'ros'
[0.474s] Level 1:colcon.colcon_core.package_identification:_identify(g1/scripts/unifolm-vla_g1-main/prepare_data/hdf5_to_rlds) by extensions ['cmake', 'python']
[0.474s] Level 1:colcon.colcon_core.package_identification:_identify(g1/scripts/unifolm-vla_g1-main/prepare_data/hdf5_to_rlds) by extension 'cmake'
[0.474s] Level 1:colcon.colcon_core.package_identification:_identify(g1/scripts/unifolm-vla_g1-main/prepare_data/hdf5_to_rlds) by extension 'python'
[0.474s] Level 1:colcon.colcon_core.package_identification:_identify(g1/scripts/unifolm-vla_g1-main/prepare_data/hdf5_to_rlds) by extensions ['python_setup_py']
[0.475s] Level 1:colcon.colcon_core.package_identification:_identify(g1/scripts/unifolm-vla_g1-main/prepare_data/hdf5_to_rlds) by extension 'python_setup_py'
[0.475s] Level 1:colcon.colcon_core.package_identification:_identify(g1/scripts/unifolm-vla_g1-main/prepare_data/hdf5_to_rlds/rlds_dataset) by extensions ['ignore', 'ignore_ament_install']
[0.475s] Level 1:colcon.colcon_core.package_identification:_identify(g1/scripts/unifolm-vla_g1-main/prepare_data/hdf5_to_rlds/rlds_dataset) by extension 'ignore'
[0.475s] Level 1:colcon.colcon_core.package_identification:_identify(g1/scripts/unifolm-vla_g1-main/prepare_data/hdf5_to_rlds/rlds_dataset) by extension 'ignore_ament_install'
[0.475s] Level 1:colcon.colcon_core.package_identification:_identify(g1/scripts/unifolm-vla_g1-main/prepare_data/hdf5_to_rlds/rlds_dataset) by extensions ['colcon_pkg']
[0.475s] Level 1:colcon.colcon_core.package_identification:_identify(g1/scripts/unifolm-vla_g1-main/prepare_data/hdf5_to_rlds/rlds_dataset) by extension 'colcon_pkg'
[0.475s] Level 1:colcon.colcon_core.package_identification:_identify(g1/scripts/unifolm-vla_g1-main/prepare_data/hdf5_to_rlds/rlds_dataset) by extensions ['colcon_meta']
[0.475s] Level 1:colcon.colcon_core.package_identification:_identify(g1/scripts/unifolm-vla_g1-main/prepare_data/hdf5_to_rlds/rlds_dataset) by extension 'colcon_meta'
[0.475s] Level 1:colcon.colcon_core.package_identification:_identify(g1/scripts/unifolm-vla_g1-main/prepare_data/hdf5_to_rlds/rlds_dataset) by extensions ['ros']
[0.475s] Level 1:colcon.colcon_core.package_identification:_identify(g1/scripts/unifolm-vla_g1-main/prepare_data/hdf5_to_rlds/rlds_dataset) by extension 'ros'
[0.475s] Level 1:colcon.colcon_core.package_identification:_identify(g1/scripts/unifolm-vla_g1-main/prepare_data/hdf5_to_rlds/rlds_dataset) by extensions ['cmake', 'python']
[0.475s] Level 1:colcon.colcon_core.package_identification:_identify(g1/scripts/unifolm-vla_g1-main/prepare_data/hdf5_to_rlds/rlds_dataset) by extension 'cmake'
[0.475s] Level 1:colcon.colcon_core.package_identification:_identify(g1/scripts/unifolm-vla_g1-main/prepare_data/hdf5_to_rlds/rlds_dataset) by extension 'python'
[0.475s] Level 1:colcon.colcon_core.package_identification:_identify(g1/scripts/unifolm-vla_g1-main/prepare_data/hdf5_to_rlds/rlds_dataset) by extensions ['python_setup_py']
[0.475s] Level 1:colcon.colcon_core.package_identification:_identify(g1/scripts/unifolm-vla_g1-main/prepare_data/hdf5_to_rlds/rlds_dataset) by extension 'python_setup_py'
[0.475s] Level 1:colcon.colcon_core.package_identification:_identify(g1/scripts/unifolm-vla_g1-main/scripts) by extensions ['ignore', 'ignore_ament_install']
[0.475s] Level 1:colcon.colcon_core.package_identification:_identify(g1/scripts/unifolm-vla_g1-main/scripts) by extension 'ignore'
[0.475s] Level 1:colcon.colcon_core.package_identification:_identify(g1/scripts/unifolm-vla_g1-main/scripts) by extension 'ignore_ament_install'
[0.475s] Level 1:colcon.colcon_core.package_identification:_identify(g1/scripts/unifolm-vla_g1-main/scripts) by extensions ['colcon_pkg']
[0.475s] Level 1:colcon.colcon_core.package_identification:_identify(g1/scripts/unifolm-vla_g1-main/scripts) by extension 'colcon_pkg'
[0.475s] Level 1:colcon.colcon_core.package_identification:_identify(g1/scripts/unifolm-vla_g1-main/scripts) by extensions ['colcon_meta']
[0.475s] Level 1:colcon.colcon_core.package_identification:_identify(g1/scripts/unifolm-vla_g1-main/scripts) by extension 'colcon_meta'
[0.475s] Level 1:colcon.colcon_core.package_identification:_identify(g1/scripts/unifolm-vla_g1-main/scripts) by extensions ['ros']
[0.475s] Level 1:colcon.colcon_core.package_identification:_identify(g1/scripts/unifolm-vla_g1-main/scripts) by extension 'ros'
[0.475s] Level 1:colcon.colcon_core.package_identification:_identify(g1/scripts/unifolm-vla_g1-main/scripts) by extensions ['cmake', 'python']
[0.475s] Level 1:colcon.colcon_core.package_identification:_identify(g1/scripts/unifolm-vla_g1-main/scripts) by extension 'cmake'
[0.475s] Level 1:colcon.colcon_core.package_identification:_identify(g1/scripts/unifolm-vla_g1-main/scripts) by extension 'python'
[0.475s] Level 1:colcon.colcon_core.package_identification:_identify(g1/scripts/unifolm-vla_g1-main/scripts) by extensions ['python_setup_py']
[0.475s] Level 1:colcon.colcon_core.package_identification:_identify(g1/scripts/unifolm-vla_g1-main/scripts) by extension 'python_setup_py'
[0.476s] Level 1:colcon.colcon_core.package_identification:_identify(g1/scripts/unifolm-vla_g1-main/scripts/eval_scripts) by extensions ['ignore', 'ignore_ament_install']
[0.476s] Level 1:colcon.colcon_core.package_identification:_identify(g1/scripts/unifolm-vla_g1-main/scripts/eval_scripts) by extension 'ignore'
[0.476s] Level 1:colcon.colcon_core.package_identification:_identify(g1/scripts/unifolm-vla_g1-main/scripts/eval_scripts) by extension 'ignore_ament_install'
[0.476s] Level 1:colcon.colcon_core.package_identification:_identify(g1/scripts/unifolm-vla_g1-main/scripts/eval_scripts) by extensions ['colcon_pkg']
[0.476s] Level 1:colcon.colcon_core.package_identification:_identify(g1/scripts/unifolm-vla_g1-main/scripts/eval_scripts) by extension 'colcon_pkg'
[0.476s] Level 1:colcon.colcon_core.package_identification:_identify(g1/scripts/unifolm-vla_g1-main/scripts/eval_scripts) by extensions ['colcon_meta']
[0.476s] Level 1:colcon.colcon_core.package_identification:_identify(g1/scripts/unifolm-vla_g1-main/scripts/eval_scripts) by extension 'colcon_meta'
[0.476s] Level 1:colcon.colcon_core.package_identification:_identify(g1/scripts/unifolm-vla_g1-main/scripts/eval_scripts) by extensions ['ros']
[0.476s] Level 1:colcon.colcon_core.package_identification:_identify(g1/scripts/unifolm-vla_g1-main/scripts/eval_scripts) by extension 'ros'
[0.476s] Level 1:colcon.colcon_core.package_identification:_identify(g1/scripts/unifolm-vla_g1-main/scripts/eval_scripts) by extensions ['cmake', 'python']
[0.476s] Level 1:colcon.colcon_core.package_identification:_identify(g1/scripts/unifolm-vla_g1-main/scripts/eval_scripts) by extension 'cmake'
[0.476s] Level 1:colcon.colcon_core.package_identification:_identify(g1/scripts/unifolm-vla_g1-main/scripts/eval_scripts) by extension 'python'
[0.476s] Level 1:colcon.colcon_core.package_identification:_identify(g1/scripts/unifolm-vla_g1-main/scripts/eval_scripts) by extensions ['python_setup_py']
[0.476s] Level 1:colcon.colcon_core.package_identification:_identify(g1/scripts/unifolm-vla_g1-main/scripts/eval_scripts) by extension 'python_setup_py'
[0.476s] Level 1:colcon.colcon_core.package_identification:_identify(g1/scripts/unifolm-vla_g1-main/scripts/run_scripts) by extensions ['ignore', 'ignore_ament_install']
[0.476s] Level 1:colcon.colcon_core.package_identification:_identify(g1/scripts/unifolm-vla_g1-main/scripts/run_scripts) by extension 'ignore'
[0.476s] Level 1:colcon.colcon_core.package_identification:_identify(g1/scripts/unifolm-vla_g1-main/scripts/run_scripts) by extension 'ignore_ament_install'
[0.476s] Level 1:colcon.colcon_core.package_identification:_identify(g1/scripts/unifolm-vla_g1-main/scripts/run_scripts) by extensions ['colcon_pkg']
[0.476s] Level 1:colcon.colcon_core.package_identification:_identify(g1/scripts/unifolm-vla_g1-main/scripts/run_scripts) by extension 'colcon_pkg'
[0.476s] Level 1:colcon.colcon_core.package_identification:_identify(g1/scripts/unifolm-vla_g1-main/scripts/run_scripts) by extensions ['colcon_meta']
[0.476s] Level 1:colcon.colcon_core.package_identification:_identify(g1/scripts/unifolm-vla_g1-main/scripts/run_scripts) by extension 'colcon_meta'
[0.476s] Level 1:colcon.colcon_core.package_identification:_identify(g1/scripts/unifolm-vla_g1-main/scripts/run_scripts) by extensions ['ros']
[0.476s] Level 1:colcon.colcon_core.package_identification:_identify(g1/scripts/unifolm-vla_g1-main/scripts/run_scripts) by extension 'ros'
[0.476s] Level 1:colcon.colcon_core.package_identification:_identify(g1/scripts/unifolm-vla_g1-main/scripts/run_scripts) by extensions ['cmake', 'python']
[0.476s] Level 1:colcon.colcon_core.package_identification:_identify(g1/scripts/unifolm-vla_g1-main/scripts/run_scripts) by extension 'cmake'
[0.476s] Level 1:colcon.colcon_core.package_identification:_identify(g1/scripts/unifolm-vla_g1-main/scripts/run_scripts) by extension 'python'
[0.476s] Level 1:colcon.colcon_core.package_identification:_identify(g1/scripts/unifolm-vla_g1-main/scripts/run_scripts) by extensions ['python_setup_py']
[0.476s] Level 1:colcon.colcon_core.package_identification:_identify(g1/scripts/unifolm-vla_g1-main/scripts/run_scripts) by extension 'python_setup_py'
[0.477s] Level 1:colcon.colcon_core.package_identification:_identify(g1/scripts/unifolm-vla_g1-main/src) by extensions ['ignore', 'ignore_ament_install']
[0.477s] Level 1:colcon.colcon_core.package_identification:_identify(g1/scripts/unifolm-vla_g1-main/src) by extension 'ignore'
[0.477s] Level 1:colcon.colcon_core.package_identification:_identify(g1/scripts/unifolm-vla_g1-main/src) by extension 'ignore_ament_install'
[0.477s] Level 1:colcon.colcon_core.package_identification:_identify(g1/scripts/unifolm-vla_g1-main/src) by extensions ['colcon_pkg']
[0.477s] Level 1:colcon.colcon_core.package_identification:_identify(g1/scripts/unifolm-vla_g1-main/src) by extension 'colcon_pkg'
[0.477s] Level 1:colcon.colcon_core.package_identification:_identify(g1/scripts/unifolm-vla_g1-main/src) by extensions ['colcon_meta']
[0.477s] Level 1:colcon.colcon_core.package_identification:_identify(g1/scripts/unifolm-vla_g1-main/src) by extension 'colcon_meta'
[0.477s] Level 1:colcon.colcon_core.package_identification:_identify(g1/scripts/unifolm-vla_g1-main/src) by extensions ['ros']
[0.477s] Level 1:colcon.colcon_core.package_identification:_identify(g1/scripts/unifolm-vla_g1-main/src) by extension 'ros'
[0.477s] Level 1:colcon.colcon_core.package_identification:_identify(g1/scripts/unifolm-vla_g1-main/src) by extensions ['cmake', 'python']
[0.477s] Level 1:colcon.colcon_core.package_identification:_identify(g1/scripts/unifolm-vla_g1-main/src) by extension 'cmake'
[0.477s] Level 1:colcon.colcon_core.package_identification:_identify(g1/scripts/unifolm-vla_g1-main/src) by extension 'python'
[0.477s] Level 1:colcon.colcon_core.package_identification:_identify(g1/scripts/unifolm-vla_g1-main/src) by extensions ['python_setup_py']
[0.477s] Level 1:colcon.colcon_core.package_identification:_identify(g1/scripts/unifolm-vla_g1-main/src) by extension 'python_setup_py'
[0.477s] Level 1:colcon.colcon_core.package_identification:_identify(g1/scripts/unifolm-vla_g1-main/src/unifolm_vla) by extensions ['ignore', 'ignore_ament_install']
[0.477s] Level 1:colcon.colcon_core.package_identification:_identify(g1/scripts/unifolm-vla_g1-main/src/unifolm_vla) by extension 'ignore'
[0.477s] Level 1:colcon.colcon_core.package_identification:_identify(g1/scripts/unifolm-vla_g1-main/src/unifolm_vla) by extension 'ignore_ament_install'
[0.477s] Level 1:colcon.colcon_core.package_identification:_identify(g1/scripts/unifolm-vla_g1-main/src/unifolm_vla) by extensions ['colcon_pkg']
[0.477s] Level 1:colcon.colcon_core.package_identification:_identify(g1/scripts/unifolm-vla_g1-main/src/unifolm_vla) by extension 'colcon_pkg'
[0.477s] Level 1:colcon.colcon_core.package_identification:_identify(g1/scripts/unifolm-vla_g1-main/src/unifolm_vla) by extensions ['colcon_meta']
[0.477s] Level 1:colcon.colcon_core.package_identification:_identify(g1/scripts/unifolm-vla_g1-main/src/unifolm_vla) by extension 'colcon_meta'
[0.477s] Level 1:colcon.colcon_core.package_identification:_identify(g1/scripts/unifolm-vla_g1-main/src/unifolm_vla) by extensions ['ros']
[0.477s] Level 1:colcon.colcon_core.package_identification:_identify(g1/scripts/unifolm-vla_g1-main/src/unifolm_vla) by extension 'ros'
[0.477s] Level 1:colcon.colcon_core.package_identification:_identify(g1/scripts/unifolm-vla_g1-main/src/unifolm_vla) by extensions ['cmake', 'python']
[0.477s] Level 1:colcon.colcon_core.package_identification:_identify(g1/scripts/unifolm-vla_g1-main/src/unifolm_vla) by extension 'cmake'
[0.477s] Level 1:colcon.colcon_core.package_identification:_identify(g1/scripts/unifolm-vla_g1-main/src/unifolm_vla) by extension 'python'
[0.477s] Level 1:colcon.colcon_core.package_identification:_identify(g1/scripts/unifolm-vla_g1-main/src/unifolm_vla) by extensions ['python_setup_py']
[0.477s] Level 1:colcon.colcon_core.package_identification:_identify(g1/scripts/unifolm-vla_g1-main/src/unifolm_vla) by extension 'python_setup_py'
[0.477s] Level 1:colcon.colcon_core.package_identification:_identify(g1/scripts/unifolm-vla_g1-main/src/unifolm_vla/config) by extensions ['ignore', 'ignore_ament_install']
[0.478s] Level 1:colcon.colcon_core.package_identification:_identify(g1/scripts/unifolm-vla_g1-main/src/unifolm_vla/config) by extension 'ignore'
[0.478s] Level 1:colcon.colcon_core.package_identification:_identify(g1/scripts/unifolm-vla_g1-main/src/unifolm_vla/config) by extension 'ignore_ament_install'
[0.478s] Level 1:colcon.colcon_core.package_identification:_identify(g1/scripts/unifolm-vla_g1-main/src/unifolm_vla/config) by extensions ['colcon_pkg']
[0.478s] Level 1:colcon.colcon_core.package_identification:_identify(g1/scripts/unifolm-vla_g1-main/src/unifolm_vla/config) by extension 'colcon_pkg'
[0.478s] Level 1:colcon.colcon_core.package_identification:_identify(g1/scripts/unifolm-vla_g1-main/src/unifolm_vla/config) by extensions ['colcon_meta']
[0.478s] Level 1:colcon.colcon_core.package_identification:_identify(g1/scripts/unifolm-vla_g1-main/src/unifolm_vla/config) by extension 'colcon_meta'
[0.478s] Level 1:colcon.colcon_core.package_identification:_identify(g1/scripts/unifolm-vla_g1-main/src/unifolm_vla/config) by extensions ['ros']
[0.478s] Level 1:colcon.colcon_core.package_identification:_identify(g1/scripts/unifolm-vla_g1-main/src/unifolm_vla/config) by extension 'ros'
[0.478s] Level 1:colcon.colcon_core.package_identification:_identify(g1/scripts/unifolm-vla_g1-main/src/unifolm_vla/config) by extensions ['cmake', 'python']
[0.478s] Level 1:colcon.colcon_core.package_identification:_identify(g1/scripts/unifolm-vla_g1-main/src/unifolm_vla/config) by extension 'cmake'
[0.478s] Level 1:colcon.colcon_core.package_identification:_identify(g1/scripts/unifolm-vla_g1-main/src/unifolm_vla/config) by extension 'python'
[0.478s] Level 1:colcon.colcon_core.package_identification:_identify(g1/scripts/unifolm-vla_g1-main/src/unifolm_vla/config) by extensions ['python_setup_py']
[0.478s] Level 1:colcon.colcon_core.package_identification:_identify(g1/scripts/unifolm-vla_g1-main/src/unifolm_vla/config) by extension 'python_setup_py'
[0.478s] Level 1:colcon.colcon_core.package_identification:_identify(g1/scripts/unifolm-vla_g1-main/src/unifolm_vla/config/deepseeds) by extensions ['ignore', 'ignore_ament_install']
[0.478s] Level 1:colcon.colcon_core.package_identification:_identify(g1/scripts/unifolm-vla_g1-main/src/unifolm_vla/config/deepseeds) by extension 'ignore'
[0.478s] Level 1:colcon.colcon_core.package_identification:_identify(g1/scripts/unifolm-vla_g1-main/src/unifolm_vla/config/deepseeds) by extension 'ignore_ament_install'
[0.478s] Level 1:colcon.colcon_core.package_identification:_identify(g1/scripts/unifolm-vla_g1-main/src/unifolm_vla/config/deepseeds) by extensions ['colcon_pkg']
[0.478s] Level 1:colcon.colcon_core.package_identification:_identify(g1/scripts/unifolm-vla_g1-main/src/unifolm_vla/config/deepseeds) by extension 'colcon_pkg'
[0.478s] Level 1:colcon.colcon_core.package_identification:_identify(g1/scripts/unifolm-vla_g1-main/src/unifolm_vla/config/deepseeds) by extensions ['colcon_meta']
[0.478s] Level 1:colcon.colcon_core.package_identification:_identify(g1/scripts/unifolm-vla_g1-main/src/unifolm_vla/config/deepseeds) by extension 'colcon_meta'
[0.478s] Level 1:colcon.colcon_core.package_identification:_identify(g1/scripts/unifolm-vla_g1-main/src/unifolm_vla/config/deepseeds) by extensions ['ros']
[0.478s] Level 1:colcon.colcon_core.package_identification:_identify(g1/scripts/unifolm-vla_g1-main/src/unifolm_vla/config/deepseeds) by extension 'ros'
[0.478s] Level 1:colcon.colcon_core.package_identification:_identify(g1/scripts/unifolm-vla_g1-main/src/unifolm_vla/config/deepseeds) by extensions ['cmake', 'python']
[0.478s] Level 1:colcon.colcon_core.package_identification:_identify(g1/scripts/unifolm-vla_g1-main/src/unifolm_vla/config/deepseeds) by extension 'cmake'
[0.478s] Level 1:colcon.colcon_core.package_identification:_identify(g1/scripts/unifolm-vla_g1-main/src/unifolm_vla/config/deepseeds) by extension 'python'
[0.478s] Level 1:colcon.colcon_core.package_identification:_identify(g1/scripts/unifolm-vla_g1-main/src/unifolm_vla/config/deepseeds) by extensions ['python_setup_py']
[0.478s] Level 1:colcon.colcon_core.package_identification:_identify(g1/scripts/unifolm-vla_g1-main/src/unifolm_vla/config/deepseeds) by extension 'python_setup_py'
[0.478s] Level 1:colcon.colcon_core.package_identification:_identify(g1/scripts/unifolm-vla_g1-main/src/unifolm_vla/config/training) by extensions ['ignore', 'ignore_ament_install']
[0.479s] Level 1:colcon.colcon_core.package_identification:_identify(g1/scripts/unifolm-vla_g1-main/src/unifolm_vla/config/training) by extension 'ignore'
[0.479s] Level 1:colcon.colcon_core.package_identification:_identify(g1/scripts/unifolm-vla_g1-main/src/unifolm_vla/config/training) by extension 'ignore_ament_install'
[0.479s] Level 1:colcon.colcon_core.package_identification:_identify(g1/scripts/unifolm-vla_g1-main/src/unifolm_vla/config/training) by extensions ['colcon_pkg']
[0.479s] Level 1:colcon.colcon_core.package_identification:_identify(g1/scripts/unifolm-vla_g1-main/src/unifolm_vla/config/training) by extension 'colcon_pkg'
[0.479s] Level 1:colcon.colcon_core.package_identification:_identify(g1/scripts/unifolm-vla_g1-main/src/unifolm_vla/config/training) by extensions ['colcon_meta']
[0.479s] Level 1:colcon.colcon_core.package_identification:_identify(g1/scripts/unifolm-vla_g1-main/src/unifolm_vla/config/training) by extension 'colcon_meta'
[0.479s] Level 1:colcon.colcon_core.package_identification:_identify(g1/scripts/unifolm-vla_g1-main/src/unifolm_vla/config/training) by extensions ['ros']
[0.479s] Level 1:colcon.colcon_core.package_identification:_identify(g1/scripts/unifolm-vla_g1-main/src/unifolm_vla/config/training) by extension 'ros'
[0.479s] Level 1:colcon.colcon_core.package_identification:_identify(g1/scripts/unifolm-vla_g1-main/src/unifolm_vla/config/training) by extensions ['cmake', 'python']
[0.479s] Level 1:colcon.colcon_core.package_identification:_identify(g1/scripts/unifolm-vla_g1-main/src/unifolm_vla/config/training) by extension 'cmake'
[0.479s] Level 1:colcon.colcon_core.package_identification:_identify(g1/scripts/unifolm-vla_g1-main/src/unifolm_vla/config/training) by extension 'python'
[0.479s] Level 1:colcon.colcon_core.package_identification:_identify(g1/scripts/unifolm-vla_g1-main/src/unifolm_vla/config/training) by extensions ['python_setup_py']
[0.479s] Level 1:colcon.colcon_core.package_identification:_identify(g1/scripts/unifolm-vla_g1-main/src/unifolm_vla/config/training) by extension 'python_setup_py'
[0.479s] Level 1:colcon.colcon_core.package_identification:_identify(g1/scripts/unifolm-vla_g1-main/src/unifolm_vla/model) by extensions ['ignore', 'ignore_ament_install']
[0.479s] Level 1:colcon.colcon_core.package_identification:_identify(g1/scripts/unifolm-vla_g1-main/src/unifolm_vla/model) by extension 'ignore'
[0.479s] Level 1:colcon.colcon_core.package_identification:_identify(g1/scripts/unifolm-vla_g1-main/src/unifolm_vla/model) by extension 'ignore_ament_install'
[0.479s] Level 1:colcon.colcon_core.package_identification:_identify(g1/scripts/unifolm-vla_g1-main/src/unifolm_vla/model) by extensions ['colcon_pkg']
[0.479s] Level 1:colcon.colcon_core.package_identification:_identify(g1/scripts/unifolm-vla_g1-main/src/unifolm_vla/model) by extension 'colcon_pkg'
[0.479s] Level 1:colcon.colcon_core.package_identification:_identify(g1/scripts/unifolm-vla_g1-main/src/unifolm_vla/model) by extensions ['colcon_meta']
[0.479s] Level 1:colcon.colcon_core.package_identification:_identify(g1/scripts/unifolm-vla_g1-main/src/unifolm_vla/model) by extension 'colcon_meta'
[0.479s] Level 1:colcon.colcon_core.package_identification:_identify(g1/scripts/unifolm-vla_g1-main/src/unifolm_vla/model) by extensions ['ros']
[0.479s] Level 1:colcon.colcon_core.package_identification:_identify(g1/scripts/unifolm-vla_g1-main/src/unifolm_vla/model) by extension 'ros'
[0.479s] Level 1:colcon.colcon_core.package_identification:_identify(g1/scripts/unifolm-vla_g1-main/src/unifolm_vla/model) by extensions ['cmake', 'python']
[0.479s] Level 1:colcon.colcon_core.package_identification:_identify(g1/scripts/unifolm-vla_g1-main/src/unifolm_vla/model) by extension 'cmake'
[0.479s] Level 1:colcon.colcon_core.package_identification:_identify(g1/scripts/unifolm-vla_g1-main/src/unifolm_vla/model) by extension 'python'
[0.479s] Level 1:colcon.colcon_core.package_identification:_identify(g1/scripts/unifolm-vla_g1-main/src/unifolm_vla/model) by extensions ['python_setup_py']
[0.479s] Level 1:colcon.colcon_core.package_identification:_identify(g1/scripts/unifolm-vla_g1-main/src/unifolm_vla/model) by extension 'python_setup_py'
[0.479s] Level 1:colcon.colcon_core.package_identification:_identify(g1/scripts/unifolm-vla_g1-main/src/unifolm_vla/model/framework) by extensions ['ignore', 'ignore_ament_install']
[0.479s] Level 1:colcon.colcon_core.package_identification:_identify(g1/scripts/unifolm-vla_g1-main/src/unifolm_vla/model/framework) by extension 'ignore'
[0.480s] Level 1:colcon.colcon_core.package_identification:_identify(g1/scripts/unifolm-vla_g1-main/src/unifolm_vla/model/framework) by extension 'ignore_ament_install'
[0.480s] Level 1:colcon.colcon_core.package_identification:_identify(g1/scripts/unifolm-vla_g1-main/src/unifolm_vla/model/framework) by extensions ['colcon_pkg']
[0.480s] Level 1:colcon.colcon_core.package_identification:_identify(g1/scripts/unifolm-vla_g1-main/src/unifolm_vla/model/framework) by extension 'colcon_pkg'
[0.480s] Level 1:colcon.colcon_core.package_identification:_identify(g1/scripts/unifolm-vla_g1-main/src/unifolm_vla/model/framework) by extensions ['colcon_meta']
[0.480s] Level 1:colcon.colcon_core.package_identification:_identify(g1/scripts/unifolm-vla_g1-main/src/unifolm_vla/model/framework) by extension 'colcon_meta'
[0.480s] Level 1:colcon.colcon_core.package_identification:_identify(g1/scripts/unifolm-vla_g1-main/src/unifolm_vla/model/framework) by extensions ['ros']
[0.480s] Level 1:colcon.colcon_core.package_identification:_identify(g1/scripts/unifolm-vla_g1-main/src/unifolm_vla/model/framework) by extension 'ros'
[0.480s] Level 1:colcon.colcon_core.package_identification:_identify(g1/scripts/unifolm-vla_g1-main/src/unifolm_vla/model/framework) by extensions ['cmake', 'python']
[0.480s] Level 1:colcon.colcon_core.package_identification:_identify(g1/scripts/unifolm-vla_g1-main/src/unifolm_vla/model/framework) by extension 'cmake'
[0.480s] Level 1:colcon.colcon_core.package_identification:_identify(g1/scripts/unifolm-vla_g1-main/src/unifolm_vla/model/framework) by extension 'python'
[0.480s] Level 1:colcon.colcon_core.package_identification:_identify(g1/scripts/unifolm-vla_g1-main/src/unifolm_vla/model/framework) by extensions ['python_setup_py']
[0.480s] Level 1:colcon.colcon_core.package_identification:_identify(g1/scripts/unifolm-vla_g1-main/src/unifolm_vla/model/framework) by extension 'python_setup_py'
[0.480s] Level 1:colcon.colcon_core.package_identification:_identify(g1/scripts/unifolm-vla_g1-main/src/unifolm_vla/model/modules) by extensions ['ignore', 'ignore_ament_install']
[0.480s] Level 1:colcon.colcon_core.package_identification:_identify(g1/scripts/unifolm-vla_g1-main/src/unifolm_vla/model/modules) by extension 'ignore'
[0.480s] Level 1:colcon.colcon_core.package_identification:_identify(g1/scripts/unifolm-vla_g1-main/src/unifolm_vla/model/modules) by extension 'ignore_ament_install'
[0.480s] Level 1:colcon.colcon_core.package_identification:_identify(g1/scripts/unifolm-vla_g1-main/src/unifolm_vla/model/modules) by extensions ['colcon_pkg']
[0.480s] Level 1:colcon.colcon_core.package_identification:_identify(g1/scripts/unifolm-vla_g1-main/src/unifolm_vla/model/modules) by extension 'colcon_pkg'
[0.480s] Level 1:colcon.colcon_core.package_identification:_identify(g1/scripts/unifolm-vla_g1-main/src/unifolm_vla/model/modules) by extensions ['colcon_meta']
[0.480s] Level 1:colcon.colcon_core.package_identification:_identify(g1/scripts/unifolm-vla_g1-main/src/unifolm_vla/model/modules) by extension 'colcon_meta'
[0.480s] Level 1:colcon.colcon_core.package_identification:_identify(g1/scripts/unifolm-vla_g1-main/src/unifolm_vla/model/modules) by extensions ['ros']
[0.480s] Level 1:colcon.colcon_core.package_identification:_identify(g1/scripts/unifolm-vla_g1-main/src/unifolm_vla/model/modules) by extension 'ros'
[0.480s] Level 1:colcon.colcon_core.package_identification:_identify(g1/scripts/unifolm-vla_g1-main/src/unifolm_vla/model/modules) by extensions ['cmake', 'python']
[0.480s] Level 1:colcon.colcon_core.package_identification:_identify(g1/scripts/unifolm-vla_g1-main/src/unifolm_vla/model/modules) by extension 'cmake'
[0.480s] Level 1:colcon.colcon_core.package_identification:_identify(g1/scripts/unifolm-vla_g1-main/src/unifolm_vla/model/modules) by extension 'python'
[0.480s] Level 1:colcon.colcon_core.package_identification:_identify(g1/scripts/unifolm-vla_g1-main/src/unifolm_vla/model/modules) by extensions ['python_setup_py']
[0.480s] Level 1:colcon.colcon_core.package_identification:_identify(g1/scripts/unifolm-vla_g1-main/src/unifolm_vla/model/modules) by extension 'python_setup_py'
[0.481s] Level 1:colcon.colcon_core.package_identification:_identify(g1/scripts/unifolm-vla_g1-main/src/unifolm_vla/model/modules/action_model) by extensions ['ignore', 'ignore_ament_install']
[0.481s] Level 1:colcon.colcon_core.package_identification:_identify(g1/scripts/unifolm-vla_g1-main/src/unifolm_vla/model/modules/action_model) by extension 'ignore'
[0.481s] Level 1:colcon.colcon_core.package_identification:_identify(g1/scripts/unifolm-vla_g1-main/src/unifolm_vla/model/modules/action_model) by extension 'ignore_ament_install'
[0.481s] Level 1:colcon.colcon_core.package_identification:_identify(g1/scripts/unifolm-vla_g1-main/src/unifolm_vla/model/modules/action_model) by extensions ['colcon_pkg']
[0.481s] Level 1:colcon.colcon_core.package_identification:_identify(g1/scripts/unifolm-vla_g1-main/src/unifolm_vla/model/modules/action_model) by extension 'colcon_pkg'
[0.481s] Level 1:colcon.colcon_core.package_identification:_identify(g1/scripts/unifolm-vla_g1-main/src/unifolm_vla/model/modules/action_model) by extensions ['colcon_meta']
[0.481s] Level 1:colcon.colcon_core.package_identification:_identify(g1/scripts/unifolm-vla_g1-main/src/unifolm_vla/model/modules/action_model) by extension 'colcon_meta'
[0.481s] Level 1:colcon.colcon_core.package_identification:_identify(g1/scripts/unifolm-vla_g1-main/src/unifolm_vla/model/modules/action_model) by extensions ['ros']
[0.481s] Level 1:colcon.colcon_core.package_identification:_identify(g1/scripts/unifolm-vla_g1-main/src/unifolm_vla/model/modules/action_model) by extension 'ros'
[0.481s] Level 1:colcon.colcon_core.package_identification:_identify(g1/scripts/unifolm-vla_g1-main/src/unifolm_vla/model/modules/action_model) by extensions ['cmake', 'python']
[0.481s] Level 1:colcon.colcon_core.package_identification:_identify(g1/scripts/unifolm-vla_g1-main/src/unifolm_vla/model/modules/action_model) by extension 'cmake'
[0.481s] Level 1:colcon.colcon_core.package_identification:_identify(g1/scripts/unifolm-vla_g1-main/src/unifolm_vla/model/modules/action_model) by extension 'python'
[0.481s] Level 1:colcon.colcon_core.package_identification:_identify(g1/scripts/unifolm-vla_g1-main/src/unifolm_vla/model/modules/action_model) by extensions ['python_setup_py']
[0.481s] Level 1:colcon.colcon_core.package_identification:_identify(g1/scripts/unifolm-vla_g1-main/src/unifolm_vla/model/modules/action_model) by extension 'python_setup_py'
[0.481s] Level 1:colcon.colcon_core.package_identification:_identify(g1/scripts/unifolm-vla_g1-main/src/unifolm_vla/model/modules/action_model/flow_matching_modules) by extensions ['ignore', 'ignore_ament_install']
[0.481s] Level 1:colcon.colcon_core.package_identification:_identify(g1/scripts/unifolm-vla_g1-main/src/unifolm_vla/model/modules/action_model/flow_matching_modules) by extension 'ignore'
[0.481s] Level 1:colcon.colcon_core.package_identification:_identify(g1/scripts/unifolm-vla_g1-main/src/unifolm_vla/model/modules/action_model/flow_matching_modules) by extension 'ignore_ament_install'
[0.481s] Level 1:colcon.colcon_core.package_identification:_identify(g1/scripts/unifolm-vla_g1-main/src/unifolm_vla/model/modules/action_model/flow_matching_modules) by extensions ['colcon_pkg']
[0.481s] Level 1:colcon.colcon_core.package_identification:_identify(g1/scripts/unifolm-vla_g1-main/src/unifolm_vla/model/modules/action_model/flow_matching_modules) by extension 'colcon_pkg'
[0.481s] Level 1:colcon.colcon_core.package_identification:_identify(g1/scripts/unifolm-vla_g1-main/src/unifolm_vla/model/modules/action_model/flow_matching_modules) by extensions ['colcon_meta']
[0.481s] Level 1:colcon.colcon_core.package_identification:_identify(g1/scripts/unifolm-vla_g1-main/src/unifolm_vla/model/modules/action_model/flow_matching_modules) by extension 'colcon_meta'
[0.481s] Level 1:colcon.colcon_core.package_identification:_identify(g1/scripts/unifolm-vla_g1-main/src/unifolm_vla/model/modules/action_model/flow_matching_modules) by extensions ['ros']
[0.481s] Level 1:colcon.colcon_core.package_identification:_identify(g1/scripts/unifolm-vla_g1-main/src/unifolm_vla/model/modules/action_model/flow_matching_modules) by extension 'ros'
[0.481s] Level 1:colcon.colcon_core.package_identification:_identify(g1/scripts/unifolm-vla_g1-main/src/unifolm_vla/model/modules/action_model/flow_matching_modules) by extensions ['cmake', 'python']
[0.481s] Level 1:colcon.colcon_core.package_identification:_identify(g1/scripts/unifolm-vla_g1-main/src/unifolm_vla/model/modules/action_model/flow_matching_modules) by extension 'cmake'
[0.481s] Level 1:colcon.colcon_core.package_identification:_identify(g1/scripts/unifolm-vla_g1-main/src/unifolm_vla/model/modules/action_model/flow_matching_modules) by extension 'python'
[0.481s] Level 1:colcon.colcon_core.package_identification:_identify(g1/scripts/unifolm-vla_g1-main/src/unifolm_vla/model/modules/action_model/flow_matching_modules) by extensions ['python_setup_py']
[0.481s] Level 1:colcon.colcon_core.package_identification:_identify(g1/scripts/unifolm-vla_g1-main/src/unifolm_vla/model/modules/action_model/flow_matching_modules) by extension 'python_setup_py'
[0.482s] Level 1:colcon.colcon_core.package_identification:_identify(g1/scripts/unifolm-vla_g1-main/src/unifolm_vla/model/modules/vlm) by extensions ['ignore', 'ignore_ament_install']
[0.482s] Level 1:colcon.colcon_core.package_identification:_identify(g1/scripts/unifolm-vla_g1-main/src/unifolm_vla/model/modules/vlm) by extension 'ignore'
[0.482s] Level 1:colcon.colcon_core.package_identification:_identify(g1/scripts/unifolm-vla_g1-main/src/unifolm_vla/model/modules/vlm) by extension 'ignore_ament_install'
[0.482s] Level 1:colcon.colcon_core.package_identification:_identify(g1/scripts/unifolm-vla_g1-main/src/unifolm_vla/model/modules/vlm) by extensions ['colcon_pkg']
[0.482s] Level 1:colcon.colcon_core.package_identification:_identify(g1/scripts/unifolm-vla_g1-main/src/unifolm_vla/model/modules/vlm) by extension 'colcon_pkg'
[0.482s] Level 1:colcon.colcon_core.package_identification:_identify(g1/scripts/unifolm-vla_g1-main/src/unifolm_vla/model/modules/vlm) by extensions ['colcon_meta']
[0.482s] Level 1:colcon.colcon_core.package_identification:_identify(g1/scripts/unifolm-vla_g1-main/src/unifolm_vla/model/modules/vlm) by extension 'colcon_meta'
[0.482s] Level 1:colcon.colcon_core.package_identification:_identify(g1/scripts/unifolm-vla_g1-main/src/unifolm_vla/model/modules/vlm) by extensions ['ros']
[0.482s] Level 1:colcon.colcon_core.package_identification:_identify(g1/scripts/unifolm-vla_g1-main/src/unifolm_vla/model/modules/vlm) by extension 'ros'
[0.482s] Level 1:colcon.colcon_core.package_identification:_identify(g1/scripts/unifolm-vla_g1-main/src/unifolm_vla/model/modules/vlm) by extensions ['cmake', 'python']
[0.482s] Level 1:colcon.colcon_core.package_identification:_identify(g1/scripts/unifolm-vla_g1-main/src/unifolm_vla/model/modules/vlm) by extension 'cmake'
[0.482s] Level 1:colcon.colcon_core.package_identification:_identify(g1/scripts/unifolm-vla_g1-main/src/unifolm_vla/model/modules/vlm) by extension 'python'
[0.482s] Level 1:colcon.colcon_core.package_identification:_identify(g1/scripts/unifolm-vla_g1-main/src/unifolm_vla/model/modules/vlm) by extensions ['python_setup_py']
[0.482s] Level 1:colcon.colcon_core.package_identification:_identify(g1/scripts/unifolm-vla_g1-main/src/unifolm_vla/model/modules/vlm) by extension 'python_setup_py'
[0.482s] Level 1:colcon.colcon_core.package_identification:_identify(g1/scripts/unifolm-vla_g1-main/src/unifolm_vla/model/utils) by extensions ['ignore', 'ignore_ament_install']
[0.482s] Level 1:colcon.colcon_core.package_identification:_identify(g1/scripts/unifolm-vla_g1-main/src/unifolm_vla/model/utils) by extension 'ignore'
[0.482s] Level 1:colcon.colcon_core.package_identification:_identify(g1/scripts/unifolm-vla_g1-main/src/unifolm_vla/model/utils) by extension 'ignore_ament_install'
[0.482s] Level 1:colcon.colcon_core.package_identification:_identify(g1/scripts/unifolm-vla_g1-main/src/unifolm_vla/model/utils) by extensions ['colcon_pkg']
[0.482s] Level 1:colcon.colcon_core.package_identification:_identify(g1/scripts/unifolm-vla_g1-main/src/unifolm_vla/model/utils) by extension 'colcon_pkg'
[0.482s] Level 1:colcon.colcon_core.package_identification:_identify(g1/scripts/unifolm-vla_g1-main/src/unifolm_vla/model/utils) by extensions ['colcon_meta']
[0.482s] Level 1:colcon.colcon_core.package_identification:_identify(g1/scripts/unifolm-vla_g1-main/src/unifolm_vla/model/utils) by extension 'colcon_meta'
[0.482s] Level 1:colcon.colcon_core.package_identification:_identify(g1/scripts/unifolm-vla_g1-main/src/unifolm_vla/model/utils) by extensions ['ros']
[0.482s] Level 1:colcon.colcon_core.package_identification:_identify(g1/scripts/unifolm-vla_g1-main/src/unifolm_vla/model/utils) by extension 'ros'
[0.482s] Level 1:colcon.colcon_core.package_identification:_identify(g1/scripts/unifolm-vla_g1-main/src/unifolm_vla/model/utils) by extensions ['cmake', 'python']
[0.483s] Level 1:colcon.colcon_core.package_identification:_identify(g1/scripts/unifolm-vla_g1-main/src/unifolm_vla/model/utils) by extension 'cmake'
[0.483s] Level 1:colcon.colcon_core.package_identification:_identify(g1/scripts/unifolm-vla_g1-main/src/unifolm_vla/model/utils) by extension 'python'
[0.483s] Level 1:colcon.colcon_core.package_identification:_identify(g1/scripts/unifolm-vla_g1-main/src/unifolm_vla/model/utils) by extensions ['python_setup_py']
[0.483s] Level 1:colcon.colcon_core.package_identification:_identify(g1/scripts/unifolm-vla_g1-main/src/unifolm_vla/model/utils) by extension 'python_setup_py'
[0.483s] Level 1:colcon.colcon_core.package_identification:_identify(g1/scripts/unifolm-vla_g1-main/src/unifolm_vla/rlds_dataloader) by extensions ['ignore', 'ignore_ament_install']
[0.483s] Level 1:colcon.colcon_core.package_identification:_identify(g1/scripts/unifolm-vla_g1-main/src/unifolm_vla/rlds_dataloader) by extension 'ignore'
[0.483s] Level 1:colcon.colcon_core.package_identification:_identify(g1/scripts/unifolm-vla_g1-main/src/unifolm_vla/rlds_dataloader) by extension 'ignore_ament_install'
[0.483s] Level 1:colcon.colcon_core.package_identification:_identify(g1/scripts/unifolm-vla_g1-main/src/unifolm_vla/rlds_dataloader) by extensions ['colcon_pkg']
[0.483s] Level 1:colcon.colcon_core.package_identification:_identify(g1/scripts/unifolm-vla_g1-main/src/unifolm_vla/rlds_dataloader) by extension 'colcon_pkg'
[0.483s] Level 1:colcon.colcon_core.package_identification:_identify(g1/scripts/unifolm-vla_g1-main/src/unifolm_vla/rlds_dataloader) by extensions ['colcon_meta']
[0.483s] Level 1:colcon.colcon_core.package_identification:_identify(g1/scripts/unifolm-vla_g1-main/src/unifolm_vla/rlds_dataloader) by extension 'colcon_meta'
[0.483s] Level 1:colcon.colcon_core.package_identification:_identify(g1/scripts/unifolm-vla_g1-main/src/unifolm_vla/rlds_dataloader) by extensions ['ros']
[0.483s] Level 1:colcon.colcon_core.package_identification:_identify(g1/scripts/unifolm-vla_g1-main/src/unifolm_vla/rlds_dataloader) by extension 'ros'
[0.483s] Level 1:colcon.colcon_core.package_identification:_identify(g1/scripts/unifolm-vla_g1-main/src/unifolm_vla/rlds_dataloader) by extensions ['cmake', 'python']
[0.483s] Level 1:colcon.colcon_core.package_identification:_identify(g1/scripts/unifolm-vla_g1-main/src/unifolm_vla/rlds_dataloader) by extension 'cmake'
[0.483s] Level 1:colcon.colcon_core.package_identification:_identify(g1/scripts/unifolm-vla_g1-main/src/unifolm_vla/rlds_dataloader) by extension 'python'
[0.483s] Level 1:colcon.colcon_core.package_identification:_identify(g1/scripts/unifolm-vla_g1-main/src/unifolm_vla/rlds_dataloader) by extensions ['python_setup_py']
[0.483s] Level 1:colcon.colcon_core.package_identification:_identify(g1/scripts/unifolm-vla_g1-main/src/unifolm_vla/rlds_dataloader) by extension 'python_setup_py'
[0.483s] Level 1:colcon.colcon_core.package_identification:_identify(g1/scripts/unifolm-vla_g1-main/src/unifolm_vla/rlds_dataloader/datasets) by extensions ['ignore', 'ignore_ament_install']
[0.483s] Level 1:colcon.colcon_core.package_identification:_identify(g1/scripts/unifolm-vla_g1-main/src/unifolm_vla/rlds_dataloader/datasets) by extension 'ignore'
[0.483s] Level 1:colcon.colcon_core.package_identification:_identify(g1/scripts/unifolm-vla_g1-main/src/unifolm_vla/rlds_dataloader/datasets) by extension 'ignore_ament_install'
[0.484s] Level 1:colcon.colcon_core.package_identification:_identify(g1/scripts/unifolm-vla_g1-main/src/unifolm_vla/rlds_dataloader/datasets) by extensions ['colcon_pkg']
[0.484s] Level 1:colcon.colcon_core.package_identification:_identify(g1/scripts/unifolm-vla_g1-main/src/unifolm_vla/rlds_dataloader/datasets) by extension 'colcon_pkg'
[0.484s] Level 1:colcon.colcon_core.package_identification:_identify(g1/scripts/unifolm-vla_g1-main/src/unifolm_vla/rlds_dataloader/datasets) by extensions ['colcon_meta']
[0.484s] Level 1:colcon.colcon_core.package_identification:_identify(g1/scripts/unifolm-vla_g1-main/src/unifolm_vla/rlds_dataloader/datasets) by extension 'colcon_meta'
[0.484s] Level 1:colcon.colcon_core.package_identification:_identify(g1/scripts/unifolm-vla_g1-main/src/unifolm_vla/rlds_dataloader/datasets) by extensions ['ros']
[0.484s] Level 1:colcon.colcon_core.package_identification:_identify(g1/scripts/unifolm-vla_g1-main/src/unifolm_vla/rlds_dataloader/datasets) by extension 'ros'
[0.484s] Level 1:colcon.colcon_core.package_identification:_identify(g1/scripts/unifolm-vla_g1-main/src/unifolm_vla/rlds_dataloader/datasets) by extensions ['cmake', 'python']
[0.484s] Level 1:colcon.colcon_core.package_identification:_identify(g1/scripts/unifolm-vla_g1-main/src/unifolm_vla/rlds_dataloader/datasets) by extension 'cmake'
[0.484s] Level 1:colcon.colcon_core.package_identification:_identify(g1/scripts/unifolm-vla_g1-main/src/unifolm_vla/rlds_dataloader/datasets) by extension 'python'
[0.484s] Level 1:colcon.colcon_core.package_identification:_identify(g1/scripts/unifolm-vla_g1-main/src/unifolm_vla/rlds_dataloader/datasets) by extensions ['python_setup_py']
[0.484s] Level 1:colcon.colcon_core.package_identification:_identify(g1/scripts/unifolm-vla_g1-main/src/unifolm_vla/rlds_dataloader/datasets) by extension 'python_setup_py'
[0.484s] Level 1:colcon.colcon_core.package_identification:_identify(g1/scripts/unifolm-vla_g1-main/src/unifolm_vla/rlds_dataloader/datasets/rlds) by extensions ['ignore', 'ignore_ament_install']
[0.484s] Level 1:colcon.colcon_core.package_identification:_identify(g1/scripts/unifolm-vla_g1-main/src/unifolm_vla/rlds_dataloader/datasets/rlds) by extension 'ignore'
[0.484s] Level 1:colcon.colcon_core.package_identification:_identify(g1/scripts/unifolm-vla_g1-main/src/unifolm_vla/rlds_dataloader/datasets/rlds) by extension 'ignore_ament_install'
[0.484s] Level 1:colcon.colcon_core.package_identification:_identify(g1/scripts/unifolm-vla_g1-main/src/unifolm_vla/rlds_dataloader/datasets/rlds) by extensions ['colcon_pkg']
[0.484s] Level 1:colcon.colcon_core.package_identification:_identify(g1/scripts/unifolm-vla_g1-main/src/unifolm_vla/rlds_dataloader/datasets/rlds) by extension 'colcon_pkg'
[0.484s] Level 1:colcon.colcon_core.package_identification:_identify(g1/scripts/unifolm-vla_g1-main/src/unifolm_vla/rlds_dataloader/datasets/rlds) by extensions ['colcon_meta']
[0.484s] Level 1:colcon.colcon_core.package_identification:_identify(g1/scripts/unifolm-vla_g1-main/src/unifolm_vla/rlds_dataloader/datasets/rlds) by extension 'colcon_meta'
[0.484s] Level 1:colcon.colcon_core.package_identification:_identify(g1/scripts/unifolm-vla_g1-main/src/unifolm_vla/rlds_dataloader/datasets/rlds) by extensions ['ros']
[0.484s] Level 1:colcon.colcon_core.package_identification:_identify(g1/scripts/unifolm-vla_g1-main/src/unifolm_vla/rlds_dataloader/datasets/rlds) by extension 'ros'
[0.484s] Level 1:colcon.colcon_core.package_identification:_identify(g1/scripts/unifolm-vla_g1-main/src/unifolm_vla/rlds_dataloader/datasets/rlds) by extensions ['cmake', 'python']
[0.484s] Level 1:colcon.colcon_core.package_identification:_identify(g1/scripts/unifolm-vla_g1-main/src/unifolm_vla/rlds_dataloader/datasets/rlds) by extension 'cmake'
[0.484s] Level 1:colcon.colcon_core.package_identification:_identify(g1/scripts/unifolm-vla_g1-main/src/unifolm_vla/rlds_dataloader/datasets/rlds) by extension 'python'
[0.484s] Level 1:colcon.colcon_core.package_identification:_identify(g1/scripts/unifolm-vla_g1-main/src/unifolm_vla/rlds_dataloader/datasets/rlds) by extensions ['python_setup_py']
[0.484s] Level 1:colcon.colcon_core.package_identification:_identify(g1/scripts/unifolm-vla_g1-main/src/unifolm_vla/rlds_dataloader/datasets/rlds) by extension 'python_setup_py'
[0.485s] Level 1:colcon.colcon_core.package_identification:_identify(g1/scripts/unifolm-vla_g1-main/src/unifolm_vla/rlds_dataloader/datasets/rlds/oxe) by extensions ['ignore', 'ignore_ament_install']
[0.485s] Level 1:colcon.colcon_core.package_identification:_identify(g1/scripts/unifolm-vla_g1-main/src/unifolm_vla/rlds_dataloader/datasets/rlds/oxe) by extension 'ignore'
[0.485s] Level 1:colcon.colcon_core.package_identification:_identify(g1/scripts/unifolm-vla_g1-main/src/unifolm_vla/rlds_dataloader/datasets/rlds/oxe) by extension 'ignore_ament_install'
[0.485s] Level 1:colcon.colcon_core.package_identification:_identify(g1/scripts/unifolm-vla_g1-main/src/unifolm_vla/rlds_dataloader/datasets/rlds/oxe) by extensions ['colcon_pkg']
[0.485s] Level 1:colcon.colcon_core.package_identification:_identify(g1/scripts/unifolm-vla_g1-main/src/unifolm_vla/rlds_dataloader/datasets/rlds/oxe) by extension 'colcon_pkg'
[0.485s] Level 1:colcon.colcon_core.package_identification:_identify(g1/scripts/unifolm-vla_g1-main/src/unifolm_vla/rlds_dataloader/datasets/rlds/oxe) by extensions ['colcon_meta']
[0.485s] Level 1:colcon.colcon_core.package_identification:_identify(g1/scripts/unifolm-vla_g1-main/src/unifolm_vla/rlds_dataloader/datasets/rlds/oxe) by extension 'colcon_meta'
[0.485s] Level 1:colcon.colcon_core.package_identification:_identify(g1/scripts/unifolm-vla_g1-main/src/unifolm_vla/rlds_dataloader/datasets/rlds/oxe) by extensions ['ros']
[0.485s] Level 1:colcon.colcon_core.package_identification:_identify(g1/scripts/unifolm-vla_g1-main/src/unifolm_vla/rlds_dataloader/datasets/rlds/oxe) by extension 'ros'
[0.485s] Level 1:colcon.colcon_core.package_identification:_identify(g1/scripts/unifolm-vla_g1-main/src/unifolm_vla/rlds_dataloader/datasets/rlds/oxe) by extensions ['cmake', 'python']
[0.485s] Level 1:colcon.colcon_core.package_identification:_identify(g1/scripts/unifolm-vla_g1-main/src/unifolm_vla/rlds_dataloader/datasets/rlds/oxe) by extension 'cmake'
[0.485s] Level 1:colcon.colcon_core.package_identification:_identify(g1/scripts/unifolm-vla_g1-main/src/unifolm_vla/rlds_dataloader/datasets/rlds/oxe) by extension 'python'
[0.485s] Level 1:colcon.colcon_core.package_identification:_identify(g1/scripts/unifolm-vla_g1-main/src/unifolm_vla/rlds_dataloader/datasets/rlds/oxe) by extensions ['python_setup_py']
[0.485s] Level 1:colcon.colcon_core.package_identification:_identify(g1/scripts/unifolm-vla_g1-main/src/unifolm_vla/rlds_dataloader/datasets/rlds/oxe) by extension 'python_setup_py'
[0.485s] Level 1:colcon.colcon_core.package_identification:_identify(g1/scripts/unifolm-vla_g1-main/src/unifolm_vla/rlds_dataloader/datasets/rlds/oxe/utils) by extensions ['ignore', 'ignore_ament_install']
[0.485s] Level 1:colcon.colcon_core.package_identification:_identify(g1/scripts/unifolm-vla_g1-main/src/unifolm_vla/rlds_dataloader/datasets/rlds/oxe/utils) by extension 'ignore'
[0.486s] Level 1:colcon.colcon_core.package_identification:_identify(g1/scripts/unifolm-vla_g1-main/src/unifolm_vla/rlds_dataloader/datasets/rlds/oxe/utils) by extension 'ignore_ament_install'
[0.486s] Level 1:colcon.colcon_core.package_identification:_identify(g1/scripts/unifolm-vla_g1-main/src/unifolm_vla/rlds_dataloader/datasets/rlds/oxe/utils) by extensions ['colcon_pkg']
[0.486s] Level 1:colcon.colcon_core.package_identification:_identify(g1/scripts/unifolm-vla_g1-main/src/unifolm_vla/rlds_dataloader/datasets/rlds/oxe/utils) by extension 'colcon_pkg'
[0.486s] Level 1:colcon.colcon_core.package_identification:_identify(g1/scripts/unifolm-vla_g1-main/src/unifolm_vla/rlds_dataloader/datasets/rlds/oxe/utils) by extensions ['colcon_meta']
[0.486s] Level 1:colcon.colcon_core.package_identification:_identify(g1/scripts/unifolm-vla_g1-main/src/unifolm_vla/rlds_dataloader/datasets/rlds/oxe/utils) by extension 'colcon_meta'
[0.486s] Level 1:colcon.colcon_core.package_identification:_identify(g1/scripts/unifolm-vla_g1-main/src/unifolm_vla/rlds_dataloader/datasets/rlds/oxe/utils) by extensions ['ros']
[0.486s] Level 1:colcon.colcon_core.package_identification:_identify(g1/scripts/unifolm-vla_g1-main/src/unifolm_vla/rlds_dataloader/datasets/rlds/oxe/utils) by extension 'ros'
[0.486s] Level 1:colcon.colcon_core.package_identification:_identify(g1/scripts/unifolm-vla_g1-main/src/unifolm_vla/rlds_dataloader/datasets/rlds/oxe/utils) by extensions ['cmake', 'python']
[0.486s] Level 1:colcon.colcon_core.package_identification:_identify(g1/scripts/unifolm-vla_g1-main/src/unifolm_vla/rlds_dataloader/datasets/rlds/oxe/utils) by extension 'cmake'
[0.486s] Level 1:colcon.colcon_core.package_identification:_identify(g1/scripts/unifolm-vla_g1-main/src/unifolm_vla/rlds_dataloader/datasets/rlds/oxe/utils) by extension 'python'
[0.486s] Level 1:colcon.colcon_core.package_identification:_identify(g1/scripts/unifolm-vla_g1-main/src/unifolm_vla/rlds_dataloader/datasets/rlds/oxe/utils) by extensions ['python_setup_py']
[0.486s] Level 1:colcon.colcon_core.package_identification:_identify(g1/scripts/unifolm-vla_g1-main/src/unifolm_vla/rlds_dataloader/datasets/rlds/oxe/utils) by extension 'python_setup_py'
[0.486s] Level 1:colcon.colcon_core.package_identification:_identify(g1/scripts/unifolm-vla_g1-main/src/unifolm_vla/rlds_dataloader/datasets/rlds/utils) by extensions ['ignore', 'ignore_ament_install']
[0.486s] Level 1:colcon.colcon_core.package_identification:_identify(g1/scripts/unifolm-vla_g1-main/src/unifolm_vla/rlds_dataloader/datasets/rlds/utils) by extension 'ignore'
[0.486s] Level 1:colcon.colcon_core.package_identification:_identify(g1/scripts/unifolm-vla_g1-main/src/unifolm_vla/rlds_dataloader/datasets/rlds/utils) by extension 'ignore_ament_install'
[0.486s] Level 1:colcon.colcon_core.package_identification:_identify(g1/scripts/unifolm-vla_g1-main/src/unifolm_vla/rlds_dataloader/datasets/rlds/utils) by extensions ['colcon_pkg']
[0.486s] Level 1:colcon.colcon_core.package_identification:_identify(g1/scripts/unifolm-vla_g1-main/src/unifolm_vla/rlds_dataloader/datasets/rlds/utils) by extension 'colcon_pkg'
[0.487s] Level 1:colcon.colcon_core.package_identification:_identify(g1/scripts/unifolm-vla_g1-main/src/unifolm_vla/rlds_dataloader/datasets/rlds/utils) by extensions ['colcon_meta']
[0.487s] Level 1:colcon.colcon_core.package_identification:_identify(g1/scripts/unifolm-vla_g1-main/src/unifolm_vla/rlds_dataloader/datasets/rlds/utils) by extension 'colcon_meta'
[0.487s] Level 1:colcon.colcon_core.package_identification:_identify(g1/scripts/unifolm-vla_g1-main/src/unifolm_vla/rlds_dataloader/datasets/rlds/utils) by extensions ['ros']
[0.487s] Level 1:colcon.colcon_core.package_identification:_identify(g1/scripts/unifolm-vla_g1-main/src/unifolm_vla/rlds_dataloader/datasets/rlds/utils) by extension 'ros'
[0.487s] Level 1:colcon.colcon_core.package_identification:_identify(g1/scripts/unifolm-vla_g1-main/src/unifolm_vla/rlds_dataloader/datasets/rlds/utils) by extensions ['cmake', 'python']
[0.487s] Level 1:colcon.colcon_core.package_identification:_identify(g1/scripts/unifolm-vla_g1-main/src/unifolm_vla/rlds_dataloader/datasets/rlds/utils) by extension 'cmake'
[0.487s] Level 1:colcon.colcon_core.package_identification:_identify(g1/scripts/unifolm-vla_g1-main/src/unifolm_vla/rlds_dataloader/datasets/rlds/utils) by extension 'python'
[0.487s] Level 1:colcon.colcon_core.package_identification:_identify(g1/scripts/unifolm-vla_g1-main/src/unifolm_vla/rlds_dataloader/datasets/rlds/utils) by extensions ['python_setup_py']
[0.487s] Level 1:colcon.colcon_core.package_identification:_identify(g1/scripts/unifolm-vla_g1-main/src/unifolm_vla/rlds_dataloader/datasets/rlds/utils) by extension 'python_setup_py'
[0.487s] Level 1:colcon.colcon_core.package_identification:_identify(g1/scripts/unifolm-vla_g1-main/src/unifolm_vla/training) by extensions ['ignore', 'ignore_ament_install']
[0.487s] Level 1:colcon.colcon_core.package_identification:_identify(g1/scripts/unifolm-vla_g1-main/src/unifolm_vla/training) by extension 'ignore'
[0.487s] Level 1:colcon.colcon_core.package_identification:_identify(g1/scripts/unifolm-vla_g1-main/src/unifolm_vla/training) by extension 'ignore_ament_install'
[0.487s] Level 1:colcon.colcon_core.package_identification:_identify(g1/scripts/unifolm-vla_g1-main/src/unifolm_vla/training) by extensions ['colcon_pkg']
[0.487s] Level 1:colcon.colcon_core.package_identification:_identify(g1/scripts/unifolm-vla_g1-main/src/unifolm_vla/training) by extension 'colcon_pkg'
[0.487s] Level 1:colcon.colcon_core.package_identification:_identify(g1/scripts/unifolm-vla_g1-main/src/unifolm_vla/training) by extensions ['colcon_meta']
[0.487s] Level 1:colcon.colcon_core.package_identification:_identify(g1/scripts/unifolm-vla_g1-main/src/unifolm_vla/training) by extension 'colcon_meta'
[0.487s] Level 1:colcon.colcon_core.package_identification:_identify(g1/scripts/unifolm-vla_g1-main/src/unifolm_vla/training) by extensions ['ros']
[0.487s] Level 1:colcon.colcon_core.package_identification:_identify(g1/scripts/unifolm-vla_g1-main/src/unifolm_vla/training) by extension 'ros'
[0.487s] Level 1:colcon.colcon_core.package_identification:_identify(g1/scripts/unifolm-vla_g1-main/src/unifolm_vla/training) by extensions ['cmake', 'python']
[0.487s] Level 1:colcon.colcon_core.package_identification:_identify(g1/scripts/unifolm-vla_g1-main/src/unifolm_vla/training) by extension 'cmake'
[0.487s] Level 1:colcon.colcon_core.package_identification:_identify(g1/scripts/unifolm-vla_g1-main/src/unifolm_vla/training) by extension 'python'
[0.488s] Level 1:colcon.colcon_core.package_identification:_identify(g1/scripts/unifolm-vla_g1-main/src/unifolm_vla/training) by extensions ['python_setup_py']
[0.488s] Level 1:colcon.colcon_core.package_identification:_identify(g1/scripts/unifolm-vla_g1-main/src/unifolm_vla/training) by extension 'python_setup_py'
[0.488s] Level 1:colcon.colcon_core.package_identification:_identify(g1/scripts/unifolm-vla_g1-main/src/unifolm_vla/training/trainer_utils) by extensions ['ignore', 'ignore_ament_install']
[0.488s] Level 1:colcon.colcon_core.package_identification:_identify(g1/scripts/unifolm-vla_g1-main/src/unifolm_vla/training/trainer_utils) by extension 'ignore'
[0.488s] Level 1:colcon.colcon_core.package_identification:_identify(g1/scripts/unifolm-vla_g1-main/src/unifolm_vla/training/trainer_utils) by extension 'ignore_ament_install'
[0.488s] Level 1:colcon.colcon_core.package_identification:_identify(g1/scripts/unifolm-vla_g1-main/src/unifolm_vla/training/trainer_utils) by extensions ['colcon_pkg']
[0.488s] Level 1:colcon.colcon_core.package_identification:_identify(g1/scripts/unifolm-vla_g1-main/src/unifolm_vla/training/trainer_utils) by extension 'colcon_pkg'
[0.488s] Level 1:colcon.colcon_core.package_identification:_identify(g1/scripts/unifolm-vla_g1-main/src/unifolm_vla/training/trainer_utils) by extensions ['colcon_meta']
[0.488s] Level 1:colcon.colcon_core.package_identification:_identify(g1/scripts/unifolm-vla_g1-main/src/unifolm_vla/training/trainer_utils) by extension 'colcon_meta'
[0.488s] Level 1:colcon.colcon_core.package_identification:_identify(g1/scripts/unifolm-vla_g1-main/src/unifolm_vla/training/trainer_utils) by extensions ['ros']
[0.488s] Level 1:colcon.colcon_core.package_identification:_identify(g1/scripts/unifolm-vla_g1-main/src/unifolm_vla/training/trainer_utils) by extension 'ros'
[0.488s] Level 1:colcon.colcon_core.package_identification:_identify(g1/scripts/unifolm-vla_g1-main/src/unifolm_vla/training/trainer_utils) by extensions ['cmake', 'python']
[0.488s] Level 1:colcon.colcon_core.package_identification:_identify(g1/scripts/unifolm-vla_g1-main/src/unifolm_vla/training/trainer_utils) by extension 'cmake'
[0.488s] Level 1:colcon.colcon_core.package_identification:_identify(g1/scripts/unifolm-vla_g1-main/src/unifolm_vla/training/trainer_utils) by extension 'python'
[0.488s] Level 1:colcon.colcon_core.package_identification:_identify(g1/scripts/unifolm-vla_g1-main/src/unifolm_vla/training/trainer_utils) by extensions ['python_setup_py']
[0.488s] Level 1:colcon.colcon_core.package_identification:_identify(g1/scripts/unifolm-vla_g1-main/src/unifolm_vla/training/trainer_utils) by extension 'python_setup_py'
[0.488s] Level 1:colcon.colcon_core.package_identification:_identify(g1/scripts/usecases) by extensions ['ignore', 'ignore_ament_install']
[0.488s] Level 1:colcon.colcon_core.package_identification:_identify(g1/scripts/usecases) by extension 'ignore'
[0.489s] Level 1:colcon.colcon_core.package_identification:_identify(g1/scripts/usecases) by extension 'ignore_ament_install'
[0.489s] Level 1:colcon.colcon_core.package_identification:_identify(g1/scripts/usecases) by extensions ['colcon_pkg']
[0.489s] Level 1:colcon.colcon_core.package_identification:_identify(g1/scripts/usecases) by extension 'colcon_pkg'
[0.489s] Level 1:colcon.colcon_core.package_identification:_identify(g1/scripts/usecases) by extensions ['colcon_meta']
[0.489s] Level 1:colcon.colcon_core.package_identification:_identify(g1/scripts/usecases) by extension 'colcon_meta'
[0.489s] Level 1:colcon.colcon_core.package_identification:_identify(g1/scripts/usecases) by extensions ['ros']
[0.489s] Level 1:colcon.colcon_core.package_identification:_identify(g1/scripts/usecases) by extension 'ros'
[0.489s] Level 1:colcon.colcon_core.package_identification:_identify(g1/scripts/usecases) by extensions ['cmake', 'python']
[0.489s] Level 1:colcon.colcon_core.package_identification:_identify(g1/scripts/usecases) by extension 'cmake'
[0.489s] Level 1:colcon.colcon_core.package_identification:_identify(g1/scripts/usecases) by extension 'python'
[0.489s] Level 1:colcon.colcon_core.package_identification:_identify(g1/scripts/usecases) by extensions ['python_setup_py']
[0.489s] Level 1:colcon.colcon_core.package_identification:_identify(g1/scripts/usecases) by extension 'python_setup_py'
[0.489s] Level 1:colcon.colcon_core.package_identification:_identify(g1/scripts/usecases/boxing_bag_hunt) by extensions ['ignore', 'ignore_ament_install']
[0.489s] Level 1:colcon.colcon_core.package_identification:_identify(g1/scripts/usecases/boxing_bag_hunt) by extension 'ignore'
[0.489s] Level 1:colcon.colcon_core.package_identification:_identify(g1/scripts/usecases/boxing_bag_hunt) by extension 'ignore_ament_install'
[0.489s] Level 1:colcon.colcon_core.package_identification:_identify(g1/scripts/usecases/boxing_bag_hunt) by extensions ['colcon_pkg']
[0.489s] Level 1:colcon.colcon_core.package_identification:_identify(g1/scripts/usecases/boxing_bag_hunt) by extension 'colcon_pkg'
[0.489s] Level 1:colcon.colcon_core.package_identification:_identify(g1/scripts/usecases/boxing_bag_hunt) by extensions ['colcon_meta']
[0.489s] Level 1:colcon.colcon_core.package_identification:_identify(g1/scripts/usecases/boxing_bag_hunt) by extension 'colcon_meta'
[0.490s] Level 1:colcon.colcon_core.package_identification:_identify(g1/scripts/usecases/boxing_bag_hunt) by extensions ['ros']
[0.490s] Level 1:colcon.colcon_core.package_identification:_identify(g1/scripts/usecases/boxing_bag_hunt) by extension 'ros'
[0.490s] Level 1:colcon.colcon_core.package_identification:_identify(g1/scripts/usecases/boxing_bag_hunt) by extensions ['cmake', 'python']
[0.490s] Level 1:colcon.colcon_core.package_identification:_identify(g1/scripts/usecases/boxing_bag_hunt) by extension 'cmake'
[0.490s] Level 1:colcon.colcon_core.package_identification:_identify(g1/scripts/usecases/boxing_bag_hunt) by extension 'python'
[0.490s] Level 1:colcon.colcon_core.package_identification:_identify(g1/scripts/usecases/boxing_bag_hunt) by extensions ['python_setup_py']
[0.490s] Level 1:colcon.colcon_core.package_identification:_identify(g1/scripts/usecases/boxing_bag_hunt) by extension 'python_setup_py'
[0.490s] Level 1:colcon.colcon_core.package_identification:_identify(g1/sim) by extensions ['ignore', 'ignore_ament_install']
[0.490s] Level 1:colcon.colcon_core.package_identification:_identify(g1/sim) by extension 'ignore'
[0.490s] Level 1:colcon.colcon_core.package_identification:_identify(g1/sim) by extension 'ignore_ament_install'
[0.490s] Level 1:colcon.colcon_core.package_identification:_identify(g1/sim) by extensions ['colcon_pkg']
[0.490s] Level 1:colcon.colcon_core.package_identification:_identify(g1/sim) by extension 'colcon_pkg'
[0.490s] Level 1:colcon.colcon_core.package_identification:_identify(g1/sim) by extensions ['colcon_meta']
[0.490s] Level 1:colcon.colcon_core.package_identification:_identify(g1/sim) by extension 'colcon_meta'
[0.490s] Level 1:colcon.colcon_core.package_identification:_identify(g1/sim) by extensions ['ros']
[0.490s] Level 1:colcon.colcon_core.package_identification:_identify(g1/sim) by extension 'ros'
[0.491s] Level 1:colcon.colcon_core.package_identification:_identify(g1/sim) by extensions ['cmake', 'python']
[0.491s] Level 1:colcon.colcon_core.package_identification:_identify(g1/sim) by extension 'cmake'
[0.491s] Level 1:colcon.colcon_core.package_identification:_identify(g1/sim) by extension 'python'
[0.491s] Level 1:colcon.colcon_core.package_identification:_identify(g1/sim) by extensions ['python_setup_py']
[0.491s] Level 1:colcon.colcon_core.package_identification:_identify(g1/sim) by extension 'python_setup_py'
[0.491s] Level 1:colcon.colcon_core.package_identification:_identify(g1/sim/G1_rviz_simulation-main) by extensions ['ignore', 'ignore_ament_install']
[0.491s] Level 1:colcon.colcon_core.package_identification:_identify(g1/sim/G1_rviz_simulation-main) by extension 'ignore'
[0.491s] Level 1:colcon.colcon_core.package_identification:_identify(g1/sim/G1_rviz_simulation-main) by extension 'ignore_ament_install'
[0.491s] Level 1:colcon.colcon_core.package_identification:_identify(g1/sim/G1_rviz_simulation-main) by extensions ['colcon_pkg']
[0.491s] Level 1:colcon.colcon_core.package_identification:_identify(g1/sim/G1_rviz_simulation-main) by extension 'colcon_pkg'
[0.491s] Level 1:colcon.colcon_core.package_identification:_identify(g1/sim/G1_rviz_simulation-main) by extensions ['colcon_meta']
[0.491s] Level 1:colcon.colcon_core.package_identification:_identify(g1/sim/G1_rviz_simulation-main) by extension 'colcon_meta'
[0.491s] Level 1:colcon.colcon_core.package_identification:_identify(g1/sim/G1_rviz_simulation-main) by extensions ['ros']
[0.491s] Level 1:colcon.colcon_core.package_identification:_identify(g1/sim/G1_rviz_simulation-main) by extension 'ros'
[0.491s] Level 1:colcon.colcon_core.package_identification:_identify(g1/sim/G1_rviz_simulation-main) by extensions ['cmake', 'python']
[0.491s] Level 1:colcon.colcon_core.package_identification:_identify(g1/sim/G1_rviz_simulation-main) by extension 'cmake'
[0.491s] Level 1:colcon.colcon_core.package_identification:_identify(g1/sim/G1_rviz_simulation-main) by extension 'python'
[0.491s] Level 1:colcon.colcon_core.package_identification:_identify(g1/sim/G1_rviz_simulation-main) by extensions ['python_setup_py']
[0.491s] Level 1:colcon.colcon_core.package_identification:_identify(g1/sim/G1_rviz_simulation-main) by extension 'python_setup_py'
[0.491s] Level 1:colcon.colcon_core.package_identification:_identify(g1/sim/G1_rviz_simulation-main/G1_rviz_simulation-main) by extensions ['ignore', 'ignore_ament_install']
[0.492s] Level 1:colcon.colcon_core.package_identification:_identify(g1/sim/G1_rviz_simulation-main/G1_rviz_simulation-main) by extension 'ignore'
[0.492s] Level 1:colcon.colcon_core.package_identification:_identify(g1/sim/G1_rviz_simulation-main/G1_rviz_simulation-main) by extension 'ignore_ament_install'
[0.492s] Level 1:colcon.colcon_core.package_identification:_identify(g1/sim/G1_rviz_simulation-main/G1_rviz_simulation-main) by extensions ['colcon_pkg']
[0.492s] Level 1:colcon.colcon_core.package_identification:_identify(g1/sim/G1_rviz_simulation-main/G1_rviz_simulation-main) by extension 'colcon_pkg'
[0.492s] Level 1:colcon.colcon_core.package_identification:_identify(g1/sim/G1_rviz_simulation-main/G1_rviz_simulation-main) by extensions ['colcon_meta']
[0.492s] Level 1:colcon.colcon_core.package_identification:_identify(g1/sim/G1_rviz_simulation-main/G1_rviz_simulation-main) by extension 'colcon_meta'
[0.492s] Level 1:colcon.colcon_core.package_identification:_identify(g1/sim/G1_rviz_simulation-main/G1_rviz_simulation-main) by extensions ['ros']
[0.492s] Level 1:colcon.colcon_core.package_identification:_identify(g1/sim/G1_rviz_simulation-main/G1_rviz_simulation-main) by extension 'ros'
[0.499s] DEBUG:colcon.colcon_core.package_identification:Package 'g1/sim/G1_rviz_simulation-main/G1_rviz_simulation-main' with type 'ros.ament_python' and name 'g1_description'
[0.500s] Level 1:colcon.colcon_core.package_identification:_identify(g1/sim/mujoco) by extensions ['ignore', 'ignore_ament_install']
[0.500s] Level 1:colcon.colcon_core.package_identification:_identify(g1/sim/mujoco) by extension 'ignore'
[0.500s] Level 1:colcon.colcon_core.package_identification:_identify(g1/sim/mujoco) by extension 'ignore_ament_install'
[0.500s] Level 1:colcon.colcon_core.package_identification:_identify(g1/sim/mujoco) by extensions ['colcon_pkg']
[0.500s] Level 1:colcon.colcon_core.package_identification:_identify(g1/sim/mujoco) by extension 'colcon_pkg'
[0.500s] Level 1:colcon.colcon_core.package_identification:_identify(g1/sim/mujoco) by extensions ['colcon_meta']
[0.500s] Level 1:colcon.colcon_core.package_identification:_identify(g1/sim/mujoco) by extension 'colcon_meta'
[0.500s] Level 1:colcon.colcon_core.package_identification:_identify(g1/sim/mujoco) by extensions ['ros']
[0.500s] Level 1:colcon.colcon_core.package_identification:_identify(g1/sim/mujoco) by extension 'ros'
[0.500s] Level 1:colcon.colcon_core.package_identification:_identify(g1/sim/mujoco) by extensions ['cmake', 'python']
[0.500s] Level 1:colcon.colcon_core.package_identification:_identify(g1/sim/mujoco) by extension 'cmake'
[0.501s] Level 1:colcon.colcon_core.package_identification:_identify(g1/sim/mujoco) by extension 'python'
[0.501s] Level 1:colcon.colcon_core.package_identification:_identify(g1/sim/mujoco) by extensions ['python_setup_py']
[0.501s] Level 1:colcon.colcon_core.package_identification:_identify(g1/sim/mujoco) by extension 'python_setup_py'
[0.501s] Level 1:colcon.colcon_core.package_identification:_identify(g1/sim/mujoco/COM_viz) by extensions ['ignore', 'ignore_ament_install']
[0.501s] Level 1:colcon.colcon_core.package_identification:_identify(g1/sim/mujoco/COM_viz) by extension 'ignore'
[0.501s] Level 1:colcon.colcon_core.package_identification:_identify(g1/sim/mujoco/COM_viz) by extension 'ignore_ament_install'
[0.501s] Level 1:colcon.colcon_core.package_identification:_identify(g1/sim/mujoco/COM_viz) by extensions ['colcon_pkg']
[0.501s] Level 1:colcon.colcon_core.package_identification:_identify(g1/sim/mujoco/COM_viz) by extension 'colcon_pkg'
[0.501s] Level 1:colcon.colcon_core.package_identification:_identify(g1/sim/mujoco/COM_viz) by extensions ['colcon_meta']
[0.501s] Level 1:colcon.colcon_core.package_identification:_identify(g1/sim/mujoco/COM_viz) by extension 'colcon_meta'
[0.501s] Level 1:colcon.colcon_core.package_identification:_identify(g1/sim/mujoco/COM_viz) by extensions ['ros']
[0.501s] Level 1:colcon.colcon_core.package_identification:_identify(g1/sim/mujoco/COM_viz) by extension 'ros'
[0.501s] Level 1:colcon.colcon_core.package_identification:_identify(g1/sim/mujoco/COM_viz) by extensions ['cmake', 'python']
[0.501s] Level 1:colcon.colcon_core.package_identification:_identify(g1/sim/mujoco/COM_viz) by extension 'cmake'
[0.501s] Level 1:colcon.colcon_core.package_identification:_identify(g1/sim/mujoco/COM_viz) by extension 'python'
[0.501s] Level 1:colcon.colcon_core.package_identification:_identify(g1/sim/mujoco/COM_viz) by extensions ['python_setup_py']
[0.502s] Level 1:colcon.colcon_core.package_identification:_identify(g1/sim/mujoco/COM_viz) by extension 'python_setup_py'
[0.502s] Level 1:colcon.colcon_core.package_identification:_identify(g1/sim/mujoco/scripts) by extensions ['ignore', 'ignore_ament_install']
[0.502s] Level 1:colcon.colcon_core.package_identification:_identify(g1/sim/mujoco/scripts) by extension 'ignore'
[0.502s] Level 1:colcon.colcon_core.package_identification:_identify(g1/sim/mujoco/scripts) by extension 'ignore_ament_install'
[0.502s] Level 1:colcon.colcon_core.package_identification:_identify(g1/sim/mujoco/scripts) by extensions ['colcon_pkg']
[0.502s] Level 1:colcon.colcon_core.package_identification:_identify(g1/sim/mujoco/scripts) by extension 'colcon_pkg'
[0.502s] Level 1:colcon.colcon_core.package_identification:_identify(g1/sim/mujoco/scripts) by extensions ['colcon_meta']
[0.502s] Level 1:colcon.colcon_core.package_identification:_identify(g1/sim/mujoco/scripts) by extension 'colcon_meta'
[0.502s] Level 1:colcon.colcon_core.package_identification:_identify(g1/sim/mujoco/scripts) by extensions ['ros']
[0.502s] Level 1:colcon.colcon_core.package_identification:_identify(g1/sim/mujoco/scripts) by extension 'ros'
[0.502s] Level 1:colcon.colcon_core.package_identification:_identify(g1/sim/mujoco/scripts) by extensions ['cmake', 'python']
[0.502s] Level 1:colcon.colcon_core.package_identification:_identify(g1/sim/mujoco/scripts) by extension 'cmake'
[0.502s] Level 1:colcon.colcon_core.package_identification:_identify(g1/sim/mujoco/scripts) by extension 'python'
[0.502s] Level 1:colcon.colcon_core.package_identification:_identify(g1/sim/mujoco/scripts) by extensions ['python_setup_py']
[0.502s] Level 1:colcon.colcon_core.package_identification:_identify(g1/sim/mujoco/scripts) by extension 'python_setup_py'
[0.503s] Level 1:colcon.colcon_core.package_identification:_identify(g1/sim/unitree_robots) by extensions ['ignore', 'ignore_ament_install']
[0.503s] Level 1:colcon.colcon_core.package_identification:_identify(g1/sim/unitree_robots) by extension 'ignore'
[0.503s] Level 1:colcon.colcon_core.package_identification:_identify(g1/sim/unitree_robots) by extension 'ignore_ament_install'
[0.503s] Level 1:colcon.colcon_core.package_identification:_identify(g1/sim/unitree_robots) by extensions ['colcon_pkg']
[0.503s] Level 1:colcon.colcon_core.package_identification:_identify(g1/sim/unitree_robots) by extension 'colcon_pkg'
[0.503s] Level 1:colcon.colcon_core.package_identification:_identify(g1/sim/unitree_robots) by extensions ['colcon_meta']
[0.503s] Level 1:colcon.colcon_core.package_identification:_identify(g1/sim/unitree_robots) by extension 'colcon_meta'
[0.503s] Level 1:colcon.colcon_core.package_identification:_identify(g1/sim/unitree_robots) by extensions ['ros']
[0.503s] Level 1:colcon.colcon_core.package_identification:_identify(g1/sim/unitree_robots) by extension 'ros'
[0.503s] Level 1:colcon.colcon_core.package_identification:_identify(g1/sim/unitree_robots) by extensions ['cmake', 'python']
[0.503s] Level 1:colcon.colcon_core.package_identification:_identify(g1/sim/unitree_robots) by extension 'cmake'
[0.503s] Level 1:colcon.colcon_core.package_identification:_identify(g1/sim/unitree_robots) by extension 'python'
[0.503s] Level 1:colcon.colcon_core.package_identification:_identify(g1/sim/unitree_robots) by extensions ['python_setup_py']
[0.503s] Level 1:colcon.colcon_core.package_identification:_identify(g1/sim/unitree_robots) by extension 'python_setup_py'
[0.503s] Level 1:colcon.colcon_core.package_identification:_identify(g1/sim/unitree_robots/b2) by extensions ['ignore', 'ignore_ament_install']
[0.503s] Level 1:colcon.colcon_core.package_identification:_identify(g1/sim/unitree_robots/b2) by extension 'ignore'
[0.504s] Level 1:colcon.colcon_core.package_identification:_identify(g1/sim/unitree_robots/b2) by extension 'ignore_ament_install'
[0.504s] Level 1:colcon.colcon_core.package_identification:_identify(g1/sim/unitree_robots/b2) by extensions ['colcon_pkg']
[0.504s] Level 1:colcon.colcon_core.package_identification:_identify(g1/sim/unitree_robots/b2) by extension 'colcon_pkg'
[0.504s] Level 1:colcon.colcon_core.package_identification:_identify(g1/sim/unitree_robots/b2) by extensions ['colcon_meta']
[0.504s] Level 1:colcon.colcon_core.package_identification:_identify(g1/sim/unitree_robots/b2) by extension 'colcon_meta'
[0.504s] Level 1:colcon.colcon_core.package_identification:_identify(g1/sim/unitree_robots/b2) by extensions ['ros']
[0.504s] Level 1:colcon.colcon_core.package_identification:_identify(g1/sim/unitree_robots/b2) by extension 'ros'
[0.504s] Level 1:colcon.colcon_core.package_identification:_identify(g1/sim/unitree_robots/b2) by extensions ['cmake', 'python']
[0.504s] Level 1:colcon.colcon_core.package_identification:_identify(g1/sim/unitree_robots/b2) by extension 'cmake'
[0.504s] Level 1:colcon.colcon_core.package_identification:_identify(g1/sim/unitree_robots/b2) by extension 'python'
[0.504s] Level 1:colcon.colcon_core.package_identification:_identify(g1/sim/unitree_robots/b2) by extensions ['python_setup_py']
[0.504s] Level 1:colcon.colcon_core.package_identification:_identify(g1/sim/unitree_robots/b2) by extension 'python_setup_py'
[0.504s] Level 1:colcon.colcon_core.package_identification:_identify(g1/sim/unitree_robots/b2/assets) by extensions ['ignore', 'ignore_ament_install']
[0.504s] Level 1:colcon.colcon_core.package_identification:_identify(g1/sim/unitree_robots/b2/assets) by extension 'ignore'
[0.504s] Level 1:colcon.colcon_core.package_identification:_identify(g1/sim/unitree_robots/b2/assets) by extension 'ignore_ament_install'
[0.504s] Level 1:colcon.colcon_core.package_identification:_identify(g1/sim/unitree_robots/b2/assets) by extensions ['colcon_pkg']
[0.504s] Level 1:colcon.colcon_core.package_identification:_identify(g1/sim/unitree_robots/b2/assets) by extension 'colcon_pkg'
[0.505s] Level 1:colcon.colcon_core.package_identification:_identify(g1/sim/unitree_robots/b2/assets) by extensions ['colcon_meta']
[0.505s] Level 1:colcon.colcon_core.package_identification:_identify(g1/sim/unitree_robots/b2/assets) by extension 'colcon_meta'
[0.505s] Level 1:colcon.colcon_core.package_identification:_identify(g1/sim/unitree_robots/b2/assets) by extensions ['ros']
[0.505s] Level 1:colcon.colcon_core.package_identification:_identify(g1/sim/unitree_robots/b2/assets) by extension 'ros'
[0.505s] Level 1:colcon.colcon_core.package_identification:_identify(g1/sim/unitree_robots/b2/assets) by extensions ['cmake', 'python']
[0.505s] Level 1:colcon.colcon_core.package_identification:_identify(g1/sim/unitree_robots/b2/assets) by extension 'cmake'
[0.505s] Level 1:colcon.colcon_core.package_identification:_identify(g1/sim/unitree_robots/b2/assets) by extension 'python'
[0.505s] Level 1:colcon.colcon_core.package_identification:_identify(g1/sim/unitree_robots/b2/assets) by extensions ['python_setup_py']
[0.505s] Level 1:colcon.colcon_core.package_identification:_identify(g1/sim/unitree_robots/b2/assets) by extension 'python_setup_py'
[0.505s] Level 1:colcon.colcon_core.package_identification:_identify(g1/sim/unitree_robots/b2w) by extensions ['ignore', 'ignore_ament_install']
[0.505s] Level 1:colcon.colcon_core.package_identification:_identify(g1/sim/unitree_robots/b2w) by extension 'ignore'
[0.505s] Level 1:colcon.colcon_core.package_identification:_identify(g1/sim/unitree_robots/b2w) by extension 'ignore_ament_install'
[0.505s] Level 1:colcon.colcon_core.package_identification:_identify(g1/sim/unitree_robots/b2w) by extensions ['colcon_pkg']
[0.505s] Level 1:colcon.colcon_core.package_identification:_identify(g1/sim/unitree_robots/b2w) by extension 'colcon_pkg'
[0.505s] Level 1:colcon.colcon_core.package_identification:_identify(g1/sim/unitree_robots/b2w) by extensions ['colcon_meta']
[0.505s] Level 1:colcon.colcon_core.package_identification:_identify(g1/sim/unitree_robots/b2w) by extension 'colcon_meta'
[0.505s] Level 1:colcon.colcon_core.package_identification:_identify(g1/sim/unitree_robots/b2w) by extensions ['ros']
[0.505s] Level 1:colcon.colcon_core.package_identification:_identify(g1/sim/unitree_robots/b2w) by extension 'ros'
[0.506s] Level 1:colcon.colcon_core.package_identification:_identify(g1/sim/unitree_robots/b2w) by extensions ['cmake', 'python']
[0.506s] Level 1:colcon.colcon_core.package_identification:_identify(g1/sim/unitree_robots/b2w) by extension 'cmake'
[0.506s] Level 1:colcon.colcon_core.package_identification:_identify(g1/sim/unitree_robots/b2w) by extension 'python'
[0.506s] Level 1:colcon.colcon_core.package_identification:_identify(g1/sim/unitree_robots/b2w) by extensions ['python_setup_py']
[0.506s] Level 1:colcon.colcon_core.package_identification:_identify(g1/sim/unitree_robots/b2w) by extension 'python_setup_py'
[0.506s] Level 1:colcon.colcon_core.package_identification:_identify(g1/sim/unitree_robots/b2w/assets) by extensions ['ignore', 'ignore_ament_install']
[0.506s] Level 1:colcon.colcon_core.package_identification:_identify(g1/sim/unitree_robots/b2w/assets) by extension 'ignore'
[0.506s] Level 1:colcon.colcon_core.package_identification:_identify(g1/sim/unitree_robots/b2w/assets) by extension 'ignore_ament_install'
[0.506s] Level 1:colcon.colcon_core.package_identification:_identify(g1/sim/unitree_robots/b2w/assets) by extensions ['colcon_pkg']
[0.506s] Level 1:colcon.colcon_core.package_identification:_identify(g1/sim/unitree_robots/b2w/assets) by extension 'colcon_pkg'
[0.506s] Level 1:colcon.colcon_core.package_identification:_identify(g1/sim/unitree_robots/b2w/assets) by extensions ['colcon_meta']
[0.506s] Level 1:colcon.colcon_core.package_identification:_identify(g1/sim/unitree_robots/b2w/assets) by extension 'colcon_meta'
[0.506s] Level 1:colcon.colcon_core.package_identification:_identify(g1/sim/unitree_robots/b2w/assets) by extensions ['ros']
[0.506s] Level 1:colcon.colcon_core.package_identification:_identify(g1/sim/unitree_robots/b2w/assets) by extension 'ros'
[0.506s] Level 1:colcon.colcon_core.package_identification:_identify(g1/sim/unitree_robots/b2w/assets) by extensions ['cmake', 'python']
[0.506s] Level 1:colcon.colcon_core.package_identification:_identify(g1/sim/unitree_robots/b2w/assets) by extension 'cmake'
[0.506s] Level 1:colcon.colcon_core.package_identification:_identify(g1/sim/unitree_robots/b2w/assets) by extension 'python'
[0.506s] Level 1:colcon.colcon_core.package_identification:_identify(g1/sim/unitree_robots/b2w/assets) by extensions ['python_setup_py']
[0.506s] Level 1:colcon.colcon_core.package_identification:_identify(g1/sim/unitree_robots/b2w/assets) by extension 'python_setup_py'
[0.507s] Level 1:colcon.colcon_core.package_identification:_identify(g1/sim/unitree_robots/g1) by extensions ['ignore', 'ignore_ament_install']
[0.507s] Level 1:colcon.colcon_core.package_identification:_identify(g1/sim/unitree_robots/g1) by extension 'ignore'
[0.507s] Level 1:colcon.colcon_core.package_identification:_identify(g1/sim/unitree_robots/g1) by extension 'ignore_ament_install'
[0.507s] Level 1:colcon.colcon_core.package_identification:_identify(g1/sim/unitree_robots/g1) by extensions ['colcon_pkg']
[0.507s] Level 1:colcon.colcon_core.package_identification:_identify(g1/sim/unitree_robots/g1) by extension 'colcon_pkg'
[0.507s] Level 1:colcon.colcon_core.package_identification:_identify(g1/sim/unitree_robots/g1) by extensions ['colcon_meta']
[0.507s] Level 1:colcon.colcon_core.package_identification:_identify(g1/sim/unitree_robots/g1) by extension 'colcon_meta'
[0.507s] Level 1:colcon.colcon_core.package_identification:_identify(g1/sim/unitree_robots/g1) by extensions ['ros']
[0.507s] Level 1:colcon.colcon_core.package_identification:_identify(g1/sim/unitree_robots/g1) by extension 'ros'
[0.507s] Level 1:colcon.colcon_core.package_identification:_identify(g1/sim/unitree_robots/g1) by extensions ['cmake', 'python']
[0.507s] Level 1:colcon.colcon_core.package_identification:_identify(g1/sim/unitree_robots/g1) by extension 'cmake'
[0.507s] Level 1:colcon.colcon_core.package_identification:_identify(g1/sim/unitree_robots/g1) by extension 'python'
[0.507s] Level 1:colcon.colcon_core.package_identification:_identify(g1/sim/unitree_robots/g1) by extensions ['python_setup_py']
[0.507s] Level 1:colcon.colcon_core.package_identification:_identify(g1/sim/unitree_robots/g1) by extension 'python_setup_py'
[0.507s] Level 1:colcon.colcon_core.package_identification:_identify(g1/sim/unitree_robots/g1/images) by extensions ['ignore', 'ignore_ament_install']
[0.507s] Level 1:colcon.colcon_core.package_identification:_identify(g1/sim/unitree_robots/g1/images) by extension 'ignore'
[0.508s] Level 1:colcon.colcon_core.package_identification:_identify(g1/sim/unitree_robots/g1/images) by extension 'ignore_ament_install'
[0.508s] Level 1:colcon.colcon_core.package_identification:_identify(g1/sim/unitree_robots/g1/images) by extensions ['colcon_pkg']
[0.508s] Level 1:colcon.colcon_core.package_identification:_identify(g1/sim/unitree_robots/g1/images) by extension 'colcon_pkg'
[0.508s] Level 1:colcon.colcon_core.package_identification:_identify(g1/sim/unitree_robots/g1/images) by extensions ['colcon_meta']
[0.508s] Level 1:colcon.colcon_core.package_identification:_identify(g1/sim/unitree_robots/g1/images) by extension 'colcon_meta'
[0.508s] Level 1:colcon.colcon_core.package_identification:_identify(g1/sim/unitree_robots/g1/images) by extensions ['ros']
[0.508s] Level 1:colcon.colcon_core.package_identification:_identify(g1/sim/unitree_robots/g1/images) by extension 'ros'
[0.508s] Level 1:colcon.colcon_core.package_identification:_identify(g1/sim/unitree_robots/g1/images) by extensions ['cmake', 'python']
[0.508s] Level 1:colcon.colcon_core.package_identification:_identify(g1/sim/unitree_robots/g1/images) by extension 'cmake'
[0.508s] Level 1:colcon.colcon_core.package_identification:_identify(g1/sim/unitree_robots/g1/images) by extension 'python'
[0.508s] Level 1:colcon.colcon_core.package_identification:_identify(g1/sim/unitree_robots/g1/images) by extensions ['python_setup_py']
[0.508s] Level 1:colcon.colcon_core.package_identification:_identify(g1/sim/unitree_robots/g1/images) by extension 'python_setup_py'
[0.508s] Level 1:colcon.colcon_core.package_identification:_identify(g1/sim/unitree_robots/g1/meshes) by extensions ['ignore', 'ignore_ament_install']
[0.508s] Level 1:colcon.colcon_core.package_identification:_identify(g1/sim/unitree_robots/g1/meshes) by extension 'ignore'
[0.509s] Level 1:colcon.colcon_core.package_identification:_identify(g1/sim/unitree_robots/g1/meshes) by extension 'ignore_ament_install'
[0.509s] Level 1:colcon.colcon_core.package_identification:_identify(g1/sim/unitree_robots/g1/meshes) by extensions ['colcon_pkg']
[0.509s] Level 1:colcon.colcon_core.package_identification:_identify(g1/sim/unitree_robots/g1/meshes) by extension 'colcon_pkg'
[0.509s] Level 1:colcon.colcon_core.package_identification:_identify(g1/sim/unitree_robots/g1/meshes) by extensions ['colcon_meta']
[0.509s] Level 1:colcon.colcon_core.package_identification:_identify(g1/sim/unitree_robots/g1/meshes) by extension 'colcon_meta'
[0.509s] Level 1:colcon.colcon_core.package_identification:_identify(g1/sim/unitree_robots/g1/meshes) by extensions ['ros']
[0.509s] Level 1:colcon.colcon_core.package_identification:_identify(g1/sim/unitree_robots/g1/meshes) by extension 'ros'
[0.509s] Level 1:colcon.colcon_core.package_identification:_identify(g1/sim/unitree_robots/g1/meshes) by extensions ['cmake', 'python']
[0.509s] Level 1:colcon.colcon_core.package_identification:_identify(g1/sim/unitree_robots/g1/meshes) by extension 'cmake'
[0.509s] Level 1:colcon.colcon_core.package_identification:_identify(g1/sim/unitree_robots/g1/meshes) by extension 'python'
[0.509s] Level 1:colcon.colcon_core.package_identification:_identify(g1/sim/unitree_robots/g1/meshes) by extensions ['python_setup_py']
[0.509s] Level 1:colcon.colcon_core.package_identification:_identify(g1/sim/unitree_robots/g1/meshes) by extension 'python_setup_py'
[0.509s] Level 1:colcon.colcon_core.package_identification:_identify(g1/sim/unitree_robots/go2) by extensions ['ignore', 'ignore_ament_install']
[0.509s] Level 1:colcon.colcon_core.package_identification:_identify(g1/sim/unitree_robots/go2) by extension 'ignore'
[0.509s] Level 1:colcon.colcon_core.package_identification:_identify(g1/sim/unitree_robots/go2) by extension 'ignore_ament_install'
[0.509s] Level 1:colcon.colcon_core.package_identification:_identify(g1/sim/unitree_robots/go2) by extensions ['colcon_pkg']
[0.509s] Level 1:colcon.colcon_core.package_identification:_identify(g1/sim/unitree_robots/go2) by extension 'colcon_pkg'
[0.509s] Level 1:colcon.colcon_core.package_identification:_identify(g1/sim/unitree_robots/go2) by extensions ['colcon_meta']
[0.509s] Level 1:colcon.colcon_core.package_identification:_identify(g1/sim/unitree_robots/go2) by extension 'colcon_meta'
[0.510s] Level 1:colcon.colcon_core.package_identification:_identify(g1/sim/unitree_robots/go2) by extensions ['ros']
[0.510s] Level 1:colcon.colcon_core.package_identification:_identify(g1/sim/unitree_robots/go2) by extension 'ros'
[0.510s] Level 1:colcon.colcon_core.package_identification:_identify(g1/sim/unitree_robots/go2) by extensions ['cmake', 'python']
[0.510s] Level 1:colcon.colcon_core.package_identification:_identify(g1/sim/unitree_robots/go2) by extension 'cmake'
[0.510s] Level 1:colcon.colcon_core.package_identification:_identify(g1/sim/unitree_robots/go2) by extension 'python'
[0.510s] Level 1:colcon.colcon_core.package_identification:_identify(g1/sim/unitree_robots/go2) by extensions ['python_setup_py']
[0.510s] Level 1:colcon.colcon_core.package_identification:_identify(g1/sim/unitree_robots/go2) by extension 'python_setup_py'
[0.510s] Level 1:colcon.colcon_core.package_identification:_identify(g1/sim/unitree_robots/go2/assets) by extensions ['ignore', 'ignore_ament_install']
[0.510s] Level 1:colcon.colcon_core.package_identification:_identify(g1/sim/unitree_robots/go2/assets) by extension 'ignore'
[0.510s] Level 1:colcon.colcon_core.package_identification:_identify(g1/sim/unitree_robots/go2/assets) by extension 'ignore_ament_install'
[0.510s] Level 1:colcon.colcon_core.package_identification:_identify(g1/sim/unitree_robots/go2/assets) by extensions ['colcon_pkg']
[0.510s] Level 1:colcon.colcon_core.package_identification:_identify(g1/sim/unitree_robots/go2/assets) by extension 'colcon_pkg'
[0.510s] Level 1:colcon.colcon_core.package_identification:_identify(g1/sim/unitree_robots/go2/assets) by extensions ['colcon_meta']
[0.510s] Level 1:colcon.colcon_core.package_identification:_identify(g1/sim/unitree_robots/go2/assets) by extension 'colcon_meta'
[0.510s] Level 1:colcon.colcon_core.package_identification:_identify(g1/sim/unitree_robots/go2/assets) by extensions ['ros']
[0.510s] Level 1:colcon.colcon_core.package_identification:_identify(g1/sim/unitree_robots/go2/assets) by extension 'ros'
[0.510s] Level 1:colcon.colcon_core.package_identification:_identify(g1/sim/unitree_robots/go2/assets) by extensions ['cmake', 'python']
[0.510s] Level 1:colcon.colcon_core.package_identification:_identify(g1/sim/unitree_robots/go2/assets) by extension 'cmake'
[0.510s] Level 1:colcon.colcon_core.package_identification:_identify(g1/sim/unitree_robots/go2/assets) by extension 'python'
[0.510s] Level 1:colcon.colcon_core.package_identification:_identify(g1/sim/unitree_robots/go2/assets) by extensions ['python_setup_py']
[0.511s] Level 1:colcon.colcon_core.package_identification:_identify(g1/sim/unitree_robots/go2/assets) by extension 'python_setup_py'
[0.511s] Level 1:colcon.colcon_core.package_identification:_identify(g1/sim/unitree_robots/go2w) by extensions ['ignore', 'ignore_ament_install']
[0.511s] Level 1:colcon.colcon_core.package_identification:_identify(g1/sim/unitree_robots/go2w) by extension 'ignore'
[0.511s] Level 1:colcon.colcon_core.package_identification:_identify(g1/sim/unitree_robots/go2w) by extension 'ignore_ament_install'
[0.511s] Level 1:colcon.colcon_core.package_identification:_identify(g1/sim/unitree_robots/go2w) by extensions ['colcon_pkg']
[0.511s] Level 1:colcon.colcon_core.package_identification:_identify(g1/sim/unitree_robots/go2w) by extension 'colcon_pkg'
[0.511s] Level 1:colcon.colcon_core.package_identification:_identify(g1/sim/unitree_robots/go2w) by extensions ['colcon_meta']
[0.511s] Level 1:colcon.colcon_core.package_identification:_identify(g1/sim/unitree_robots/go2w) by extension 'colcon_meta'
[0.511s] Level 1:colcon.colcon_core.package_identification:_identify(g1/sim/unitree_robots/go2w) by extensions ['ros']
[0.511s] Level 1:colcon.colcon_core.package_identification:_identify(g1/sim/unitree_robots/go2w) by extension 'ros'
[0.511s] Level 1:colcon.colcon_core.package_identification:_identify(g1/sim/unitree_robots/go2w) by extensions ['cmake', 'python']
[0.511s] Level 1:colcon.colcon_core.package_identification:_identify(g1/sim/unitree_robots/go2w) by extension 'cmake'
[0.511s] Level 1:colcon.colcon_core.package_identification:_identify(g1/sim/unitree_robots/go2w) by extension 'python'
[0.511s] Level 1:colcon.colcon_core.package_identification:_identify(g1/sim/unitree_robots/go2w) by extensions ['python_setup_py']
[0.511s] Level 1:colcon.colcon_core.package_identification:_identify(g1/sim/unitree_robots/go2w) by extension 'python_setup_py'
[0.511s] Level 1:colcon.colcon_core.package_identification:_identify(g1/sim/unitree_robots/go2w/assets) by extensions ['ignore', 'ignore_ament_install']
[0.511s] Level 1:colcon.colcon_core.package_identification:_identify(g1/sim/unitree_robots/go2w/assets) by extension 'ignore'
[0.512s] Level 1:colcon.colcon_core.package_identification:_identify(g1/sim/unitree_robots/go2w/assets) by extension 'ignore_ament_install'
[0.512s] Level 1:colcon.colcon_core.package_identification:_identify(g1/sim/unitree_robots/go2w/assets) by extensions ['colcon_pkg']
[0.512s] Level 1:colcon.colcon_core.package_identification:_identify(g1/sim/unitree_robots/go2w/assets) by extension 'colcon_pkg'
[0.512s] Level 1:colcon.colcon_core.package_identification:_identify(g1/sim/unitree_robots/go2w/assets) by extensions ['colcon_meta']
[0.512s] Level 1:colcon.colcon_core.package_identification:_identify(g1/sim/unitree_robots/go2w/assets) by extension 'colcon_meta'
[0.512s] Level 1:colcon.colcon_core.package_identification:_identify(g1/sim/unitree_robots/go2w/assets) by extensions ['ros']
[0.512s] Level 1:colcon.colcon_core.package_identification:_identify(g1/sim/unitree_robots/go2w/assets) by extension 'ros'
[0.512s] Level 1:colcon.colcon_core.package_identification:_identify(g1/sim/unitree_robots/go2w/assets) by extensions ['cmake', 'python']
[0.512s] Level 1:colcon.colcon_core.package_identification:_identify(g1/sim/unitree_robots/go2w/assets) by extension 'cmake'
[0.512s] Level 1:colcon.colcon_core.package_identification:_identify(g1/sim/unitree_robots/go2w/assets) by extension 'python'
[0.512s] Level 1:colcon.colcon_core.package_identification:_identify(g1/sim/unitree_robots/go2w/assets) by extensions ['python_setup_py']
[0.512s] Level 1:colcon.colcon_core.package_identification:_identify(g1/sim/unitree_robots/go2w/assets) by extension 'python_setup_py'
[0.512s] Level 1:colcon.colcon_core.package_identification:_identify(g1/sim/unitree_robots/h1) by extensions ['ignore', 'ignore_ament_install']
[0.512s] Level 1:colcon.colcon_core.package_identification:_identify(g1/sim/unitree_robots/h1) by extension 'ignore'
[0.513s] Level 1:colcon.colcon_core.package_identification:_identify(g1/sim/unitree_robots/h1) by extension 'ignore_ament_install'
[0.513s] Level 1:colcon.colcon_core.package_identification:_identify(g1/sim/unitree_robots/h1) by extensions ['colcon_pkg']
[0.513s] Level 1:colcon.colcon_core.package_identification:_identify(g1/sim/unitree_robots/h1) by extension 'colcon_pkg'
[0.513s] Level 1:colcon.colcon_core.package_identification:_identify(g1/sim/unitree_robots/h1) by extensions ['colcon_meta']
[0.513s] Level 1:colcon.colcon_core.package_identification:_identify(g1/sim/unitree_robots/h1) by extension 'colcon_meta'
[0.513s] Level 1:colcon.colcon_core.package_identification:_identify(g1/sim/unitree_robots/h1) by extensions ['ros']
[0.513s] Level 1:colcon.colcon_core.package_identification:_identify(g1/sim/unitree_robots/h1) by extension 'ros'
[0.513s] Level 1:colcon.colcon_core.package_identification:_identify(g1/sim/unitree_robots/h1) by extensions ['cmake', 'python']
[0.513s] Level 1:colcon.colcon_core.package_identification:_identify(g1/sim/unitree_robots/h1) by extension 'cmake'
[0.513s] Level 1:colcon.colcon_core.package_identification:_identify(g1/sim/unitree_robots/h1) by extension 'python'
[0.513s] Level 1:colcon.colcon_core.package_identification:_identify(g1/sim/unitree_robots/h1) by extensions ['python_setup_py']
[0.513s] Level 1:colcon.colcon_core.package_identification:_identify(g1/sim/unitree_robots/h1) by extension 'python_setup_py'
[0.513s] Level 1:colcon.colcon_core.package_identification:_identify(g1/sim/unitree_robots/h1/assets) by extensions ['ignore', 'ignore_ament_install']
[0.513s] Level 1:colcon.colcon_core.package_identification:_identify(g1/sim/unitree_robots/h1/assets) by extension 'ignore'
[0.513s] Level 1:colcon.colcon_core.package_identification:_identify(g1/sim/unitree_robots/h1/assets) by extension 'ignore_ament_install'
[0.513s] Level 1:colcon.colcon_core.package_identification:_identify(g1/sim/unitree_robots/h1/assets) by extensions ['colcon_pkg']
[0.513s] Level 1:colcon.colcon_core.package_identification:_identify(g1/sim/unitree_robots/h1/assets) by extension 'colcon_pkg'
[0.513s] Level 1:colcon.colcon_core.package_identification:_identify(g1/sim/unitree_robots/h1/assets) by extensions ['colcon_meta']
[0.513s] Level 1:colcon.colcon_core.package_identification:_identify(g1/sim/unitree_robots/h1/assets) by extension 'colcon_meta'
[0.514s] Level 1:colcon.colcon_core.package_identification:_identify(g1/sim/unitree_robots/h1/assets) by extensions ['ros']
[0.514s] Level 1:colcon.colcon_core.package_identification:_identify(g1/sim/unitree_robots/h1/assets) by extension 'ros'
[0.514s] Level 1:colcon.colcon_core.package_identification:_identify(g1/sim/unitree_robots/h1/assets) by extensions ['cmake', 'python']
[0.514s] Level 1:colcon.colcon_core.package_identification:_identify(g1/sim/unitree_robots/h1/assets) by extension 'cmake'
[0.514s] Level 1:colcon.colcon_core.package_identification:_identify(g1/sim/unitree_robots/h1/assets) by extension 'python'
[0.514s] Level 1:colcon.colcon_core.package_identification:_identify(g1/sim/unitree_robots/h1/assets) by extensions ['python_setup_py']
[0.514s] Level 1:colcon.colcon_core.package_identification:_identify(g1/sim/unitree_robots/h1/assets) by extension 'python_setup_py'
[0.514s] Level 1:colcon.colcon_core.package_identification:_identify(g1/sim/unitree_robots/h1_2) by extensions ['ignore', 'ignore_ament_install']
[0.514s] Level 1:colcon.colcon_core.package_identification:_identify(g1/sim/unitree_robots/h1_2) by extension 'ignore'
[0.514s] Level 1:colcon.colcon_core.package_identification:_identify(g1/sim/unitree_robots/h1_2) by extension 'ignore_ament_install'
[0.514s] Level 1:colcon.colcon_core.package_identification:_identify(g1/sim/unitree_robots/h1_2) by extensions ['colcon_pkg']
[0.514s] Level 1:colcon.colcon_core.package_identification:_identify(g1/sim/unitree_robots/h1_2) by extension 'colcon_pkg'
[0.514s] Level 1:colcon.colcon_core.package_identification:_identify(g1/sim/unitree_robots/h1_2) by extensions ['colcon_meta']
[0.514s] Level 1:colcon.colcon_core.package_identification:_identify(g1/sim/unitree_robots/h1_2) by extension 'colcon_meta'
[0.514s] Level 1:colcon.colcon_core.package_identification:_identify(g1/sim/unitree_robots/h1_2) by extensions ['ros']
[0.514s] Level 1:colcon.colcon_core.package_identification:_identify(g1/sim/unitree_robots/h1_2) by extension 'ros'
[0.514s] Level 1:colcon.colcon_core.package_identification:_identify(g1/sim/unitree_robots/h1_2) by extensions ['cmake', 'python']
[0.514s] Level 1:colcon.colcon_core.package_identification:_identify(g1/sim/unitree_robots/h1_2) by extension 'cmake'
[0.514s] Level 1:colcon.colcon_core.package_identification:_identify(g1/sim/unitree_robots/h1_2) by extension 'python'
[0.514s] Level 1:colcon.colcon_core.package_identification:_identify(g1/sim/unitree_robots/h1_2) by extensions ['python_setup_py']
[0.515s] Level 1:colcon.colcon_core.package_identification:_identify(g1/sim/unitree_robots/h1_2) by extension 'python_setup_py'
[0.515s] Level 1:colcon.colcon_core.package_identification:_identify(g1/sim/unitree_robots/h1_2/meshes) by extensions ['ignore', 'ignore_ament_install']
[0.515s] Level 1:colcon.colcon_core.package_identification:_identify(g1/sim/unitree_robots/h1_2/meshes) by extension 'ignore'
[0.515s] Level 1:colcon.colcon_core.package_identification:_identify(g1/sim/unitree_robots/h1_2/meshes) by extension 'ignore_ament_install'
[0.515s] Level 1:colcon.colcon_core.package_identification:_identify(g1/sim/unitree_robots/h1_2/meshes) by extensions ['colcon_pkg']
[0.515s] Level 1:colcon.colcon_core.package_identification:_identify(g1/sim/unitree_robots/h1_2/meshes) by extension 'colcon_pkg'
[0.515s] Level 1:colcon.colcon_core.package_identification:_identify(g1/sim/unitree_robots/h1_2/meshes) by extensions ['colcon_meta']
[0.515s] Level 1:colcon.colcon_core.package_identification:_identify(g1/sim/unitree_robots/h1_2/meshes) by extension 'colcon_meta'
[0.515s] Level 1:colcon.colcon_core.package_identification:_identify(g1/sim/unitree_robots/h1_2/meshes) by extensions ['ros']
[0.515s] Level 1:colcon.colcon_core.package_identification:_identify(g1/sim/unitree_robots/h1_2/meshes) by extension 'ros'
[0.515s] Level 1:colcon.colcon_core.package_identification:_identify(g1/sim/unitree_robots/h1_2/meshes) by extensions ['cmake', 'python']
[0.515s] Level 1:colcon.colcon_core.package_identification:_identify(g1/sim/unitree_robots/h1_2/meshes) by extension 'cmake'
[0.515s] Level 1:colcon.colcon_core.package_identification:_identify(g1/sim/unitree_robots/h1_2/meshes) by extension 'python'
[0.515s] Level 1:colcon.colcon_core.package_identification:_identify(g1/sim/unitree_robots/h1_2/meshes) by extensions ['python_setup_py']
[0.515s] Level 1:colcon.colcon_core.package_identification:_identify(g1/sim/unitree_robots/h1_2/meshes) by extension 'python_setup_py'
[0.515s] Level 1:colcon.colcon_core.package_identification:_identify(go2) by extensions ['ignore', 'ignore_ament_install']
[0.515s] Level 1:colcon.colcon_core.package_identification:_identify(go2) by extension 'ignore'
[0.516s] Level 1:colcon.colcon_core.package_identification:_identify(go2) by extension 'ignore_ament_install'
[0.516s] Level 1:colcon.colcon_core.package_identification:_identify(go2) by extensions ['colcon_pkg']
[0.516s] Level 1:colcon.colcon_core.package_identification:_identify(go2) by extension 'colcon_pkg'
[0.516s] Level 1:colcon.colcon_core.package_identification:_identify(go2) by extensions ['colcon_meta']
[0.516s] Level 1:colcon.colcon_core.package_identification:_identify(go2) by extension 'colcon_meta'
[0.516s] Level 1:colcon.colcon_core.package_identification:_identify(go2) by extensions ['ros']
[0.516s] Level 1:colcon.colcon_core.package_identification:_identify(go2) by extension 'ros'
[0.516s] Level 1:colcon.colcon_core.package_identification:_identify(go2) by extensions ['cmake', 'python']
[0.516s] Level 1:colcon.colcon_core.package_identification:_identify(go2) by extension 'cmake'
[0.516s] Level 1:colcon.colcon_core.package_identification:_identify(go2) by extension 'python'
[0.516s] Level 1:colcon.colcon_core.package_identification:_identify(go2) by extensions ['python_setup_py']
[0.516s] Level 1:colcon.colcon_core.package_identification:_identify(go2) by extension 'python_setup_py'
[0.516s] Level 1:colcon.colcon_core.package_identification:_identify(go2/maps) by extensions ['ignore', 'ignore_ament_install']
[0.516s] Level 1:colcon.colcon_core.package_identification:_identify(go2/maps) by extension 'ignore'
[0.516s] Level 1:colcon.colcon_core.package_identification:_identify(go2/maps) by extension 'ignore_ament_install'
[0.516s] Level 1:colcon.colcon_core.package_identification:_identify(go2/maps) by extensions ['colcon_pkg']
[0.516s] Level 1:colcon.colcon_core.package_identification:_identify(go2/maps) by extension 'colcon_pkg'
[0.516s] Level 1:colcon.colcon_core.package_identification:_identify(go2/maps) by extensions ['colcon_meta']
[0.516s] Level 1:colcon.colcon_core.package_identification:_identify(go2/maps) by extension 'colcon_meta'
[0.516s] Level 1:colcon.colcon_core.package_identification:_identify(go2/maps) by extensions ['ros']
[0.516s] Level 1:colcon.colcon_core.package_identification:_identify(go2/maps) by extension 'ros'
[0.517s] Level 1:colcon.colcon_core.package_identification:_identify(go2/maps) by extensions ['cmake', 'python']
[0.517s] Level 1:colcon.colcon_core.package_identification:_identify(go2/maps) by extension 'cmake'
[0.517s] Level 1:colcon.colcon_core.package_identification:_identify(go2/maps) by extension 'python'
[0.517s] Level 1:colcon.colcon_core.package_identification:_identify(go2/maps) by extensions ['python_setup_py']
[0.517s] Level 1:colcon.colcon_core.package_identification:_identify(go2/maps) by extension 'python_setup_py'
[0.517s] Level 1:colcon.colcon_core.package_identification:_identify(go2/scripts) by extensions ['ignore', 'ignore_ament_install']
[0.517s] Level 1:colcon.colcon_core.package_identification:_identify(go2/scripts) by extension 'ignore'
[0.517s] Level 1:colcon.colcon_core.package_identification:_identify(go2/scripts) by extension 'ignore_ament_install'
[0.517s] Level 1:colcon.colcon_core.package_identification:_identify(go2/scripts) by extensions ['colcon_pkg']
[0.517s] Level 1:colcon.colcon_core.package_identification:_identify(go2/scripts) by extension 'colcon_pkg'
[0.517s] Level 1:colcon.colcon_core.package_identification:_identify(go2/scripts) by extensions ['colcon_meta']
[0.517s] Level 1:colcon.colcon_core.package_identification:_identify(go2/scripts) by extension 'colcon_meta'
[0.517s] Level 1:colcon.colcon_core.package_identification:_identify(go2/scripts) by extensions ['ros']
[0.517s] Level 1:colcon.colcon_core.package_identification:_identify(go2/scripts) by extension 'ros'
[0.517s] Level 1:colcon.colcon_core.package_identification:_identify(go2/scripts) by extensions ['cmake', 'python']
[0.517s] Level 1:colcon.colcon_core.package_identification:_identify(go2/scripts) by extension 'cmake'
[0.517s] Level 1:colcon.colcon_core.package_identification:_identify(go2/scripts) by extension 'python'
[0.517s] Level 1:colcon.colcon_core.package_identification:_identify(go2/scripts) by extensions ['python_setup_py']
[0.517s] Level 1:colcon.colcon_core.package_identification:_identify(go2/scripts) by extension 'python_setup_py'
[0.518s] Level 1:colcon.colcon_core.package_identification:_identify(go2/scripts/VLA) by extensions ['ignore', 'ignore_ament_install']
[0.518s] Level 1:colcon.colcon_core.package_identification:_identify(go2/scripts/VLA) by extension 'ignore'
[0.518s] Level 1:colcon.colcon_core.package_identification:_identify(go2/scripts/VLA) by extension 'ignore_ament_install'
[0.518s] Level 1:colcon.colcon_core.package_identification:_identify(go2/scripts/VLA) by extensions ['colcon_pkg']
[0.518s] Level 1:colcon.colcon_core.package_identification:_identify(go2/scripts/VLA) by extension 'colcon_pkg'
[0.518s] Level 1:colcon.colcon_core.package_identification:_identify(go2/scripts/VLA) by extensions ['colcon_meta']
[0.518s] Level 1:colcon.colcon_core.package_identification:_identify(go2/scripts/VLA) by extension 'colcon_meta'
[0.518s] Level 1:colcon.colcon_core.package_identification:_identify(go2/scripts/VLA) by extensions ['ros']
[0.518s] Level 1:colcon.colcon_core.package_identification:_identify(go2/scripts/VLA) by extension 'ros'
[0.518s] Level 1:colcon.colcon_core.package_identification:_identify(go2/scripts/VLA) by extensions ['cmake', 'python']
[0.518s] Level 1:colcon.colcon_core.package_identification:_identify(go2/scripts/VLA) by extension 'cmake'
[0.518s] Level 1:colcon.colcon_core.package_identification:_identify(go2/scripts/VLA) by extension 'python'
[0.518s] Level 1:colcon.colcon_core.package_identification:_identify(go2/scripts/VLA) by extensions ['python_setup_py']
[0.518s] Level 1:colcon.colcon_core.package_identification:_identify(go2/scripts/VLA) by extension 'python_setup_py'
[0.518s] Level 1:colcon.colcon_core.package_identification:_identify(go2/scripts/VLA/hf_vla) by extensions ['ignore', 'ignore_ament_install']
[0.518s] Level 1:colcon.colcon_core.package_identification:_identify(go2/scripts/VLA/hf_vla) by extension 'ignore'
[0.518s] Level 1:colcon.colcon_core.package_identification:_identify(go2/scripts/VLA/hf_vla) by extension 'ignore_ament_install'
[0.518s] Level 1:colcon.colcon_core.package_identification:_identify(go2/scripts/VLA/hf_vla) by extensions ['colcon_pkg']
[0.518s] Level 1:colcon.colcon_core.package_identification:_identify(go2/scripts/VLA/hf_vla) by extension 'colcon_pkg'
[0.519s] Level 1:colcon.colcon_core.package_identification:_identify(go2/scripts/VLA/hf_vla) by extensions ['colcon_meta']
[0.519s] Level 1:colcon.colcon_core.package_identification:_identify(go2/scripts/VLA/hf_vla) by extension 'colcon_meta'
[0.519s] Level 1:colcon.colcon_core.package_identification:_identify(go2/scripts/VLA/hf_vla) by extensions ['ros']
[0.519s] Level 1:colcon.colcon_core.package_identification:_identify(go2/scripts/VLA/hf_vla) by extension 'ros'
[0.519s] Level 1:colcon.colcon_core.package_identification:_identify(go2/scripts/VLA/hf_vla) by extensions ['cmake', 'python']
[0.519s] Level 1:colcon.colcon_core.package_identification:_identify(go2/scripts/VLA/hf_vla) by extension 'cmake'
[0.519s] Level 1:colcon.colcon_core.package_identification:_identify(go2/scripts/VLA/hf_vla) by extension 'python'
[0.519s] Level 1:colcon.colcon_core.package_identification:_identify(go2/scripts/VLA/hf_vla) by extensions ['python_setup_py']
[0.519s] Level 1:colcon.colcon_core.package_identification:_identify(go2/scripts/VLA/hf_vla) by extension 'python_setup_py'
[0.519s] Level 1:colcon.colcon_core.package_identification:_identify(go2/scripts/VLA/ollama_vla) by extensions ['ignore', 'ignore_ament_install']
[0.519s] Level 1:colcon.colcon_core.package_identification:_identify(go2/scripts/VLA/ollama_vla) by extension 'ignore'
[0.519s] Level 1:colcon.colcon_core.package_identification:_identify(go2/scripts/VLA/ollama_vla) by extension 'ignore_ament_install'
[0.519s] Level 1:colcon.colcon_core.package_identification:_identify(go2/scripts/VLA/ollama_vla) by extensions ['colcon_pkg']
[0.519s] Level 1:colcon.colcon_core.package_identification:_identify(go2/scripts/VLA/ollama_vla) by extension 'colcon_pkg'
[0.519s] Level 1:colcon.colcon_core.package_identification:_identify(go2/scripts/VLA/ollama_vla) by extensions ['colcon_meta']
[0.519s] Level 1:colcon.colcon_core.package_identification:_identify(go2/scripts/VLA/ollama_vla) by extension 'colcon_meta'
[0.519s] Level 1:colcon.colcon_core.package_identification:_identify(go2/scripts/VLA/ollama_vla) by extensions ['ros']
[0.519s] Level 1:colcon.colcon_core.package_identification:_identify(go2/scripts/VLA/ollama_vla) by extension 'ros'
[0.519s] Level 1:colcon.colcon_core.package_identification:_identify(go2/scripts/VLA/ollama_vla) by extensions ['cmake', 'python']
[0.520s] Level 1:colcon.colcon_core.package_identification:_identify(go2/scripts/VLA/ollama_vla) by extension 'cmake'
[0.520s] Level 1:colcon.colcon_core.package_identification:_identify(go2/scripts/VLA/ollama_vla) by extension 'python'
[0.520s] Level 1:colcon.colcon_core.package_identification:_identify(go2/scripts/VLA/ollama_vla) by extensions ['python_setup_py']
[0.520s] Level 1:colcon.colcon_core.package_identification:_identify(go2/scripts/VLA/ollama_vla) by extension 'python_setup_py'
[0.520s] Level 1:colcon.colcon_core.package_identification:_identify(go2/sim) by extensions ['ignore', 'ignore_ament_install']
[0.520s] Level 1:colcon.colcon_core.package_identification:_identify(go2/sim) by extension 'ignore'
[0.520s] Level 1:colcon.colcon_core.package_identification:_identify(go2/sim) by extension 'ignore_ament_install'
[0.520s] Level 1:colcon.colcon_core.package_identification:_identify(go2/sim) by extensions ['colcon_pkg']
[0.520s] Level 1:colcon.colcon_core.package_identification:_identify(go2/sim) by extension 'colcon_pkg'
[0.520s] Level 1:colcon.colcon_core.package_identification:_identify(go2/sim) by extensions ['colcon_meta']
[0.520s] Level 1:colcon.colcon_core.package_identification:_identify(go2/sim) by extension 'colcon_meta'
[0.520s] Level 1:colcon.colcon_core.package_identification:_identify(go2/sim) by extensions ['ros']
[0.520s] Level 1:colcon.colcon_core.package_identification:_identify(go2/sim) by extension 'ros'
[0.520s] Level 1:colcon.colcon_core.package_identification:_identify(go2/sim) by extensions ['cmake', 'python']
[0.520s] Level 1:colcon.colcon_core.package_identification:_identify(go2/sim) by extension 'cmake'
[0.520s] Level 1:colcon.colcon_core.package_identification:_identify(go2/sim) by extension 'python'
[0.520s] Level 1:colcon.colcon_core.package_identification:_identify(go2/sim) by extensions ['python_setup_py']
[0.520s] Level 1:colcon.colcon_core.package_identification:_identify(go2/sim) by extension 'python_setup_py'
[0.520s] Level 1:colcon.colcon_core.package_identification:_identify(go2/sim/mujoco) by extensions ['ignore', 'ignore_ament_install']
[0.521s] Level 1:colcon.colcon_core.package_identification:_identify(go2/sim/mujoco) by extension 'ignore'
[0.521s] Level 1:colcon.colcon_core.package_identification:_identify(go2/sim/mujoco) by extension 'ignore_ament_install'
[0.521s] Level 1:colcon.colcon_core.package_identification:_identify(go2/sim/mujoco) by extensions ['colcon_pkg']
[0.521s] Level 1:colcon.colcon_core.package_identification:_identify(go2/sim/mujoco) by extension 'colcon_pkg'
[0.521s] Level 1:colcon.colcon_core.package_identification:_identify(go2/sim/mujoco) by extensions ['colcon_meta']
[0.521s] Level 1:colcon.colcon_core.package_identification:_identify(go2/sim/mujoco) by extension 'colcon_meta'
[0.521s] Level 1:colcon.colcon_core.package_identification:_identify(go2/sim/mujoco) by extensions ['ros']
[0.521s] Level 1:colcon.colcon_core.package_identification:_identify(go2/sim/mujoco) by extension 'ros'
[0.521s] Level 1:colcon.colcon_core.package_identification:_identify(go2/sim/mujoco) by extensions ['cmake', 'python']
[0.521s] Level 1:colcon.colcon_core.package_identification:_identify(go2/sim/mujoco) by extension 'cmake'
[0.521s] Level 1:colcon.colcon_core.package_identification:_identify(go2/sim/mujoco) by extension 'python'
[0.521s] Level 1:colcon.colcon_core.package_identification:_identify(go2/sim/mujoco) by extensions ['python_setup_py']
[0.521s] Level 1:colcon.colcon_core.package_identification:_identify(go2/sim/mujoco) by extension 'python_setup_py'
[0.521s] Level 1:colcon.colcon_core.package_identification:_identify(go2/sim/mujoco/scripts) by extensions ['ignore', 'ignore_ament_install']
[0.521s] Level 1:colcon.colcon_core.package_identification:_identify(go2/sim/mujoco/scripts) by extension 'ignore'
[0.521s] Level 1:colcon.colcon_core.package_identification:_identify(go2/sim/mujoco/scripts) by extension 'ignore_ament_install'
[0.521s] Level 1:colcon.colcon_core.package_identification:_identify(go2/sim/mujoco/scripts) by extensions ['colcon_pkg']
[0.521s] Level 1:colcon.colcon_core.package_identification:_identify(go2/sim/mujoco/scripts) by extension 'colcon_pkg'
[0.521s] Level 1:colcon.colcon_core.package_identification:_identify(go2/sim/mujoco/scripts) by extensions ['colcon_meta']
[0.521s] Level 1:colcon.colcon_core.package_identification:_identify(go2/sim/mujoco/scripts) by extension 'colcon_meta'
[0.521s] Level 1:colcon.colcon_core.package_identification:_identify(go2/sim/mujoco/scripts) by extensions ['ros']
[0.521s] Level 1:colcon.colcon_core.package_identification:_identify(go2/sim/mujoco/scripts) by extension 'ros'
[0.522s] Level 1:colcon.colcon_core.package_identification:_identify(go2/sim/mujoco/scripts) by extensions ['cmake', 'python']
[0.522s] Level 1:colcon.colcon_core.package_identification:_identify(go2/sim/mujoco/scripts) by extension 'cmake'
[0.522s] Level 1:colcon.colcon_core.package_identification:_identify(go2/sim/mujoco/scripts) by extension 'python'
[0.522s] Level 1:colcon.colcon_core.package_identification:_identify(go2/sim/mujoco/scripts) by extensions ['python_setup_py']
[0.522s] Level 1:colcon.colcon_core.package_identification:_identify(go2/sim/mujoco/scripts) by extension 'python_setup_py'
[0.522s] Level 1:colcon.colcon_core.package_identification:_identify(go2/sim/unitree_description-master) by extensions ['ignore', 'ignore_ament_install']
[0.522s] Level 1:colcon.colcon_core.package_identification:_identify(go2/sim/unitree_description-master) by extension 'ignore'
[0.522s] Level 1:colcon.colcon_core.package_identification:_identify(go2/sim/unitree_description-master) by extension 'ignore_ament_install'
[0.522s] Level 1:colcon.colcon_core.package_identification:_identify(go2/sim/unitree_description-master) by extensions ['colcon_pkg']
[0.522s] Level 1:colcon.colcon_core.package_identification:_identify(go2/sim/unitree_description-master) by extension 'colcon_pkg'
[0.524s] Level 1:colcon.colcon_core.package_identification:_identify(go2/sim/unitree_description-master) by extensions ['colcon_meta']
[0.524s] Level 1:colcon.colcon_core.package_identification:_identify(go2/sim/unitree_description-master) by extension 'colcon_meta'
[0.525s] Level 1:colcon.colcon_core.package_identification:_identify(go2/sim/unitree_description-master) by extensions ['ros']
[0.525s] Level 1:colcon.colcon_core.package_identification:_identify(go2/sim/unitree_description-master) by extension 'ros'
[0.534s] DEBUG:colcon.colcon_core.package_identification:Package 'go2/sim/unitree_description-master' with type 'ros.cmake' and name 'unitree_description'
[0.534s] Level 1:colcon.colcon_core.package_identification:_identify(go2/sim/unitree_robots) by extensions ['ignore', 'ignore_ament_install']
[0.534s] Level 1:colcon.colcon_core.package_identification:_identify(go2/sim/unitree_robots) by extension 'ignore'
[0.534s] Level 1:colcon.colcon_core.package_identification:_identify(go2/sim/unitree_robots) by extension 'ignore_ament_install'
[0.534s] Level 1:colcon.colcon_core.package_identification:_identify(go2/sim/unitree_robots) by extensions ['colcon_pkg']
[0.534s] Level 1:colcon.colcon_core.package_identification:_identify(go2/sim/unitree_robots) by extension 'colcon_pkg'
[0.534s] Level 1:colcon.colcon_core.package_identification:_identify(go2/sim/unitree_robots) by extensions ['colcon_meta']
[0.534s] Level 1:colcon.colcon_core.package_identification:_identify(go2/sim/unitree_robots) by extension 'colcon_meta'
[0.534s] Level 1:colcon.colcon_core.package_identification:_identify(go2/sim/unitree_robots) by extensions ['ros']
[0.534s] Level 1:colcon.colcon_core.package_identification:_identify(go2/sim/unitree_robots) by extension 'ros'
[0.535s] Level 1:colcon.colcon_core.package_identification:_identify(go2/sim/unitree_robots) by extensions ['cmake', 'python']
[0.535s] Level 1:colcon.colcon_core.package_identification:_identify(go2/sim/unitree_robots) by extension 'cmake'
[0.535s] Level 1:colcon.colcon_core.package_identification:_identify(go2/sim/unitree_robots) by extension 'python'
[0.535s] Level 1:colcon.colcon_core.package_identification:_identify(go2/sim/unitree_robots) by extensions ['python_setup_py']
[0.535s] Level 1:colcon.colcon_core.package_identification:_identify(go2/sim/unitree_robots) by extension 'python_setup_py'
[0.535s] Level 1:colcon.colcon_core.package_identification:_identify(go2/sim/unitree_robots/b2) by extensions ['ignore', 'ignore_ament_install']
[0.535s] Level 1:colcon.colcon_core.package_identification:_identify(go2/sim/unitree_robots/b2) by extension 'ignore'
[0.535s] Level 1:colcon.colcon_core.package_identification:_identify(go2/sim/unitree_robots/b2) by extension 'ignore_ament_install'
[0.535s] Level 1:colcon.colcon_core.package_identification:_identify(go2/sim/unitree_robots/b2) by extensions ['colcon_pkg']
[0.535s] Level 1:colcon.colcon_core.package_identification:_identify(go2/sim/unitree_robots/b2) by extension 'colcon_pkg'
[0.535s] Level 1:colcon.colcon_core.package_identification:_identify(go2/sim/unitree_robots/b2) by extensions ['colcon_meta']
[0.535s] Level 1:colcon.colcon_core.package_identification:_identify(go2/sim/unitree_robots/b2) by extension 'colcon_meta'
[0.535s] Level 1:colcon.colcon_core.package_identification:_identify(go2/sim/unitree_robots/b2) by extensions ['ros']
[0.535s] Level 1:colcon.colcon_core.package_identification:_identify(go2/sim/unitree_robots/b2) by extension 'ros'
[0.535s] Level 1:colcon.colcon_core.package_identification:_identify(go2/sim/unitree_robots/b2) by extensions ['cmake', 'python']
[0.535s] Level 1:colcon.colcon_core.package_identification:_identify(go2/sim/unitree_robots/b2) by extension 'cmake'
[0.535s] Level 1:colcon.colcon_core.package_identification:_identify(go2/sim/unitree_robots/b2) by extension 'python'
[0.535s] Level 1:colcon.colcon_core.package_identification:_identify(go2/sim/unitree_robots/b2) by extensions ['python_setup_py']
[0.535s] Level 1:colcon.colcon_core.package_identification:_identify(go2/sim/unitree_robots/b2) by extension 'python_setup_py'
[0.536s] Level 1:colcon.colcon_core.package_identification:_identify(go2/sim/unitree_robots/b2/assets) by extensions ['ignore', 'ignore_ament_install']
[0.536s] Level 1:colcon.colcon_core.package_identification:_identify(go2/sim/unitree_robots/b2/assets) by extension 'ignore'
[0.536s] Level 1:colcon.colcon_core.package_identification:_identify(go2/sim/unitree_robots/b2/assets) by extension 'ignore_ament_install'
[0.536s] Level 1:colcon.colcon_core.package_identification:_identify(go2/sim/unitree_robots/b2/assets) by extensions ['colcon_pkg']
[0.536s] Level 1:colcon.colcon_core.package_identification:_identify(go2/sim/unitree_robots/b2/assets) by extension 'colcon_pkg'
[0.536s] Level 1:colcon.colcon_core.package_identification:_identify(go2/sim/unitree_robots/b2/assets) by extensions ['colcon_meta']
[0.536s] Level 1:colcon.colcon_core.package_identification:_identify(go2/sim/unitree_robots/b2/assets) by extension 'colcon_meta'
[0.536s] Level 1:colcon.colcon_core.package_identification:_identify(go2/sim/unitree_robots/b2/assets) by extensions ['ros']
[0.536s] Level 1:colcon.colcon_core.package_identification:_identify(go2/sim/unitree_robots/b2/assets) by extension 'ros'
[0.536s] Level 1:colcon.colcon_core.package_identification:_identify(go2/sim/unitree_robots/b2/assets) by extensions ['cmake', 'python']
[0.536s] Level 1:colcon.colcon_core.package_identification:_identify(go2/sim/unitree_robots/b2/assets) by extension 'cmake'
[0.536s] Level 1:colcon.colcon_core.package_identification:_identify(go2/sim/unitree_robots/b2/assets) by extension 'python'
[0.536s] Level 1:colcon.colcon_core.package_identification:_identify(go2/sim/unitree_robots/b2/assets) by extensions ['python_setup_py']
[0.536s] Level 1:colcon.colcon_core.package_identification:_identify(go2/sim/unitree_robots/b2/assets) by extension 'python_setup_py'
[0.536s] Level 1:colcon.colcon_core.package_identification:_identify(go2/sim/unitree_robots/b2w) by extensions ['ignore', 'ignore_ament_install']
[0.536s] Level 1:colcon.colcon_core.package_identification:_identify(go2/sim/unitree_robots/b2w) by extension 'ignore'
[0.537s] Level 1:colcon.colcon_core.package_identification:_identify(go2/sim/unitree_robots/b2w) by extension 'ignore_ament_install'
[0.537s] Level 1:colcon.colcon_core.package_identification:_identify(go2/sim/unitree_robots/b2w) by extensions ['colcon_pkg']
[0.537s] Level 1:colcon.colcon_core.package_identification:_identify(go2/sim/unitree_robots/b2w) by extension 'colcon_pkg'
[0.537s] Level 1:colcon.colcon_core.package_identification:_identify(go2/sim/unitree_robots/b2w) by extensions ['colcon_meta']
[0.537s] Level 1:colcon.colcon_core.package_identification:_identify(go2/sim/unitree_robots/b2w) by extension 'colcon_meta'
[0.537s] Level 1:colcon.colcon_core.package_identification:_identify(go2/sim/unitree_robots/b2w) by extensions ['ros']
[0.537s] Level 1:colcon.colcon_core.package_identification:_identify(go2/sim/unitree_robots/b2w) by extension 'ros'
[0.537s] Level 1:colcon.colcon_core.package_identification:_identify(go2/sim/unitree_robots/b2w) by extensions ['cmake', 'python']
[0.537s] Level 1:colcon.colcon_core.package_identification:_identify(go2/sim/unitree_robots/b2w) by extension 'cmake'
[0.537s] Level 1:colcon.colcon_core.package_identification:_identify(go2/sim/unitree_robots/b2w) by extension 'python'
[0.537s] Level 1:colcon.colcon_core.package_identification:_identify(go2/sim/unitree_robots/b2w) by extensions ['python_setup_py']
[0.537s] Level 1:colcon.colcon_core.package_identification:_identify(go2/sim/unitree_robots/b2w) by extension 'python_setup_py'
[0.537s] Level 1:colcon.colcon_core.package_identification:_identify(go2/sim/unitree_robots/b2w/assets) by extensions ['ignore', 'ignore_ament_install']
[0.537s] Level 1:colcon.colcon_core.package_identification:_identify(go2/sim/unitree_robots/b2w/assets) by extension 'ignore'
[0.537s] Level 1:colcon.colcon_core.package_identification:_identify(go2/sim/unitree_robots/b2w/assets) by extension 'ignore_ament_install'
[0.537s] Level 1:colcon.colcon_core.package_identification:_identify(go2/sim/unitree_robots/b2w/assets) by extensions ['colcon_pkg']
[0.537s] Level 1:colcon.colcon_core.package_identification:_identify(go2/sim/unitree_robots/b2w/assets) by extension 'colcon_pkg'
[0.537s] Level 1:colcon.colcon_core.package_identification:_identify(go2/sim/unitree_robots/b2w/assets) by extensions ['colcon_meta']
[0.537s] Level 1:colcon.colcon_core.package_identification:_identify(go2/sim/unitree_robots/b2w/assets) by extension 'colcon_meta'
[0.537s] Level 1:colcon.colcon_core.package_identification:_identify(go2/sim/unitree_robots/b2w/assets) by extensions ['ros']
[0.537s] Level 1:colcon.colcon_core.package_identification:_identify(go2/sim/unitree_robots/b2w/assets) by extension 'ros'
[0.538s] Level 1:colcon.colcon_core.package_identification:_identify(go2/sim/unitree_robots/b2w/assets) by extensions ['cmake', 'python']
[0.538s] Level 1:colcon.colcon_core.package_identification:_identify(go2/sim/unitree_robots/b2w/assets) by extension 'cmake'
[0.538s] Level 1:colcon.colcon_core.package_identification:_identify(go2/sim/unitree_robots/b2w/assets) by extension 'python'
[0.538s] Level 1:colcon.colcon_core.package_identification:_identify(go2/sim/unitree_robots/b2w/assets) by extensions ['python_setup_py']
[0.538s] Level 1:colcon.colcon_core.package_identification:_identify(go2/sim/unitree_robots/b2w/assets) by extension 'python_setup_py'
[0.538s] Level 1:colcon.colcon_core.package_identification:_identify(go2/sim/unitree_robots/g1) by extensions ['ignore', 'ignore_ament_install']
[0.538s] Level 1:colcon.colcon_core.package_identification:_identify(go2/sim/unitree_robots/g1) by extension 'ignore'
[0.538s] Level 1:colcon.colcon_core.package_identification:_identify(go2/sim/unitree_robots/g1) by extension 'ignore_ament_install'
[0.538s] Level 1:colcon.colcon_core.package_identification:_identify(go2/sim/unitree_robots/g1) by extensions ['colcon_pkg']
[0.538s] Level 1:colcon.colcon_core.package_identification:_identify(go2/sim/unitree_robots/g1) by extension 'colcon_pkg'
[0.538s] Level 1:colcon.colcon_core.package_identification:_identify(go2/sim/unitree_robots/g1) by extensions ['colcon_meta']
[0.538s] Level 1:colcon.colcon_core.package_identification:_identify(go2/sim/unitree_robots/g1) by extension 'colcon_meta'
[0.538s] Level 1:colcon.colcon_core.package_identification:_identify(go2/sim/unitree_robots/g1) by extensions ['ros']
[0.538s] Level 1:colcon.colcon_core.package_identification:_identify(go2/sim/unitree_robots/g1) by extension 'ros'
[0.538s] Level 1:colcon.colcon_core.package_identification:_identify(go2/sim/unitree_robots/g1) by extensions ['cmake', 'python']
[0.538s] Level 1:colcon.colcon_core.package_identification:_identify(go2/sim/unitree_robots/g1) by extension 'cmake'
[0.538s] Level 1:colcon.colcon_core.package_identification:_identify(go2/sim/unitree_robots/g1) by extension 'python'
[0.538s] Level 1:colcon.colcon_core.package_identification:_identify(go2/sim/unitree_robots/g1) by extensions ['python_setup_py']
[0.538s] Level 1:colcon.colcon_core.package_identification:_identify(go2/sim/unitree_robots/g1) by extension 'python_setup_py'
[0.538s] Level 1:colcon.colcon_core.package_identification:_identify(go2/sim/unitree_robots/g1/images) by extensions ['ignore', 'ignore_ament_install']
[0.538s] Level 1:colcon.colcon_core.package_identification:_identify(go2/sim/unitree_robots/g1/images) by extension 'ignore'
[0.538s] Level 1:colcon.colcon_core.package_identification:_identify(go2/sim/unitree_robots/g1/images) by extension 'ignore_ament_install'
[0.538s] Level 1:colcon.colcon_core.package_identification:_identify(go2/sim/unitree_robots/g1/images) by extensions ['colcon_pkg']
[0.538s] Level 1:colcon.colcon_core.package_identification:_identify(go2/sim/unitree_robots/g1/images) by extension 'colcon_pkg'
[0.539s] Level 1:colcon.colcon_core.package_identification:_identify(go2/sim/unitree_robots/g1/images) by extensions ['colcon_meta']
[0.539s] Level 1:colcon.colcon_core.package_identification:_identify(go2/sim/unitree_robots/g1/images) by extension 'colcon_meta'
[0.539s] Level 1:colcon.colcon_core.package_identification:_identify(go2/sim/unitree_robots/g1/images) by extensions ['ros']
[0.539s] Level 1:colcon.colcon_core.package_identification:_identify(go2/sim/unitree_robots/g1/images) by extension 'ros'
[0.539s] Level 1:colcon.colcon_core.package_identification:_identify(go2/sim/unitree_robots/g1/images) by extensions ['cmake', 'python']
[0.539s] Level 1:colcon.colcon_core.package_identification:_identify(go2/sim/unitree_robots/g1/images) by extension 'cmake'
[0.539s] Level 1:colcon.colcon_core.package_identification:_identify(go2/sim/unitree_robots/g1/images) by extension 'python'
[0.539s] Level 1:colcon.colcon_core.package_identification:_identify(go2/sim/unitree_robots/g1/images) by extensions ['python_setup_py']
[0.539s] Level 1:colcon.colcon_core.package_identification:_identify(go2/sim/unitree_robots/g1/images) by extension 'python_setup_py'
[0.539s] Level 1:colcon.colcon_core.package_identification:_identify(go2/sim/unitree_robots/g1/meshes) by extensions ['ignore', 'ignore_ament_install']
[0.539s] Level 1:colcon.colcon_core.package_identification:_identify(go2/sim/unitree_robots/g1/meshes) by extension 'ignore'
[0.539s] Level 1:colcon.colcon_core.package_identification:_identify(go2/sim/unitree_robots/g1/meshes) by extension 'ignore_ament_install'
[0.539s] Level 1:colcon.colcon_core.package_identification:_identify(go2/sim/unitree_robots/g1/meshes) by extensions ['colcon_pkg']
[0.539s] Level 1:colcon.colcon_core.package_identification:_identify(go2/sim/unitree_robots/g1/meshes) by extension 'colcon_pkg'
[0.539s] Level 1:colcon.colcon_core.package_identification:_identify(go2/sim/unitree_robots/g1/meshes) by extensions ['colcon_meta']
[0.539s] Level 1:colcon.colcon_core.package_identification:_identify(go2/sim/unitree_robots/g1/meshes) by extension 'colcon_meta'
[0.539s] Level 1:colcon.colcon_core.package_identification:_identify(go2/sim/unitree_robots/g1/meshes) by extensions ['ros']
[0.539s] Level 1:colcon.colcon_core.package_identification:_identify(go2/sim/unitree_robots/g1/meshes) by extension 'ros'
[0.539s] Level 1:colcon.colcon_core.package_identification:_identify(go2/sim/unitree_robots/g1/meshes) by extensions ['cmake', 'python']
[0.539s] Level 1:colcon.colcon_core.package_identification:_identify(go2/sim/unitree_robots/g1/meshes) by extension 'cmake'
[0.539s] Level 1:colcon.colcon_core.package_identification:_identify(go2/sim/unitree_robots/g1/meshes) by extension 'python'
[0.539s] Level 1:colcon.colcon_core.package_identification:_identify(go2/sim/unitree_robots/g1/meshes) by extensions ['python_setup_py']
[0.539s] Level 1:colcon.colcon_core.package_identification:_identify(go2/sim/unitree_robots/g1/meshes) by extension 'python_setup_py'
[0.540s] Level 1:colcon.colcon_core.package_identification:_identify(go2/sim/unitree_robots/go2) by extensions ['ignore', 'ignore_ament_install']
[0.540s] Level 1:colcon.colcon_core.package_identification:_identify(go2/sim/unitree_robots/go2) by extension 'ignore'
[0.540s] Level 1:colcon.colcon_core.package_identification:_identify(go2/sim/unitree_robots/go2) by extension 'ignore_ament_install'
[0.540s] Level 1:colcon.colcon_core.package_identification:_identify(go2/sim/unitree_robots/go2) by extensions ['colcon_pkg']
[0.540s] Level 1:colcon.colcon_core.package_identification:_identify(go2/sim/unitree_robots/go2) by extension 'colcon_pkg'
[0.540s] Level 1:colcon.colcon_core.package_identification:_identify(go2/sim/unitree_robots/go2) by extensions ['colcon_meta']
[0.540s] Level 1:colcon.colcon_core.package_identification:_identify(go2/sim/unitree_robots/go2) by extension 'colcon_meta'
[0.540s] Level 1:colcon.colcon_core.package_identification:_identify(go2/sim/unitree_robots/go2) by extensions ['ros']
[0.540s] Level 1:colcon.colcon_core.package_identification:_identify(go2/sim/unitree_robots/go2) by extension 'ros'
[0.540s] Level 1:colcon.colcon_core.package_identification:_identify(go2/sim/unitree_robots/go2) by extensions ['cmake', 'python']
[0.540s] Level 1:colcon.colcon_core.package_identification:_identify(go2/sim/unitree_robots/go2) by extension 'cmake'
[0.540s] Level 1:colcon.colcon_core.package_identification:_identify(go2/sim/unitree_robots/go2) by extension 'python'
[0.540s] Level 1:colcon.colcon_core.package_identification:_identify(go2/sim/unitree_robots/go2) by extensions ['python_setup_py']
[0.540s] Level 1:colcon.colcon_core.package_identification:_identify(go2/sim/unitree_robots/go2) by extension 'python_setup_py'
[0.540s] Level 1:colcon.colcon_core.package_identification:_identify(go2/sim/unitree_robots/go2/assets) by extensions ['ignore', 'ignore_ament_install']
[0.540s] Level 1:colcon.colcon_core.package_identification:_identify(go2/sim/unitree_robots/go2/assets) by extension 'ignore'
[0.540s] Level 1:colcon.colcon_core.package_identification:_identify(go2/sim/unitree_robots/go2/assets) by extension 'ignore_ament_install'
[0.540s] Level 1:colcon.colcon_core.package_identification:_identify(go2/sim/unitree_robots/go2/assets) by extensions ['colcon_pkg']
[0.540s] Level 1:colcon.colcon_core.package_identification:_identify(go2/sim/unitree_robots/go2/assets) by extension 'colcon_pkg'
[0.540s] Level 1:colcon.colcon_core.package_identification:_identify(go2/sim/unitree_robots/go2/assets) by extensions ['colcon_meta']
[0.540s] Level 1:colcon.colcon_core.package_identification:_identify(go2/sim/unitree_robots/go2/assets) by extension 'colcon_meta'
[0.540s] Level 1:colcon.colcon_core.package_identification:_identify(go2/sim/unitree_robots/go2/assets) by extensions ['ros']
[0.540s] Level 1:colcon.colcon_core.package_identification:_identify(go2/sim/unitree_robots/go2/assets) by extension 'ros'
[0.540s] Level 1:colcon.colcon_core.package_identification:_identify(go2/sim/unitree_robots/go2/assets) by extensions ['cmake', 'python']
[0.540s] Level 1:colcon.colcon_core.package_identification:_identify(go2/sim/unitree_robots/go2/assets) by extension 'cmake'
[0.540s] Level 1:colcon.colcon_core.package_identification:_identify(go2/sim/unitree_robots/go2/assets) by extension 'python'
[0.541s] Level 1:colcon.colcon_core.package_identification:_identify(go2/sim/unitree_robots/go2/assets) by extensions ['python_setup_py']
[0.541s] Level 1:colcon.colcon_core.package_identification:_identify(go2/sim/unitree_robots/go2/assets) by extension 'python_setup_py'
[0.541s] Level 1:colcon.colcon_core.package_identification:_identify(go2/sim/unitree_robots/go2w) by extensions ['ignore', 'ignore_ament_install']
[0.541s] Level 1:colcon.colcon_core.package_identification:_identify(go2/sim/unitree_robots/go2w) by extension 'ignore'
[0.541s] Level 1:colcon.colcon_core.package_identification:_identify(go2/sim/unitree_robots/go2w) by extension 'ignore_ament_install'
[0.541s] Level 1:colcon.colcon_core.package_identification:_identify(go2/sim/unitree_robots/go2w) by extensions ['colcon_pkg']
[0.541s] Level 1:colcon.colcon_core.package_identification:_identify(go2/sim/unitree_robots/go2w) by extension 'colcon_pkg'
[0.541s] Level 1:colcon.colcon_core.package_identification:_identify(go2/sim/unitree_robots/go2w) by extensions ['colcon_meta']
[0.541s] Level 1:colcon.colcon_core.package_identification:_identify(go2/sim/unitree_robots/go2w) by extension 'colcon_meta'
[0.541s] Level 1:colcon.colcon_core.package_identification:_identify(go2/sim/unitree_robots/go2w) by extensions ['ros']
[0.541s] Level 1:colcon.colcon_core.package_identification:_identify(go2/sim/unitree_robots/go2w) by extension 'ros'
[0.541s] Level 1:colcon.colcon_core.package_identification:_identify(go2/sim/unitree_robots/go2w) by extensions ['cmake', 'python']
[0.541s] Level 1:colcon.colcon_core.package_identification:_identify(go2/sim/unitree_robots/go2w) by extension 'cmake'
[0.541s] Level 1:colcon.colcon_core.package_identification:_identify(go2/sim/unitree_robots/go2w) by extension 'python'
[0.541s] Level 1:colcon.colcon_core.package_identification:_identify(go2/sim/unitree_robots/go2w) by extensions ['python_setup_py']
[0.541s] Level 1:colcon.colcon_core.package_identification:_identify(go2/sim/unitree_robots/go2w) by extension 'python_setup_py'
[0.541s] Level 1:colcon.colcon_core.package_identification:_identify(go2/sim/unitree_robots/go2w/assets) by extensions ['ignore', 'ignore_ament_install']
[0.541s] Level 1:colcon.colcon_core.package_identification:_identify(go2/sim/unitree_robots/go2w/assets) by extension 'ignore'
[0.541s] Level 1:colcon.colcon_core.package_identification:_identify(go2/sim/unitree_robots/go2w/assets) by extension 'ignore_ament_install'
[0.541s] Level 1:colcon.colcon_core.package_identification:_identify(go2/sim/unitree_robots/go2w/assets) by extensions ['colcon_pkg']
[0.541s] Level 1:colcon.colcon_core.package_identification:_identify(go2/sim/unitree_robots/go2w/assets) by extension 'colcon_pkg'
[0.541s] Level 1:colcon.colcon_core.package_identification:_identify(go2/sim/unitree_robots/go2w/assets) by extensions ['colcon_meta']
[0.541s] Level 1:colcon.colcon_core.package_identification:_identify(go2/sim/unitree_robots/go2w/assets) by extension 'colcon_meta'
[0.541s] Level 1:colcon.colcon_core.package_identification:_identify(go2/sim/unitree_robots/go2w/assets) by extensions ['ros']
[0.541s] Level 1:colcon.colcon_core.package_identification:_identify(go2/sim/unitree_robots/go2w/assets) by extension 'ros'
[0.541s] Level 1:colcon.colcon_core.package_identification:_identify(go2/sim/unitree_robots/go2w/assets) by extensions ['cmake', 'python']
[0.541s] Level 1:colcon.colcon_core.package_identification:_identify(go2/sim/unitree_robots/go2w/assets) by extension 'cmake'
[0.541s] Level 1:colcon.colcon_core.package_identification:_identify(go2/sim/unitree_robots/go2w/assets) by extension 'python'
[0.542s] Level 1:colcon.colcon_core.package_identification:_identify(go2/sim/unitree_robots/go2w/assets) by extensions ['python_setup_py']
[0.542s] Level 1:colcon.colcon_core.package_identification:_identify(go2/sim/unitree_robots/go2w/assets) by extension 'python_setup_py'
[0.542s] Level 1:colcon.colcon_core.package_identification:_identify(go2/sim/unitree_robots/h1) by extensions ['ignore', 'ignore_ament_install']
[0.542s] Level 1:colcon.colcon_core.package_identification:_identify(go2/sim/unitree_robots/h1) by extension 'ignore'
[0.542s] Level 1:colcon.colcon_core.package_identification:_identify(go2/sim/unitree_robots/h1) by extension 'ignore_ament_install'
[0.542s] Level 1:colcon.colcon_core.package_identification:_identify(go2/sim/unitree_robots/h1) by extensions ['colcon_pkg']
[0.542s] Level 1:colcon.colcon_core.package_identification:_identify(go2/sim/unitree_robots/h1) by extension 'colcon_pkg'
[0.542s] Level 1:colcon.colcon_core.package_identification:_identify(go2/sim/unitree_robots/h1) by extensions ['colcon_meta']
[0.542s] Level 1:colcon.colcon_core.package_identification:_identify(go2/sim/unitree_robots/h1) by extension 'colcon_meta'
[0.542s] Level 1:colcon.colcon_core.package_identification:_identify(go2/sim/unitree_robots/h1) by extensions ['ros']
[0.542s] Level 1:colcon.colcon_core.package_identification:_identify(go2/sim/unitree_robots/h1) by extension 'ros'
[0.542s] Level 1:colcon.colcon_core.package_identification:_identify(go2/sim/unitree_robots/h1) by extensions ['cmake', 'python']
[0.542s] Level 1:colcon.colcon_core.package_identification:_identify(go2/sim/unitree_robots/h1) by extension 'cmake'
[0.542s] Level 1:colcon.colcon_core.package_identification:_identify(go2/sim/unitree_robots/h1) by extension 'python'
[0.542s] Level 1:colcon.colcon_core.package_identification:_identify(go2/sim/unitree_robots/h1) by extensions ['python_setup_py']
[0.542s] Level 1:colcon.colcon_core.package_identification:_identify(go2/sim/unitree_robots/h1) by extension 'python_setup_py'
[0.542s] Level 1:colcon.colcon_core.package_identification:_identify(go2/sim/unitree_robots/h1/assets) by extensions ['ignore', 'ignore_ament_install']
[0.542s] Level 1:colcon.colcon_core.package_identification:_identify(go2/sim/unitree_robots/h1/assets) by extension 'ignore'
[0.542s] Level 1:colcon.colcon_core.package_identification:_identify(go2/sim/unitree_robots/h1/assets) by extension 'ignore_ament_install'
[0.542s] Level 1:colcon.colcon_core.package_identification:_identify(go2/sim/unitree_robots/h1/assets) by extensions ['colcon_pkg']
[0.542s] Level 1:colcon.colcon_core.package_identification:_identify(go2/sim/unitree_robots/h1/assets) by extension 'colcon_pkg'
[0.542s] Level 1:colcon.colcon_core.package_identification:_identify(go2/sim/unitree_robots/h1/assets) by extensions ['colcon_meta']
[0.542s] Level 1:colcon.colcon_core.package_identification:_identify(go2/sim/unitree_robots/h1/assets) by extension 'colcon_meta'
[0.542s] Level 1:colcon.colcon_core.package_identification:_identify(go2/sim/unitree_robots/h1/assets) by extensions ['ros']
[0.542s] Level 1:colcon.colcon_core.package_identification:_identify(go2/sim/unitree_robots/h1/assets) by extension 'ros'
[0.542s] Level 1:colcon.colcon_core.package_identification:_identify(go2/sim/unitree_robots/h1/assets) by extensions ['cmake', 'python']
[0.542s] Level 1:colcon.colcon_core.package_identification:_identify(go2/sim/unitree_robots/h1/assets) by extension 'cmake'
[0.542s] Level 1:colcon.colcon_core.package_identification:_identify(go2/sim/unitree_robots/h1/assets) by extension 'python'
[0.542s] Level 1:colcon.colcon_core.package_identification:_identify(go2/sim/unitree_robots/h1/assets) by extensions ['python_setup_py']
[0.542s] Level 1:colcon.colcon_core.package_identification:_identify(go2/sim/unitree_robots/h1/assets) by extension 'python_setup_py'
[0.543s] Level 1:colcon.colcon_core.package_identification:_identify(go2/sim/unitree_robots/h1_2) by extensions ['ignore', 'ignore_ament_install']
[0.543s] Level 1:colcon.colcon_core.package_identification:_identify(go2/sim/unitree_robots/h1_2) by extension 'ignore'
[0.543s] Level 1:colcon.colcon_core.package_identification:_identify(go2/sim/unitree_robots/h1_2) by extension 'ignore_ament_install'
[0.543s] Level 1:colcon.colcon_core.package_identification:_identify(go2/sim/unitree_robots/h1_2) by extensions ['colcon_pkg']
[0.543s] Level 1:colcon.colcon_core.package_identification:_identify(go2/sim/unitree_robots/h1_2) by extension 'colcon_pkg'
[0.543s] Level 1:colcon.colcon_core.package_identification:_identify(go2/sim/unitree_robots/h1_2) by extensions ['colcon_meta']
[0.543s] Level 1:colcon.colcon_core.package_identification:_identify(go2/sim/unitree_robots/h1_2) by extension 'colcon_meta'
[0.543s] Level 1:colcon.colcon_core.package_identification:_identify(go2/sim/unitree_robots/h1_2) by extensions ['ros']
[0.543s] Level 1:colcon.colcon_core.package_identification:_identify(go2/sim/unitree_robots/h1_2) by extension 'ros'
[0.543s] Level 1:colcon.colcon_core.package_identification:_identify(go2/sim/unitree_robots/h1_2) by extensions ['cmake', 'python']
[0.543s] Level 1:colcon.colcon_core.package_identification:_identify(go2/sim/unitree_robots/h1_2) by extension 'cmake'
[0.543s] Level 1:colcon.colcon_core.package_identification:_identify(go2/sim/unitree_robots/h1_2) by extension 'python'
[0.543s] Level 1:colcon.colcon_core.package_identification:_identify(go2/sim/unitree_robots/h1_2) by extensions ['python_setup_py']
[0.543s] Level 1:colcon.colcon_core.package_identification:_identify(go2/sim/unitree_robots/h1_2) by extension 'python_setup_py'
[0.543s] Level 1:colcon.colcon_core.package_identification:_identify(go2/sim/unitree_robots/h1_2/meshes) by extensions ['ignore', 'ignore_ament_install']
[0.543s] Level 1:colcon.colcon_core.package_identification:_identify(go2/sim/unitree_robots/h1_2/meshes) by extension 'ignore'
[0.543s] Level 1:colcon.colcon_core.package_identification:_identify(go2/sim/unitree_robots/h1_2/meshes) by extension 'ignore_ament_install'
[0.543s] Level 1:colcon.colcon_core.package_identification:_identify(go2/sim/unitree_robots/h1_2/meshes) by extensions ['colcon_pkg']
[0.543s] Level 1:colcon.colcon_core.package_identification:_identify(go2/sim/unitree_robots/h1_2/meshes) by extension 'colcon_pkg'
[0.543s] Level 1:colcon.colcon_core.package_identification:_identify(go2/sim/unitree_robots/h1_2/meshes) by extensions ['colcon_meta']
[0.543s] Level 1:colcon.colcon_core.package_identification:_identify(go2/sim/unitree_robots/h1_2/meshes) by extension 'colcon_meta'
[0.543s] Level 1:colcon.colcon_core.package_identification:_identify(go2/sim/unitree_robots/h1_2/meshes) by extensions ['ros']
[0.543s] Level 1:colcon.colcon_core.package_identification:_identify(go2/sim/unitree_robots/h1_2/meshes) by extension 'ros'
[0.543s] Level 1:colcon.colcon_core.package_identification:_identify(go2/sim/unitree_robots/h1_2/meshes) by extensions ['cmake', 'python']
[0.543s] Level 1:colcon.colcon_core.package_identification:_identify(go2/sim/unitree_robots/h1_2/meshes) by extension 'cmake'
[0.543s] Level 1:colcon.colcon_core.package_identification:_identify(go2/sim/unitree_robots/h1_2/meshes) by extension 'python'
[0.543s] Level 1:colcon.colcon_core.package_identification:_identify(go2/sim/unitree_robots/h1_2/meshes) by extensions ['python_setup_py']
[0.543s] Level 1:colcon.colcon_core.package_identification:_identify(go2/sim/unitree_robots/h1_2/meshes) by extension 'python_setup_py'
[0.543s] Level 1:colcon.colcon_core.package_identification:_identify(install) by extensions ['ignore', 'ignore_ament_install']
[0.544s] Level 1:colcon.colcon_core.package_identification:_identify(install) by extension 'ignore'
[0.544s] Level 1:colcon.colcon_core.package_identification:_identify(install) ignored
[0.544s] Level 1:colcon.colcon_core.package_identification:_identify(log) by extensions ['ignore', 'ignore_ament_install']
[0.544s] Level 1:colcon.colcon_core.package_identification:_identify(log) by extension 'ignore'
[0.544s] Level 1:colcon.colcon_core.package_identification:_identify(log) ignored
[0.546s] Level 1:colcon.colcon_core.package_identification:_identify(src) by extensions ['ignore', 'ignore_ament_install']
[0.547s] Level 1:colcon.colcon_core.package_identification:_identify(src) by extension 'ignore'
[0.547s] Level 1:colcon.colcon_core.package_identification:_identify(src) by extension 'ignore_ament_install'
[0.547s] Level 1:colcon.colcon_core.package_identification:_identify(src) by extensions ['colcon_pkg']
[0.547s] Level 1:colcon.colcon_core.package_identification:_identify(src) by extension 'colcon_pkg'
[0.547s] Level 1:colcon.colcon_core.package_identification:_identify(src) by extensions ['colcon_meta']
[0.547s] Level 1:colcon.colcon_core.package_identification:_identify(src) by extension 'colcon_meta'
[0.547s] Level 1:colcon.colcon_core.package_identification:_identify(src) by extensions ['ros']
[0.547s] Level 1:colcon.colcon_core.package_identification:_identify(src) by extension 'ros'
[0.547s] Level 1:colcon.colcon_core.package_identification:_identify(src) by extensions ['cmake', 'python']
[0.547s] Level 1:colcon.colcon_core.package_identification:_identify(src) by extension 'cmake'
[0.547s] Level 1:colcon.colcon_core.package_identification:_identify(src) by extension 'python'
[0.547s] Level 1:colcon.colcon_core.package_identification:_identify(src) by extensions ['python_setup_py']
[0.547s] Level 1:colcon.colcon_core.package_identification:_identify(src) by extension 'python_setup_py'
[0.548s] Level 1:colcon.colcon_core.package_identification:_identify(src/build) by extensions ['ignore', 'ignore_ament_install']
[0.548s] Level 1:colcon.colcon_core.package_identification:_identify(src/build) by extension 'ignore'
[0.548s] Level 1:colcon.colcon_core.package_identification:_identify(src/build) ignored
[0.548s] Level 1:colcon.colcon_core.package_identification:_identify(src/go2_ros2_bridge) by extensions ['ignore', 'ignore_ament_install']
[0.548s] Level 1:colcon.colcon_core.package_identification:_identify(src/go2_ros2_bridge) by extension 'ignore'
[0.548s] Level 1:colcon.colcon_core.package_identification:_identify(src/go2_ros2_bridge) by extension 'ignore_ament_install'
[0.548s] Level 1:colcon.colcon_core.package_identification:_identify(src/go2_ros2_bridge) by extensions ['colcon_pkg']
[0.548s] Level 1:colcon.colcon_core.package_identification:_identify(src/go2_ros2_bridge) by extension 'colcon_pkg'
[0.548s] Level 1:colcon.colcon_core.package_identification:_identify(src/go2_ros2_bridge) by extensions ['colcon_meta']
[0.548s] Level 1:colcon.colcon_core.package_identification:_identify(src/go2_ros2_bridge) by extension 'colcon_meta'
[0.548s] Level 1:colcon.colcon_core.package_identification:_identify(src/go2_ros2_bridge) by extensions ['ros']
[0.548s] Level 1:colcon.colcon_core.package_identification:_identify(src/go2_ros2_bridge) by extension 'ros'
[0.550s] DEBUG:colcon.colcon_core.package_identification:Failed to parse potential ROS package manifest in'src/go2_ros2_bridge': Error(s) in package 'src/go2_ros2_bridge/package.xml':
Invalid email "melodse@local" for person "melodse"
[0.550s] Level 1:colcon.colcon_core.package_identification:_identify(src/go2_ros2_bridge) by extensions ['cmake', 'python']
[0.550s] Level 1:colcon.colcon_core.package_identification:_identify(src/go2_ros2_bridge) by extension 'cmake'
[0.550s] Level 1:colcon.colcon_core.package_identification:_identify(src/go2_ros2_bridge) by extension 'python'
[0.550s] DEBUG:colcon.colcon_core.package_identification:Python package in 'src/go2_ros2_bridge' passes arguments to the setup() function which requires a different identification extension than 'python'
[0.550s] Level 1:colcon.colcon_core.package_identification:_identify(src/go2_ros2_bridge) by extensions ['python_setup_py']
[0.550s] Level 1:colcon.colcon_core.package_identification:_identify(src/go2_ros2_bridge) by extension 'python_setup_py'
[0.809s] DEBUG:colcon.colcon_core.package_identification:Package 'src/go2_ros2_bridge' with type 'python' and name 'go2_ros2_bridge'
[0.809s] Level 1:colcon.colcon_core.package_identification:_identify(src/install) by extensions ['ignore', 'ignore_ament_install']
[0.809s] Level 1:colcon.colcon_core.package_identification:_identify(src/install) by extension 'ignore'
[0.809s] Level 1:colcon.colcon_core.package_identification:_identify(src/install) ignored
[0.809s] Level 1:colcon.colcon_core.package_identification:_identify(src/log) by extensions ['ignore', 'ignore_ament_install']
[0.809s] Level 1:colcon.colcon_core.package_identification:_identify(src/log) by extension 'ignore'
[0.809s] Level 1:colcon.colcon_core.package_identification:_identify(src/log) ignored
[0.809s] Level 1:colcon.colcon_core.package_discovery:discover_packages(recursive) using defaults
[0.809s] Level 1:colcon.colcon_core.package_discovery:discover_packages(ignore) discover
[0.809s] Level 1:colcon.colcon_core.package_discovery:discover_packages(ignore) using defaults
[0.809s] Level 1:colcon.colcon_core.package_discovery:discover_packages(path) discover
[0.809s] Level 1:colcon.colcon_core.package_discovery:discover_packages(path) using defaults
[0.848s] INFO:colcon.colcon_metadata.metadata.colcon_pkg:Updating descriptor of package 'go2/sim/unitree_description-master' from colcon.pkg: {'hooks': ['share/unitree_description/hook/ament_prefix_path.dsv', 'share/unitree_description/hook/python_path.dsv']}
[0.850s] INFO:colcon.colcon_core.package_selection:Skipping not selected package 'go2_ros2_bridge' in 'src/go2_ros2_bridge'
[0.850s] INFO:colcon.colcon_core.package_selection:Skipping not selected package 'slam_example' in 'g1/scripts/navigation/obstacle_avoidance/slam_sdk_example/example'
[0.850s] INFO:colcon.colcon_core.package_selection:Skipping not selected package 'tx_lidar' in 'g1/scripts/sensors/manual_streaming'
[0.851s] INFO:colcon.colcon_core.package_selection:Skipping not selected package 'g1_description' in 'g1/sim/G1_rviz_simulation-main/G1_rviz_simulation-main'
[0.852s] Level 1:colcon.colcon_core.package_discovery:discover_packages(prefix_path) check parameters
[0.852s] Level 1:colcon.colcon_core.package_discovery:discover_packages(prefix_path) discover
[0.860s] DEBUG:colcon.colcon_installed_package_information.package_discovery:Found 3 installed packages in /home/melodse/ef_ws/install
[0.863s] DEBUG:colcon.colcon_installed_package_information.package_discovery:Found 423 installed packages in /opt/ros/jazzy
[0.864s] Level 1:colcon.colcon_core.package_discovery:discover_packages(prefix_path) using defaults
[0.913s] WARNING:colcon.colcon_core.package_selection:Some selected packages are already built in one or more underlay workspaces:
	'unitree_description' is in: /home/melodse/ef_ws/install/unitree_description
If a package in a merged underlay workspace is overridden and it installs headers, then all packages in the overlay must sort their include directories by workspace order. Failure to do so may result in build failures or undefined behavior at run time.
If the overridden package is used by another package in any underlay, then the overriding package in the overlay must be API and ABI compatible or undefined behavior at run time may occur.

If you understand the risks and want to override a package anyways, add the following to the command line:
	--allow-overriding unitree_description

This may be promoted to an error in a future release of colcon-override-check.
[0.914s] Level 5:colcon.colcon_core.verb:set package 'unitree_description' build argument 'cmake_args' from command line to 'None'
[0.914s] Level 5:colcon.colcon_core.verb:set package 'unitree_description' build argument 'cmake_target' from command line to 'None'
[0.914s] Level 5:colcon.colcon_core.verb:set package 'unitree_description' build argument 'cmake_target_skip_unavailable' from command line to 'False'
[0.914s] Level 5:colcon.colcon_core.verb:set package 'unitree_description' build argument 'cmake_clean_cache' from command line to 'False'
[0.914s] Level 5:colcon.colcon_core.verb:set package 'unitree_description' build argument 'cmake_clean_first' from command line to 'False'
[0.914s] Level 5:colcon.colcon_core.verb:set package 'unitree_description' build argument 'cmake_force_configure' from command line to 'False'
[0.914s] Level 5:colcon.colcon_core.verb:set package 'unitree_description' build argument 'ament_cmake_args' from command line to 'None'
[0.914s] Level 5:colcon.colcon_core.verb:set package 'unitree_description' build argument 'catkin_cmake_args' from command line to 'None'
[0.915s] Level 5:colcon.colcon_core.verb:set package 'unitree_description' build argument 'catkin_skip_building_tests' from command line to 'False'
[0.915s] DEBUG:colcon.colcon_core.verb:Building package 'unitree_description' with the following arguments: {'ament_cmake_args': None, 'build_base': '/home/melodse/ef_ws/build/unitree_description', 'catkin_cmake_args': None, 'catkin_skip_building_tests': False, 'cmake_args': None, 'cmake_clean_cache': False, 'cmake_clean_first': False, 'cmake_force_configure': False, 'cmake_target': None, 'cmake_target_skip_unavailable': False, 'install_base': '/home/melodse/ef_ws/install/unitree_description', 'merge_install': False, 'path': '/home/melodse/ef_ws/go2/sim/unitree_description-master', 'symlink_install': False, 'test_result_base': None}
[0.915s] INFO:colcon.colcon_core.executor:Executing jobs using 'parallel' executor
[0.916s] DEBUG:colcon.colcon_parallel_executor.executor.parallel:run_until_complete
[0.917s] INFO:colcon.colcon_ros.task.cmake.build:Building ROS package in '/home/melodse/ef_ws/go2/sim/unitree_description-master' with build type 'cmake'
[0.917s] INFO:colcon.colcon_cmake.task.cmake.build:Building CMake package in '/home/melodse/ef_ws/go2/sim/unitree_description-master'
[0.924s] INFO:colcon.colcon_core.plugin_system:Skipping extension 'colcon_core.shell.bat': Not used on non-Windows systems
[0.924s] INFO:colcon.colcon_core.shell:Skip shell extension 'powershell' for command environment: Not usable outside of PowerShell
[0.924s] DEBUG:colcon.colcon_core.shell:Skip shell extension 'dsv' for command environment
[0.935s] DEBUG:colcon.colcon_core.event_handler.log_command:Invoking command in '/home/melodse/ef_ws/build/unitree_description': CMAKE_PREFIX_PATH=${CMAKE_PREFIX_PATH}:/home/melodse/ef_ws/install/g1_description:/opt/ros/jazzy /usr/bin/cmake --build /home/melodse/ef_ws/build/unitree_description -- -j12 -l12
[1.177s] DEBUG:colcon.colcon_core.event_handler.log_command:Invoked command in '/home/melodse/ef_ws/build/unitree_description' returned '0': CMAKE_PREFIX_PATH=${CMAKE_PREFIX_PATH}:/home/melodse/ef_ws/install/g1_description:/opt/ros/jazzy /usr/bin/cmake --build /home/melodse/ef_ws/build/unitree_description -- -j12 -l12
[1.202s] DEBUG:colcon.colcon_core.event_handler.log_command:Invoking command in '/home/melodse/ef_ws/build/unitree_description': CMAKE_PREFIX_PATH=${CMAKE_PREFIX_PATH}:/home/melodse/ef_ws/install/g1_description:/opt/ros/jazzy /usr/bin/cmake --install /home/melodse/ef_ws/build/unitree_description
[1.242s] DEBUG:colcon.colcon_core.event_handler.log_command:Invoked command in '/home/melodse/ef_ws/build/unitree_description' returned '0': CMAKE_PREFIX_PATH=${CMAKE_PREFIX_PATH}:/home/melodse/ef_ws/install/g1_description:/opt/ros/jazzy /usr/bin/cmake --install /home/melodse/ef_ws/build/unitree_description
[1.243s] Level 1:colcon.colcon_core.shell:create_environment_hook('unitree_description', 'pkg_config_path')
[1.243s] INFO:colcon.colcon_core.shell:Creating environment hook '/home/melodse/ef_ws/install/unitree_description/share/unitree_description/hook/pkg_config_path.ps1'
[1.245s] INFO:colcon.colcon_core.shell:Creating environment descriptor '/home/melodse/ef_ws/install/unitree_description/share/unitree_description/hook/pkg_config_path.dsv'
[1.246s] INFO:colcon.colcon_core.shell:Creating environment hook '/home/melodse/ef_ws/install/unitree_description/share/unitree_description/hook/pkg_config_path.sh'
[1.253s] Level 1:colcon.colcon_core.shell:create_environment_hook('unitree_description', 'pkg_config_path_multiarch')
[1.253s] INFO:colcon.colcon_core.shell:Creating environment hook '/home/melodse/ef_ws/install/unitree_description/share/unitree_description/hook/pkg_config_path_multiarch.ps1'
[1.254s] INFO:colcon.colcon_core.shell:Creating environment descriptor '/home/melodse/ef_ws/install/unitree_description/share/unitree_description/hook/pkg_config_path_multiarch.dsv'
[1.254s] INFO:colcon.colcon_core.shell:Creating environment hook '/home/melodse/ef_ws/install/unitree_description/share/unitree_description/hook/pkg_config_path_multiarch.sh'
[1.255s] Level 1:colcon.colcon_core.environment:create_environment_scripts_only(unitree_description)
[1.263s] Level 1:colcon.colcon_core.environment:checking '/home/melodse/ef_ws/install/unitree_description' for CMake module files
[1.264s] Level 1:colcon.colcon_core.environment:checking '/home/melodse/ef_ws/install/unitree_description' for CMake config files
[1.265s] Level 1:colcon.colcon_core.shell:create_environment_hook('unitree_description', 'cmake_prefix_path')
[1.265s] INFO:colcon.colcon_core.shell:Creating environment hook '/home/melodse/ef_ws/install/unitree_description/share/unitree_description/hook/cmake_prefix_path.ps1'
[1.265s] INFO:colcon.colcon_core.shell:Creating environment descriptor '/home/melodse/ef_ws/install/unitree_description/share/unitree_description/hook/cmake_prefix_path.dsv'
[1.266s] INFO:colcon.colcon_core.shell:Creating environment hook '/home/melodse/ef_ws/install/unitree_description/share/unitree_description/hook/cmake_prefix_path.sh'
[1.267s] Level 1:colcon.colcon_core.environment:checking '/home/melodse/ef_ws/install/unitree_description/lib'
[1.267s] Level 1:colcon.colcon_core.environment:checking '/home/melodse/ef_ws/install/unitree_description/bin'
[1.267s] Level 1:colcon.colcon_core.environment:checking '/home/melodse/ef_ws/install/unitree_description/lib/pkgconfig/unitree_description.pc'
[1.267s] Level 1:colcon.colcon_core.shell:create_environment_hook('unitree_description', 'pkg_config')
[1.267s] INFO:colcon.colcon_core.shell:Creating environment hook '/home/melodse/ef_ws/install/unitree_description/share/unitree_description/hook/pkg_config.ps1'
[1.268s] INFO:colcon.colcon_core.shell:Creating environment descriptor '/home/melodse/ef_ws/install/unitree_description/share/unitree_description/hook/pkg_config.dsv'
[1.268s] INFO:colcon.colcon_core.shell:Creating environment hook '/home/melodse/ef_ws/install/unitree_description/share/unitree_description/hook/pkg_config.sh'
[1.269s] Level 1:colcon.colcon_core.environment:checking '/home/melodse/ef_ws/install/unitree_description/lib/python3.12/site-packages'
[1.269s] Level 1:colcon.colcon_core.shell:create_environment_hook('unitree_description', 'pythonpath')
[1.269s] INFO:colcon.colcon_core.shell:Creating environment hook '/home/melodse/ef_ws/install/unitree_description/share/unitree_description/hook/pythonpath.ps1'
[1.269s] INFO:colcon.colcon_core.shell:Creating environment descriptor '/home/melodse/ef_ws/install/unitree_description/share/unitree_description/hook/pythonpath.dsv'
[1.270s] INFO:colcon.colcon_core.shell:Creating environment hook '/home/melodse/ef_ws/install/unitree_description/share/unitree_description/hook/pythonpath.sh'
[1.271s] Level 1:colcon.colcon_core.environment:checking '/home/melodse/ef_ws/install/unitree_description/bin'
[1.271s] INFO:colcon.colcon_core.shell:Creating package script '/home/melodse/ef_ws/install/unitree_description/share/unitree_description/package.ps1'
[1.273s] INFO:colcon.colcon_core.shell:Creating package descriptor '/home/melodse/ef_ws/install/unitree_description/share/unitree_description/package.dsv'
[1.274s] INFO:colcon.colcon_core.shell:Creating package script '/home/melodse/ef_ws/install/unitree_description/share/unitree_description/package.sh'
[1.276s] INFO:colcon.colcon_core.shell:Creating package script '/home/melodse/ef_ws/install/unitree_description/share/unitree_description/package.bash'
[1.277s] INFO:colcon.colcon_core.shell:Creating package script '/home/melodse/ef_ws/install/unitree_description/share/unitree_description/package.zsh'
[1.279s] Level 1:colcon.colcon_core.environment:create_file_with_runtime_dependencies(/home/melodse/ef_ws/install/unitree_description/share/colcon-core/packages/unitree_description)
[1.280s] DEBUG:colcon.colcon_parallel_executor.executor.parallel:closing loop
[1.280s] DEBUG:colcon.colcon_parallel_executor.executor.parallel:loop closed
[1.280s] DEBUG:colcon.colcon_parallel_executor.executor.parallel:run_until_complete finished with '0'
[1.280s] DEBUG:colcon.colcon_core.event_reactor:joining thread
[1.294s] INFO:colcon.colcon_core.plugin_system:Skipping extension 'colcon_notification.desktop_notification.terminal_notifier': Not used on non-Darwin systems
[1.294s] INFO:colcon.colcon_core.plugin_system:Skipping extension 'colcon_notification.desktop_notification.win32': Not used on non-Windows systems
[1.294s] INFO:colcon.colcon_notification.desktop_notification:Sending desktop notification using 'notify2'
[1.296s] DEBUG:colcon.colcon_notification.desktop_notification.notify2:Failed to initialize notify2: org.freedesktop.DBus.Error.ServiceUnknown: The name org.freedesktop.Notifications was not provided by any .service files
[1.296s] DEBUG:colcon.colcon_core.event_reactor:joined thread
[1.296s] INFO:colcon.colcon_core.shell:Creating prefix script '/home/melodse/ef_ws/install/local_setup.ps1'
[1.298s] INFO:colcon.colcon_core.shell:Creating prefix util module '/home/melodse/ef_ws/install/_local_setup_util_ps1.py'
[1.300s] INFO:colcon.colcon_core.shell:Creating prefix chain script '/home/melodse/ef_ws/install/setup.ps1'
[1.303s] INFO:colcon.colcon_core.shell:Creating prefix script '/home/melodse/ef_ws/install/local_setup.sh'
[1.304s] INFO:colcon.colcon_core.shell:Creating prefix util module '/home/melodse/ef_ws/install/_local_setup_util_sh.py'
[1.305s] INFO:colcon.colcon_core.shell:Creating prefix chain script '/home/melodse/ef_ws/install/setup.sh'
[1.307s] INFO:colcon.colcon_core.shell:Creating prefix script '/home/melodse/ef_ws/install/local_setup.bash'
[1.308s] INFO:colcon.colcon_core.shell:Creating prefix chain script '/home/melodse/ef_ws/install/setup.bash'
[1.310s] INFO:colcon.colcon_core.shell:Creating prefix script '/home/melodse/ef_ws/install/local_setup.zsh'
[1.312s] INFO:colcon.colcon_core.shell:Creating prefix chain script '/home/melodse/ef_ws/install/setup.zsh'
