[0.610s] DEBUG:colcon:Command line arguments: ['/usr/bin/colcon', 'build', '--packages-select', 'go2_ros2_bridge']
[0.610s] DEBUG:colcon:Parsed command line arguments: Namespace(log_base=None, log_level=None, verb_name='build', build_base='build', install_base='install', merge_install=False, symlink_install=False, test_result_base=None, continue_on_error=False, executor='parallel', parallel_workers=12, event_handlers=None, ignore_user_meta=False, metas=['./colcon.meta'], base_paths=['.'], packages_ignore=None, packages_ignore_regex=None, paths=None, packages_up_to=None, packages_up_to_regex=None, packages_above=None, packages_above_and_dependencies=None, packages_above_depth=None, packages_select_by_dep=None, packages_skip_by_dep=None, packages_skip_up_to=None, packages_select_build_failed=False, packages_skip_build_finished=False, packages_select_test_failures=False, packages_skip_test_passed=False, packages_select=['go2_ros2_bridge'], packages_skip=None, packages_select_regex=None, packages_skip_regex=None, packages_start=None, packages_end=None, allow_overriding=[], cmake_args=None, cmake_target=None, cmake_target_skip_unavailable=False, cmake_clean_cache=False, cmake_clean_first=False, cmake_force_configure=False, ament_cmake_args=None, catkin_cmake_args=None, catkin_skip_building_tests=False, mixin_files=None, mixin=None, verb_parser=<colcon_mixin.mixin.mixin_argument.MixinArgumentDecorator object at 0x7808f96dcce0>, verb_extension=<colcon_core.verb.build.BuildVerb object at 0x7808f9601130>, main=<bound method BuildVerb.main of <colcon_core.verb.build.BuildVerb object at 0x7808f9601130>>, mixin_verb=('build',))
[0.710s] Level 1:colcon.colcon_core.package_discovery:discover_packages(colcon_meta) check parameters
[0.710s] Level 1:colcon.colcon_core.package_discovery:discover_packages(recursive) check parameters
[0.710s] Level 1:colcon.colcon_core.package_discovery:discover_packages(ignore) check parameters
[0.710s] Level 1:colcon.colcon_core.package_discovery:discover_packages(path) check parameters
[0.710s] Level 1:colcon.colcon_core.package_discovery:discover_packages(colcon_meta) discover
[0.710s] Level 1:colcon.colcon_core.package_discovery:discover_packages(recursive) discover
[0.710s] INFO:colcon.colcon_core.package_discovery:Crawling recursively for packages in '/home/melodse/ef_ws'
[0.711s] Level 1:colcon.colcon_core.package_identification:_identify(.) by extensions ['ignore', 'ignore_ament_install']
[0.711s] Level 1:colcon.colcon_core.package_identification:_identify(.) by extension 'ignore'
[0.711s] Level 1:colcon.colcon_core.package_identification:_identify(.) by extension 'ignore_ament_install'
[0.711s] Level 1:colcon.colcon_core.package_identification:_identify(.) by extensions ['colcon_pkg']
[0.711s] Level 1:colcon.colcon_core.package_identification:_identify(.) by extension 'colcon_pkg'
[0.711s] Level 1:colcon.colcon_core.package_identification:_identify(.) by extensions ['colcon_meta']
[0.711s] Level 1:colcon.colcon_core.package_identification:_identify(.) by extension 'colcon_meta'
[0.711s] Level 1:colcon.colcon_core.package_identification:_identify(.) by extensions ['ros']
[0.711s] Level 1:colcon.colcon_core.package_identification:_identify(.) by extension 'ros'
[0.762s] Level 1:colcon.colcon_core.package_identification:_identify(.) by extensions ['cmake', 'python']
[0.762s] Level 1:colcon.colcon_core.package_identification:_identify(.) by extension 'cmake'
[0.762s] Level 1:colcon.colcon_core.package_identification:_identify(.) by extension 'python'
[0.762s] Level 1:colcon.colcon_core.package_identification:_identify(.) by extensions ['python_setup_py']
[0.762s] Level 1:colcon.colcon_core.package_identification:_identify(.) by extension 'python_setup_py'
[0.762s] Level 1:colcon.colcon_core.package_identification:_identify(build) by extensions ['ignore', 'ignore_ament_install']
[0.762s] Level 1:colcon.colcon_core.package_identification:_identify(build) by extension 'ignore'
[0.762s] Level 1:colcon.colcon_core.package_identification:_identify(build) ignored
[0.763s] Level 1:colcon.colcon_core.package_identification:_identify(dev) by extensions ['ignore', 'ignore_ament_install']
[0.763s] Level 1:colcon.colcon_core.package_identification:_identify(dev) by extension 'ignore'
[0.763s] Level 1:colcon.colcon_core.package_identification:_identify(dev) by extension 'ignore_ament_install'
[0.763s] Level 1:colcon.colcon_core.package_identification:_identify(dev) by extensions ['colcon_pkg']
[0.763s] Level 1:colcon.colcon_core.package_identification:_identify(dev) by extension 'colcon_pkg'
[0.763s] Level 1:colcon.colcon_core.package_identification:_identify(dev) by extensions ['colcon_meta']
[0.763s] Level 1:colcon.colcon_core.package_identification:_identify(dev) by extension 'colcon_meta'
[0.763s] Level 1:colcon.colcon_core.package_identification:_identify(dev) by extensions ['ros']
[0.763s] Level 1:colcon.colcon_core.package_identification:_identify(dev) by extension 'ros'
[0.763s] Level 1:colcon.colcon_core.package_identification:_identify(dev) by extensions ['cmake', 'python']
[0.763s] Level 1:colcon.colcon_core.package_identification:_identify(dev) by extension 'cmake'
[0.763s] Level 1:colcon.colcon_core.package_identification:_identify(dev) by extension 'python'
[0.763s] Level 1:colcon.colcon_core.package_identification:_identify(dev) by extensions ['python_setup_py']
[0.763s] Level 1:colcon.colcon_core.package_identification:_identify(dev) by extension 'python_setup_py'
[0.764s] Level 1:colcon.colcon_core.package_identification:_identify(g1) by extensions ['ignore', 'ignore_ament_install']
[0.764s] Level 1:colcon.colcon_core.package_identification:_identify(g1) by extension 'ignore'
[0.764s] Level 1:colcon.colcon_core.package_identification:_identify(g1) by extension 'ignore_ament_install'
[0.764s] Level 1:colcon.colcon_core.package_identification:_identify(g1) by extensions ['colcon_pkg']
[0.764s] Level 1:colcon.colcon_core.package_identification:_identify(g1) by extension 'colcon_pkg'
[0.764s] Level 1:colcon.colcon_core.package_identification:_identify(g1) by extensions ['colcon_meta']
[0.764s] Level 1:colcon.colcon_core.package_identification:_identify(g1) by extension 'colcon_meta'
[0.764s] Level 1:colcon.colcon_core.package_identification:_identify(g1) by extensions ['ros']
[0.764s] Level 1:colcon.colcon_core.package_identification:_identify(g1) by extension 'ros'
[0.764s] Level 1:colcon.colcon_core.package_identification:_identify(g1) by extensions ['cmake', 'python']
[0.764s] Level 1:colcon.colcon_core.package_identification:_identify(g1) by extension 'cmake'
[0.764s] Level 1:colcon.colcon_core.package_identification:_identify(g1) by extension 'python'
[0.764s] Level 1:colcon.colcon_core.package_identification:_identify(g1) by extensions ['python_setup_py']
[0.764s] Level 1:colcon.colcon_core.package_identification:_identify(g1) by extension 'python_setup_py'
[0.765s] Level 1:colcon.colcon_core.package_identification:_identify(g1/dashboards) by extensions ['ignore', 'ignore_ament_install']
[0.765s] Level 1:colcon.colcon_core.package_identification:_identify(g1/dashboards) by extension 'ignore'
[0.765s] Level 1:colcon.colcon_core.package_identification:_identify(g1/dashboards) by extension 'ignore_ament_install'
[0.765s] Level 1:colcon.colcon_core.package_identification:_identify(g1/dashboards) by extensions ['colcon_pkg']
[0.765s] Level 1:colcon.colcon_core.package_identification:_identify(g1/dashboards) by extension 'colcon_pkg'
[0.766s] Level 1:colcon.colcon_core.package_identification:_identify(g1/dashboards) by extensions ['colcon_meta']
[0.766s] Level 1:colcon.colcon_core.package_identification:_identify(g1/dashboards) by extension 'colcon_meta'
[0.766s] Level 1:colcon.colcon_core.package_identification:_identify(g1/dashboards) by extensions ['ros']
[0.766s] Level 1:colcon.colcon_core.package_identification:_identify(g1/dashboards) by extension 'ros'
[0.766s] Level 1:colcon.colcon_core.package_identification:_identify(g1/dashboards) by extensions ['cmake', 'python']
[0.766s] Level 1:colcon.colcon_core.package_identification:_identify(g1/dashboards) by extension 'cmake'
[0.766s] Level 1:colcon.colcon_core.package_identification:_identify(g1/dashboards) by extension 'python'
[0.766s] Level 1:colcon.colcon_core.package_identification:_identify(g1/dashboards) by extensions ['python_setup_py']
[0.766s] Level 1:colcon.colcon_core.package_identification:_identify(g1/dashboards) by extension 'python_setup_py'
[0.766s] Level 1:colcon.colcon_core.package_identification:_identify(g1/docs) by extensions ['ignore', 'ignore_ament_install']
[0.766s] Level 1:colcon.colcon_core.package_identification:_identify(g1/docs) by extension 'ignore'
[0.766s] Level 1:colcon.colcon_core.package_identification:_identify(g1/docs) by extension 'ignore_ament_install'
[0.767s] Level 1:colcon.colcon_core.package_identification:_identify(g1/docs) by extensions ['colcon_pkg']
[0.767s] Level 1:colcon.colcon_core.package_identification:_identify(g1/docs) by extension 'colcon_pkg'
[0.767s] Level 1:colcon.colcon_core.package_identification:_identify(g1/docs) by extensions ['colcon_meta']
[0.767s] Level 1:colcon.colcon_core.package_identification:_identify(g1/docs) by extension 'colcon_meta'
[0.767s] Level 1:colcon.colcon_core.package_identification:_identify(g1/docs) by extensions ['ros']
[0.767s] Level 1:colcon.colcon_core.package_identification:_identify(g1/docs) by extension 'ros'
[0.767s] Level 1:colcon.colcon_core.package_identification:_identify(g1/docs) by extensions ['cmake', 'python']
[0.767s] Level 1:colcon.colcon_core.package_identification:_identify(g1/docs) by extension 'cmake'
[0.767s] Level 1:colcon.colcon_core.package_identification:_identify(g1/docs) by extension 'python'
[0.767s] Level 1:colcon.colcon_core.package_identification:_identify(g1/docs) by extensions ['python_setup_py']
[0.767s] Level 1:colcon.colcon_core.package_identification:_identify(g1/docs) by extension 'python_setup_py'
[0.767s] Level 1:colcon.colcon_core.package_identification:_identify(g1/edge_runtime) by extensions ['ignore', 'ignore_ament_install']
[0.767s] Level 1:colcon.colcon_core.package_identification:_identify(g1/edge_runtime) by extension 'ignore'
[0.768s] Level 1:colcon.colcon_core.package_identification:_identify(g1/edge_runtime) by extension 'ignore_ament_install'
[0.768s] Level 1:colcon.colcon_core.package_identification:_identify(g1/edge_runtime) by extensions ['colcon_pkg']
[0.768s] Level 1:colcon.colcon_core.package_identification:_identify(g1/edge_runtime) by extension 'colcon_pkg'
[0.768s] Level 1:colcon.colcon_core.package_identification:_identify(g1/edge_runtime) by extensions ['colcon_meta']
[0.768s] Level 1:colcon.colcon_core.package_identification:_identify(g1/edge_runtime) by extension 'colcon_meta'
[0.768s] Level 1:colcon.colcon_core.package_identification:_identify(g1/edge_runtime) by extensions ['ros']
[0.768s] Level 1:colcon.colcon_core.package_identification:_identify(g1/edge_runtime) by extension 'ros'
[0.768s] Level 1:colcon.colcon_core.package_identification:_identify(g1/edge_runtime) by extensions ['cmake', 'python']
[0.768s] Level 1:colcon.colcon_core.package_identification:_identify(g1/edge_runtime) by extension 'cmake'
[0.768s] Level 1:colcon.colcon_core.package_identification:_identify(g1/edge_runtime) by extension 'python'
[0.768s] Level 1:colcon.colcon_core.package_identification:_identify(g1/edge_runtime) by extensions ['python_setup_py']
[0.768s] Level 1:colcon.colcon_core.package_identification:_identify(g1/edge_runtime) by extension 'python_setup_py'
[0.768s] Level 1:colcon.colcon_core.package_identification:_identify(g1/edge_runtime/config) by extensions ['ignore', 'ignore_ament_install']
[0.768s] Level 1:colcon.colcon_core.package_identification:_identify(g1/edge_runtime/config) by extension 'ignore'
[0.769s] Level 1:colcon.colcon_core.package_identification:_identify(g1/edge_runtime/config) by extension 'ignore_ament_install'
[0.769s] Level 1:colcon.colcon_core.package_identification:_identify(g1/edge_runtime/config) by extensions ['colcon_pkg']
[0.769s] Level 1:colcon.colcon_core.package_identification:_identify(g1/edge_runtime/config) by extension 'colcon_pkg'
[0.769s] Level 1:colcon.colcon_core.package_identification:_identify(g1/edge_runtime/config) by extensions ['colcon_meta']
[0.769s] Level 1:colcon.colcon_core.package_identification:_identify(g1/edge_runtime/config) by extension 'colcon_meta'
[0.769s] Level 1:colcon.colcon_core.package_identification:_identify(g1/edge_runtime/config) by extensions ['ros']
[0.769s] Level 1:colcon.colcon_core.package_identification:_identify(g1/edge_runtime/config) by extension 'ros'
[0.769s] Level 1:colcon.colcon_core.package_identification:_identify(g1/edge_runtime/config) by extensions ['cmake', 'python']
[0.769s] Level 1:colcon.colcon_core.package_identification:_identify(g1/edge_runtime/config) by extension 'cmake'
[0.769s] Level 1:colcon.colcon_core.package_identification:_identify(g1/edge_runtime/config) by extension 'python'
[0.769s] Level 1:colcon.colcon_core.package_identification:_identify(g1/edge_runtime/config) by extensions ['python_setup_py']
[0.769s] Level 1:colcon.colcon_core.package_identification:_identify(g1/edge_runtime/config) by extension 'python_setup_py'
[0.769s] Level 1:colcon.colcon_core.package_identification:_identify(g1/edge_runtime/device_identity) by extensions ['ignore', 'ignore_ament_install']
[0.770s] Level 1:colcon.colcon_core.package_identification:_identify(g1/edge_runtime/device_identity) by extension 'ignore'
[0.770s] Level 1:colcon.colcon_core.package_identification:_identify(g1/edge_runtime/device_identity) by extension 'ignore_ament_install'
[0.770s] Level 1:colcon.colcon_core.package_identification:_identify(g1/edge_runtime/device_identity) by extensions ['colcon_pkg']
[0.770s] Level 1:colcon.colcon_core.package_identification:_identify(g1/edge_runtime/device_identity) by extension 'colcon_pkg'
[0.770s] Level 1:colcon.colcon_core.package_identification:_identify(g1/edge_runtime/device_identity) by extensions ['colcon_meta']
[0.770s] Level 1:colcon.colcon_core.package_identification:_identify(g1/edge_runtime/device_identity) by extension 'colcon_meta'
[0.770s] Level 1:colcon.colcon_core.package_identification:_identify(g1/edge_runtime/device_identity) by extensions ['ros']
[0.770s] Level 1:colcon.colcon_core.package_identification:_identify(g1/edge_runtime/device_identity) by extension 'ros'
[0.770s] Level 1:colcon.colcon_core.package_identification:_identify(g1/edge_runtime/device_identity) by extensions ['cmake', 'python']
[0.770s] Level 1:colcon.colcon_core.package_identification:_identify(g1/edge_runtime/device_identity) by extension 'cmake'
[0.770s] Level 1:colcon.colcon_core.package_identification:_identify(g1/edge_runtime/device_identity) by extension 'python'
[0.770s] Level 1:colcon.colcon_core.package_identification:_identify(g1/edge_runtime/device_identity) by extensions ['python_setup_py']
[0.770s] Level 1:colcon.colcon_core.package_identification:_identify(g1/edge_runtime/device_identity) by extension 'python_setup_py'
[0.770s] Level 1:colcon.colcon_core.package_identification:_identify(g1/edge_runtime/gateway) by extensions ['ignore', 'ignore_ament_install']
[0.771s] Level 1:colcon.colcon_core.package_identification:_identify(g1/edge_runtime/gateway) by extension 'ignore'
[0.771s] Level 1:colcon.colcon_core.package_identification:_identify(g1/edge_runtime/gateway) by extension 'ignore_ament_install'
[0.771s] Level 1:colcon.colcon_core.package_identification:_identify(g1/edge_runtime/gateway) by extensions ['colcon_pkg']
[0.771s] Level 1:colcon.colcon_core.package_identification:_identify(g1/edge_runtime/gateway) by extension 'colcon_pkg'
[0.771s] Level 1:colcon.colcon_core.package_identification:_identify(g1/edge_runtime/gateway) by extensions ['colcon_meta']
[0.771s] Level 1:colcon.colcon_core.package_identification:_identify(g1/edge_runtime/gateway) by extension 'colcon_meta'
[0.771s] Level 1:colcon.colcon_core.package_identification:_identify(g1/edge_runtime/gateway) by extensions ['ros']
[0.771s] Level 1:colcon.colcon_core.package_identification:_identify(g1/edge_runtime/gateway) by extension 'ros'
[0.771s] Level 1:colcon.colcon_core.package_identification:_identify(g1/edge_runtime/gateway) by extensions ['cmake', 'python']
[0.772s] Level 1:colcon.colcon_core.package_identification:_identify(g1/edge_runtime/gateway) by extension 'cmake'
[0.772s] Level 1:colcon.colcon_core.package_identification:_identify(g1/edge_runtime/gateway) by extension 'python'
[0.772s] Level 1:colcon.colcon_core.package_identification:_identify(g1/edge_runtime/gateway) by extensions ['python_setup_py']
[0.772s] Level 1:colcon.colcon_core.package_identification:_identify(g1/edge_runtime/gateway) by extension 'python_setup_py'
[0.772s] Level 1:colcon.colcon_core.package_identification:_identify(g1/edge_runtime/skills) by extensions ['ignore', 'ignore_ament_install']
[0.772s] Level 1:colcon.colcon_core.package_identification:_identify(g1/edge_runtime/skills) by extension 'ignore'
[0.772s] Level 1:colcon.colcon_core.package_identification:_identify(g1/edge_runtime/skills) by extension 'ignore_ament_install'
[0.772s] Level 1:colcon.colcon_core.package_identification:_identify(g1/edge_runtime/skills) by extensions ['colcon_pkg']
[0.772s] Level 1:colcon.colcon_core.package_identification:_identify(g1/edge_runtime/skills) by extension 'colcon_pkg'
[0.772s] Level 1:colcon.colcon_core.package_identification:_identify(g1/edge_runtime/skills) by extensions ['colcon_meta']
[0.772s] Level 1:colcon.colcon_core.package_identification:_identify(g1/edge_runtime/skills) by extension 'colcon_meta'
[0.772s] Level 1:colcon.colcon_core.package_identification:_identify(g1/edge_runtime/skills) by extensions ['ros']
[0.772s] Level 1:colcon.colcon_core.package_identification:_identify(g1/edge_runtime/skills) by extension 'ros'
[0.773s] Level 1:colcon.colcon_core.package_identification:_identify(g1/edge_runtime/skills) by extensions ['cmake', 'python']
[0.773s] Level 1:colcon.colcon_core.package_identification:_identify(g1/edge_runtime/skills) by extension 'cmake'
[0.773s] Level 1:colcon.colcon_core.package_identification:_identify(g1/edge_runtime/skills) by extension 'python'
[0.773s] Level 1:colcon.colcon_core.package_identification:_identify(g1/edge_runtime/skills) by extensions ['python_setup_py']
[0.773s] Level 1:colcon.colcon_core.package_identification:_identify(g1/edge_runtime/skills) by extension 'python_setup_py'
[0.773s] Level 1:colcon.colcon_core.package_identification:_identify(g1/edge_runtime/telemetry) by extensions ['ignore', 'ignore_ament_install']
[0.773s] Level 1:colcon.colcon_core.package_identification:_identify(g1/edge_runtime/telemetry) by extension 'ignore'
[0.773s] Level 1:colcon.colcon_core.package_identification:_identify(g1/edge_runtime/telemetry) by extension 'ignore_ament_install'
[0.774s] Level 1:colcon.colcon_core.package_identification:_identify(g1/edge_runtime/telemetry) by extensions ['colcon_pkg']
[0.774s] Level 1:colcon.colcon_core.package_identification:_identify(g1/edge_runtime/telemetry) by extension 'colcon_pkg'
[0.774s] Level 1:colcon.colcon_core.package_identification:_identify(g1/edge_runtime/telemetry) by extensions ['colcon_meta']
[0.774s] Level 1:colcon.colcon_core.package_identification:_identify(g1/edge_runtime/telemetry) by extension 'colcon_meta'
[0.774s] Level 1:colcon.colcon_core.package_identification:_identify(g1/edge_runtime/telemetry) by extensions ['ros']
[0.774s] Level 1:colcon.colcon_core.package_identification:_identify(g1/edge_runtime/telemetry) by extension 'ros'
[0.774s] Level 1:colcon.colcon_core.package_identification:_identify(g1/edge_runtime/telemetry) by extensions ['cmake', 'python']
[0.774s] Level 1:colcon.colcon_core.package_identification:_identify(g1/edge_runtime/telemetry) by extension 'cmake'
[0.774s] Level 1:colcon.colcon_core.package_identification:_identify(g1/edge_runtime/telemetry) by extension 'python'
[0.774s] Level 1:colcon.colcon_core.package_identification:_identify(g1/edge_runtime/telemetry) by extensions ['python_setup_py']
[0.774s] Level 1:colcon.colcon_core.package_identification:_identify(g1/edge_runtime/telemetry) by extension 'python_setup_py'
[0.774s] Level 1:colcon.colcon_core.package_identification:_identify(g1/modules) by extensions ['ignore', 'ignore_ament_install']
[0.775s] Level 1:colcon.colcon_core.package_identification:_identify(g1/modules) by extension 'ignore'
[0.775s] Level 1:colcon.colcon_core.package_identification:_identify(g1/modules) by extension 'ignore_ament_install'
[0.775s] Level 1:colcon.colcon_core.package_identification:_identify(g1/modules) by extensions ['colcon_pkg']
[0.775s] Level 1:colcon.colcon_core.package_identification:_identify(g1/modules) by extension 'colcon_pkg'
[0.775s] Level 1:colcon.colcon_core.package_identification:_identify(g1/modules) by extensions ['colcon_meta']
[0.775s] Level 1:colcon.colcon_core.package_identification:_identify(g1/modules) by extension 'colcon_meta'
[0.775s] Level 1:colcon.colcon_core.package_identification:_identify(g1/modules) by extensions ['ros']
[0.775s] Level 1:colcon.colcon_core.package_identification:_identify(g1/modules) by extension 'ros'
[0.775s] Level 1:colcon.colcon_core.package_identification:_identify(g1/modules) by extensions ['cmake', 'python']
[0.775s] Level 1:colcon.colcon_core.package_identification:_identify(g1/modules) by extension 'cmake'
[0.775s] Level 1:colcon.colcon_core.package_identification:_identify(g1/modules) by extension 'python'
[0.775s] Level 1:colcon.colcon_core.package_identification:_identify(g1/modules) by extensions ['python_setup_py']
[0.775s] Level 1:colcon.colcon_core.package_identification:_identify(g1/modules) by extension 'python_setup_py'
[0.776s] Level 1:colcon.colcon_core.package_identification:_identify(g1/scripts) by extensions ['ignore', 'ignore_ament_install']
[0.776s] Level 1:colcon.colcon_core.package_identification:_identify(g1/scripts) by extension 'ignore'
[0.776s] Level 1:colcon.colcon_core.package_identification:_identify(g1/scripts) by extension 'ignore_ament_install'
[0.776s] Level 1:colcon.colcon_core.package_identification:_identify(g1/scripts) by extensions ['colcon_pkg']
[0.776s] Level 1:colcon.colcon_core.package_identification:_identify(g1/scripts) by extension 'colcon_pkg'
[0.776s] Level 1:colcon.colcon_core.package_identification:_identify(g1/scripts) by extensions ['colcon_meta']
[0.776s] Level 1:colcon.colcon_core.package_identification:_identify(g1/scripts) by extension 'colcon_meta'
[0.776s] Level 1:colcon.colcon_core.package_identification:_identify(g1/scripts) by extensions ['ros']
[0.776s] Level 1:colcon.colcon_core.package_identification:_identify(g1/scripts) by extension 'ros'
[0.776s] Level 1:colcon.colcon_core.package_identification:_identify(g1/scripts) by extensions ['cmake', 'python']
[0.776s] Level 1:colcon.colcon_core.package_identification:_identify(g1/scripts) by extension 'cmake'
[0.776s] Level 1:colcon.colcon_core.package_identification:_identify(g1/scripts) by extension 'python'
[0.776s] Level 1:colcon.colcon_core.package_identification:_identify(g1/scripts) by extensions ['python_setup_py']
[0.776s] Level 1:colcon.colcon_core.package_identification:_identify(g1/scripts) by extension 'python_setup_py'
[0.777s] Level 1:colcon.colcon_core.package_identification:_identify(g1/scripts/arm_motion) by extensions ['ignore', 'ignore_ament_install']
[0.777s] Level 1:colcon.colcon_core.package_identification:_identify(g1/scripts/arm_motion) by extension 'ignore'
[0.777s] Level 1:colcon.colcon_core.package_identification:_identify(g1/scripts/arm_motion) by extension 'ignore_ament_install'
[0.777s] Level 1:colcon.colcon_core.package_identification:_identify(g1/scripts/arm_motion) by extensions ['colcon_pkg']
[0.777s] Level 1:colcon.colcon_core.package_identification:_identify(g1/scripts/arm_motion) by extension 'colcon_pkg'
[0.777s] Level 1:colcon.colcon_core.package_identification:_identify(g1/scripts/arm_motion) by extensions ['colcon_meta']
[0.777s] Level 1:colcon.colcon_core.package_identification:_identify(g1/scripts/arm_motion) by extension 'colcon_meta'
[0.777s] Level 1:colcon.colcon_core.package_identification:_identify(g1/scripts/arm_motion) by extensions ['ros']
[0.777s] Level 1:colcon.colcon_core.package_identification:_identify(g1/scripts/arm_motion) by extension 'ros'
[0.777s] Level 1:colcon.colcon_core.package_identification:_identify(g1/scripts/arm_motion) by extensions ['cmake', 'python']
[0.777s] Level 1:colcon.colcon_core.package_identification:_identify(g1/scripts/arm_motion) by extension 'cmake'
[0.777s] Level 1:colcon.colcon_core.package_identification:_identify(g1/scripts/arm_motion) by extension 'python'
[0.777s] Level 1:colcon.colcon_core.package_identification:_identify(g1/scripts/arm_motion) by extensions ['python_setup_py']
[0.777s] Level 1:colcon.colcon_core.package_identification:_identify(g1/scripts/arm_motion) by extension 'python_setup_py'
[0.778s] Level 1:colcon.colcon_core.package_identification:_identify(g1/scripts/arm_motion/pbd) by extensions ['ignore', 'ignore_ament_install']
[0.778s] Level 1:colcon.colcon_core.package_identification:_identify(g1/scripts/arm_motion/pbd) by extension 'ignore'
[0.778s] Level 1:colcon.colcon_core.package_identification:_identify(g1/scripts/arm_motion/pbd) by extension 'ignore_ament_install'
[0.778s] Level 1:colcon.colcon_core.package_identification:_identify(g1/scripts/arm_motion/pbd) by extensions ['colcon_pkg']
[0.778s] Level 1:colcon.colcon_core.package_identification:_identify(g1/scripts/arm_motion/pbd) by extension 'colcon_pkg'
[0.778s] Level 1:colcon.colcon_core.package_identification:_identify(g1/scripts/arm_motion/pbd) by extensions ['colcon_meta']
[0.778s] Level 1:colcon.colcon_core.package_identification:_identify(g1/scripts/arm_motion/pbd) by extension 'colcon_meta'
[0.778s] Level 1:colcon.colcon_core.package_identification:_identify(g1/scripts/arm_motion/pbd) by extensions ['ros']
[0.778s] Level 1:colcon.colcon_core.package_identification:_identify(g1/scripts/arm_motion/pbd) by extension 'ros'
[0.778s] Level 1:colcon.colcon_core.package_identification:_identify(g1/scripts/arm_motion/pbd) by extensions ['cmake', 'python']
[0.778s] Level 1:colcon.colcon_core.package_identification:_identify(g1/scripts/arm_motion/pbd) by extension 'cmake'
[0.778s] Level 1:colcon.colcon_core.package_identification:_identify(g1/scripts/arm_motion/pbd) by extension 'python'
[0.778s] Level 1:colcon.colcon_core.package_identification:_identify(g1/scripts/arm_motion/pbd) by extensions ['python_setup_py']
[0.778s] Level 1:colcon.colcon_core.package_identification:_identify(g1/scripts/arm_motion/pbd) by extension 'python_setup_py'
[0.779s] Level 1:colcon.colcon_core.package_identification:_identify(g1/scripts/arm_motion/pbd/motion_databse) by extensions ['ignore', 'ignore_ament_install']
[0.779s] Level 1:colcon.colcon_core.package_identification:_identify(g1/scripts/arm_motion/pbd/motion_databse) by extension 'ignore'
[0.779s] Level 1:colcon.colcon_core.package_identification:_identify(g1/scripts/arm_motion/pbd/motion_databse) by extension 'ignore_ament_install'
[0.779s] Level 1:colcon.colcon_core.package_identification:_identify(g1/scripts/arm_motion/pbd/motion_databse) by extensions ['colcon_pkg']
[0.779s] Level 1:colcon.colcon_core.package_identification:_identify(g1/scripts/arm_motion/pbd/motion_databse) by extension 'colcon_pkg'
[0.779s] Level 1:colcon.colcon_core.package_identification:_identify(g1/scripts/arm_motion/pbd/motion_databse) by extensions ['colcon_meta']
[0.779s] Level 1:colcon.colcon_core.package_identification:_identify(g1/scripts/arm_motion/pbd/motion_databse) by extension 'colcon_meta'
[0.779s] Level 1:colcon.colcon_core.package_identification:_identify(g1/scripts/arm_motion/pbd/motion_databse) by extensions ['ros']
[0.779s] Level 1:colcon.colcon_core.package_identification:_identify(g1/scripts/arm_motion/pbd/motion_databse) by extension 'ros'
[0.779s] Level 1:colcon.colcon_core.package_identification:_identify(g1/scripts/arm_motion/pbd/motion_databse) by extensions ['cmake', 'python']
[0.779s] Level 1:colcon.colcon_core.package_identification:_identify(g1/scripts/arm_motion/pbd/motion_databse) by extension 'cmake'
[0.779s] Level 1:colcon.colcon_core.package_identification:_identify(g1/scripts/arm_motion/pbd/motion_databse) by extension 'python'
[0.779s] Level 1:colcon.colcon_core.package_identification:_identify(g1/scripts/arm_motion/pbd/motion_databse) by extensions ['python_setup_py']
[0.779s] Level 1:colcon.colcon_core.package_identification:_identify(g1/scripts/arm_motion/pbd/motion_databse) by extension 'python_setup_py'
[0.780s] Level 1:colcon.colcon_core.package_identification:_identify(g1/scripts/arm_motion/pbd/safety) by extensions ['ignore', 'ignore_ament_install']
[0.780s] Level 1:colcon.colcon_core.package_identification:_identify(g1/scripts/arm_motion/pbd/safety) by extension 'ignore'
[0.780s] Level 1:colcon.colcon_core.package_identification:_identify(g1/scripts/arm_motion/pbd/safety) by extension 'ignore_ament_install'
[0.780s] Level 1:colcon.colcon_core.package_identification:_identify(g1/scripts/arm_motion/pbd/safety) by extensions ['colcon_pkg']
[0.780s] Level 1:colcon.colcon_core.package_identification:_identify(g1/scripts/arm_motion/pbd/safety) by extension 'colcon_pkg'
[0.780s] Level 1:colcon.colcon_core.package_identification:_identify(g1/scripts/arm_motion/pbd/safety) by extensions ['colcon_meta']
[0.780s] Level 1:colcon.colcon_core.package_identification:_identify(g1/scripts/arm_motion/pbd/safety) by extension 'colcon_meta'
[0.780s] Level 1:colcon.colcon_core.package_identification:_identify(g1/scripts/arm_motion/pbd/safety) by extensions ['ros']
[0.780s] Level 1:colcon.colcon_core.package_identification:_identify(g1/scripts/arm_motion/pbd/safety) by extension 'ros'
[0.780s] Level 1:colcon.colcon_core.package_identification:_identify(g1/scripts/arm_motion/pbd/safety) by extensions ['cmake', 'python']
[0.780s] Level 1:colcon.colcon_core.package_identification:_identify(g1/scripts/arm_motion/pbd/safety) by extension 'cmake'
[0.780s] Level 1:colcon.colcon_core.package_identification:_identify(g1/scripts/arm_motion/pbd/safety) by extension 'python'
[0.781s] Level 1:colcon.colcon_core.package_identification:_identify(g1/scripts/arm_motion/pbd/safety) by extensions ['python_setup_py']
[0.781s] Level 1:colcon.colcon_core.package_identification:_identify(g1/scripts/arm_motion/pbd/safety) by extension 'python_setup_py'
[0.781s] Level 1:colcon.colcon_core.package_identification:_identify(g1/scripts/arm_motion/safety) by extensions ['ignore', 'ignore_ament_install']
[0.781s] Level 1:colcon.colcon_core.package_identification:_identify(g1/scripts/arm_motion/safety) by extension 'ignore'
[0.781s] Level 1:colcon.colcon_core.package_identification:_identify(g1/scripts/arm_motion/safety) by extension 'ignore_ament_install'
[0.781s] Level 1:colcon.colcon_core.package_identification:_identify(g1/scripts/arm_motion/safety) by extensions ['colcon_pkg']
[0.781s] Level 1:colcon.colcon_core.package_identification:_identify(g1/scripts/arm_motion/safety) by extension 'colcon_pkg'
[0.781s] Level 1:colcon.colcon_core.package_identification:_identify(g1/scripts/arm_motion/safety) by extensions ['colcon_meta']
[0.781s] Level 1:colcon.colcon_core.package_identification:_identify(g1/scripts/arm_motion/safety) by extension 'colcon_meta'
[0.782s] Level 1:colcon.colcon_core.package_identification:_identify(g1/scripts/arm_motion/safety) by extensions ['ros']
[0.782s] Level 1:colcon.colcon_core.package_identification:_identify(g1/scripts/arm_motion/safety) by extension 'ros'
[0.782s] Level 1:colcon.colcon_core.package_identification:_identify(g1/scripts/arm_motion/safety) by extensions ['cmake', 'python']
[0.782s] Level 1:colcon.colcon_core.package_identification:_identify(g1/scripts/arm_motion/safety) by extension 'cmake'
[0.782s] Level 1:colcon.colcon_core.package_identification:_identify(g1/scripts/arm_motion/safety) by extension 'python'
[0.782s] Level 1:colcon.colcon_core.package_identification:_identify(g1/scripts/arm_motion/safety) by extensions ['python_setup_py']
[0.782s] Level 1:colcon.colcon_core.package_identification:_identify(g1/scripts/arm_motion/safety) by extension 'python_setup_py'
[0.782s] Level 1:colcon.colcon_core.package_identification:_identify(g1/scripts/basic) by extensions ['ignore', 'ignore_ament_install']
[0.782s] Level 1:colcon.colcon_core.package_identification:_identify(g1/scripts/basic) by extension 'ignore'
[0.782s] Level 1:colcon.colcon_core.package_identification:_identify(g1/scripts/basic) by extension 'ignore_ament_install'
[0.782s] Level 1:colcon.colcon_core.package_identification:_identify(g1/scripts/basic) by extensions ['colcon_pkg']
[0.782s] Level 1:colcon.colcon_core.package_identification:_identify(g1/scripts/basic) by extension 'colcon_pkg'
[0.783s] Level 1:colcon.colcon_core.package_identification:_identify(g1/scripts/basic) by extensions ['colcon_meta']
[0.783s] Level 1:colcon.colcon_core.package_identification:_identify(g1/scripts/basic) by extension 'colcon_meta'
[0.783s] Level 1:colcon.colcon_core.package_identification:_identify(g1/scripts/basic) by extensions ['ros']
[0.783s] Level 1:colcon.colcon_core.package_identification:_identify(g1/scripts/basic) by extension 'ros'
[0.783s] Level 1:colcon.colcon_core.package_identification:_identify(g1/scripts/basic) by extensions ['cmake', 'python']
[0.783s] Level 1:colcon.colcon_core.package_identification:_identify(g1/scripts/basic) by extension 'cmake'
[0.783s] Level 1:colcon.colcon_core.package_identification:_identify(g1/scripts/basic) by extension 'python'
[0.783s] Level 1:colcon.colcon_core.package_identification:_identify(g1/scripts/basic) by extensions ['python_setup_py']
[0.783s] Level 1:colcon.colcon_core.package_identification:_identify(g1/scripts/basic) by extension 'python_setup_py'
[0.783s] Level 1:colcon.colcon_core.package_identification:_identify(g1/scripts/basic/audio) by extensions ['ignore', 'ignore_ament_install']
[0.783s] Level 1:colcon.colcon_core.package_identification:_identify(g1/scripts/basic/audio) by extension 'ignore'
[0.783s] Level 1:colcon.colcon_core.package_identification:_identify(g1/scripts/basic/audio) by extension 'ignore_ament_install'
[0.783s] Level 1:colcon.colcon_core.package_identification:_identify(g1/scripts/basic/audio) by extensions ['colcon_pkg']
[0.784s] Level 1:colcon.colcon_core.package_identification:_identify(g1/scripts/basic/audio) by extension 'colcon_pkg'
[0.784s] Level 1:colcon.colcon_core.package_identification:_identify(g1/scripts/basic/audio) by extensions ['colcon_meta']
[0.784s] Level 1:colcon.colcon_core.package_identification:_identify(g1/scripts/basic/audio) by extension 'colcon_meta'
[0.784s] Level 1:colcon.colcon_core.package_identification:_identify(g1/scripts/basic/audio) by extensions ['ros']
[0.784s] Level 1:colcon.colcon_core.package_identification:_identify(g1/scripts/basic/audio) by extension 'ros'
[0.784s] Level 1:colcon.colcon_core.package_identification:_identify(g1/scripts/basic/audio) by extensions ['cmake', 'python']
[0.784s] Level 1:colcon.colcon_core.package_identification:_identify(g1/scripts/basic/audio) by extension 'cmake'
[0.784s] Level 1:colcon.colcon_core.package_identification:_identify(g1/scripts/basic/audio) by extension 'python'
[0.784s] Level 1:colcon.colcon_core.package_identification:_identify(g1/scripts/basic/audio) by extensions ['python_setup_py']
[0.784s] Level 1:colcon.colcon_core.package_identification:_identify(g1/scripts/basic/audio) by extension 'python_setup_py'
[0.784s] Level 1:colcon.colcon_core.package_identification:_identify(g1/scripts/basic/headlight_client) by extensions ['ignore', 'ignore_ament_install']
[0.784s] Level 1:colcon.colcon_core.package_identification:_identify(g1/scripts/basic/headlight_client) by extension 'ignore'
[0.784s] Level 1:colcon.colcon_core.package_identification:_identify(g1/scripts/basic/headlight_client) by extension 'ignore_ament_install'
[0.784s] Level 1:colcon.colcon_core.package_identification:_identify(g1/scripts/basic/headlight_client) by extensions ['colcon_pkg']
[0.784s] Level 1:colcon.colcon_core.package_identification:_identify(g1/scripts/basic/headlight_client) by extension 'colcon_pkg'
[0.785s] Level 1:colcon.colcon_core.package_identification:_identify(g1/scripts/basic/headlight_client) by extensions ['colcon_meta']
[0.785s] Level 1:colcon.colcon_core.package_identification:_identify(g1/scripts/basic/headlight_client) by extension 'colcon_meta'
[0.785s] Level 1:colcon.colcon_core.package_identification:_identify(g1/scripts/basic/headlight_client) by extensions ['ros']
[0.785s] Level 1:colcon.colcon_core.package_identification:_identify(g1/scripts/basic/headlight_client) by extension 'ros'
[0.785s] Level 1:colcon.colcon_core.package_identification:_identify(g1/scripts/basic/headlight_client) by extensions ['cmake', 'python']
[0.785s] Level 1:colcon.colcon_core.package_identification:_identify(g1/scripts/basic/headlight_client) by extension 'cmake'
[0.785s] Level 1:colcon.colcon_core.package_identification:_identify(g1/scripts/basic/headlight_client) by extension 'python'
[0.785s] Level 1:colcon.colcon_core.package_identification:_identify(g1/scripts/basic/headlight_client) by extensions ['python_setup_py']
[0.785s] Level 1:colcon.colcon_core.package_identification:_identify(g1/scripts/basic/headlight_client) by extension 'python_setup_py'
[0.785s] Level 1:colcon.colcon_core.package_identification:_identify(g1/scripts/basic/safety) by extensions ['ignore', 'ignore_ament_install']
[0.786s] Level 1:colcon.colcon_core.package_identification:_identify(g1/scripts/basic/safety) by extension 'ignore'
[0.786s] Level 1:colcon.colcon_core.package_identification:_identify(g1/scripts/basic/safety) by extension 'ignore_ament_install'
[0.786s] Level 1:colcon.colcon_core.package_identification:_identify(g1/scripts/basic/safety) by extensions ['colcon_pkg']
[0.786s] Level 1:colcon.colcon_core.package_identification:_identify(g1/scripts/basic/safety) by extension 'colcon_pkg'
[0.786s] Level 1:colcon.colcon_core.package_identification:_identify(g1/scripts/basic/safety) by extensions ['colcon_meta']
[0.786s] Level 1:colcon.colcon_core.package_identification:_identify(g1/scripts/basic/safety) by extension 'colcon_meta'
[0.786s] Level 1:colcon.colcon_core.package_identification:_identify(g1/scripts/basic/safety) by extensions ['ros']
[0.786s] Level 1:colcon.colcon_core.package_identification:_identify(g1/scripts/basic/safety) by extension 'ros'
[0.786s] Level 1:colcon.colcon_core.package_identification:_identify(g1/scripts/basic/safety) by extensions ['cmake', 'python']
[0.786s] Level 1:colcon.colcon_core.package_identification:_identify(g1/scripts/basic/safety) by extension 'cmake'
[0.786s] Level 1:colcon.colcon_core.package_identification:_identify(g1/scripts/basic/safety) by extension 'python'
[0.786s] Level 1:colcon.colcon_core.package_identification:_identify(g1/scripts/basic/safety) by extensions ['python_setup_py']
[0.786s] Level 1:colcon.colcon_core.package_identification:_identify(g1/scripts/basic/safety) by extension 'python_setup_py'
[0.786s] Level 1:colcon.colcon_core.package_identification:_identify(g1/scripts/dev) by extensions ['ignore', 'ignore_ament_install']
[0.787s] Level 1:colcon.colcon_core.package_identification:_identify(g1/scripts/dev) by extension 'ignore'
[0.787s] Level 1:colcon.colcon_core.package_identification:_identify(g1/scripts/dev) by extension 'ignore_ament_install'
[0.787s] Level 1:colcon.colcon_core.package_identification:_identify(g1/scripts/dev) by extensions ['colcon_pkg']
[0.787s] Level 1:colcon.colcon_core.package_identification:_identify(g1/scripts/dev) by extension 'colcon_pkg'
[0.787s] Level 1:colcon.colcon_core.package_identification:_identify(g1/scripts/dev) by extensions ['colcon_meta']
[0.787s] Level 1:colcon.colcon_core.package_identification:_identify(g1/scripts/dev) by extension 'colcon_meta'
[0.787s] Level 1:colcon.colcon_core.package_identification:_identify(g1/scripts/dev) by extensions ['ros']
[0.787s] Level 1:colcon.colcon_core.package_identification:_identify(g1/scripts/dev) by extension 'ros'
[0.787s] Level 1:colcon.colcon_core.package_identification:_identify(g1/scripts/dev) by extensions ['cmake', 'python']
[0.787s] Level 1:colcon.colcon_core.package_identification:_identify(g1/scripts/dev) by extension 'cmake'
[0.787s] Level 1:colcon.colcon_core.package_identification:_identify(g1/scripts/dev) by extension 'python'
[0.787s] Level 1:colcon.colcon_core.package_identification:_identify(g1/scripts/dev) by extensions ['python_setup_py']
[0.787s] Level 1:colcon.colcon_core.package_identification:_identify(g1/scripts/dev) by extension 'python_setup_py'
[0.787s] Level 1:colcon.colcon_core.package_identification:_identify(g1/scripts/dev/VLA) by extensions ['ignore', 'ignore_ament_install']
[0.788s] Level 1:colcon.colcon_core.package_identification:_identify(g1/scripts/dev/VLA) by extension 'ignore'
[0.788s] Level 1:colcon.colcon_core.package_identification:_identify(g1/scripts/dev/VLA) by extension 'ignore_ament_install'
[0.788s] Level 1:colcon.colcon_core.package_identification:_identify(g1/scripts/dev/VLA) by extensions ['colcon_pkg']
[0.788s] Level 1:colcon.colcon_core.package_identification:_identify(g1/scripts/dev/VLA) by extension 'colcon_pkg'
[0.788s] Level 1:colcon.colcon_core.package_identification:_identify(g1/scripts/dev/VLA) by extensions ['colcon_meta']
[0.788s] Level 1:colcon.colcon_core.package_identification:_identify(g1/scripts/dev/VLA) by extension 'colcon_meta'
[0.788s] Level 1:colcon.colcon_core.package_identification:_identify(g1/scripts/dev/VLA) by extensions ['ros']
[0.788s] Level 1:colcon.colcon_core.package_identification:_identify(g1/scripts/dev/VLA) by extension 'ros'
[0.788s] Level 1:colcon.colcon_core.package_identification:_identify(g1/scripts/dev/VLA) by extensions ['cmake', 'python']
[0.788s] Level 1:colcon.colcon_core.package_identification:_identify(g1/scripts/dev/VLA) by extension 'cmake'
[0.788s] Level 1:colcon.colcon_core.package_identification:_identify(g1/scripts/dev/VLA) by extension 'python'
[0.788s] Level 1:colcon.colcon_core.package_identification:_identify(g1/scripts/dev/VLA) by extensions ['python_setup_py']
[0.788s] Level 1:colcon.colcon_core.package_identification:_identify(g1/scripts/dev/VLA) by extension 'python_setup_py'
[0.788s] Level 1:colcon.colcon_core.package_identification:_identify(g1/scripts/dev/VLA/stack2) by extensions ['ignore', 'ignore_ament_install']
[0.789s] Level 1:colcon.colcon_core.package_identification:_identify(g1/scripts/dev/VLA/stack2) by extension 'ignore'
[0.789s] Level 1:colcon.colcon_core.package_identification:_identify(g1/scripts/dev/VLA/stack2) by extension 'ignore_ament_install'
[0.789s] Level 1:colcon.colcon_core.package_identification:_identify(g1/scripts/dev/VLA/stack2) by extensions ['colcon_pkg']
[0.789s] Level 1:colcon.colcon_core.package_identification:_identify(g1/scripts/dev/VLA/stack2) by extension 'colcon_pkg'
[0.789s] Level 1:colcon.colcon_core.package_identification:_identify(g1/scripts/dev/VLA/stack2) by extensions ['colcon_meta']
[0.789s] Level 1:colcon.colcon_core.package_identification:_identify(g1/scripts/dev/VLA/stack2) by extension 'colcon_meta'
[0.789s] Level 1:colcon.colcon_core.package_identification:_identify(g1/scripts/dev/VLA/stack2) by extensions ['ros']
[0.789s] Level 1:colcon.colcon_core.package_identification:_identify(g1/scripts/dev/VLA/stack2) by extension 'ros'
[0.789s] Level 1:colcon.colcon_core.package_identification:_identify(g1/scripts/dev/VLA/stack2) by extensions ['cmake', 'python']
[0.789s] Level 1:colcon.colcon_core.package_identification:_identify(g1/scripts/dev/VLA/stack2) by extension 'cmake'
[0.789s] Level 1:colcon.colcon_core.package_identification:_identify(g1/scripts/dev/VLA/stack2) by extension 'python'
[0.789s] Level 1:colcon.colcon_core.package_identification:_identify(g1/scripts/dev/VLA/stack2) by extensions ['python_setup_py']
[0.789s] Level 1:colcon.colcon_core.package_identification:_identify(g1/scripts/dev/VLA/stack2) by extension 'python_setup_py'
[0.789s] Level 1:colcon.colcon_core.package_identification:_identify(g1/scripts/dev/VLA/stack_1) by extensions ['ignore', 'ignore_ament_install']
[0.790s] Level 1:colcon.colcon_core.package_identification:_identify(g1/scripts/dev/VLA/stack_1) by extension 'ignore'
[0.790s] Level 1:colcon.colcon_core.package_identification:_identify(g1/scripts/dev/VLA/stack_1) by extension 'ignore_ament_install'
[0.790s] Level 1:colcon.colcon_core.package_identification:_identify(g1/scripts/dev/VLA/stack_1) by extensions ['colcon_pkg']
[0.790s] Level 1:colcon.colcon_core.package_identification:_identify(g1/scripts/dev/VLA/stack_1) by extension 'colcon_pkg'
[0.790s] Level 1:colcon.colcon_core.package_identification:_identify(g1/scripts/dev/VLA/stack_1) by extensions ['colcon_meta']
[0.790s] Level 1:colcon.colcon_core.package_identification:_identify(g1/scripts/dev/VLA/stack_1) by extension 'colcon_meta'
[0.790s] Level 1:colcon.colcon_core.package_identification:_identify(g1/scripts/dev/VLA/stack_1) by extensions ['ros']
[0.790s] Level 1:colcon.colcon_core.package_identification:_identify(g1/scripts/dev/VLA/stack_1) by extension 'ros'
[0.790s] Level 1:colcon.colcon_core.package_identification:_identify(g1/scripts/dev/VLA/stack_1) by extensions ['cmake', 'python']
[0.790s] Level 1:colcon.colcon_core.package_identification:_identify(g1/scripts/dev/VLA/stack_1) by extension 'cmake'
[0.790s] Level 1:colcon.colcon_core.package_identification:_identify(g1/scripts/dev/VLA/stack_1) by extension 'python'
[0.790s] Level 1:colcon.colcon_core.package_identification:_identify(g1/scripts/dev/VLA/stack_1) by extensions ['python_setup_py']
[0.790s] Level 1:colcon.colcon_core.package_identification:_identify(g1/scripts/dev/VLA/stack_1) by extension 'python_setup_py'
[0.791s] Level 1:colcon.colcon_core.package_identification:_identify(g1/scripts/dev/imitation) by extensions ['ignore', 'ignore_ament_install']
[0.791s] Level 1:colcon.colcon_core.package_identification:_identify(g1/scripts/dev/imitation) by extension 'ignore'
[0.791s] Level 1:colcon.colcon_core.package_identification:_identify(g1/scripts/dev/imitation) by extension 'ignore_ament_install'
[0.791s] Level 1:colcon.colcon_core.package_identification:_identify(g1/scripts/dev/imitation) by extensions ['colcon_pkg']
[0.791s] Level 1:colcon.colcon_core.package_identification:_identify(g1/scripts/dev/imitation) by extension 'colcon_pkg'
[0.791s] Level 1:colcon.colcon_core.package_identification:_identify(g1/scripts/dev/imitation) by extensions ['colcon_meta']
[0.791s] Level 1:colcon.colcon_core.package_identification:_identify(g1/scripts/dev/imitation) by extension 'colcon_meta'
[0.791s] Level 1:colcon.colcon_core.package_identification:_identify(g1/scripts/dev/imitation) by extensions ['ros']
[0.791s] Level 1:colcon.colcon_core.package_identification:_identify(g1/scripts/dev/imitation) by extension 'ros'
[0.791s] Level 1:colcon.colcon_core.package_identification:_identify(g1/scripts/dev/imitation) by extensions ['cmake', 'python']
[0.791s] Level 1:colcon.colcon_core.package_identification:_identify(g1/scripts/dev/imitation) by extension 'cmake'
[0.791s] Level 1:colcon.colcon_core.package_identification:_identify(g1/scripts/dev/imitation) by extension 'python'
[0.791s] Level 1:colcon.colcon_core.package_identification:_identify(g1/scripts/dev/imitation) by extensions ['python_setup_py']
[0.791s] Level 1:colcon.colcon_core.package_identification:_identify(g1/scripts/dev/imitation) by extension 'python_setup_py'
[0.792s] Level 1:colcon.colcon_core.package_identification:_identify(g1/scripts/dev/imitation/stack_1) by extensions ['ignore', 'ignore_ament_install']
[0.792s] Level 1:colcon.colcon_core.package_identification:_identify(g1/scripts/dev/imitation/stack_1) by extension 'ignore'
[0.792s] Level 1:colcon.colcon_core.package_identification:_identify(g1/scripts/dev/imitation/stack_1) by extension 'ignore_ament_install'
[0.792s] Level 1:colcon.colcon_core.package_identification:_identify(g1/scripts/dev/imitation/stack_1) by extensions ['colcon_pkg']
[0.792s] Level 1:colcon.colcon_core.package_identification:_identify(g1/scripts/dev/imitation/stack_1) by extension 'colcon_pkg'
[0.792s] Level 1:colcon.colcon_core.package_identification:_identify(g1/scripts/dev/imitation/stack_1) by extensions ['colcon_meta']
[0.792s] Level 1:colcon.colcon_core.package_identification:_identify(g1/scripts/dev/imitation/stack_1) by extension 'colcon_meta'
[0.792s] Level 1:colcon.colcon_core.package_identification:_identify(g1/scripts/dev/imitation/stack_1) by extensions ['ros']
[0.792s] Level 1:colcon.colcon_core.package_identification:_identify(g1/scripts/dev/imitation/stack_1) by extension 'ros'
[0.792s] Level 1:colcon.colcon_core.package_identification:_identify(g1/scripts/dev/imitation/stack_1) by extensions ['cmake', 'python']
[0.792s] Level 1:colcon.colcon_core.package_identification:_identify(g1/scripts/dev/imitation/stack_1) by extension 'cmake'
[0.792s] Level 1:colcon.colcon_core.package_identification:_identify(g1/scripts/dev/imitation/stack_1) by extension 'python'
[0.792s] Level 1:colcon.colcon_core.package_identification:_identify(g1/scripts/dev/imitation/stack_1) by extensions ['python_setup_py']
[0.792s] Level 1:colcon.colcon_core.package_identification:_identify(g1/scripts/dev/imitation/stack_1) by extension 'python_setup_py'
[0.793s] Level 1:colcon.colcon_core.package_identification:_identify(g1/scripts/ef_ws) by extensions ['ignore', 'ignore_ament_install']
[0.793s] Level 1:colcon.colcon_core.package_identification:_identify(g1/scripts/ef_ws) by extension 'ignore'
[0.793s] Level 1:colcon.colcon_core.package_identification:_identify(g1/scripts/ef_ws) by extension 'ignore_ament_install'
[0.793s] Level 1:colcon.colcon_core.package_identification:_identify(g1/scripts/ef_ws) by extensions ['colcon_pkg']
[0.793s] Level 1:colcon.colcon_core.package_identification:_identify(g1/scripts/ef_ws) by extension 'colcon_pkg'
[0.793s] Level 1:colcon.colcon_core.package_identification:_identify(g1/scripts/ef_ws) by extensions ['colcon_meta']
[0.793s] Level 1:colcon.colcon_core.package_identification:_identify(g1/scripts/ef_ws) by extension 'colcon_meta'
[0.793s] Level 1:colcon.colcon_core.package_identification:_identify(g1/scripts/ef_ws) by extensions ['ros']
[0.793s] Level 1:colcon.colcon_core.package_identification:_identify(g1/scripts/ef_ws) by extension 'ros'
[0.793s] Level 1:colcon.colcon_core.package_identification:_identify(g1/scripts/ef_ws) by extensions ['cmake', 'python']
[0.793s] Level 1:colcon.colcon_core.package_identification:_identify(g1/scripts/ef_ws) by extension 'cmake'
[0.793s] Level 1:colcon.colcon_core.package_identification:_identify(g1/scripts/ef_ws) by extension 'python'
[0.793s] Level 1:colcon.colcon_core.package_identification:_identify(g1/scripts/ef_ws) by extensions ['python_setup_py']
[0.793s] Level 1:colcon.colcon_core.package_identification:_identify(g1/scripts/ef_ws) by extension 'python_setup_py'
[0.794s] Level 1:colcon.colcon_core.package_identification:_identify(g1/scripts/navigation) by extensions ['ignore', 'ignore_ament_install']
[0.794s] Level 1:colcon.colcon_core.package_identification:_identify(g1/scripts/navigation) by extension 'ignore'
[0.794s] Level 1:colcon.colcon_core.package_identification:_identify(g1/scripts/navigation) by extension 'ignore_ament_install'
[0.794s] Level 1:colcon.colcon_core.package_identification:_identify(g1/scripts/navigation) by extensions ['colcon_pkg']
[0.794s] Level 1:colcon.colcon_core.package_identification:_identify(g1/scripts/navigation) by extension 'colcon_pkg'
[0.794s] Level 1:colcon.colcon_core.package_identification:_identify(g1/scripts/navigation) by extensions ['colcon_meta']
[0.794s] Level 1:colcon.colcon_core.package_identification:_identify(g1/scripts/navigation) by extension 'colcon_meta'
[0.794s] Level 1:colcon.colcon_core.package_identification:_identify(g1/scripts/navigation) by extensions ['ros']
[0.794s] Level 1:colcon.colcon_core.package_identification:_identify(g1/scripts/navigation) by extension 'ros'
[0.794s] Level 1:colcon.colcon_core.package_identification:_identify(g1/scripts/navigation) by extensions ['cmake', 'python']
[0.794s] Level 1:colcon.colcon_core.package_identification:_identify(g1/scripts/navigation) by extension 'cmake'
[0.794s] Level 1:colcon.colcon_core.package_identification:_identify(g1/scripts/navigation) by extension 'python'
[0.794s] Level 1:colcon.colcon_core.package_identification:_identify(g1/scripts/navigation) by extensions ['python_setup_py']
[0.794s] Level 1:colcon.colcon_core.package_identification:_identify(g1/scripts/navigation) by extension 'python_setup_py'
[0.795s] Level 1:colcon.colcon_core.package_identification:_identify(g1/scripts/navigation/obstacle_avoidance) by extensions ['ignore', 'ignore_ament_install']
[0.795s] Level 1:colcon.colcon_core.package_identification:_identify(g1/scripts/navigation/obstacle_avoidance) by extension 'ignore'
[0.795s] Level 1:colcon.colcon_core.package_identification:_identify(g1/scripts/navigation/obstacle_avoidance) by extension 'ignore_ament_install'
[0.795s] Level 1:colcon.colcon_core.package_identification:_identify(g1/scripts/navigation/obstacle_avoidance) by extensions ['colcon_pkg']
[0.795s] Level 1:colcon.colcon_core.package_identification:_identify(g1/scripts/navigation/obstacle_avoidance) by extension 'colcon_pkg'
[0.795s] Level 1:colcon.colcon_core.package_identification:_identify(g1/scripts/navigation/obstacle_avoidance) by extensions ['colcon_meta']
[0.795s] Level 1:colcon.colcon_core.package_identification:_identify(g1/scripts/navigation/obstacle_avoidance) by extension 'colcon_meta'
[0.795s] Level 1:colcon.colcon_core.package_identification:_identify(g1/scripts/navigation/obstacle_avoidance) by extensions ['ros']
[0.795s] Level 1:colcon.colcon_core.package_identification:_identify(g1/scripts/navigation/obstacle_avoidance) by extension 'ros'
[0.795s] Level 1:colcon.colcon_core.package_identification:_identify(g1/scripts/navigation/obstacle_avoidance) by extensions ['cmake', 'python']
[0.795s] Level 1:colcon.colcon_core.package_identification:_identify(g1/scripts/navigation/obstacle_avoidance) by extension 'cmake'
[0.796s] Level 1:colcon.colcon_core.package_identification:_identify(g1/scripts/navigation/obstacle_avoidance) by extension 'python'
[0.796s] Level 1:colcon.colcon_core.package_identification:_identify(g1/scripts/navigation/obstacle_avoidance) by extensions ['python_setup_py']
[0.796s] Level 1:colcon.colcon_core.package_identification:_identify(g1/scripts/navigation/obstacle_avoidance) by extension 'python_setup_py'
[0.796s] Level 1:colcon.colcon_core.package_identification:_identify(g1/scripts/navigation/obstacle_avoidance/maps) by extensions ['ignore', 'ignore_ament_install']
[0.796s] Level 1:colcon.colcon_core.package_identification:_identify(g1/scripts/navigation/obstacle_avoidance/maps) by extension 'ignore'
[0.796s] Level 1:colcon.colcon_core.package_identification:_identify(g1/scripts/navigation/obstacle_avoidance/maps) by extension 'ignore_ament_install'
[0.796s] Level 1:colcon.colcon_core.package_identification:_identify(g1/scripts/navigation/obstacle_avoidance/maps) by extensions ['colcon_pkg']
[0.796s] Level 1:colcon.colcon_core.package_identification:_identify(g1/scripts/navigation/obstacle_avoidance/maps) by extension 'colcon_pkg'
[0.796s] Level 1:colcon.colcon_core.package_identification:_identify(g1/scripts/navigation/obstacle_avoidance/maps) by extensions ['colcon_meta']
[0.796s] Level 1:colcon.colcon_core.package_identification:_identify(g1/scripts/navigation/obstacle_avoidance/maps) by extension 'colcon_meta'
[0.796s] Level 1:colcon.colcon_core.package_identification:_identify(g1/scripts/navigation/obstacle_avoidance/maps) by extensions ['ros']
[0.796s] Level 1:colcon.colcon_core.package_identification:_identify(g1/scripts/navigation/obstacle_avoidance/maps) by extension 'ros'
[0.796s] Level 1:colcon.colcon_core.package_identification:_identify(g1/scripts/navigation/obstacle_avoidance/maps) by extensions ['cmake', 'python']
[0.797s] Level 1:colcon.colcon_core.package_identification:_identify(g1/scripts/navigation/obstacle_avoidance/maps) by extension 'cmake'
[0.797s] Level 1:colcon.colcon_core.package_identification:_identify(g1/scripts/navigation/obstacle_avoidance/maps) by extension 'python'
[0.797s] Level 1:colcon.colcon_core.package_identification:_identify(g1/scripts/navigation/obstacle_avoidance/maps) by extensions ['python_setup_py']
[0.797s] Level 1:colcon.colcon_core.package_identification:_identify(g1/scripts/navigation/obstacle_avoidance/maps) by extension 'python_setup_py'
[0.797s] Level 1:colcon.colcon_core.package_identification:_identify(g1/scripts/navigation/obstacle_avoidance/safety) by extensions ['ignore', 'ignore_ament_install']
[0.797s] Level 1:colcon.colcon_core.package_identification:_identify(g1/scripts/navigation/obstacle_avoidance/safety) by extension 'ignore'
[0.797s] Level 1:colcon.colcon_core.package_identification:_identify(g1/scripts/navigation/obstacle_avoidance/safety) by extension 'ignore_ament_install'
[0.798s] Level 1:colcon.colcon_core.package_identification:_identify(g1/scripts/navigation/obstacle_avoidance/safety) by extensions ['colcon_pkg']
[0.798s] Level 1:colcon.colcon_core.package_identification:_identify(g1/scripts/navigation/obstacle_avoidance/safety) by extension 'colcon_pkg'
[0.798s] Level 1:colcon.colcon_core.package_identification:_identify(g1/scripts/navigation/obstacle_avoidance/safety) by extensions ['colcon_meta']
[0.798s] Level 1:colcon.colcon_core.package_identification:_identify(g1/scripts/navigation/obstacle_avoidance/safety) by extension 'colcon_meta'
[0.798s] Level 1:colcon.colcon_core.package_identification:_identify(g1/scripts/navigation/obstacle_avoidance/safety) by extensions ['ros']
[0.798s] Level 1:colcon.colcon_core.package_identification:_identify(g1/scripts/navigation/obstacle_avoidance/safety) by extension 'ros'
[0.798s] Level 1:colcon.colcon_core.package_identification:_identify(g1/scripts/navigation/obstacle_avoidance/safety) by extensions ['cmake', 'python']
[0.798s] Level 1:colcon.colcon_core.package_identification:_identify(g1/scripts/navigation/obstacle_avoidance/safety) by extension 'cmake'
[0.798s] Level 1:colcon.colcon_core.package_identification:_identify(g1/scripts/navigation/obstacle_avoidance/safety) by extension 'python'
[0.798s] Level 1:colcon.colcon_core.package_identification:_identify(g1/scripts/navigation/obstacle_avoidance/safety) by extensions ['python_setup_py']
[0.798s] Level 1:colcon.colcon_core.package_identification:_identify(g1/scripts/navigation/obstacle_avoidance/safety) by extension 'python_setup_py'
[0.798s] Level 1:colcon.colcon_core.package_identification:_identify(g1/scripts/navigation/obstacle_avoidance/slam_sdk_example) by extensions ['ignore', 'ignore_ament_install']
[0.798s] Level 1:colcon.colcon_core.package_identification:_identify(g1/scripts/navigation/obstacle_avoidance/slam_sdk_example) by extension 'ignore'
[0.799s] Level 1:colcon.colcon_core.package_identification:_identify(g1/scripts/navigation/obstacle_avoidance/slam_sdk_example) by extension 'ignore_ament_install'
[0.799s] Level 1:colcon.colcon_core.package_identification:_identify(g1/scripts/navigation/obstacle_avoidance/slam_sdk_example) by extensions ['colcon_pkg']
[0.799s] Level 1:colcon.colcon_core.package_identification:_identify(g1/scripts/navigation/obstacle_avoidance/slam_sdk_example) by extension 'colcon_pkg'
[0.799s] Level 1:colcon.colcon_core.package_identification:_identify(g1/scripts/navigation/obstacle_avoidance/slam_sdk_example) by extensions ['colcon_meta']
[0.799s] Level 1:colcon.colcon_core.package_identification:_identify(g1/scripts/navigation/obstacle_avoidance/slam_sdk_example) by extension 'colcon_meta'
[0.799s] Level 1:colcon.colcon_core.package_identification:_identify(g1/scripts/navigation/obstacle_avoidance/slam_sdk_example) by extensions ['ros']
[0.799s] Level 1:colcon.colcon_core.package_identification:_identify(g1/scripts/navigation/obstacle_avoidance/slam_sdk_example) by extension 'ros'
[0.799s] Level 1:colcon.colcon_core.package_identification:_identify(g1/scripts/navigation/obstacle_avoidance/slam_sdk_example) by extensions ['cmake', 'python']
[0.799s] Level 1:colcon.colcon_core.package_identification:_identify(g1/scripts/navigation/obstacle_avoidance/slam_sdk_example) by extension 'cmake'
[0.799s] Level 1:colcon.colcon_core.package_identification:_identify(g1/scripts/navigation/obstacle_avoidance/slam_sdk_example) by extension 'python'
[0.799s] Level 1:colcon.colcon_core.package_identification:_identify(g1/scripts/navigation/obstacle_avoidance/slam_sdk_example) by extensions ['python_setup_py']
[0.799s] Level 1:colcon.colcon_core.package_identification:_identify(g1/scripts/navigation/obstacle_avoidance/slam_sdk_example) by extension 'python_setup_py'
[0.799s] Level 1:colcon.colcon_core.package_identification:_identify(g1/scripts/navigation/obstacle_avoidance/slam_sdk_example/example) by extensions ['ignore', 'ignore_ament_install']
[0.800s] Level 1:colcon.colcon_core.package_identification:_identify(g1/scripts/navigation/obstacle_avoidance/slam_sdk_example/example) by extension 'ignore'
[0.800s] Level 1:colcon.colcon_core.package_identification:_identify(g1/scripts/navigation/obstacle_avoidance/slam_sdk_example/example) by extension 'ignore_ament_install'
[0.800s] Level 1:colcon.colcon_core.package_identification:_identify(g1/scripts/navigation/obstacle_avoidance/slam_sdk_example/example) by extensions ['colcon_pkg']
[0.800s] Level 1:colcon.colcon_core.package_identification:_identify(g1/scripts/navigation/obstacle_avoidance/slam_sdk_example/example) by extension 'colcon_pkg'
[0.800s] Level 1:colcon.colcon_core.package_identification:_identify(g1/scripts/navigation/obstacle_avoidance/slam_sdk_example/example) by extensions ['colcon_meta']
[0.800s] Level 1:colcon.colcon_core.package_identification:_identify(g1/scripts/navigation/obstacle_avoidance/slam_sdk_example/example) by extension 'colcon_meta'
[0.800s] Level 1:colcon.colcon_core.package_identification:_identify(g1/scripts/navigation/obstacle_avoidance/slam_sdk_example/example) by extensions ['ros']
[0.800s] Level 1:colcon.colcon_core.package_identification:_identify(g1/scripts/navigation/obstacle_avoidance/slam_sdk_example/example) by extension 'ros'
[0.800s] Level 1:colcon.colcon_core.package_identification:_identify(g1/scripts/navigation/obstacle_avoidance/slam_sdk_example/example) by extensions ['cmake', 'python']
[0.800s] Level 1:colcon.colcon_core.package_identification:_identify(g1/scripts/navigation/obstacle_avoidance/slam_sdk_example/example) by extension 'cmake'
[0.802s] Level 1:colcon.colcon_core.package_identification:_identify(g1/scripts/navigation/obstacle_avoidance/slam_sdk_example/example) by extension 'python'
[0.802s] DEBUG:colcon.colcon_core.package_identification:Package 'g1/scripts/navigation/obstacle_avoidance/slam_sdk_example/example' with type 'cmake' and name 'slam_example'
[0.803s] Level 1:colcon.colcon_core.package_identification:_identify(g1/scripts/navigation/obstacle_avoidance/slam_sdk_example/rviz2) by extensions ['ignore', 'ignore_ament_install']
[0.803s] Level 1:colcon.colcon_core.package_identification:_identify(g1/scripts/navigation/obstacle_avoidance/slam_sdk_example/rviz2) by extension 'ignore'
[0.803s] Level 1:colcon.colcon_core.package_identification:_identify(g1/scripts/navigation/obstacle_avoidance/slam_sdk_example/rviz2) by extension 'ignore_ament_install'
[0.803s] Level 1:colcon.colcon_core.package_identification:_identify(g1/scripts/navigation/obstacle_avoidance/slam_sdk_example/rviz2) by extensions ['colcon_pkg']
[0.803s] Level 1:colcon.colcon_core.package_identification:_identify(g1/scripts/navigation/obstacle_avoidance/slam_sdk_example/rviz2) by extension 'colcon_pkg'
[0.803s] Level 1:colcon.colcon_core.package_identification:_identify(g1/scripts/navigation/obstacle_avoidance/slam_sdk_example/rviz2) by extensions ['colcon_meta']
[0.803s] Level 1:colcon.colcon_core.package_identification:_identify(g1/scripts/navigation/obstacle_avoidance/slam_sdk_example/rviz2) by extension 'colcon_meta'
[0.803s] Level 1:colcon.colcon_core.package_identification:_identify(g1/scripts/navigation/obstacle_avoidance/slam_sdk_example/rviz2) by extensions ['ros']
[0.803s] Level 1:colcon.colcon_core.package_identification:_identify(g1/scripts/navigation/obstacle_avoidance/slam_sdk_example/rviz2) by extension 'ros'
[0.803s] Level 1:colcon.colcon_core.package_identification:_identify(g1/scripts/navigation/obstacle_avoidance/slam_sdk_example/rviz2) by extensions ['cmake', 'python']
[0.804s] Level 1:colcon.colcon_core.package_identification:_identify(g1/scripts/navigation/obstacle_avoidance/slam_sdk_example/rviz2) by extension 'cmake'
[0.804s] Level 1:colcon.colcon_core.package_identification:_identify(g1/scripts/navigation/obstacle_avoidance/slam_sdk_example/rviz2) by extension 'python'
[0.804s] Level 1:colcon.colcon_core.package_identification:_identify(g1/scripts/navigation/obstacle_avoidance/slam_sdk_example/rviz2) by extensions ['python_setup_py']
[0.804s] Level 1:colcon.colcon_core.package_identification:_identify(g1/scripts/navigation/obstacle_avoidance/slam_sdk_example/rviz2) by extension 'python_setup_py'
[0.804s] Level 1:colcon.colcon_core.package_identification:_identify(g1/scripts/navigation/slam) by extensions ['ignore', 'ignore_ament_install']
[0.804s] Level 1:colcon.colcon_core.package_identification:_identify(g1/scripts/navigation/slam) by extension 'ignore'
[0.804s] Level 1:colcon.colcon_core.package_identification:_identify(g1/scripts/navigation/slam) by extension 'ignore_ament_install'
[0.804s] Level 1:colcon.colcon_core.package_identification:_identify(g1/scripts/navigation/slam) by extensions ['colcon_pkg']
[0.804s] Level 1:colcon.colcon_core.package_identification:_identify(g1/scripts/navigation/slam) by extension 'colcon_pkg'
[0.804s] Level 1:colcon.colcon_core.package_identification:_identify(g1/scripts/navigation/slam) by extensions ['colcon_meta']
[0.804s] Level 1:colcon.colcon_core.package_identification:_identify(g1/scripts/navigation/slam) by extension 'colcon_meta'
[0.804s] Level 1:colcon.colcon_core.package_identification:_identify(g1/scripts/navigation/slam) by extensions ['ros']
[0.804s] Level 1:colcon.colcon_core.package_identification:_identify(g1/scripts/navigation/slam) by extension 'ros'
[0.805s] Level 1:colcon.colcon_core.package_identification:_identify(g1/scripts/navigation/slam) by extensions ['cmake', 'python']
[0.805s] Level 1:colcon.colcon_core.package_identification:_identify(g1/scripts/navigation/slam) by extension 'cmake'
[0.805s] Level 1:colcon.colcon_core.package_identification:_identify(g1/scripts/navigation/slam) by extension 'python'
[0.805s] Level 1:colcon.colcon_core.package_identification:_identify(g1/scripts/navigation/slam) by extensions ['python_setup_py']
[0.805s] Level 1:colcon.colcon_core.package_identification:_identify(g1/scripts/navigation/slam) by extension 'python_setup_py'
[0.805s] Level 1:colcon.colcon_core.package_identification:_identify(g1/scripts/navigation/slam/logs) by extensions ['ignore', 'ignore_ament_install']
[0.805s] Level 1:colcon.colcon_core.package_identification:_identify(g1/scripts/navigation/slam/logs) by extension 'ignore'
[0.805s] Level 1:colcon.colcon_core.package_identification:_identify(g1/scripts/navigation/slam/logs) by extension 'ignore_ament_install'
[0.805s] Level 1:colcon.colcon_core.package_identification:_identify(g1/scripts/navigation/slam/logs) by extensions ['colcon_pkg']
[0.805s] Level 1:colcon.colcon_core.package_identification:_identify(g1/scripts/navigation/slam/logs) by extension 'colcon_pkg'
[0.805s] Level 1:colcon.colcon_core.package_identification:_identify(g1/scripts/navigation/slam/logs) by extensions ['colcon_meta']
[0.805s] Level 1:colcon.colcon_core.package_identification:_identify(g1/scripts/navigation/slam/logs) by extension 'colcon_meta'
[0.806s] Level 1:colcon.colcon_core.package_identification:_identify(g1/scripts/navigation/slam/logs) by extensions ['ros']
[0.806s] Level 1:colcon.colcon_core.package_identification:_identify(g1/scripts/navigation/slam/logs) by extension 'ros'
[0.806s] Level 1:colcon.colcon_core.package_identification:_identify(g1/scripts/navigation/slam/logs) by extensions ['cmake', 'python']
[0.806s] Level 1:colcon.colcon_core.package_identification:_identify(g1/scripts/navigation/slam/logs) by extension 'cmake'
[0.806s] Level 1:colcon.colcon_core.package_identification:_identify(g1/scripts/navigation/slam/logs) by extension 'python'
[0.806s] Level 1:colcon.colcon_core.package_identification:_identify(g1/scripts/navigation/slam/logs) by extensions ['python_setup_py']
[0.806s] Level 1:colcon.colcon_core.package_identification:_identify(g1/scripts/navigation/slam/logs) by extension 'python_setup_py'
[0.807s] Level 1:colcon.colcon_core.package_identification:_identify(g1/scripts/navigation/slam/maps) by extensions ['ignore', 'ignore_ament_install']
[0.807s] Level 1:colcon.colcon_core.package_identification:_identify(g1/scripts/navigation/slam/maps) by extension 'ignore'
[0.807s] Level 1:colcon.colcon_core.package_identification:_identify(g1/scripts/navigation/slam/maps) by extension 'ignore_ament_install'
[0.807s] Level 1:colcon.colcon_core.package_identification:_identify(g1/scripts/navigation/slam/maps) by extensions ['colcon_pkg']
[0.807s] Level 1:colcon.colcon_core.package_identification:_identify(g1/scripts/navigation/slam/maps) by extension 'colcon_pkg'
[0.807s] Level 1:colcon.colcon_core.package_identification:_identify(g1/scripts/navigation/slam/maps) by extensions ['colcon_meta']
[0.807s] Level 1:colcon.colcon_core.package_identification:_identify(g1/scripts/navigation/slam/maps) by extension 'colcon_meta'
[0.807s] Level 1:colcon.colcon_core.package_identification:_identify(g1/scripts/navigation/slam/maps) by extensions ['ros']
[0.807s] Level 1:colcon.colcon_core.package_identification:_identify(g1/scripts/navigation/slam/maps) by extension 'ros'
[0.807s] Level 1:colcon.colcon_core.package_identification:_identify(g1/scripts/navigation/slam/maps) by extensions ['cmake', 'python']
[0.807s] Level 1:colcon.colcon_core.package_identification:_identify(g1/scripts/navigation/slam/maps) by extension 'cmake'
[0.807s] Level 1:colcon.colcon_core.package_identification:_identify(g1/scripts/navigation/slam/maps) by extension 'python'
[0.807s] Level 1:colcon.colcon_core.package_identification:_identify(g1/scripts/navigation/slam/maps) by extensions ['python_setup_py']
[0.807s] Level 1:colcon.colcon_core.package_identification:_identify(g1/scripts/navigation/slam/maps) by extension 'python_setup_py'
[0.808s] Level 1:colcon.colcon_core.package_identification:_identify(g1/scripts/obj_detection) by extensions ['ignore', 'ignore_ament_install']
[0.808s] Level 1:colcon.colcon_core.package_identification:_identify(g1/scripts/obj_detection) by extension 'ignore'
[0.808s] Level 1:colcon.colcon_core.package_identification:_identify(g1/scripts/obj_detection) by extension 'ignore_ament_install'
[0.808s] Level 1:colcon.colcon_core.package_identification:_identify(g1/scripts/obj_detection) by extensions ['colcon_pkg']
[0.808s] Level 1:colcon.colcon_core.package_identification:_identify(g1/scripts/obj_detection) by extension 'colcon_pkg'
[0.808s] Level 1:colcon.colcon_core.package_identification:_identify(g1/scripts/obj_detection) by extensions ['colcon_meta']
[0.808s] Level 1:colcon.colcon_core.package_identification:_identify(g1/scripts/obj_detection) by extension 'colcon_meta'
[0.808s] Level 1:colcon.colcon_core.package_identification:_identify(g1/scripts/obj_detection) by extensions ['ros']
[0.808s] Level 1:colcon.colcon_core.package_identification:_identify(g1/scripts/obj_detection) by extension 'ros'
[0.808s] Level 1:colcon.colcon_core.package_identification:_identify(g1/scripts/obj_detection) by extensions ['cmake', 'python']
[0.808s] Level 1:colcon.colcon_core.package_identification:_identify(g1/scripts/obj_detection) by extension 'cmake'
[0.808s] Level 1:colcon.colcon_core.package_identification:_identify(g1/scripts/obj_detection) by extension 'python'
[0.808s] Level 1:colcon.colcon_core.package_identification:_identify(g1/scripts/obj_detection) by extensions ['python_setup_py']
[0.808s] Level 1:colcon.colcon_core.package_identification:_identify(g1/scripts/obj_detection) by extension 'python_setup_py'
[0.809s] Level 1:colcon.colcon_core.package_identification:_identify(g1/scripts/sensors) by extensions ['ignore', 'ignore_ament_install']
[0.809s] Level 1:colcon.colcon_core.package_identification:_identify(g1/scripts/sensors) by extension 'ignore'
[0.809s] Level 1:colcon.colcon_core.package_identification:_identify(g1/scripts/sensors) by extension 'ignore_ament_install'
[0.809s] Level 1:colcon.colcon_core.package_identification:_identify(g1/scripts/sensors) by extensions ['colcon_pkg']
[0.809s] Level 1:colcon.colcon_core.package_identification:_identify(g1/scripts/sensors) by extension 'colcon_pkg'
[0.809s] Level 1:colcon.colcon_core.package_identification:_identify(g1/scripts/sensors) by extensions ['colcon_meta']
[0.809s] Level 1:colcon.colcon_core.package_identification:_identify(g1/scripts/sensors) by extension 'colcon_meta'
[0.809s] Level 1:colcon.colcon_core.package_identification:_identify(g1/scripts/sensors) by extensions ['ros']
[0.809s] Level 1:colcon.colcon_core.package_identification:_identify(g1/scripts/sensors) by extension 'ros'
[0.809s] Level 1:colcon.colcon_core.package_identification:_identify(g1/scripts/sensors) by extensions ['cmake', 'python']
[0.809s] Level 1:colcon.colcon_core.package_identification:_identify(g1/scripts/sensors) by extension 'cmake'
[0.809s] Level 1:colcon.colcon_core.package_identification:_identify(g1/scripts/sensors) by extension 'python'
[0.809s] Level 1:colcon.colcon_core.package_identification:_identify(g1/scripts/sensors) by extensions ['python_setup_py']
[0.809s] Level 1:colcon.colcon_core.package_identification:_identify(g1/scripts/sensors) by extension 'python_setup_py'
[0.810s] Level 1:colcon.colcon_core.package_identification:_identify(g1/scripts/sensors/manual_streaming) by extensions ['ignore', 'ignore_ament_install']
[0.810s] Level 1:colcon.colcon_core.package_identification:_identify(g1/scripts/sensors/manual_streaming) by extension 'ignore'
[0.810s] Level 1:colcon.colcon_core.package_identification:_identify(g1/scripts/sensors/manual_streaming) by extension 'ignore_ament_install'
[0.810s] Level 1:colcon.colcon_core.package_identification:_identify(g1/scripts/sensors/manual_streaming) by extensions ['colcon_pkg']
[0.810s] Level 1:colcon.colcon_core.package_identification:_identify(g1/scripts/sensors/manual_streaming) by extension 'colcon_pkg'
[0.810s] Level 1:colcon.colcon_core.package_identification:_identify(g1/scripts/sensors/manual_streaming) by extensions ['colcon_meta']
[0.810s] Level 1:colcon.colcon_core.package_identification:_identify(g1/scripts/sensors/manual_streaming) by extension 'colcon_meta'
[0.810s] Level 1:colcon.colcon_core.package_identification:_identify(g1/scripts/sensors/manual_streaming) by extensions ['ros']
[0.810s] Level 1:colcon.colcon_core.package_identification:_identify(g1/scripts/sensors/manual_streaming) by extension 'ros'
[0.810s] Level 1:colcon.colcon_core.package_identification:_identify(g1/scripts/sensors/manual_streaming) by extensions ['cmake', 'python']
[0.810s] Level 1:colcon.colcon_core.package_identification:_identify(g1/scripts/sensors/manual_streaming) by extension 'cmake'
[0.811s] Level 1:colcon.colcon_core.package_identification:_identify(g1/scripts/sensors/manual_streaming) by extension 'python'
[0.811s] DEBUG:colcon.colcon_core.package_identification:Package 'g1/scripts/sensors/manual_streaming' with type 'cmake' and name 'tx_lidar'
[0.812s] Level 1:colcon.colcon_core.package_identification:_identify(g1/scripts/troubleshooting) by extensions ['ignore', 'ignore_ament_install']
[0.812s] Level 1:colcon.colcon_core.package_identification:_identify(g1/scripts/troubleshooting) by extension 'ignore'
[0.812s] Level 1:colcon.colcon_core.package_identification:_identify(g1/scripts/troubleshooting) by extension 'ignore_ament_install'
[0.812s] Level 1:colcon.colcon_core.package_identification:_identify(g1/scripts/troubleshooting) by extensions ['colcon_pkg']
[0.812s] Level 1:colcon.colcon_core.package_identification:_identify(g1/scripts/troubleshooting) by extension 'colcon_pkg'
[0.812s] Level 1:colcon.colcon_core.package_identification:_identify(g1/scripts/troubleshooting) by extensions ['colcon_meta']
[0.812s] Level 1:colcon.colcon_core.package_identification:_identify(g1/scripts/troubleshooting) by extension 'colcon_meta'
[0.812s] Level 1:colcon.colcon_core.package_identification:_identify(g1/scripts/troubleshooting) by extensions ['ros']
[0.812s] Level 1:colcon.colcon_core.package_identification:_identify(g1/scripts/troubleshooting) by extension 'ros'
[0.812s] Level 1:colcon.colcon_core.package_identification:_identify(g1/scripts/troubleshooting) by extensions ['cmake', 'python']
[0.812s] Level 1:colcon.colcon_core.package_identification:_identify(g1/scripts/troubleshooting) by extension 'cmake'
[0.812s] Level 1:colcon.colcon_core.package_identification:_identify(g1/scripts/troubleshooting) by extension 'python'
[0.812s] Level 1:colcon.colcon_core.package_identification:_identify(g1/scripts/troubleshooting) by extensions ['python_setup_py']
[0.812s] Level 1:colcon.colcon_core.package_identification:_identify(g1/scripts/troubleshooting) by extension 'python_setup_py'
[0.813s] Level 1:colcon.colcon_core.package_identification:_identify(g1/scripts/unifolm-vla_g1-main) by extensions ['ignore', 'ignore_ament_install']
[0.813s] Level 1:colcon.colcon_core.package_identification:_identify(g1/scripts/unifolm-vla_g1-main) by extension 'ignore'
[0.813s] Level 1:colcon.colcon_core.package_identification:_identify(g1/scripts/unifolm-vla_g1-main) by extension 'ignore_ament_install'
[0.813s] Level 1:colcon.colcon_core.package_identification:_identify(g1/scripts/unifolm-vla_g1-main) by extensions ['colcon_pkg']
[0.813s] Level 1:colcon.colcon_core.package_identification:_identify(g1/scripts/unifolm-vla_g1-main) by extension 'colcon_pkg'
[0.813s] Level 1:colcon.colcon_core.package_identification:_identify(g1/scripts/unifolm-vla_g1-main) by extensions ['colcon_meta']
[0.813s] Level 1:colcon.colcon_core.package_identification:_identify(g1/scripts/unifolm-vla_g1-main) by extension 'colcon_meta'
[0.813s] Level 1:colcon.colcon_core.package_identification:_identify(g1/scripts/unifolm-vla_g1-main) by extensions ['ros']
[0.813s] Level 1:colcon.colcon_core.package_identification:_identify(g1/scripts/unifolm-vla_g1-main) by extension 'ros'
[0.814s] Level 1:colcon.colcon_core.package_identification:_identify(g1/scripts/unifolm-vla_g1-main) by extensions ['cmake', 'python']
[0.814s] Level 1:colcon.colcon_core.package_identification:_identify(g1/scripts/unifolm-vla_g1-main) by extension 'cmake'
[0.814s] Level 1:colcon.colcon_core.package_identification:_identify(g1/scripts/unifolm-vla_g1-main) by extension 'python'
[0.814s] Level 1:colcon.colcon_core.package_identification:_identify(g1/scripts/unifolm-vla_g1-main) by extensions ['python_setup_py']
[0.814s] Level 1:colcon.colcon_core.package_identification:_identify(g1/scripts/unifolm-vla_g1-main) by extension 'python_setup_py'
[0.814s] Level 1:colcon.colcon_core.package_identification:_identify(g1/scripts/unifolm-vla_g1-main/assets) by extensions ['ignore', 'ignore_ament_install']
[0.814s] Level 1:colcon.colcon_core.package_identification:_identify(g1/scripts/unifolm-vla_g1-main/assets) by extension 'ignore'
[0.814s] Level 1:colcon.colcon_core.package_identification:_identify(g1/scripts/unifolm-vla_g1-main/assets) by extension 'ignore_ament_install'
[0.814s] Level 1:colcon.colcon_core.package_identification:_identify(g1/scripts/unifolm-vla_g1-main/assets) by extensions ['colcon_pkg']
[0.814s] Level 1:colcon.colcon_core.package_identification:_identify(g1/scripts/unifolm-vla_g1-main/assets) by extension 'colcon_pkg'
[0.814s] Level 1:colcon.colcon_core.package_identification:_identify(g1/scripts/unifolm-vla_g1-main/assets) by extensions ['colcon_meta']
[0.814s] Level 1:colcon.colcon_core.package_identification:_identify(g1/scripts/unifolm-vla_g1-main/assets) by extension 'colcon_meta'
[0.814s] Level 1:colcon.colcon_core.package_identification:_identify(g1/scripts/unifolm-vla_g1-main/assets) by extensions ['ros']
[0.815s] Level 1:colcon.colcon_core.package_identification:_identify(g1/scripts/unifolm-vla_g1-main/assets) by extension 'ros'
[0.815s] Level 1:colcon.colcon_core.package_identification:_identify(g1/scripts/unifolm-vla_g1-main/assets) by extensions ['cmake', 'python']
[0.815s] Level 1:colcon.colcon_core.package_identification:_identify(g1/scripts/unifolm-vla_g1-main/assets) by extension 'cmake'
[0.815s] Level 1:colcon.colcon_core.package_identification:_identify(g1/scripts/unifolm-vla_g1-main/assets) by extension 'python'
[0.815s] Level 1:colcon.colcon_core.package_identification:_identify(g1/scripts/unifolm-vla_g1-main/assets) by extensions ['python_setup_py']
[0.815s] Level 1:colcon.colcon_core.package_identification:_identify(g1/scripts/unifolm-vla_g1-main/assets) by extension 'python_setup_py'
[0.815s] Level 1:colcon.colcon_core.package_identification:_identify(g1/scripts/unifolm-vla_g1-main/assets/gif) by extensions ['ignore', 'ignore_ament_install']
[0.815s] Level 1:colcon.colcon_core.package_identification:_identify(g1/scripts/unifolm-vla_g1-main/assets/gif) by extension 'ignore'
[0.815s] Level 1:colcon.colcon_core.package_identification:_identify(g1/scripts/unifolm-vla_g1-main/assets/gif) by extension 'ignore_ament_install'
[0.815s] Level 1:colcon.colcon_core.package_identification:_identify(g1/scripts/unifolm-vla_g1-main/assets/gif) by extensions ['colcon_pkg']
[0.816s] Level 1:colcon.colcon_core.package_identification:_identify(g1/scripts/unifolm-vla_g1-main/assets/gif) by extension 'colcon_pkg'
[0.816s] Level 1:colcon.colcon_core.package_identification:_identify(g1/scripts/unifolm-vla_g1-main/assets/gif) by extensions ['colcon_meta']
[0.816s] Level 1:colcon.colcon_core.package_identification:_identify(g1/scripts/unifolm-vla_g1-main/assets/gif) by extension 'colcon_meta'
[0.816s] Level 1:colcon.colcon_core.package_identification:_identify(g1/scripts/unifolm-vla_g1-main/assets/gif) by extensions ['ros']
[0.816s] Level 1:colcon.colcon_core.package_identification:_identify(g1/scripts/unifolm-vla_g1-main/assets/gif) by extension 'ros'
[0.816s] Level 1:colcon.colcon_core.package_identification:_identify(g1/scripts/unifolm-vla_g1-main/assets/gif) by extensions ['cmake', 'python']
[0.816s] Level 1:colcon.colcon_core.package_identification:_identify(g1/scripts/unifolm-vla_g1-main/assets/gif) by extension 'cmake'
[0.816s] Level 1:colcon.colcon_core.package_identification:_identify(g1/scripts/unifolm-vla_g1-main/assets/gif) by extension 'python'
[0.816s] Level 1:colcon.colcon_core.package_identification:_identify(g1/scripts/unifolm-vla_g1-main/assets/gif) by extensions ['python_setup_py']
[0.816s] Level 1:colcon.colcon_core.package_identification:_identify(g1/scripts/unifolm-vla_g1-main/assets/gif) by extension 'python_setup_py'
[0.816s] Level 1:colcon.colcon_core.package_identification:_identify(g1/scripts/unifolm-vla_g1-main/deployment) by extensions ['ignore', 'ignore_ament_install']
[0.816s] Level 1:colcon.colcon_core.package_identification:_identify(g1/scripts/unifolm-vla_g1-main/deployment) by extension 'ignore'
[0.816s] Level 1:colcon.colcon_core.package_identification:_identify(g1/scripts/unifolm-vla_g1-main/deployment) by extension 'ignore_ament_install'
[0.817s] Level 1:colcon.colcon_core.package_identification:_identify(g1/scripts/unifolm-vla_g1-main/deployment) by extensions ['colcon_pkg']
[0.817s] Level 1:colcon.colcon_core.package_identification:_identify(g1/scripts/unifolm-vla_g1-main/deployment) by extension 'colcon_pkg'
[0.817s] Level 1:colcon.colcon_core.package_identification:_identify(g1/scripts/unifolm-vla_g1-main/deployment) by extensions ['colcon_meta']
[0.817s] Level 1:colcon.colcon_core.package_identification:_identify(g1/scripts/unifolm-vla_g1-main/deployment) by extension 'colcon_meta'
[0.817s] Level 1:colcon.colcon_core.package_identification:_identify(g1/scripts/unifolm-vla_g1-main/deployment) by extensions ['ros']
[0.817s] Level 1:colcon.colcon_core.package_identification:_identify(g1/scripts/unifolm-vla_g1-main/deployment) by extension 'ros'
[0.817s] Level 1:colcon.colcon_core.package_identification:_identify(g1/scripts/unifolm-vla_g1-main/deployment) by extensions ['cmake', 'python']
[0.817s] Level 1:colcon.colcon_core.package_identification:_identify(g1/scripts/unifolm-vla_g1-main/deployment) by extension 'cmake'
[0.817s] Level 1:colcon.colcon_core.package_identification:_identify(g1/scripts/unifolm-vla_g1-main/deployment) by extension 'python'
[0.817s] Level 1:colcon.colcon_core.package_identification:_identify(g1/scripts/unifolm-vla_g1-main/deployment) by extensions ['python_setup_py']
[0.817s] Level 1:colcon.colcon_core.package_identification:_identify(g1/scripts/unifolm-vla_g1-main/deployment) by extension 'python_setup_py'
[0.817s] Level 1:colcon.colcon_core.package_identification:_identify(g1/scripts/unifolm-vla_g1-main/deployment/model_server) by extensions ['ignore', 'ignore_ament_install']
[0.817s] Level 1:colcon.colcon_core.package_identification:_identify(g1/scripts/unifolm-vla_g1-main/deployment/model_server) by extension 'ignore'
[0.818s] Level 1:colcon.colcon_core.package_identification:_identify(g1/scripts/unifolm-vla_g1-main/deployment/model_server) by extension 'ignore_ament_install'
[0.818s] Level 1:colcon.colcon_core.package_identification:_identify(g1/scripts/unifolm-vla_g1-main/deployment/model_server) by extensions ['colcon_pkg']
[0.818s] Level 1:colcon.colcon_core.package_identification:_identify(g1/scripts/unifolm-vla_g1-main/deployment/model_server) by extension 'colcon_pkg'
[0.818s] Level 1:colcon.colcon_core.package_identification:_identify(g1/scripts/unifolm-vla_g1-main/deployment/model_server) by extensions ['colcon_meta']
[0.818s] Level 1:colcon.colcon_core.package_identification:_identify(g1/scripts/unifolm-vla_g1-main/deployment/model_server) by extension 'colcon_meta'
[0.818s] Level 1:colcon.colcon_core.package_identification:_identify(g1/scripts/unifolm-vla_g1-main/deployment/model_server) by extensions ['ros']
[0.818s] Level 1:colcon.colcon_core.package_identification:_identify(g1/scripts/unifolm-vla_g1-main/deployment/model_server) by extension 'ros'
[0.818s] Level 1:colcon.colcon_core.package_identification:_identify(g1/scripts/unifolm-vla_g1-main/deployment/model_server) by extensions ['cmake', 'python']
[0.818s] Level 1:colcon.colcon_core.package_identification:_identify(g1/scripts/unifolm-vla_g1-main/deployment/model_server) by extension 'cmake'
[0.818s] Level 1:colcon.colcon_core.package_identification:_identify(g1/scripts/unifolm-vla_g1-main/deployment/model_server) by extension 'python'
[0.818s] Level 1:colcon.colcon_core.package_identification:_identify(g1/scripts/unifolm-vla_g1-main/deployment/model_server) by extensions ['python_setup_py']
[0.818s] Level 1:colcon.colcon_core.package_identification:_identify(g1/scripts/unifolm-vla_g1-main/deployment/model_server) by extension 'python_setup_py'
[0.818s] Level 1:colcon.colcon_core.package_identification:_identify(g1/scripts/unifolm-vla_g1-main/experiments) by extensions ['ignore', 'ignore_ament_install']
[0.819s] Level 1:colcon.colcon_core.package_identification:_identify(g1/scripts/unifolm-vla_g1-main/experiments) by extension 'ignore'
[0.819s] Level 1:colcon.colcon_core.package_identification:_identify(g1/scripts/unifolm-vla_g1-main/experiments) by extension 'ignore_ament_install'
[0.819s] Level 1:colcon.colcon_core.package_identification:_identify(g1/scripts/unifolm-vla_g1-main/experiments) by extensions ['colcon_pkg']
[0.819s] Level 1:colcon.colcon_core.package_identification:_identify(g1/scripts/unifolm-vla_g1-main/experiments) by extension 'colcon_pkg'
[0.819s] Level 1:colcon.colcon_core.package_identification:_identify(g1/scripts/unifolm-vla_g1-main/experiments) by extensions ['colcon_meta']
[0.819s] Level 1:colcon.colcon_core.package_identification:_identify(g1/scripts/unifolm-vla_g1-main/experiments) by extension 'colcon_meta'
[0.819s] Level 1:colcon.colcon_core.package_identification:_identify(g1/scripts/unifolm-vla_g1-main/experiments) by extensions ['ros']
[0.819s] Level 1:colcon.colcon_core.package_identification:_identify(g1/scripts/unifolm-vla_g1-main/experiments) by extension 'ros'
[0.819s] Level 1:colcon.colcon_core.package_identification:_identify(g1/scripts/unifolm-vla_g1-main/experiments) by extensions ['cmake', 'python']
[0.819s] Level 1:colcon.colcon_core.package_identification:_identify(g1/scripts/unifolm-vla_g1-main/experiments) by extension 'cmake'
[0.819s] Level 1:colcon.colcon_core.package_identification:_identify(g1/scripts/unifolm-vla_g1-main/experiments) by extension 'python'
[0.819s] Level 1:colcon.colcon_core.package_identification:_identify(g1/scripts/unifolm-vla_g1-main/experiments) by extensions ['python_setup_py']
[0.819s] Level 1:colcon.colcon_core.package_identification:_identify(g1/scripts/unifolm-vla_g1-main/experiments) by extension 'python_setup_py'
[0.819s] Level 1:colcon.colcon_core.package_identification:_identify(g1/scripts/unifolm-vla_g1-main/experiments/LIBERO) by extensions ['ignore', 'ignore_ament_install']
[0.820s] Level 1:colcon.colcon_core.package_identification:_identify(g1/scripts/unifolm-vla_g1-main/experiments/LIBERO) by extension 'ignore'
[0.820s] Level 1:colcon.colcon_core.package_identification:_identify(g1/scripts/unifolm-vla_g1-main/experiments/LIBERO) by extension 'ignore_ament_install'
[0.820s] Level 1:colcon.colcon_core.package_identification:_identify(g1/scripts/unifolm-vla_g1-main/experiments/LIBERO) by extensions ['colcon_pkg']
[0.820s] Level 1:colcon.colcon_core.package_identification:_identify(g1/scripts/unifolm-vla_g1-main/experiments/LIBERO) by extension 'colcon_pkg'
[0.820s] Level 1:colcon.colcon_core.package_identification:_identify(g1/scripts/unifolm-vla_g1-main/experiments/LIBERO) by extensions ['colcon_meta']
[0.820s] Level 1:colcon.colcon_core.package_identification:_identify(g1/scripts/unifolm-vla_g1-main/experiments/LIBERO) by extension 'colcon_meta'
[0.820s] Level 1:colcon.colcon_core.package_identification:_identify(g1/scripts/unifolm-vla_g1-main/experiments/LIBERO) by extensions ['ros']
[0.820s] Level 1:colcon.colcon_core.package_identification:_identify(g1/scripts/unifolm-vla_g1-main/experiments/LIBERO) by extension 'ros'
[0.820s] Level 1:colcon.colcon_core.package_identification:_identify(g1/scripts/unifolm-vla_g1-main/experiments/LIBERO) by extensions ['cmake', 'python']
[0.820s] Level 1:colcon.colcon_core.package_identification:_identify(g1/scripts/unifolm-vla_g1-main/experiments/LIBERO) by extension 'cmake'
[0.820s] Level 1:colcon.colcon_core.package_identification:_identify(g1/scripts/unifolm-vla_g1-main/experiments/LIBERO) by extension 'python'
[0.820s] Level 1:colcon.colcon_core.package_identification:_identify(g1/scripts/unifolm-vla_g1-main/experiments/LIBERO) by extensions ['python_setup_py']
[0.820s] Level 1:colcon.colcon_core.package_identification:_identify(g1/scripts/unifolm-vla_g1-main/experiments/LIBERO) by extension 'python_setup_py'
[0.821s] Level 1:colcon.colcon_core.package_identification:_identify(g1/scripts/unifolm-vla_g1-main/experiments/logs) by extensions ['ignore', 'ignore_ament_install']
[0.821s] Level 1:colcon.colcon_core.package_identification:_identify(g1/scripts/unifolm-vla_g1-main/experiments/logs) by extension 'ignore'
[0.821s] Level 1:colcon.colcon_core.package_identification:_identify(g1/scripts/unifolm-vla_g1-main/experiments/logs) by extension 'ignore_ament_install'
[0.821s] Level 1:colcon.colcon_core.package_identification:_identify(g1/scripts/unifolm-vla_g1-main/experiments/logs) by extensions ['colcon_pkg']
[0.821s] Level 1:colcon.colcon_core.package_identification:_identify(g1/scripts/unifolm-vla_g1-main/experiments/logs) by extension 'colcon_pkg'
[0.821s] Level 1:colcon.colcon_core.package_identification:_identify(g1/scripts/unifolm-vla_g1-main/experiments/logs) by extensions ['colcon_meta']
[0.821s] Level 1:colcon.colcon_core.package_identification:_identify(g1/scripts/unifolm-vla_g1-main/experiments/logs) by extension 'colcon_meta'
[0.821s] Level 1:colcon.colcon_core.package_identification:_identify(g1/scripts/unifolm-vla_g1-main/experiments/logs) by extensions ['ros']
[0.821s] Level 1:colcon.colcon_core.package_identification:_identify(g1/scripts/unifolm-vla_g1-main/experiments/logs) by extension 'ros'
[0.821s] Level 1:colcon.colcon_core.package_identification:_identify(g1/scripts/unifolm-vla_g1-main/experiments/logs) by extensions ['cmake', 'python']
[0.821s] Level 1:colcon.colcon_core.package_identification:_identify(g1/scripts/unifolm-vla_g1-main/experiments/logs) by extension 'cmake'
[0.821s] Level 1:colcon.colcon_core.package_identification:_identify(g1/scripts/unifolm-vla_g1-main/experiments/logs) by extension 'python'
[0.821s] Level 1:colcon.colcon_core.package_identification:_identify(g1/scripts/unifolm-vla_g1-main/experiments/logs) by extensions ['python_setup_py']
[0.821s] Level 1:colcon.colcon_core.package_identification:_identify(g1/scripts/unifolm-vla_g1-main/experiments/logs) by extension 'python_setup_py'
[0.822s] Level 1:colcon.colcon_core.package_identification:_identify(g1/scripts/unifolm-vla_g1-main/prepare_data) by extensions ['ignore', 'ignore_ament_install']
[0.822s] Level 1:colcon.colcon_core.package_identification:_identify(g1/scripts/unifolm-vla_g1-main/prepare_data) by extension 'ignore'
[0.822s] Level 1:colcon.colcon_core.package_identification:_identify(g1/scripts/unifolm-vla_g1-main/prepare_data) by extension 'ignore_ament_install'
[0.822s] Level 1:colcon.colcon_core.package_identification:_identify(g1/scripts/unifolm-vla_g1-main/prepare_data) by extensions ['colcon_pkg']
[0.822s] Level 1:colcon.colcon_core.package_identification:_identify(g1/scripts/unifolm-vla_g1-main/prepare_data) by extension 'colcon_pkg'
[0.822s] Level 1:colcon.colcon_core.package_identification:_identify(g1/scripts/unifolm-vla_g1-main/prepare_data) by extensions ['colcon_meta']
[0.822s] Level 1:colcon.colcon_core.package_identification:_identify(g1/scripts/unifolm-vla_g1-main/prepare_data) by extension 'colcon_meta'
[0.822s] Level 1:colcon.colcon_core.package_identification:_identify(g1/scripts/unifolm-vla_g1-main/prepare_data) by extensions ['ros']
[0.822s] Level 1:colcon.colcon_core.package_identification:_identify(g1/scripts/unifolm-vla_g1-main/prepare_data) by extension 'ros'
[0.823s] Level 1:colcon.colcon_core.package_identification:_identify(g1/scripts/unifolm-vla_g1-main/prepare_data) by extensions ['cmake', 'python']
[0.823s] Level 1:colcon.colcon_core.package_identification:_identify(g1/scripts/unifolm-vla_g1-main/prepare_data) by extension 'cmake'
[0.823s] Level 1:colcon.colcon_core.package_identification:_identify(g1/scripts/unifolm-vla_g1-main/prepare_data) by extension 'python'
[0.823s] Level 1:colcon.colcon_core.package_identification:_identify(g1/scripts/unifolm-vla_g1-main/prepare_data) by extensions ['python_setup_py']
[0.823s] Level 1:colcon.colcon_core.package_identification:_identify(g1/scripts/unifolm-vla_g1-main/prepare_data) by extension 'python_setup_py'
[0.823s] Level 1:colcon.colcon_core.package_identification:_identify(g1/scripts/unifolm-vla_g1-main/prepare_data/hdf5_to_rlds) by extensions ['ignore', 'ignore_ament_install']
[0.824s] Level 1:colcon.colcon_core.package_identification:_identify(g1/scripts/unifolm-vla_g1-main/prepare_data/hdf5_to_rlds) by extension 'ignore'
[0.824s] Level 1:colcon.colcon_core.package_identification:_identify(g1/scripts/unifolm-vla_g1-main/prepare_data/hdf5_to_rlds) by extension 'ignore_ament_install'
[0.824s] Level 1:colcon.colcon_core.package_identification:_identify(g1/scripts/unifolm-vla_g1-main/prepare_data/hdf5_to_rlds) by extensions ['colcon_pkg']
[0.824s] Level 1:colcon.colcon_core.package_identification:_identify(g1/scripts/unifolm-vla_g1-main/prepare_data/hdf5_to_rlds) by extension 'colcon_pkg'
[0.824s] Level 1:colcon.colcon_core.package_identification:_identify(g1/scripts/unifolm-vla_g1-main/prepare_data/hdf5_to_rlds) by extensions ['colcon_meta']
[0.824s] Level 1:colcon.colcon_core.package_identification:_identify(g1/scripts/unifolm-vla_g1-main/prepare_data/hdf5_to_rlds) by extension 'colcon_meta'
[0.824s] Level 1:colcon.colcon_core.package_identification:_identify(g1/scripts/unifolm-vla_g1-main/prepare_data/hdf5_to_rlds) by extensions ['ros']
[0.824s] Level 1:colcon.colcon_core.package_identification:_identify(g1/scripts/unifolm-vla_g1-main/prepare_data/hdf5_to_rlds) by extension 'ros'
[0.824s] Level 1:colcon.colcon_core.package_identification:_identify(g1/scripts/unifolm-vla_g1-main/prepare_data/hdf5_to_rlds) by extensions ['cmake', 'python']
[0.824s] Level 1:colcon.colcon_core.package_identification:_identify(g1/scripts/unifolm-vla_g1-main/prepare_data/hdf5_to_rlds) by extension 'cmake'
[0.824s] Level 1:colcon.colcon_core.package_identification:_identify(g1/scripts/unifolm-vla_g1-main/prepare_data/hdf5_to_rlds) by extension 'python'
[0.824s] Level 1:colcon.colcon_core.package_identification:_identify(g1/scripts/unifolm-vla_g1-main/prepare_data/hdf5_to_rlds) by extensions ['python_setup_py']
[0.824s] Level 1:colcon.colcon_core.package_identification:_identify(g1/scripts/unifolm-vla_g1-main/prepare_data/hdf5_to_rlds) by extension 'python_setup_py'
[0.825s] Level 1:colcon.colcon_core.package_identification:_identify(g1/scripts/unifolm-vla_g1-main/prepare_data/hdf5_to_rlds/rlds_dataset) by extensions ['ignore', 'ignore_ament_install']
[0.825s] Level 1:colcon.colcon_core.package_identification:_identify(g1/scripts/unifolm-vla_g1-main/prepare_data/hdf5_to_rlds/rlds_dataset) by extension 'ignore'
[0.825s] Level 1:colcon.colcon_core.package_identification:_identify(g1/scripts/unifolm-vla_g1-main/prepare_data/hdf5_to_rlds/rlds_dataset) by extension 'ignore_ament_install'
[0.825s] Level 1:colcon.colcon_core.package_identification:_identify(g1/scripts/unifolm-vla_g1-main/prepare_data/hdf5_to_rlds/rlds_dataset) by extensions ['colcon_pkg']
[0.825s] Level 1:colcon.colcon_core.package_identification:_identify(g1/scripts/unifolm-vla_g1-main/prepare_data/hdf5_to_rlds/rlds_dataset) by extension 'colcon_pkg'
[0.825s] Level 1:colcon.colcon_core.package_identification:_identify(g1/scripts/unifolm-vla_g1-main/prepare_data/hdf5_to_rlds/rlds_dataset) by extensions ['colcon_meta']
[0.825s] Level 1:colcon.colcon_core.package_identification:_identify(g1/scripts/unifolm-vla_g1-main/prepare_data/hdf5_to_rlds/rlds_dataset) by extension 'colcon_meta'
[0.825s] Level 1:colcon.colcon_core.package_identification:_identify(g1/scripts/unifolm-vla_g1-main/prepare_data/hdf5_to_rlds/rlds_dataset) by extensions ['ros']
[0.825s] Level 1:colcon.colcon_core.package_identification:_identify(g1/scripts/unifolm-vla_g1-main/prepare_data/hdf5_to_rlds/rlds_dataset) by extension 'ros'
[0.825s] Level 1:colcon.colcon_core.package_identification:_identify(g1/scripts/unifolm-vla_g1-main/prepare_data/hdf5_to_rlds/rlds_dataset) by extensions ['cmake', 'python']
[0.825s] Level 1:colcon.colcon_core.package_identification:_identify(g1/scripts/unifolm-vla_g1-main/prepare_data/hdf5_to_rlds/rlds_dataset) by extension 'cmake'
[0.825s] Level 1:colcon.colcon_core.package_identification:_identify(g1/scripts/unifolm-vla_g1-main/prepare_data/hdf5_to_rlds/rlds_dataset) by extension 'python'
[0.825s] Level 1:colcon.colcon_core.package_identification:_identify(g1/scripts/unifolm-vla_g1-main/prepare_data/hdf5_to_rlds/rlds_dataset) by extensions ['python_setup_py']
[0.825s] Level 1:colcon.colcon_core.package_identification:_identify(g1/scripts/unifolm-vla_g1-main/prepare_data/hdf5_to_rlds/rlds_dataset) by extension 'python_setup_py'
[0.826s] Level 1:colcon.colcon_core.package_identification:_identify(g1/scripts/unifolm-vla_g1-main/scripts) by extensions ['ignore', 'ignore_ament_install']
[0.826s] Level 1:colcon.colcon_core.package_identification:_identify(g1/scripts/unifolm-vla_g1-main/scripts) by extension 'ignore'
[0.826s] Level 1:colcon.colcon_core.package_identification:_identify(g1/scripts/unifolm-vla_g1-main/scripts) by extension 'ignore_ament_install'
[0.826s] Level 1:colcon.colcon_core.package_identification:_identify(g1/scripts/unifolm-vla_g1-main/scripts) by extensions ['colcon_pkg']
[0.826s] Level 1:colcon.colcon_core.package_identification:_identify(g1/scripts/unifolm-vla_g1-main/scripts) by extension 'colcon_pkg'
[0.826s] Level 1:colcon.colcon_core.package_identification:_identify(g1/scripts/unifolm-vla_g1-main/scripts) by extensions ['colcon_meta']
[0.826s] Level 1:colcon.colcon_core.package_identification:_identify(g1/scripts/unifolm-vla_g1-main/scripts) by extension 'colcon_meta'
[0.826s] Level 1:colcon.colcon_core.package_identification:_identify(g1/scripts/unifolm-vla_g1-main/scripts) by extensions ['ros']
[0.826s] Level 1:colcon.colcon_core.package_identification:_identify(g1/scripts/unifolm-vla_g1-main/scripts) by extension 'ros'
[0.827s] Level 1:colcon.colcon_core.package_identification:_identify(g1/scripts/unifolm-vla_g1-main/scripts) by extensions ['cmake', 'python']
[0.827s] Level 1:colcon.colcon_core.package_identification:_identify(g1/scripts/unifolm-vla_g1-main/scripts) by extension 'cmake'
[0.827s] Level 1:colcon.colcon_core.package_identification:_identify(g1/scripts/unifolm-vla_g1-main/scripts) by extension 'python'
[0.827s] Level 1:colcon.colcon_core.package_identification:_identify(g1/scripts/unifolm-vla_g1-main/scripts) by extensions ['python_setup_py']
[0.827s] Level 1:colcon.colcon_core.package_identification:_identify(g1/scripts/unifolm-vla_g1-main/scripts) by extension 'python_setup_py'
[0.827s] Level 1:colcon.colcon_core.package_identification:_identify(g1/scripts/unifolm-vla_g1-main/scripts/eval_scripts) by extensions ['ignore', 'ignore_ament_install']
[0.827s] Level 1:colcon.colcon_core.package_identification:_identify(g1/scripts/unifolm-vla_g1-main/scripts/eval_scripts) by extension 'ignore'
[0.827s] Level 1:colcon.colcon_core.package_identification:_identify(g1/scripts/unifolm-vla_g1-main/scripts/eval_scripts) by extension 'ignore_ament_install'
[0.827s] Level 1:colcon.colcon_core.package_identification:_identify(g1/scripts/unifolm-vla_g1-main/scripts/eval_scripts) by extensions ['colcon_pkg']
[0.827s] Level 1:colcon.colcon_core.package_identification:_identify(g1/scripts/unifolm-vla_g1-main/scripts/eval_scripts) by extension 'colcon_pkg'
[0.827s] Level 1:colcon.colcon_core.package_identification:_identify(g1/scripts/unifolm-vla_g1-main/scripts/eval_scripts) by extensions ['colcon_meta']
[0.827s] Level 1:colcon.colcon_core.package_identification:_identify(g1/scripts/unifolm-vla_g1-main/scripts/eval_scripts) by extension 'colcon_meta'
[0.828s] Level 1:colcon.colcon_core.package_identification:_identify(g1/scripts/unifolm-vla_g1-main/scripts/eval_scripts) by extensions ['ros']
[0.828s] Level 1:colcon.colcon_core.package_identification:_identify(g1/scripts/unifolm-vla_g1-main/scripts/eval_scripts) by extension 'ros'
[0.828s] Level 1:colcon.colcon_core.package_identification:_identify(g1/scripts/unifolm-vla_g1-main/scripts/eval_scripts) by extensions ['cmake', 'python']
[0.828s] Level 1:colcon.colcon_core.package_identification:_identify(g1/scripts/unifolm-vla_g1-main/scripts/eval_scripts) by extension 'cmake'
[0.828s] Level 1:colcon.colcon_core.package_identification:_identify(g1/scripts/unifolm-vla_g1-main/scripts/eval_scripts) by extension 'python'
[0.828s] Level 1:colcon.colcon_core.package_identification:_identify(g1/scripts/unifolm-vla_g1-main/scripts/eval_scripts) by extensions ['python_setup_py']
[0.828s] Level 1:colcon.colcon_core.package_identification:_identify(g1/scripts/unifolm-vla_g1-main/scripts/eval_scripts) by extension 'python_setup_py'
[0.828s] Level 1:colcon.colcon_core.package_identification:_identify(g1/scripts/unifolm-vla_g1-main/scripts/run_scripts) by extensions ['ignore', 'ignore_ament_install']
[0.829s] Level 1:colcon.colcon_core.package_identification:_identify(g1/scripts/unifolm-vla_g1-main/scripts/run_scripts) by extension 'ignore'
[0.829s] Level 1:colcon.colcon_core.package_identification:_identify(g1/scripts/unifolm-vla_g1-main/scripts/run_scripts) by extension 'ignore_ament_install'
[0.829s] Level 1:colcon.colcon_core.package_identification:_identify(g1/scripts/unifolm-vla_g1-main/scripts/run_scripts) by extensions ['colcon_pkg']
[0.829s] Level 1:colcon.colcon_core.package_identification:_identify(g1/scripts/unifolm-vla_g1-main/scripts/run_scripts) by extension 'colcon_pkg'
[0.829s] Level 1:colcon.colcon_core.package_identification:_identify(g1/scripts/unifolm-vla_g1-main/scripts/run_scripts) by extensions ['colcon_meta']
[0.829s] Level 1:colcon.colcon_core.package_identification:_identify(g1/scripts/unifolm-vla_g1-main/scripts/run_scripts) by extension 'colcon_meta'
[0.829s] Level 1:colcon.colcon_core.package_identification:_identify(g1/scripts/unifolm-vla_g1-main/scripts/run_scripts) by extensions ['ros']
[0.829s] Level 1:colcon.colcon_core.package_identification:_identify(g1/scripts/unifolm-vla_g1-main/scripts/run_scripts) by extension 'ros'
[0.829s] Level 1:colcon.colcon_core.package_identification:_identify(g1/scripts/unifolm-vla_g1-main/scripts/run_scripts) by extensions ['cmake', 'python']
[0.829s] Level 1:colcon.colcon_core.package_identification:_identify(g1/scripts/unifolm-vla_g1-main/scripts/run_scripts) by extension 'cmake'
[0.829s] Level 1:colcon.colcon_core.package_identification:_identify(g1/scripts/unifolm-vla_g1-main/scripts/run_scripts) by extension 'python'
[0.829s] Level 1:colcon.colcon_core.package_identification:_identify(g1/scripts/unifolm-vla_g1-main/scripts/run_scripts) by extensions ['python_setup_py']
[0.829s] Level 1:colcon.colcon_core.package_identification:_identify(g1/scripts/unifolm-vla_g1-main/scripts/run_scripts) by extension 'python_setup_py'
[0.829s] Level 1:colcon.colcon_core.package_identification:_identify(g1/scripts/unifolm-vla_g1-main/src) by extensions ['ignore', 'ignore_ament_install']
[0.830s] Level 1:colcon.colcon_core.package_identification:_identify(g1/scripts/unifolm-vla_g1-main/src) by extension 'ignore'
[0.830s] Level 1:colcon.colcon_core.package_identification:_identify(g1/scripts/unifolm-vla_g1-main/src) by extension 'ignore_ament_install'
[0.830s] Level 1:colcon.colcon_core.package_identification:_identify(g1/scripts/unifolm-vla_g1-main/src) by extensions ['colcon_pkg']
[0.830s] Level 1:colcon.colcon_core.package_identification:_identify(g1/scripts/unifolm-vla_g1-main/src) by extension 'colcon_pkg'
[0.830s] Level 1:colcon.colcon_core.package_identification:_identify(g1/scripts/unifolm-vla_g1-main/src) by extensions ['colcon_meta']
[0.830s] Level 1:colcon.colcon_core.package_identification:_identify(g1/scripts/unifolm-vla_g1-main/src) by extension 'colcon_meta'
[0.830s] Level 1:colcon.colcon_core.package_identification:_identify(g1/scripts/unifolm-vla_g1-main/src) by extensions ['ros']
[0.830s] Level 1:colcon.colcon_core.package_identification:_identify(g1/scripts/unifolm-vla_g1-main/src) by extension 'ros'
[0.830s] Level 1:colcon.colcon_core.package_identification:_identify(g1/scripts/unifolm-vla_g1-main/src) by extensions ['cmake', 'python']
[0.830s] Level 1:colcon.colcon_core.package_identification:_identify(g1/scripts/unifolm-vla_g1-main/src) by extension 'cmake'
[0.830s] Level 1:colcon.colcon_core.package_identification:_identify(g1/scripts/unifolm-vla_g1-main/src) by extension 'python'
[0.830s] Level 1:colcon.colcon_core.package_identification:_identify(g1/scripts/unifolm-vla_g1-main/src) by extensions ['python_setup_py']
[0.830s] Level 1:colcon.colcon_core.package_identification:_identify(g1/scripts/unifolm-vla_g1-main/src) by extension 'python_setup_py'
[0.831s] Level 1:colcon.colcon_core.package_identification:_identify(g1/scripts/unifolm-vla_g1-main/src/unifolm_vla) by extensions ['ignore', 'ignore_ament_install']
[0.831s] Level 1:colcon.colcon_core.package_identification:_identify(g1/scripts/unifolm-vla_g1-main/src/unifolm_vla) by extension 'ignore'
[0.831s] Level 1:colcon.colcon_core.package_identification:_identify(g1/scripts/unifolm-vla_g1-main/src/unifolm_vla) by extension 'ignore_ament_install'
[0.831s] Level 1:colcon.colcon_core.package_identification:_identify(g1/scripts/unifolm-vla_g1-main/src/unifolm_vla) by extensions ['colcon_pkg']
[0.831s] Level 1:colcon.colcon_core.package_identification:_identify(g1/scripts/unifolm-vla_g1-main/src/unifolm_vla) by extension 'colcon_pkg'
[0.831s] Level 1:colcon.colcon_core.package_identification:_identify(g1/scripts/unifolm-vla_g1-main/src/unifolm_vla) by extensions ['colcon_meta']
[0.831s] Level 1:colcon.colcon_core.package_identification:_identify(g1/scripts/unifolm-vla_g1-main/src/unifolm_vla) by extension 'colcon_meta'
[0.831s] Level 1:colcon.colcon_core.package_identification:_identify(g1/scripts/unifolm-vla_g1-main/src/unifolm_vla) by extensions ['ros']
[0.831s] Level 1:colcon.colcon_core.package_identification:_identify(g1/scripts/unifolm-vla_g1-main/src/unifolm_vla) by extension 'ros'
[0.831s] Level 1:colcon.colcon_core.package_identification:_identify(g1/scripts/unifolm-vla_g1-main/src/unifolm_vla) by extensions ['cmake', 'python']
[0.831s] Level 1:colcon.colcon_core.package_identification:_identify(g1/scripts/unifolm-vla_g1-main/src/unifolm_vla) by extension 'cmake'
[0.831s] Level 1:colcon.colcon_core.package_identification:_identify(g1/scripts/unifolm-vla_g1-main/src/unifolm_vla) by extension 'python'
[0.831s] Level 1:colcon.colcon_core.package_identification:_identify(g1/scripts/unifolm-vla_g1-main/src/unifolm_vla) by extensions ['python_setup_py']
[0.831s] Level 1:colcon.colcon_core.package_identification:_identify(g1/scripts/unifolm-vla_g1-main/src/unifolm_vla) by extension 'python_setup_py'
[0.832s] Level 1:colcon.colcon_core.package_identification:_identify(g1/scripts/unifolm-vla_g1-main/src/unifolm_vla/config) by extensions ['ignore', 'ignore_ament_install']
[0.832s] Level 1:colcon.colcon_core.package_identification:_identify(g1/scripts/unifolm-vla_g1-main/src/unifolm_vla/config) by extension 'ignore'
[0.832s] Level 1:colcon.colcon_core.package_identification:_identify(g1/scripts/unifolm-vla_g1-main/src/unifolm_vla/config) by extension 'ignore_ament_install'
[0.832s] Level 1:colcon.colcon_core.package_identification:_identify(g1/scripts/unifolm-vla_g1-main/src/unifolm_vla/config) by extensions ['colcon_pkg']
[0.832s] Level 1:colcon.colcon_core.package_identification:_identify(g1/scripts/unifolm-vla_g1-main/src/unifolm_vla/config) by extension 'colcon_pkg'
[0.832s] Level 1:colcon.colcon_core.package_identification:_identify(g1/scripts/unifolm-vla_g1-main/src/unifolm_vla/config) by extensions ['colcon_meta']
[0.832s] Level 1:colcon.colcon_core.package_identification:_identify(g1/scripts/unifolm-vla_g1-main/src/unifolm_vla/config) by extension 'colcon_meta'
[0.832s] Level 1:colcon.colcon_core.package_identification:_identify(g1/scripts/unifolm-vla_g1-main/src/unifolm_vla/config) by extensions ['ros']
[0.832s] Level 1:colcon.colcon_core.package_identification:_identify(g1/scripts/unifolm-vla_g1-main/src/unifolm_vla/config) by extension 'ros'
[0.832s] Level 1:colcon.colcon_core.package_identification:_identify(g1/scripts/unifolm-vla_g1-main/src/unifolm_vla/config) by extensions ['cmake', 'python']
[0.832s] Level 1:colcon.colcon_core.package_identification:_identify(g1/scripts/unifolm-vla_g1-main/src/unifolm_vla/config) by extension 'cmake'
[0.832s] Level 1:colcon.colcon_core.package_identification:_identify(g1/scripts/unifolm-vla_g1-main/src/unifolm_vla/config) by extension 'python'
[0.832s] Level 1:colcon.colcon_core.package_identification:_identify(g1/scripts/unifolm-vla_g1-main/src/unifolm_vla/config) by extensions ['python_setup_py']
[0.832s] Level 1:colcon.colcon_core.package_identification:_identify(g1/scripts/unifolm-vla_g1-main/src/unifolm_vla/config) by extension 'python_setup_py'
[0.833s] Level 1:colcon.colcon_core.package_identification:_identify(g1/scripts/unifolm-vla_g1-main/src/unifolm_vla/config/deepseeds) by extensions ['ignore', 'ignore_ament_install']
[0.833s] Level 1:colcon.colcon_core.package_identification:_identify(g1/scripts/unifolm-vla_g1-main/src/unifolm_vla/config/deepseeds) by extension 'ignore'
[0.833s] Level 1:colcon.colcon_core.package_identification:_identify(g1/scripts/unifolm-vla_g1-main/src/unifolm_vla/config/deepseeds) by extension 'ignore_ament_install'
[0.833s] Level 1:colcon.colcon_core.package_identification:_identify(g1/scripts/unifolm-vla_g1-main/src/unifolm_vla/config/deepseeds) by extensions ['colcon_pkg']
[0.833s] Level 1:colcon.colcon_core.package_identification:_identify(g1/scripts/unifolm-vla_g1-main/src/unifolm_vla/config/deepseeds) by extension 'colcon_pkg'
[0.833s] Level 1:colcon.colcon_core.package_identification:_identify(g1/scripts/unifolm-vla_g1-main/src/unifolm_vla/config/deepseeds) by extensions ['colcon_meta']
[0.833s] Level 1:colcon.colcon_core.package_identification:_identify(g1/scripts/unifolm-vla_g1-main/src/unifolm_vla/config/deepseeds) by extension 'colcon_meta'
[0.833s] Level 1:colcon.colcon_core.package_identification:_identify(g1/scripts/unifolm-vla_g1-main/src/unifolm_vla/config/deepseeds) by extensions ['ros']
[0.833s] Level 1:colcon.colcon_core.package_identification:_identify(g1/scripts/unifolm-vla_g1-main/src/unifolm_vla/config/deepseeds) by extension 'ros'
[0.833s] Level 1:colcon.colcon_core.package_identification:_identify(g1/scripts/unifolm-vla_g1-main/src/unifolm_vla/config/deepseeds) by extensions ['cmake', 'python']
[0.833s] Level 1:colcon.colcon_core.package_identification:_identify(g1/scripts/unifolm-vla_g1-main/src/unifolm_vla/config/deepseeds) by extension 'cmake'
[0.834s] Level 1:colcon.colcon_core.package_identification:_identify(g1/scripts/unifolm-vla_g1-main/src/unifolm_vla/config/deepseeds) by extension 'python'
[0.834s] Level 1:colcon.colcon_core.package_identification:_identify(g1/scripts/unifolm-vla_g1-main/src/unifolm_vla/config/deepseeds) by extensions ['python_setup_py']
[0.834s] Level 1:colcon.colcon_core.package_identification:_identify(g1/scripts/unifolm-vla_g1-main/src/unifolm_vla/config/deepseeds) by extension 'python_setup_py'
[0.834s] Level 1:colcon.colcon_core.package_identification:_identify(g1/scripts/unifolm-vla_g1-main/src/unifolm_vla/config/training) by extensions ['ignore', 'ignore_ament_install']
[0.834s] Level 1:colcon.colcon_core.package_identification:_identify(g1/scripts/unifolm-vla_g1-main/src/unifolm_vla/config/training) by extension 'ignore'
[0.834s] Level 1:colcon.colcon_core.package_identification:_identify(g1/scripts/unifolm-vla_g1-main/src/unifolm_vla/config/training) by extension 'ignore_ament_install'
[0.834s] Level 1:colcon.colcon_core.package_identification:_identify(g1/scripts/unifolm-vla_g1-main/src/unifolm_vla/config/training) by extensions ['colcon_pkg']
[0.834s] Level 1:colcon.colcon_core.package_identification:_identify(g1/scripts/unifolm-vla_g1-main/src/unifolm_vla/config/training) by extension 'colcon_pkg'
[0.834s] Level 1:colcon.colcon_core.package_identification:_identify(g1/scripts/unifolm-vla_g1-main/src/unifolm_vla/config/training) by extensions ['colcon_meta']
[0.834s] Level 1:colcon.colcon_core.package_identification:_identify(g1/scripts/unifolm-vla_g1-main/src/unifolm_vla/config/training) by extension 'colcon_meta'
[0.834s] Level 1:colcon.colcon_core.package_identification:_identify(g1/scripts/unifolm-vla_g1-main/src/unifolm_vla/config/training) by extensions ['ros']
[0.834s] Level 1:colcon.colcon_core.package_identification:_identify(g1/scripts/unifolm-vla_g1-main/src/unifolm_vla/config/training) by extension 'ros'
[0.834s] Level 1:colcon.colcon_core.package_identification:_identify(g1/scripts/unifolm-vla_g1-main/src/unifolm_vla/config/training) by extensions ['cmake', 'python']
[0.834s] Level 1:colcon.colcon_core.package_identification:_identify(g1/scripts/unifolm-vla_g1-main/src/unifolm_vla/config/training) by extension 'cmake'
[0.835s] Level 1:colcon.colcon_core.package_identification:_identify(g1/scripts/unifolm-vla_g1-main/src/unifolm_vla/config/training) by extension 'python'
[0.835s] Level 1:colcon.colcon_core.package_identification:_identify(g1/scripts/unifolm-vla_g1-main/src/unifolm_vla/config/training) by extensions ['python_setup_py']
[0.835s] Level 1:colcon.colcon_core.package_identification:_identify(g1/scripts/unifolm-vla_g1-main/src/unifolm_vla/config/training) by extension 'python_setup_py'
[0.835s] Level 1:colcon.colcon_core.package_identification:_identify(g1/scripts/unifolm-vla_g1-main/src/unifolm_vla/model) by extensions ['ignore', 'ignore_ament_install']
[0.835s] Level 1:colcon.colcon_core.package_identification:_identify(g1/scripts/unifolm-vla_g1-main/src/unifolm_vla/model) by extension 'ignore'
[0.835s] Level 1:colcon.colcon_core.package_identification:_identify(g1/scripts/unifolm-vla_g1-main/src/unifolm_vla/model) by extension 'ignore_ament_install'
[0.835s] Level 1:colcon.colcon_core.package_identification:_identify(g1/scripts/unifolm-vla_g1-main/src/unifolm_vla/model) by extensions ['colcon_pkg']
[0.835s] Level 1:colcon.colcon_core.package_identification:_identify(g1/scripts/unifolm-vla_g1-main/src/unifolm_vla/model) by extension 'colcon_pkg'
[0.835s] Level 1:colcon.colcon_core.package_identification:_identify(g1/scripts/unifolm-vla_g1-main/src/unifolm_vla/model) by extensions ['colcon_meta']
[0.835s] Level 1:colcon.colcon_core.package_identification:_identify(g1/scripts/unifolm-vla_g1-main/src/unifolm_vla/model) by extension 'colcon_meta'
[0.835s] Level 1:colcon.colcon_core.package_identification:_identify(g1/scripts/unifolm-vla_g1-main/src/unifolm_vla/model) by extensions ['ros']
[0.835s] Level 1:colcon.colcon_core.package_identification:_identify(g1/scripts/unifolm-vla_g1-main/src/unifolm_vla/model) by extension 'ros'
[0.835s] Level 1:colcon.colcon_core.package_identification:_identify(g1/scripts/unifolm-vla_g1-main/src/unifolm_vla/model) by extensions ['cmake', 'python']
[0.835s] Level 1:colcon.colcon_core.package_identification:_identify(g1/scripts/unifolm-vla_g1-main/src/unifolm_vla/model) by extension 'cmake'
[0.835s] Level 1:colcon.colcon_core.package_identification:_identify(g1/scripts/unifolm-vla_g1-main/src/unifolm_vla/model) by extension 'python'
[0.835s] Level 1:colcon.colcon_core.package_identification:_identify(g1/scripts/unifolm-vla_g1-main/src/unifolm_vla/model) by extensions ['python_setup_py']
[0.836s] Level 1:colcon.colcon_core.package_identification:_identify(g1/scripts/unifolm-vla_g1-main/src/unifolm_vla/model) by extension 'python_setup_py'
[0.836s] Level 1:colcon.colcon_core.package_identification:_identify(g1/scripts/unifolm-vla_g1-main/src/unifolm_vla/model/framework) by extensions ['ignore', 'ignore_ament_install']
[0.836s] Level 1:colcon.colcon_core.package_identification:_identify(g1/scripts/unifolm-vla_g1-main/src/unifolm_vla/model/framework) by extension 'ignore'
[0.836s] Level 1:colcon.colcon_core.package_identification:_identify(g1/scripts/unifolm-vla_g1-main/src/unifolm_vla/model/framework) by extension 'ignore_ament_install'
[0.836s] Level 1:colcon.colcon_core.package_identification:_identify(g1/scripts/unifolm-vla_g1-main/src/unifolm_vla/model/framework) by extensions ['colcon_pkg']
[0.836s] Level 1:colcon.colcon_core.package_identification:_identify(g1/scripts/unifolm-vla_g1-main/src/unifolm_vla/model/framework) by extension 'colcon_pkg'
[0.836s] Level 1:colcon.colcon_core.package_identification:_identify(g1/scripts/unifolm-vla_g1-main/src/unifolm_vla/model/framework) by extensions ['colcon_meta']
[0.836s] Level 1:colcon.colcon_core.package_identification:_identify(g1/scripts/unifolm-vla_g1-main/src/unifolm_vla/model/framework) by extension 'colcon_meta'
[0.836s] Level 1:colcon.colcon_core.package_identification:_identify(g1/scripts/unifolm-vla_g1-main/src/unifolm_vla/model/framework) by extensions ['ros']
[0.836s] Level 1:colcon.colcon_core.package_identification:_identify(g1/scripts/unifolm-vla_g1-main/src/unifolm_vla/model/framework) by extension 'ros'
[0.836s] Level 1:colcon.colcon_core.package_identification:_identify(g1/scripts/unifolm-vla_g1-main/src/unifolm_vla/model/framework) by extensions ['cmake', 'python']
[0.836s] Level 1:colcon.colcon_core.package_identification:_identify(g1/scripts/unifolm-vla_g1-main/src/unifolm_vla/model/framework) by extension 'cmake'
[0.837s] Level 1:colcon.colcon_core.package_identification:_identify(g1/scripts/unifolm-vla_g1-main/src/unifolm_vla/model/framework) by extension 'python'
[0.837s] Level 1:colcon.colcon_core.package_identification:_identify(g1/scripts/unifolm-vla_g1-main/src/unifolm_vla/model/framework) by extensions ['python_setup_py']
[0.837s] Level 1:colcon.colcon_core.package_identification:_identify(g1/scripts/unifolm-vla_g1-main/src/unifolm_vla/model/framework) by extension 'python_setup_py'
[0.837s] Level 1:colcon.colcon_core.package_identification:_identify(g1/scripts/unifolm-vla_g1-main/src/unifolm_vla/model/modules) by extensions ['ignore', 'ignore_ament_install']
[0.837s] Level 1:colcon.colcon_core.package_identification:_identify(g1/scripts/unifolm-vla_g1-main/src/unifolm_vla/model/modules) by extension 'ignore'
[0.837s] Level 1:colcon.colcon_core.package_identification:_identify(g1/scripts/unifolm-vla_g1-main/src/unifolm_vla/model/modules) by extension 'ignore_ament_install'
[0.837s] Level 1:colcon.colcon_core.package_identification:_identify(g1/scripts/unifolm-vla_g1-main/src/unifolm_vla/model/modules) by extensions ['colcon_pkg']
[0.837s] Level 1:colcon.colcon_core.package_identification:_identify(g1/scripts/unifolm-vla_g1-main/src/unifolm_vla/model/modules) by extension 'colcon_pkg'
[0.837s] Level 1:colcon.colcon_core.package_identification:_identify(g1/scripts/unifolm-vla_g1-main/src/unifolm_vla/model/modules) by extensions ['colcon_meta']
[0.837s] Level 1:colcon.colcon_core.package_identification:_identify(g1/scripts/unifolm-vla_g1-main/src/unifolm_vla/model/modules) by extension 'colcon_meta'
[0.837s] Level 1:colcon.colcon_core.package_identification:_identify(g1/scripts/unifolm-vla_g1-main/src/unifolm_vla/model/modules) by extensions ['ros']
[0.838s] Level 1:colcon.colcon_core.package_identification:_identify(g1/scripts/unifolm-vla_g1-main/src/unifolm_vla/model/modules) by extension 'ros'
[0.838s] Level 1:colcon.colcon_core.package_identification:_identify(g1/scripts/unifolm-vla_g1-main/src/unifolm_vla/model/modules) by extensions ['cmake', 'python']
[0.838s] Level 1:colcon.colcon_core.package_identification:_identify(g1/scripts/unifolm-vla_g1-main/src/unifolm_vla/model/modules) by extension 'cmake'
[0.838s] Level 1:colcon.colcon_core.package_identification:_identify(g1/scripts/unifolm-vla_g1-main/src/unifolm_vla/model/modules) by extension 'python'
[0.838s] Level 1:colcon.colcon_core.package_identification:_identify(g1/scripts/unifolm-vla_g1-main/src/unifolm_vla/model/modules) by extensions ['python_setup_py']
[0.838s] Level 1:colcon.colcon_core.package_identification:_identify(g1/scripts/unifolm-vla_g1-main/src/unifolm_vla/model/modules) by extension 'python_setup_py'
[0.838s] Level 1:colcon.colcon_core.package_identification:_identify(g1/scripts/unifolm-vla_g1-main/src/unifolm_vla/model/modules/action_model) by extensions ['ignore', 'ignore_ament_install']
[0.838s] Level 1:colcon.colcon_core.package_identification:_identify(g1/scripts/unifolm-vla_g1-main/src/unifolm_vla/model/modules/action_model) by extension 'ignore'
[0.838s] Level 1:colcon.colcon_core.package_identification:_identify(g1/scripts/unifolm-vla_g1-main/src/unifolm_vla/model/modules/action_model) by extension 'ignore_ament_install'
[0.838s] Level 1:colcon.colcon_core.package_identification:_identify(g1/scripts/unifolm-vla_g1-main/src/unifolm_vla/model/modules/action_model) by extensions ['colcon_pkg']
[0.839s] Level 1:colcon.colcon_core.package_identification:_identify(g1/scripts/unifolm-vla_g1-main/src/unifolm_vla/model/modules/action_model) by extension 'colcon_pkg'
[0.839s] Level 1:colcon.colcon_core.package_identification:_identify(g1/scripts/unifolm-vla_g1-main/src/unifolm_vla/model/modules/action_model) by extensions ['colcon_meta']
[0.839s] Level 1:colcon.colcon_core.package_identification:_identify(g1/scripts/unifolm-vla_g1-main/src/unifolm_vla/model/modules/action_model) by extension 'colcon_meta'
[0.839s] Level 1:colcon.colcon_core.package_identification:_identify(g1/scripts/unifolm-vla_g1-main/src/unifolm_vla/model/modules/action_model) by extensions ['ros']
[0.839s] Level 1:colcon.colcon_core.package_identification:_identify(g1/scripts/unifolm-vla_g1-main/src/unifolm_vla/model/modules/action_model) by extension 'ros'
[0.839s] Level 1:colcon.colcon_core.package_identification:_identify(g1/scripts/unifolm-vla_g1-main/src/unifolm_vla/model/modules/action_model) by extensions ['cmake', 'python']
[0.839s] Level 1:colcon.colcon_core.package_identification:_identify(g1/scripts/unifolm-vla_g1-main/src/unifolm_vla/model/modules/action_model) by extension 'cmake'
[0.839s] Level 1:colcon.colcon_core.package_identification:_identify(g1/scripts/unifolm-vla_g1-main/src/unifolm_vla/model/modules/action_model) by extension 'python'
[0.839s] Level 1:colcon.colcon_core.package_identification:_identify(g1/scripts/unifolm-vla_g1-main/src/unifolm_vla/model/modules/action_model) by extensions ['python_setup_py']
[0.839s] Level 1:colcon.colcon_core.package_identification:_identify(g1/scripts/unifolm-vla_g1-main/src/unifolm_vla/model/modules/action_model) by extension 'python_setup_py'
[0.839s] Level 1:colcon.colcon_core.package_identification:_identify(g1/scripts/unifolm-vla_g1-main/src/unifolm_vla/model/modules/action_model/flow_matching_modules) by extensions ['ignore', 'ignore_ament_install']
[0.839s] Level 1:colcon.colcon_core.package_identification:_identify(g1/scripts/unifolm-vla_g1-main/src/unifolm_vla/model/modules/action_model/flow_matching_modules) by extension 'ignore'
[0.839s] Level 1:colcon.colcon_core.package_identification:_identify(g1/scripts/unifolm-vla_g1-main/src/unifolm_vla/model/modules/action_model/flow_matching_modules) by extension 'ignore_ament_install'
[0.840s] Level 1:colcon.colcon_core.package_identification:_identify(g1/scripts/unifolm-vla_g1-main/src/unifolm_vla/model/modules/action_model/flow_matching_modules) by extensions ['colcon_pkg']
[0.840s] Level 1:colcon.colcon_core.package_identification:_identify(g1/scripts/unifolm-vla_g1-main/src/unifolm_vla/model/modules/action_model/flow_matching_modules) by extension 'colcon_pkg'
[0.840s] Level 1:colcon.colcon_core.package_identification:_identify(g1/scripts/unifolm-vla_g1-main/src/unifolm_vla/model/modules/action_model/flow_matching_modules) by extensions ['colcon_meta']
[0.840s] Level 1:colcon.colcon_core.package_identification:_identify(g1/scripts/unifolm-vla_g1-main/src/unifolm_vla/model/modules/action_model/flow_matching_modules) by extension 'colcon_meta'
[0.840s] Level 1:colcon.colcon_core.package_identification:_identify(g1/scripts/unifolm-vla_g1-main/src/unifolm_vla/model/modules/action_model/flow_matching_modules) by extensions ['ros']
[0.840s] Level 1:colcon.colcon_core.package_identification:_identify(g1/scripts/unifolm-vla_g1-main/src/unifolm_vla/model/modules/action_model/flow_matching_modules) by extension 'ros'
[0.840s] Level 1:colcon.colcon_core.package_identification:_identify(g1/scripts/unifolm-vla_g1-main/src/unifolm_vla/model/modules/action_model/flow_matching_modules) by extensions ['cmake', 'python']
[0.840s] Level 1:colcon.colcon_core.package_identification:_identify(g1/scripts/unifolm-vla_g1-main/src/unifolm_vla/model/modules/action_model/flow_matching_modules) by extension 'cmake'
[0.840s] Level 1:colcon.colcon_core.package_identification:_identify(g1/scripts/unifolm-vla_g1-main/src/unifolm_vla/model/modules/action_model/flow_matching_modules) by extension 'python'
[0.840s] Level 1:colcon.colcon_core.package_identification:_identify(g1/scripts/unifolm-vla_g1-main/src/unifolm_vla/model/modules/action_model/flow_matching_modules) by extensions ['python_setup_py']
[0.840s] Level 1:colcon.colcon_core.package_identification:_identify(g1/scripts/unifolm-vla_g1-main/src/unifolm_vla/model/modules/action_model/flow_matching_modules) by extension 'python_setup_py'
[0.840s] Level 1:colcon.colcon_core.package_identification:_identify(g1/scripts/unifolm-vla_g1-main/src/unifolm_vla/model/modules/vlm) by extensions ['ignore', 'ignore_ament_install']
[0.840s] Level 1:colcon.colcon_core.package_identification:_identify(g1/scripts/unifolm-vla_g1-main/src/unifolm_vla/model/modules/vlm) by extension 'ignore'
[0.841s] Level 1:colcon.colcon_core.package_identification:_identify(g1/scripts/unifolm-vla_g1-main/src/unifolm_vla/model/modules/vlm) by extension 'ignore_ament_install'
[0.841s] Level 1:colcon.colcon_core.package_identification:_identify(g1/scripts/unifolm-vla_g1-main/src/unifolm_vla/model/modules/vlm) by extensions ['colcon_pkg']
[0.841s] Level 1:colcon.colcon_core.package_identification:_identify(g1/scripts/unifolm-vla_g1-main/src/unifolm_vla/model/modules/vlm) by extension 'colcon_pkg'
[0.841s] Level 1:colcon.colcon_core.package_identification:_identify(g1/scripts/unifolm-vla_g1-main/src/unifolm_vla/model/modules/vlm) by extensions ['colcon_meta']
[0.841s] Level 1:colcon.colcon_core.package_identification:_identify(g1/scripts/unifolm-vla_g1-main/src/unifolm_vla/model/modules/vlm) by extension 'colcon_meta'
[0.841s] Level 1:colcon.colcon_core.package_identification:_identify(g1/scripts/unifolm-vla_g1-main/src/unifolm_vla/model/modules/vlm) by extensions ['ros']
[0.841s] Level 1:colcon.colcon_core.package_identification:_identify(g1/scripts/unifolm-vla_g1-main/src/unifolm_vla/model/modules/vlm) by extension 'ros'
[0.841s] Level 1:colcon.colcon_core.package_identification:_identify(g1/scripts/unifolm-vla_g1-main/src/unifolm_vla/model/modules/vlm) by extensions ['cmake', 'python']
[0.841s] Level 1:colcon.colcon_core.package_identification:_identify(g1/scripts/unifolm-vla_g1-main/src/unifolm_vla/model/modules/vlm) by extension 'cmake'
[0.841s] Level 1:colcon.colcon_core.package_identification:_identify(g1/scripts/unifolm-vla_g1-main/src/unifolm_vla/model/modules/vlm) by extension 'python'
[0.841s] Level 1:colcon.colcon_core.package_identification:_identify(g1/scripts/unifolm-vla_g1-main/src/unifolm_vla/model/modules/vlm) by extensions ['python_setup_py']
[0.841s] Level 1:colcon.colcon_core.package_identification:_identify(g1/scripts/unifolm-vla_g1-main/src/unifolm_vla/model/modules/vlm) by extension 'python_setup_py'
[0.841s] Level 1:colcon.colcon_core.package_identification:_identify(g1/scripts/unifolm-vla_g1-main/src/unifolm_vla/model/utils) by extensions ['ignore', 'ignore_ament_install']
[0.842s] Level 1:colcon.colcon_core.package_identification:_identify(g1/scripts/unifolm-vla_g1-main/src/unifolm_vla/model/utils) by extension 'ignore'
[0.842s] Level 1:colcon.colcon_core.package_identification:_identify(g1/scripts/unifolm-vla_g1-main/src/unifolm_vla/model/utils) by extension 'ignore_ament_install'
[0.842s] Level 1:colcon.colcon_core.package_identification:_identify(g1/scripts/unifolm-vla_g1-main/src/unifolm_vla/model/utils) by extensions ['colcon_pkg']
[0.842s] Level 1:colcon.colcon_core.package_identification:_identify(g1/scripts/unifolm-vla_g1-main/src/unifolm_vla/model/utils) by extension 'colcon_pkg'
[0.842s] Level 1:colcon.colcon_core.package_identification:_identify(g1/scripts/unifolm-vla_g1-main/src/unifolm_vla/model/utils) by extensions ['colcon_meta']
[0.842s] Level 1:colcon.colcon_core.package_identification:_identify(g1/scripts/unifolm-vla_g1-main/src/unifolm_vla/model/utils) by extension 'colcon_meta'
[0.842s] Level 1:colcon.colcon_core.package_identification:_identify(g1/scripts/unifolm-vla_g1-main/src/unifolm_vla/model/utils) by extensions ['ros']
[0.842s] Level 1:colcon.colcon_core.package_identification:_identify(g1/scripts/unifolm-vla_g1-main/src/unifolm_vla/model/utils) by extension 'ros'
[0.842s] Level 1:colcon.colcon_core.package_identification:_identify(g1/scripts/unifolm-vla_g1-main/src/unifolm_vla/model/utils) by extensions ['cmake', 'python']
[0.842s] Level 1:colcon.colcon_core.package_identification:_identify(g1/scripts/unifolm-vla_g1-main/src/unifolm_vla/model/utils) by extension 'cmake'
[0.842s] Level 1:colcon.colcon_core.package_identification:_identify(g1/scripts/unifolm-vla_g1-main/src/unifolm_vla/model/utils) by extension 'python'
[0.842s] Level 1:colcon.colcon_core.package_identification:_identify(g1/scripts/unifolm-vla_g1-main/src/unifolm_vla/model/utils) by extensions ['python_setup_py']
[0.842s] Level 1:colcon.colcon_core.package_identification:_identify(g1/scripts/unifolm-vla_g1-main/src/unifolm_vla/model/utils) by extension 'python_setup_py'
[0.843s] Level 1:colcon.colcon_core.package_identification:_identify(g1/scripts/unifolm-vla_g1-main/src/unifolm_vla/rlds_dataloader) by extensions ['ignore', 'ignore_ament_install']
[0.843s] Level 1:colcon.colcon_core.package_identification:_identify(g1/scripts/unifolm-vla_g1-main/src/unifolm_vla/rlds_dataloader) by extension 'ignore'
[0.843s] Level 1:colcon.colcon_core.package_identification:_identify(g1/scripts/unifolm-vla_g1-main/src/unifolm_vla/rlds_dataloader) by extension 'ignore_ament_install'
[0.843s] Level 1:colcon.colcon_core.package_identification:_identify(g1/scripts/unifolm-vla_g1-main/src/unifolm_vla/rlds_dataloader) by extensions ['colcon_pkg']
[0.843s] Level 1:colcon.colcon_core.package_identification:_identify(g1/scripts/unifolm-vla_g1-main/src/unifolm_vla/rlds_dataloader) by extension 'colcon_pkg'
[0.843s] Level 1:colcon.colcon_core.package_identification:_identify(g1/scripts/unifolm-vla_g1-main/src/unifolm_vla/rlds_dataloader) by extensions ['colcon_meta']
[0.843s] Level 1:colcon.colcon_core.package_identification:_identify(g1/scripts/unifolm-vla_g1-main/src/unifolm_vla/rlds_dataloader) by extension 'colcon_meta'
[0.843s] Level 1:colcon.colcon_core.package_identification:_identify(g1/scripts/unifolm-vla_g1-main/src/unifolm_vla/rlds_dataloader) by extensions ['ros']
[0.843s] Level 1:colcon.colcon_core.package_identification:_identify(g1/scripts/unifolm-vla_g1-main/src/unifolm_vla/rlds_dataloader) by extension 'ros'
[0.843s] Level 1:colcon.colcon_core.package_identification:_identify(g1/scripts/unifolm-vla_g1-main/src/unifolm_vla/rlds_dataloader) by extensions ['cmake', 'python']
[0.843s] Level 1:colcon.colcon_core.package_identification:_identify(g1/scripts/unifolm-vla_g1-main/src/unifolm_vla/rlds_dataloader) by extension 'cmake'
[0.843s] Level 1:colcon.colcon_core.package_identification:_identify(g1/scripts/unifolm-vla_g1-main/src/unifolm_vla/rlds_dataloader) by extension 'python'
[0.843s] Level 1:colcon.colcon_core.package_identification:_identify(g1/scripts/unifolm-vla_g1-main/src/unifolm_vla/rlds_dataloader) by extensions ['python_setup_py']
[0.843s] Level 1:colcon.colcon_core.package_identification:_identify(g1/scripts/unifolm-vla_g1-main/src/unifolm_vla/rlds_dataloader) by extension 'python_setup_py'
[0.844s] Level 1:colcon.colcon_core.package_identification:_identify(g1/scripts/unifolm-vla_g1-main/src/unifolm_vla/rlds_dataloader/datasets) by extensions ['ignore', 'ignore_ament_install']
[0.844s] Level 1:colcon.colcon_core.package_identification:_identify(g1/scripts/unifolm-vla_g1-main/src/unifolm_vla/rlds_dataloader/datasets) by extension 'ignore'
[0.844s] Level 1:colcon.colcon_core.package_identification:_identify(g1/scripts/unifolm-vla_g1-main/src/unifolm_vla/rlds_dataloader/datasets) by extension 'ignore_ament_install'
[0.844s] Level 1:colcon.colcon_core.package_identification:_identify(g1/scripts/unifolm-vla_g1-main/src/unifolm_vla/rlds_dataloader/datasets) by extensions ['colcon_pkg']
[0.844s] Level 1:colcon.colcon_core.package_identification:_identify(g1/scripts/unifolm-vla_g1-main/src/unifolm_vla/rlds_dataloader/datasets) by extension 'colcon_pkg'
[0.844s] Level 1:colcon.colcon_core.package_identification:_identify(g1/scripts/unifolm-vla_g1-main/src/unifolm_vla/rlds_dataloader/datasets) by extensions ['colcon_meta']
[0.844s] Level 1:colcon.colcon_core.package_identification:_identify(g1/scripts/unifolm-vla_g1-main/src/unifolm_vla/rlds_dataloader/datasets) by extension 'colcon_meta'
[0.844s] Level 1:colcon.colcon_core.package_identification:_identify(g1/scripts/unifolm-vla_g1-main/src/unifolm_vla/rlds_dataloader/datasets) by extensions ['ros']
[0.844s] Level 1:colcon.colcon_core.package_identification:_identify(g1/scripts/unifolm-vla_g1-main/src/unifolm_vla/rlds_dataloader/datasets) by extension 'ros'
[0.844s] Level 1:colcon.colcon_core.package_identification:_identify(g1/scripts/unifolm-vla_g1-main/src/unifolm_vla/rlds_dataloader/datasets) by extensions ['cmake', 'python']
[0.844s] Level 1:colcon.colcon_core.package_identification:_identify(g1/scripts/unifolm-vla_g1-main/src/unifolm_vla/rlds_dataloader/datasets) by extension 'cmake'
[0.844s] Level 1:colcon.colcon_core.package_identification:_identify(g1/scripts/unifolm-vla_g1-main/src/unifolm_vla/rlds_dataloader/datasets) by extension 'python'
[0.844s] Level 1:colcon.colcon_core.package_identification:_identify(g1/scripts/unifolm-vla_g1-main/src/unifolm_vla/rlds_dataloader/datasets) by extensions ['python_setup_py']
[0.844s] Level 1:colcon.colcon_core.package_identification:_identify(g1/scripts/unifolm-vla_g1-main/src/unifolm_vla/rlds_dataloader/datasets) by extension 'python_setup_py'
[0.845s] Level 1:colcon.colcon_core.package_identification:_identify(g1/scripts/unifolm-vla_g1-main/src/unifolm_vla/rlds_dataloader/datasets/rlds) by extensions ['ignore', 'ignore_ament_install']
[0.845s] Level 1:colcon.colcon_core.package_identification:_identify(g1/scripts/unifolm-vla_g1-main/src/unifolm_vla/rlds_dataloader/datasets/rlds) by extension 'ignore'
[0.845s] Level 1:colcon.colcon_core.package_identification:_identify(g1/scripts/unifolm-vla_g1-main/src/unifolm_vla/rlds_dataloader/datasets/rlds) by extension 'ignore_ament_install'
[0.845s] Level 1:colcon.colcon_core.package_identification:_identify(g1/scripts/unifolm-vla_g1-main/src/unifolm_vla/rlds_dataloader/datasets/rlds) by extensions ['colcon_pkg']
[0.845s] Level 1:colcon.colcon_core.package_identification:_identify(g1/scripts/unifolm-vla_g1-main/src/unifolm_vla/rlds_dataloader/datasets/rlds) by extension 'colcon_pkg'
[0.845s] Level 1:colcon.colcon_core.package_identification:_identify(g1/scripts/unifolm-vla_g1-main/src/unifolm_vla/rlds_dataloader/datasets/rlds) by extensions ['colcon_meta']
[0.845s] Level 1:colcon.colcon_core.package_identification:_identify(g1/scripts/unifolm-vla_g1-main/src/unifolm_vla/rlds_dataloader/datasets/rlds) by extension 'colcon_meta'
[0.845s] Level 1:colcon.colcon_core.package_identification:_identify(g1/scripts/unifolm-vla_g1-main/src/unifolm_vla/rlds_dataloader/datasets/rlds) by extensions ['ros']
[0.845s] Level 1:colcon.colcon_core.package_identification:_identify(g1/scripts/unifolm-vla_g1-main/src/unifolm_vla/rlds_dataloader/datasets/rlds) by extension 'ros'
[0.845s] Level 1:colcon.colcon_core.package_identification:_identify(g1/scripts/unifolm-vla_g1-main/src/unifolm_vla/rlds_dataloader/datasets/rlds) by extensions ['cmake', 'python']
[0.845s] Level 1:colcon.colcon_core.package_identification:_identify(g1/scripts/unifolm-vla_g1-main/src/unifolm_vla/rlds_dataloader/datasets/rlds) by extension 'cmake'
[0.846s] Level 1:colcon.colcon_core.package_identification:_identify(g1/scripts/unifolm-vla_g1-main/src/unifolm_vla/rlds_dataloader/datasets/rlds) by extension 'python'
[0.846s] Level 1:colcon.colcon_core.package_identification:_identify(g1/scripts/unifolm-vla_g1-main/src/unifolm_vla/rlds_dataloader/datasets/rlds) by extensions ['python_setup_py']
[0.846s] Level 1:colcon.colcon_core.package_identification:_identify(g1/scripts/unifolm-vla_g1-main/src/unifolm_vla/rlds_dataloader/datasets/rlds) by extension 'python_setup_py'
[0.846s] Level 1:colcon.colcon_core.package_identification:_identify(g1/scripts/unifolm-vla_g1-main/src/unifolm_vla/rlds_dataloader/datasets/rlds/oxe) by extensions ['ignore', 'ignore_ament_install']
[0.846s] Level 1:colcon.colcon_core.package_identification:_identify(g1/scripts/unifolm-vla_g1-main/src/unifolm_vla/rlds_dataloader/datasets/rlds/oxe) by extension 'ignore'
[0.846s] Level 1:colcon.colcon_core.package_identification:_identify(g1/scripts/unifolm-vla_g1-main/src/unifolm_vla/rlds_dataloader/datasets/rlds/oxe) by extension 'ignore_ament_install'
[0.846s] Level 1:colcon.colcon_core.package_identification:_identify(g1/scripts/unifolm-vla_g1-main/src/unifolm_vla/rlds_dataloader/datasets/rlds/oxe) by extensions ['colcon_pkg']
[0.846s] Level 1:colcon.colcon_core.package_identification:_identify(g1/scripts/unifolm-vla_g1-main/src/unifolm_vla/rlds_dataloader/datasets/rlds/oxe) by extension 'colcon_pkg'
[0.847s] Level 1:colcon.colcon_core.package_identification:_identify(g1/scripts/unifolm-vla_g1-main/src/unifolm_vla/rlds_dataloader/datasets/rlds/oxe) by extensions ['colcon_meta']
[0.847s] Level 1:colcon.colcon_core.package_identification:_identify(g1/scripts/unifolm-vla_g1-main/src/unifolm_vla/rlds_dataloader/datasets/rlds/oxe) by extension 'colcon_meta'
[0.847s] Level 1:colcon.colcon_core.package_identification:_identify(g1/scripts/unifolm-vla_g1-main/src/unifolm_vla/rlds_dataloader/datasets/rlds/oxe) by extensions ['ros']
[0.847s] Level 1:colcon.colcon_core.package_identification:_identify(g1/scripts/unifolm-vla_g1-main/src/unifolm_vla/rlds_dataloader/datasets/rlds/oxe) by extension 'ros'
[0.847s] Level 1:colcon.colcon_core.package_identification:_identify(g1/scripts/unifolm-vla_g1-main/src/unifolm_vla/rlds_dataloader/datasets/rlds/oxe) by extensions ['cmake', 'python']
[0.847s] Level 1:colcon.colcon_core.package_identification:_identify(g1/scripts/unifolm-vla_g1-main/src/unifolm_vla/rlds_dataloader/datasets/rlds/oxe) by extension 'cmake'
[0.847s] Level 1:colcon.colcon_core.package_identification:_identify(g1/scripts/unifolm-vla_g1-main/src/unifolm_vla/rlds_dataloader/datasets/rlds/oxe) by extension 'python'
[0.847s] Level 1:colcon.colcon_core.package_identification:_identify(g1/scripts/unifolm-vla_g1-main/src/unifolm_vla/rlds_dataloader/datasets/rlds/oxe) by extensions ['python_setup_py']
[0.847s] Level 1:colcon.colcon_core.package_identification:_identify(g1/scripts/unifolm-vla_g1-main/src/unifolm_vla/rlds_dataloader/datasets/rlds/oxe) by extension 'python_setup_py'
[0.847s] Level 1:colcon.colcon_core.package_identification:_identify(g1/scripts/unifolm-vla_g1-main/src/unifolm_vla/rlds_dataloader/datasets/rlds/oxe/utils) by extensions ['ignore', 'ignore_ament_install']
[0.848s] Level 1:colcon.colcon_core.package_identification:_identify(g1/scripts/unifolm-vla_g1-main/src/unifolm_vla/rlds_dataloader/datasets/rlds/oxe/utils) by extension 'ignore'
[0.848s] Level 1:colcon.colcon_core.package_identification:_identify(g1/scripts/unifolm-vla_g1-main/src/unifolm_vla/rlds_dataloader/datasets/rlds/oxe/utils) by extension 'ignore_ament_install'
[0.848s] Level 1:colcon.colcon_core.package_identification:_identify(g1/scripts/unifolm-vla_g1-main/src/unifolm_vla/rlds_dataloader/datasets/rlds/oxe/utils) by extensions ['colcon_pkg']
[0.848s] Level 1:colcon.colcon_core.package_identification:_identify(g1/scripts/unifolm-vla_g1-main/src/unifolm_vla/rlds_dataloader/datasets/rlds/oxe/utils) by extension 'colcon_pkg'
[0.848s] Level 1:colcon.colcon_core.package_identification:_identify(g1/scripts/unifolm-vla_g1-main/src/unifolm_vla/rlds_dataloader/datasets/rlds/oxe/utils) by extensions ['colcon_meta']
[0.848s] Level 1:colcon.colcon_core.package_identification:_identify(g1/scripts/unifolm-vla_g1-main/src/unifolm_vla/rlds_dataloader/datasets/rlds/oxe/utils) by extension 'colcon_meta'
[0.848s] Level 1:colcon.colcon_core.package_identification:_identify(g1/scripts/unifolm-vla_g1-main/src/unifolm_vla/rlds_dataloader/datasets/rlds/oxe/utils) by extensions ['ros']
[0.848s] Level 1:colcon.colcon_core.package_identification:_identify(g1/scripts/unifolm-vla_g1-main/src/unifolm_vla/rlds_dataloader/datasets/rlds/oxe/utils) by extension 'ros'
[0.848s] Level 1:colcon.colcon_core.package_identification:_identify(g1/scripts/unifolm-vla_g1-main/src/unifolm_vla/rlds_dataloader/datasets/rlds/oxe/utils) by extensions ['cmake', 'python']
[0.848s] Level 1:colcon.colcon_core.package_identification:_identify(g1/scripts/unifolm-vla_g1-main/src/unifolm_vla/rlds_dataloader/datasets/rlds/oxe/utils) by extension 'cmake'
[0.848s] Level 1:colcon.colcon_core.package_identification:_identify(g1/scripts/unifolm-vla_g1-main/src/unifolm_vla/rlds_dataloader/datasets/rlds/oxe/utils) by extension 'python'
[0.848s] Level 1:colcon.colcon_core.package_identification:_identify(g1/scripts/unifolm-vla_g1-main/src/unifolm_vla/rlds_dataloader/datasets/rlds/oxe/utils) by extensions ['python_setup_py']
[0.848s] Level 1:colcon.colcon_core.package_identification:_identify(g1/scripts/unifolm-vla_g1-main/src/unifolm_vla/rlds_dataloader/datasets/rlds/oxe/utils) by extension 'python_setup_py'
[0.848s] Level 1:colcon.colcon_core.package_identification:_identify(g1/scripts/unifolm-vla_g1-main/src/unifolm_vla/rlds_dataloader/datasets/rlds/utils) by extensions ['ignore', 'ignore_ament_install']
[0.849s] Level 1:colcon.colcon_core.package_identification:_identify(g1/scripts/unifolm-vla_g1-main/src/unifolm_vla/rlds_dataloader/datasets/rlds/utils) by extension 'ignore'
[0.849s] Level 1:colcon.colcon_core.package_identification:_identify(g1/scripts/unifolm-vla_g1-main/src/unifolm_vla/rlds_dataloader/datasets/rlds/utils) by extension 'ignore_ament_install'
[0.849s] Level 1:colcon.colcon_core.package_identification:_identify(g1/scripts/unifolm-vla_g1-main/src/unifolm_vla/rlds_dataloader/datasets/rlds/utils) by extensions ['colcon_pkg']
[0.849s] Level 1:colcon.colcon_core.package_identification:_identify(g1/scripts/unifolm-vla_g1-main/src/unifolm_vla/rlds_dataloader/datasets/rlds/utils) by extension 'colcon_pkg'
[0.849s] Level 1:colcon.colcon_core.package_identification:_identify(g1/scripts/unifolm-vla_g1-main/src/unifolm_vla/rlds_dataloader/datasets/rlds/utils) by extensions ['colcon_meta']
[0.849s] Level 1:colcon.colcon_core.package_identification:_identify(g1/scripts/unifolm-vla_g1-main/src/unifolm_vla/rlds_dataloader/datasets/rlds/utils) by extension 'colcon_meta'
[0.849s] Level 1:colcon.colcon_core.package_identification:_identify(g1/scripts/unifolm-vla_g1-main/src/unifolm_vla/rlds_dataloader/datasets/rlds/utils) by extensions ['ros']
[0.849s] Level 1:colcon.colcon_core.package_identification:_identify(g1/scripts/unifolm-vla_g1-main/src/unifolm_vla/rlds_dataloader/datasets/rlds/utils) by extension 'ros'
[0.849s] Level 1:colcon.colcon_core.package_identification:_identify(g1/scripts/unifolm-vla_g1-main/src/unifolm_vla/rlds_dataloader/datasets/rlds/utils) by extensions ['cmake', 'python']
[0.849s] Level 1:colcon.colcon_core.package_identification:_identify(g1/scripts/unifolm-vla_g1-main/src/unifolm_vla/rlds_dataloader/datasets/rlds/utils) by extension 'cmake'
[0.849s] Level 1:colcon.colcon_core.package_identification:_identify(g1/scripts/unifolm-vla_g1-main/src/unifolm_vla/rlds_dataloader/datasets/rlds/utils) by extension 'python'
[0.849s] Level 1:colcon.colcon_core.package_identification:_identify(g1/scripts/unifolm-vla_g1-main/src/unifolm_vla/rlds_dataloader/datasets/rlds/utils) by extensions ['python_setup_py']
[0.849s] Level 1:colcon.colcon_core.package_identification:_identify(g1/scripts/unifolm-vla_g1-main/src/unifolm_vla/rlds_dataloader/datasets/rlds/utils) by extension 'python_setup_py'
[0.849s] Level 1:colcon.colcon_core.package_identification:_identify(g1/scripts/unifolm-vla_g1-main/src/unifolm_vla/training) by extensions ['ignore', 'ignore_ament_install']
[0.850s] Level 1:colcon.colcon_core.package_identification:_identify(g1/scripts/unifolm-vla_g1-main/src/unifolm_vla/training) by extension 'ignore'
[0.850s] Level 1:colcon.colcon_core.package_identification:_identify(g1/scripts/unifolm-vla_g1-main/src/unifolm_vla/training) by extension 'ignore_ament_install'
[0.850s] Level 1:colcon.colcon_core.package_identification:_identify(g1/scripts/unifolm-vla_g1-main/src/unifolm_vla/training) by extensions ['colcon_pkg']
[0.850s] Level 1:colcon.colcon_core.package_identification:_identify(g1/scripts/unifolm-vla_g1-main/src/unifolm_vla/training) by extension 'colcon_pkg'
[0.850s] Level 1:colcon.colcon_core.package_identification:_identify(g1/scripts/unifolm-vla_g1-main/src/unifolm_vla/training) by extensions ['colcon_meta']
[0.850s] Level 1:colcon.colcon_core.package_identification:_identify(g1/scripts/unifolm-vla_g1-main/src/unifolm_vla/training) by extension 'colcon_meta'
[0.850s] Level 1:colcon.colcon_core.package_identification:_identify(g1/scripts/unifolm-vla_g1-main/src/unifolm_vla/training) by extensions ['ros']
[0.850s] Level 1:colcon.colcon_core.package_identification:_identify(g1/scripts/unifolm-vla_g1-main/src/unifolm_vla/training) by extension 'ros'
[0.850s] Level 1:colcon.colcon_core.package_identification:_identify(g1/scripts/unifolm-vla_g1-main/src/unifolm_vla/training) by extensions ['cmake', 'python']
[0.850s] Level 1:colcon.colcon_core.package_identification:_identify(g1/scripts/unifolm-vla_g1-main/src/unifolm_vla/training) by extension 'cmake'
[0.850s] Level 1:colcon.colcon_core.package_identification:_identify(g1/scripts/unifolm-vla_g1-main/src/unifolm_vla/training) by extension 'python'
[0.850s] Level 1:colcon.colcon_core.package_identification:_identify(g1/scripts/unifolm-vla_g1-main/src/unifolm_vla/training) by extensions ['python_setup_py']
[0.850s] Level 1:colcon.colcon_core.package_identification:_identify(g1/scripts/unifolm-vla_g1-main/src/unifolm_vla/training) by extension 'python_setup_py'
[0.850s] Level 1:colcon.colcon_core.package_identification:_identify(g1/scripts/unifolm-vla_g1-main/src/unifolm_vla/training/trainer_utils) by extensions ['ignore', 'ignore_ament_install']
[0.850s] Level 1:colcon.colcon_core.package_identification:_identify(g1/scripts/unifolm-vla_g1-main/src/unifolm_vla/training/trainer_utils) by extension 'ignore'
[0.851s] Level 1:colcon.colcon_core.package_identification:_identify(g1/scripts/unifolm-vla_g1-main/src/unifolm_vla/training/trainer_utils) by extension 'ignore_ament_install'
[0.851s] Level 1:colcon.colcon_core.package_identification:_identify(g1/scripts/unifolm-vla_g1-main/src/unifolm_vla/training/trainer_utils) by extensions ['colcon_pkg']
[0.851s] Level 1:colcon.colcon_core.package_identification:_identify(g1/scripts/unifolm-vla_g1-main/src/unifolm_vla/training/trainer_utils) by extension 'colcon_pkg'
[0.851s] Level 1:colcon.colcon_core.package_identification:_identify(g1/scripts/unifolm-vla_g1-main/src/unifolm_vla/training/trainer_utils) by extensions ['colcon_meta']
[0.851s] Level 1:colcon.colcon_core.package_identification:_identify(g1/scripts/unifolm-vla_g1-main/src/unifolm_vla/training/trainer_utils) by extension 'colcon_meta'
[0.851s] Level 1:colcon.colcon_core.package_identification:_identify(g1/scripts/unifolm-vla_g1-main/src/unifolm_vla/training/trainer_utils) by extensions ['ros']
[0.851s] Level 1:colcon.colcon_core.package_identification:_identify(g1/scripts/unifolm-vla_g1-main/src/unifolm_vla/training/trainer_utils) by extension 'ros'
[0.851s] Level 1:colcon.colcon_core.package_identification:_identify(g1/scripts/unifolm-vla_g1-main/src/unifolm_vla/training/trainer_utils) by extensions ['cmake', 'python']
[0.851s] Level 1:colcon.colcon_core.package_identification:_identify(g1/scripts/unifolm-vla_g1-main/src/unifolm_vla/training/trainer_utils) by extension 'cmake'
[0.851s] Level 1:colcon.colcon_core.package_identification:_identify(g1/scripts/unifolm-vla_g1-main/src/unifolm_vla/training/trainer_utils) by extension 'python'
[0.851s] Level 1:colcon.colcon_core.package_identification:_identify(g1/scripts/unifolm-vla_g1-main/src/unifolm_vla/training/trainer_utils) by extensions ['python_setup_py']
[0.851s] Level 1:colcon.colcon_core.package_identification:_identify(g1/scripts/unifolm-vla_g1-main/src/unifolm_vla/training/trainer_utils) by extension 'python_setup_py'
[0.851s] Level 1:colcon.colcon_core.package_identification:_identify(g1/scripts/usecases) by extensions ['ignore', 'ignore_ament_install']
[0.852s] Level 1:colcon.colcon_core.package_identification:_identify(g1/scripts/usecases) by extension 'ignore'
[0.852s] Level 1:colcon.colcon_core.package_identification:_identify(g1/scripts/usecases) by extension 'ignore_ament_install'
[0.852s] Level 1:colcon.colcon_core.package_identification:_identify(g1/scripts/usecases) by extensions ['colcon_pkg']
[0.852s] Level 1:colcon.colcon_core.package_identification:_identify(g1/scripts/usecases) by extension 'colcon_pkg'
[0.852s] Level 1:colcon.colcon_core.package_identification:_identify(g1/scripts/usecases) by extensions ['colcon_meta']
[0.852s] Level 1:colcon.colcon_core.package_identification:_identify(g1/scripts/usecases) by extension 'colcon_meta'
[0.852s] Level 1:colcon.colcon_core.package_identification:_identify(g1/scripts/usecases) by extensions ['ros']
[0.852s] Level 1:colcon.colcon_core.package_identification:_identify(g1/scripts/usecases) by extension 'ros'
[0.852s] Level 1:colcon.colcon_core.package_identification:_identify(g1/scripts/usecases) by extensions ['cmake', 'python']
[0.852s] Level 1:colcon.colcon_core.package_identification:_identify(g1/scripts/usecases) by extension 'cmake'
[0.852s] Level 1:colcon.colcon_core.package_identification:_identify(g1/scripts/usecases) by extension 'python'
[0.852s] Level 1:colcon.colcon_core.package_identification:_identify(g1/scripts/usecases) by extensions ['python_setup_py']
[0.852s] Level 1:colcon.colcon_core.package_identification:_identify(g1/scripts/usecases) by extension 'python_setup_py'
[0.853s] Level 1:colcon.colcon_core.package_identification:_identify(g1/scripts/usecases/boxing_bag_hunt) by extensions ['ignore', 'ignore_ament_install']
[0.853s] Level 1:colcon.colcon_core.package_identification:_identify(g1/scripts/usecases/boxing_bag_hunt) by extension 'ignore'
[0.853s] Level 1:colcon.colcon_core.package_identification:_identify(g1/scripts/usecases/boxing_bag_hunt) by extension 'ignore_ament_install'
[0.853s] Level 1:colcon.colcon_core.package_identification:_identify(g1/scripts/usecases/boxing_bag_hunt) by extensions ['colcon_pkg']
[0.853s] Level 1:colcon.colcon_core.package_identification:_identify(g1/scripts/usecases/boxing_bag_hunt) by extension 'colcon_pkg'
[0.853s] Level 1:colcon.colcon_core.package_identification:_identify(g1/scripts/usecases/boxing_bag_hunt) by extensions ['colcon_meta']
[0.853s] Level 1:colcon.colcon_core.package_identification:_identify(g1/scripts/usecases/boxing_bag_hunt) by extension 'colcon_meta'
[0.853s] Level 1:colcon.colcon_core.package_identification:_identify(g1/scripts/usecases/boxing_bag_hunt) by extensions ['ros']
[0.853s] Level 1:colcon.colcon_core.package_identification:_identify(g1/scripts/usecases/boxing_bag_hunt) by extension 'ros'
[0.854s] Level 1:colcon.colcon_core.package_identification:_identify(g1/scripts/usecases/boxing_bag_hunt) by extensions ['cmake', 'python']
[0.854s] Level 1:colcon.colcon_core.package_identification:_identify(g1/scripts/usecases/boxing_bag_hunt) by extension 'cmake'
[0.854s] Level 1:colcon.colcon_core.package_identification:_identify(g1/scripts/usecases/boxing_bag_hunt) by extension 'python'
[0.854s] Level 1:colcon.colcon_core.package_identification:_identify(g1/scripts/usecases/boxing_bag_hunt) by extensions ['python_setup_py']
[0.854s] Level 1:colcon.colcon_core.package_identification:_identify(g1/scripts/usecases/boxing_bag_hunt) by extension 'python_setup_py'
[0.854s] Level 1:colcon.colcon_core.package_identification:_identify(g1/sim) by extensions ['ignore', 'ignore_ament_install']
[0.854s] Level 1:colcon.colcon_core.package_identification:_identify(g1/sim) by extension 'ignore'
[0.854s] Level 1:colcon.colcon_core.package_identification:_identify(g1/sim) by extension 'ignore_ament_install'
[0.854s] Level 1:colcon.colcon_core.package_identification:_identify(g1/sim) by extensions ['colcon_pkg']
[0.854s] Level 1:colcon.colcon_core.package_identification:_identify(g1/sim) by extension 'colcon_pkg'
[0.854s] Level 1:colcon.colcon_core.package_identification:_identify(g1/sim) by extensions ['colcon_meta']
[0.854s] Level 1:colcon.colcon_core.package_identification:_identify(g1/sim) by extension 'colcon_meta'
[0.855s] Level 1:colcon.colcon_core.package_identification:_identify(g1/sim) by extensions ['ros']
[0.855s] Level 1:colcon.colcon_core.package_identification:_identify(g1/sim) by extension 'ros'
[0.855s] Level 1:colcon.colcon_core.package_identification:_identify(g1/sim) by extensions ['cmake', 'python']
[0.855s] Level 1:colcon.colcon_core.package_identification:_identify(g1/sim) by extension 'cmake'
[0.855s] Level 1:colcon.colcon_core.package_identification:_identify(g1/sim) by extension 'python'
[0.855s] Level 1:colcon.colcon_core.package_identification:_identify(g1/sim) by extensions ['python_setup_py']
[0.855s] Level 1:colcon.colcon_core.package_identification:_identify(g1/sim) by extension 'python_setup_py'
[0.855s] Level 1:colcon.colcon_core.package_identification:_identify(g1/sim/G1_rviz_simulation-main) by extensions ['ignore', 'ignore_ament_install']
[0.855s] Level 1:colcon.colcon_core.package_identification:_identify(g1/sim/G1_rviz_simulation-main) by extension 'ignore'
[0.855s] Level 1:colcon.colcon_core.package_identification:_identify(g1/sim/G1_rviz_simulation-main) by extension 'ignore_ament_install'
[0.855s] Level 1:colcon.colcon_core.package_identification:_identify(g1/sim/G1_rviz_simulation-main) by extensions ['colcon_pkg']
[0.855s] Level 1:colcon.colcon_core.package_identification:_identify(g1/sim/G1_rviz_simulation-main) by extension 'colcon_pkg'
[0.855s] Level 1:colcon.colcon_core.package_identification:_identify(g1/sim/G1_rviz_simulation-main) by extensions ['colcon_meta']
[0.855s] Level 1:colcon.colcon_core.package_identification:_identify(g1/sim/G1_rviz_simulation-main) by extension 'colcon_meta'
[0.856s] Level 1:colcon.colcon_core.package_identification:_identify(g1/sim/G1_rviz_simulation-main) by extensions ['ros']
[0.856s] Level 1:colcon.colcon_core.package_identification:_identify(g1/sim/G1_rviz_simulation-main) by extension 'ros'
[0.856s] Level 1:colcon.colcon_core.package_identification:_identify(g1/sim/G1_rviz_simulation-main) by extensions ['cmake', 'python']
[0.856s] Level 1:colcon.colcon_core.package_identification:_identify(g1/sim/G1_rviz_simulation-main) by extension 'cmake'
[0.856s] Level 1:colcon.colcon_core.package_identification:_identify(g1/sim/G1_rviz_simulation-main) by extension 'python'
[0.856s] Level 1:colcon.colcon_core.package_identification:_identify(g1/sim/G1_rviz_simulation-main) by extensions ['python_setup_py']
[0.856s] Level 1:colcon.colcon_core.package_identification:_identify(g1/sim/G1_rviz_simulation-main) by extension 'python_setup_py'
[0.856s] Level 1:colcon.colcon_core.package_identification:_identify(g1/sim/G1_rviz_simulation-main/G1_rviz_simulation-main) by extensions ['ignore', 'ignore_ament_install']
[0.856s] Level 1:colcon.colcon_core.package_identification:_identify(g1/sim/G1_rviz_simulation-main/G1_rviz_simulation-main) by extension 'ignore'
[0.856s] Level 1:colcon.colcon_core.package_identification:_identify(g1/sim/G1_rviz_simulation-main/G1_rviz_simulation-main) by extension 'ignore_ament_install'
[0.856s] Level 1:colcon.colcon_core.package_identification:_identify(g1/sim/G1_rviz_simulation-main/G1_rviz_simulation-main) by extensions ['colcon_pkg']
[0.856s] Level 1:colcon.colcon_core.package_identification:_identify(g1/sim/G1_rviz_simulation-main/G1_rviz_simulation-main) by extension 'colcon_pkg'
[0.856s] Level 1:colcon.colcon_core.package_identification:_identify(g1/sim/G1_rviz_simulation-main/G1_rviz_simulation-main) by extensions ['colcon_meta']
[0.856s] Level 1:colcon.colcon_core.package_identification:_identify(g1/sim/G1_rviz_simulation-main/G1_rviz_simulation-main) by extension 'colcon_meta'
[0.857s] Level 1:colcon.colcon_core.package_identification:_identify(g1/sim/G1_rviz_simulation-main/G1_rviz_simulation-main) by extensions ['ros']
[0.857s] Level 1:colcon.colcon_core.package_identification:_identify(g1/sim/G1_rviz_simulation-main/G1_rviz_simulation-main) by extension 'ros'
[0.861s] DEBUG:colcon.colcon_core.package_identification:Package 'g1/sim/G1_rviz_simulation-main/G1_rviz_simulation-main' with type 'ros.ament_python' and name 'g1_description'
[0.861s] Level 1:colcon.colcon_core.package_identification:_identify(g1/sim/mujoco) by extensions ['ignore', 'ignore_ament_install']
[0.862s] Level 1:colcon.colcon_core.package_identification:_identify(g1/sim/mujoco) by extension 'ignore'
[0.862s] Level 1:colcon.colcon_core.package_identification:_identify(g1/sim/mujoco) by extension 'ignore_ament_install'
[0.862s] Level 1:colcon.colcon_core.package_identification:_identify(g1/sim/mujoco) by extensions ['colcon_pkg']
[0.862s] Level 1:colcon.colcon_core.package_identification:_identify(g1/sim/mujoco) by extension 'colcon_pkg'
[0.862s] Level 1:colcon.colcon_core.package_identification:_identify(g1/sim/mujoco) by extensions ['colcon_meta']
[0.862s] Level 1:colcon.colcon_core.package_identification:_identify(g1/sim/mujoco) by extension 'colcon_meta'
[0.862s] Level 1:colcon.colcon_core.package_identification:_identify(g1/sim/mujoco) by extensions ['ros']
[0.862s] Level 1:colcon.colcon_core.package_identification:_identify(g1/sim/mujoco) by extension 'ros'
[0.862s] Level 1:colcon.colcon_core.package_identification:_identify(g1/sim/mujoco) by extensions ['cmake', 'python']
[0.862s] Level 1:colcon.colcon_core.package_identification:_identify(g1/sim/mujoco) by extension 'cmake'
[0.862s] Level 1:colcon.colcon_core.package_identification:_identify(g1/sim/mujoco) by extension 'python'
[0.862s] Level 1:colcon.colcon_core.package_identification:_identify(g1/sim/mujoco) by extensions ['python_setup_py']
[0.862s] Level 1:colcon.colcon_core.package_identification:_identify(g1/sim/mujoco) by extension 'python_setup_py'
[0.863s] Level 1:colcon.colcon_core.package_identification:_identify(g1/sim/mujoco/COM_viz) by extensions ['ignore', 'ignore_ament_install']
[0.863s] Level 1:colcon.colcon_core.package_identification:_identify(g1/sim/mujoco/COM_viz) by extension 'ignore'
[0.863s] Level 1:colcon.colcon_core.package_identification:_identify(g1/sim/mujoco/COM_viz) by extension 'ignore_ament_install'
[0.863s] Level 1:colcon.colcon_core.package_identification:_identify(g1/sim/mujoco/COM_viz) by extensions ['colcon_pkg']
[0.863s] Level 1:colcon.colcon_core.package_identification:_identify(g1/sim/mujoco/COM_viz) by extension 'colcon_pkg'
[0.863s] Level 1:colcon.colcon_core.package_identification:_identify(g1/sim/mujoco/COM_viz) by extensions ['colcon_meta']
[0.863s] Level 1:colcon.colcon_core.package_identification:_identify(g1/sim/mujoco/COM_viz) by extension 'colcon_meta'
[0.863s] Level 1:colcon.colcon_core.package_identification:_identify(g1/sim/mujoco/COM_viz) by extensions ['ros']
[0.863s] Level 1:colcon.colcon_core.package_identification:_identify(g1/sim/mujoco/COM_viz) by extension 'ros'
[0.864s] Level 1:colcon.colcon_core.package_identification:_identify(g1/sim/mujoco/COM_viz) by extensions ['cmake', 'python']
[0.864s] Level 1:colcon.colcon_core.package_identification:_identify(g1/sim/mujoco/COM_viz) by extension 'cmake'
[0.864s] Level 1:colcon.colcon_core.package_identification:_identify(g1/sim/mujoco/COM_viz) by extension 'python'
[0.864s] Level 1:colcon.colcon_core.package_identification:_identify(g1/sim/mujoco/COM_viz) by extensions ['python_setup_py']
[0.864s] Level 1:colcon.colcon_core.package_identification:_identify(g1/sim/mujoco/COM_viz) by extension 'python_setup_py'
[0.865s] Level 1:colcon.colcon_core.package_identification:_identify(g1/sim/mujoco/scripts) by extensions ['ignore', 'ignore_ament_install']
[0.865s] Level 1:colcon.colcon_core.package_identification:_identify(g1/sim/mujoco/scripts) by extension 'ignore'
[0.865s] Level 1:colcon.colcon_core.package_identification:_identify(g1/sim/mujoco/scripts) by extension 'ignore_ament_install'
[0.865s] Level 1:colcon.colcon_core.package_identification:_identify(g1/sim/mujoco/scripts) by extensions ['colcon_pkg']
[0.865s] Level 1:colcon.colcon_core.package_identification:_identify(g1/sim/mujoco/scripts) by extension 'colcon_pkg'
[0.865s] Level 1:colcon.colcon_core.package_identification:_identify(g1/sim/mujoco/scripts) by extensions ['colcon_meta']
[0.865s] Level 1:colcon.colcon_core.package_identification:_identify(g1/sim/mujoco/scripts) by extension 'colcon_meta'
[0.865s] Level 1:colcon.colcon_core.package_identification:_identify(g1/sim/mujoco/scripts) by extensions ['ros']
[0.865s] Level 1:colcon.colcon_core.package_identification:_identify(g1/sim/mujoco/scripts) by extension 'ros'
[0.865s] Level 1:colcon.colcon_core.package_identification:_identify(g1/sim/mujoco/scripts) by extensions ['cmake', 'python']
[0.865s] Level 1:colcon.colcon_core.package_identification:_identify(g1/sim/mujoco/scripts) by extension 'cmake'
[0.865s] Level 1:colcon.colcon_core.package_identification:_identify(g1/sim/mujoco/scripts) by extension 'python'
[0.865s] Level 1:colcon.colcon_core.package_identification:_identify(g1/sim/mujoco/scripts) by extensions ['python_setup_py']
[0.865s] Level 1:colcon.colcon_core.package_identification:_identify(g1/sim/mujoco/scripts) by extension 'python_setup_py'
[0.866s] Level 1:colcon.colcon_core.package_identification:_identify(g1/sim/unitree_robots) by extensions ['ignore', 'ignore_ament_install']
[0.866s] Level 1:colcon.colcon_core.package_identification:_identify(g1/sim/unitree_robots) by extension 'ignore'
[0.866s] Level 1:colcon.colcon_core.package_identification:_identify(g1/sim/unitree_robots) by extension 'ignore_ament_install'
[0.866s] Level 1:colcon.colcon_core.package_identification:_identify(g1/sim/unitree_robots) by extensions ['colcon_pkg']
[0.866s] Level 1:colcon.colcon_core.package_identification:_identify(g1/sim/unitree_robots) by extension 'colcon_pkg'
[0.866s] Level 1:colcon.colcon_core.package_identification:_identify(g1/sim/unitree_robots) by extensions ['colcon_meta']
[0.866s] Level 1:colcon.colcon_core.package_identification:_identify(g1/sim/unitree_robots) by extension 'colcon_meta'
[0.866s] Level 1:colcon.colcon_core.package_identification:_identify(g1/sim/unitree_robots) by extensions ['ros']
[0.866s] Level 1:colcon.colcon_core.package_identification:_identify(g1/sim/unitree_robots) by extension 'ros'
[0.866s] Level 1:colcon.colcon_core.package_identification:_identify(g1/sim/unitree_robots) by extensions ['cmake', 'python']
[0.866s] Level 1:colcon.colcon_core.package_identification:_identify(g1/sim/unitree_robots) by extension 'cmake'
[0.866s] Level 1:colcon.colcon_core.package_identification:_identify(g1/sim/unitree_robots) by extension 'python'
[0.866s] Level 1:colcon.colcon_core.package_identification:_identify(g1/sim/unitree_robots) by extensions ['python_setup_py']
[0.867s] Level 1:colcon.colcon_core.package_identification:_identify(g1/sim/unitree_robots) by extension 'python_setup_py'
[0.867s] Level 1:colcon.colcon_core.package_identification:_identify(g1/sim/unitree_robots/b2) by extensions ['ignore', 'ignore_ament_install']
[0.867s] Level 1:colcon.colcon_core.package_identification:_identify(g1/sim/unitree_robots/b2) by extension 'ignore'
[0.867s] Level 1:colcon.colcon_core.package_identification:_identify(g1/sim/unitree_robots/b2) by extension 'ignore_ament_install'
[0.867s] Level 1:colcon.colcon_core.package_identification:_identify(g1/sim/unitree_robots/b2) by extensions ['colcon_pkg']
[0.867s] Level 1:colcon.colcon_core.package_identification:_identify(g1/sim/unitree_robots/b2) by extension 'colcon_pkg'
[0.867s] Level 1:colcon.colcon_core.package_identification:_identify(g1/sim/unitree_robots/b2) by extensions ['colcon_meta']
[0.867s] Level 1:colcon.colcon_core.package_identification:_identify(g1/sim/unitree_robots/b2) by extension 'colcon_meta'
[0.867s] Level 1:colcon.colcon_core.package_identification:_identify(g1/sim/unitree_robots/b2) by extensions ['ros']
[0.867s] Level 1:colcon.colcon_core.package_identification:_identify(g1/sim/unitree_robots/b2) by extension 'ros'
[0.868s] Level 1:colcon.colcon_core.package_identification:_identify(g1/sim/unitree_robots/b2) by extensions ['cmake', 'python']
[0.868s] Level 1:colcon.colcon_core.package_identification:_identify(g1/sim/unitree_robots/b2) by extension 'cmake'
[0.868s] Level 1:colcon.colcon_core.package_identification:_identify(g1/sim/unitree_robots/b2) by extension 'python'
[0.868s] Level 1:colcon.colcon_core.package_identification:_identify(g1/sim/unitree_robots/b2) by extensions ['python_setup_py']
[0.868s] Level 1:colcon.colcon_core.package_identification:_identify(g1/sim/unitree_robots/b2) by extension 'python_setup_py'
[0.868s] Level 1:colcon.colcon_core.package_identification:_identify(g1/sim/unitree_robots/b2/assets) by extensions ['ignore', 'ignore_ament_install']
[0.868s] Level 1:colcon.colcon_core.package_identification:_identify(g1/sim/unitree_robots/b2/assets) by extension 'ignore'
[0.868s] Level 1:colcon.colcon_core.package_identification:_identify(g1/sim/unitree_robots/b2/assets) by extension 'ignore_ament_install'
[0.868s] Level 1:colcon.colcon_core.package_identification:_identify(g1/sim/unitree_robots/b2/assets) by extensions ['colcon_pkg']
[0.868s] Level 1:colcon.colcon_core.package_identification:_identify(g1/sim/unitree_robots/b2/assets) by extension 'colcon_pkg'
[0.868s] Level 1:colcon.colcon_core.package_identification:_identify(g1/sim/unitree_robots/b2/assets) by extensions ['colcon_meta']
[0.868s] Level 1:colcon.colcon_core.package_identification:_identify(g1/sim/unitree_robots/b2/assets) by extension 'colcon_meta'
[0.869s] Level 1:colcon.colcon_core.package_identification:_identify(g1/sim/unitree_robots/b2/assets) by extensions ['ros']
[0.869s] Level 1:colcon.colcon_core.package_identification:_identify(g1/sim/unitree_robots/b2/assets) by extension 'ros'
[0.869s] Level 1:colcon.colcon_core.package_identification:_identify(g1/sim/unitree_robots/b2/assets) by extensions ['cmake', 'python']
[0.869s] Level 1:colcon.colcon_core.package_identification:_identify(g1/sim/unitree_robots/b2/assets) by extension 'cmake'
[0.869s] Level 1:colcon.colcon_core.package_identification:_identify(g1/sim/unitree_robots/b2/assets) by extension 'python'
[0.869s] Level 1:colcon.colcon_core.package_identification:_identify(g1/sim/unitree_robots/b2/assets) by extensions ['python_setup_py']
[0.869s] Level 1:colcon.colcon_core.package_identification:_identify(g1/sim/unitree_robots/b2/assets) by extension 'python_setup_py'
[0.869s] Level 1:colcon.colcon_core.package_identification:_identify(g1/sim/unitree_robots/b2w) by extensions ['ignore', 'ignore_ament_install']
[0.869s] Level 1:colcon.colcon_core.package_identification:_identify(g1/sim/unitree_robots/b2w) by extension 'ignore'
[0.869s] Level 1:colcon.colcon_core.package_identification:_identify(g1/sim/unitree_robots/b2w) by extension 'ignore_ament_install'
[0.870s] Level 1:colcon.colcon_core.package_identification:_identify(g1/sim/unitree_robots/b2w) by extensions ['colcon_pkg']
[0.870s] Level 1:colcon.colcon_core.package_identification:_identify(g1/sim/unitree_robots/b2w) by extension 'colcon_pkg'
[0.870s] Level 1:colcon.colcon_core.package_identification:_identify(g1/sim/unitree_robots/b2w) by extensions ['colcon_meta']
[0.870s] Level 1:colcon.colcon_core.package_identification:_identify(g1/sim/unitree_robots/b2w) by extension 'colcon_meta'
[0.870s] Level 1:colcon.colcon_core.package_identification:_identify(g1/sim/unitree_robots/b2w) by extensions ['ros']
[0.870s] Level 1:colcon.colcon_core.package_identification:_identify(g1/sim/unitree_robots/b2w) by extension 'ros'
[0.870s] Level 1:colcon.colcon_core.package_identification:_identify(g1/sim/unitree_robots/b2w) by extensions ['cmake', 'python']
[0.870s] Level 1:colcon.colcon_core.package_identification:_identify(g1/sim/unitree_robots/b2w) by extension 'cmake'
[0.870s] Level 1:colcon.colcon_core.package_identification:_identify(g1/sim/unitree_robots/b2w) by extension 'python'
[0.870s] Level 1:colcon.colcon_core.package_identification:_identify(g1/sim/unitree_robots/b2w) by extensions ['python_setup_py']
[0.870s] Level 1:colcon.colcon_core.package_identification:_identify(g1/sim/unitree_robots/b2w) by extension 'python_setup_py'
[0.870s] Level 1:colcon.colcon_core.package_identification:_identify(g1/sim/unitree_robots/b2w/assets) by extensions ['ignore', 'ignore_ament_install']
[0.871s] Level 1:colcon.colcon_core.package_identification:_identify(g1/sim/unitree_robots/b2w/assets) by extension 'ignore'
[0.871s] Level 1:colcon.colcon_core.package_identification:_identify(g1/sim/unitree_robots/b2w/assets) by extension 'ignore_ament_install'
[0.871s] Level 1:colcon.colcon_core.package_identification:_identify(g1/sim/unitree_robots/b2w/assets) by extensions ['colcon_pkg']
[0.871s] Level 1:colcon.colcon_core.package_identification:_identify(g1/sim/unitree_robots/b2w/assets) by extension 'colcon_pkg'
[0.871s] Level 1:colcon.colcon_core.package_identification:_identify(g1/sim/unitree_robots/b2w/assets) by extensions ['colcon_meta']
[0.871s] Level 1:colcon.colcon_core.package_identification:_identify(g1/sim/unitree_robots/b2w/assets) by extension 'colcon_meta'
[0.871s] Level 1:colcon.colcon_core.package_identification:_identify(g1/sim/unitree_robots/b2w/assets) by extensions ['ros']
[0.871s] Level 1:colcon.colcon_core.package_identification:_identify(g1/sim/unitree_robots/b2w/assets) by extension 'ros'
[0.871s] Level 1:colcon.colcon_core.package_identification:_identify(g1/sim/unitree_robots/b2w/assets) by extensions ['cmake', 'python']
[0.871s] Level 1:colcon.colcon_core.package_identification:_identify(g1/sim/unitree_robots/b2w/assets) by extension 'cmake'
[0.871s] Level 1:colcon.colcon_core.package_identification:_identify(g1/sim/unitree_robots/b2w/assets) by extension 'python'
[0.871s] Level 1:colcon.colcon_core.package_identification:_identify(g1/sim/unitree_robots/b2w/assets) by extensions ['python_setup_py']
[0.871s] Level 1:colcon.colcon_core.package_identification:_identify(g1/sim/unitree_robots/b2w/assets) by extension 'python_setup_py'
[0.871s] Level 1:colcon.colcon_core.package_identification:_identify(g1/sim/unitree_robots/g1) by extensions ['ignore', 'ignore_ament_install']
[0.872s] Level 1:colcon.colcon_core.package_identification:_identify(g1/sim/unitree_robots/g1) by extension 'ignore'
[0.872s] Level 1:colcon.colcon_core.package_identification:_identify(g1/sim/unitree_robots/g1) by extension 'ignore_ament_install'
[0.872s] Level 1:colcon.colcon_core.package_identification:_identify(g1/sim/unitree_robots/g1) by extensions ['colcon_pkg']
[0.872s] Level 1:colcon.colcon_core.package_identification:_identify(g1/sim/unitree_robots/g1) by extension 'colcon_pkg'
[0.872s] Level 1:colcon.colcon_core.package_identification:_identify(g1/sim/unitree_robots/g1) by extensions ['colcon_meta']
[0.872s] Level 1:colcon.colcon_core.package_identification:_identify(g1/sim/unitree_robots/g1) by extension 'colcon_meta'
[0.872s] Level 1:colcon.colcon_core.package_identification:_identify(g1/sim/unitree_robots/g1) by extensions ['ros']
[0.872s] Level 1:colcon.colcon_core.package_identification:_identify(g1/sim/unitree_robots/g1) by extension 'ros'
[0.872s] Level 1:colcon.colcon_core.package_identification:_identify(g1/sim/unitree_robots/g1) by extensions ['cmake', 'python']
[0.872s] Level 1:colcon.colcon_core.package_identification:_identify(g1/sim/unitree_robots/g1) by extension 'cmake'
[0.872s] Level 1:colcon.colcon_core.package_identification:_identify(g1/sim/unitree_robots/g1) by extension 'python'
[0.872s] Level 1:colcon.colcon_core.package_identification:_identify(g1/sim/unitree_robots/g1) by extensions ['python_setup_py']
[0.872s] Level 1:colcon.colcon_core.package_identification:_identify(g1/sim/unitree_robots/g1) by extension 'python_setup_py'
[0.872s] Level 1:colcon.colcon_core.package_identification:_identify(g1/sim/unitree_robots/g1/images) by extensions ['ignore', 'ignore_ament_install']
[0.873s] Level 1:colcon.colcon_core.package_identification:_identify(g1/sim/unitree_robots/g1/images) by extension 'ignore'
[0.873s] Level 1:colcon.colcon_core.package_identification:_identify(g1/sim/unitree_robots/g1/images) by extension 'ignore_ament_install'
[0.873s] Level 1:colcon.colcon_core.package_identification:_identify(g1/sim/unitree_robots/g1/images) by extensions ['colcon_pkg']
[0.873s] Level 1:colcon.colcon_core.package_identification:_identify(g1/sim/unitree_robots/g1/images) by extension 'colcon_pkg'
[0.873s] Level 1:colcon.colcon_core.package_identification:_identify(g1/sim/unitree_robots/g1/images) by extensions ['colcon_meta']
[0.873s] Level 1:colcon.colcon_core.package_identification:_identify(g1/sim/unitree_robots/g1/images) by extension 'colcon_meta'
[0.873s] Level 1:colcon.colcon_core.package_identification:_identify(g1/sim/unitree_robots/g1/images) by extensions ['ros']
[0.873s] Level 1:colcon.colcon_core.package_identification:_identify(g1/sim/unitree_robots/g1/images) by extension 'ros'
[0.873s] Level 1:colcon.colcon_core.package_identification:_identify(g1/sim/unitree_robots/g1/images) by extensions ['cmake', 'python']
[0.873s] Level 1:colcon.colcon_core.package_identification:_identify(g1/sim/unitree_robots/g1/images) by extension 'cmake'
[0.873s] Level 1:colcon.colcon_core.package_identification:_identify(g1/sim/unitree_robots/g1/images) by extension 'python'
[0.873s] Level 1:colcon.colcon_core.package_identification:_identify(g1/sim/unitree_robots/g1/images) by extensions ['python_setup_py']
[0.873s] Level 1:colcon.colcon_core.package_identification:_identify(g1/sim/unitree_robots/g1/images) by extension 'python_setup_py'
[0.874s] Level 1:colcon.colcon_core.package_identification:_identify(g1/sim/unitree_robots/g1/meshes) by extensions ['ignore', 'ignore_ament_install']
[0.874s] Level 1:colcon.colcon_core.package_identification:_identify(g1/sim/unitree_robots/g1/meshes) by extension 'ignore'
[0.874s] Level 1:colcon.colcon_core.package_identification:_identify(g1/sim/unitree_robots/g1/meshes) by extension 'ignore_ament_install'
[0.874s] Level 1:colcon.colcon_core.package_identification:_identify(g1/sim/unitree_robots/g1/meshes) by extensions ['colcon_pkg']
[0.874s] Level 1:colcon.colcon_core.package_identification:_identify(g1/sim/unitree_robots/g1/meshes) by extension 'colcon_pkg'
[0.874s] Level 1:colcon.colcon_core.package_identification:_identify(g1/sim/unitree_robots/g1/meshes) by extensions ['colcon_meta']
[0.874s] Level 1:colcon.colcon_core.package_identification:_identify(g1/sim/unitree_robots/g1/meshes) by extension 'colcon_meta'
[0.874s] Level 1:colcon.colcon_core.package_identification:_identify(g1/sim/unitree_robots/g1/meshes) by extensions ['ros']
[0.875s] Level 1:colcon.colcon_core.package_identification:_identify(g1/sim/unitree_robots/g1/meshes) by extension 'ros'
[0.875s] Level 1:colcon.colcon_core.package_identification:_identify(g1/sim/unitree_robots/g1/meshes) by extensions ['cmake', 'python']
[0.875s] Level 1:colcon.colcon_core.package_identification:_identify(g1/sim/unitree_robots/g1/meshes) by extension 'cmake'
[0.875s] Level 1:colcon.colcon_core.package_identification:_identify(g1/sim/unitree_robots/g1/meshes) by extension 'python'
[0.875s] Level 1:colcon.colcon_core.package_identification:_identify(g1/sim/unitree_robots/g1/meshes) by extensions ['python_setup_py']
[0.875s] Level 1:colcon.colcon_core.package_identification:_identify(g1/sim/unitree_robots/g1/meshes) by extension 'python_setup_py'
[0.875s] Level 1:colcon.colcon_core.package_identification:_identify(g1/sim/unitree_robots/go2) by extensions ['ignore', 'ignore_ament_install']
[0.875s] Level 1:colcon.colcon_core.package_identification:_identify(g1/sim/unitree_robots/go2) by extension 'ignore'
[0.875s] Level 1:colcon.colcon_core.package_identification:_identify(g1/sim/unitree_robots/go2) by extension 'ignore_ament_install'
[0.875s] Level 1:colcon.colcon_core.package_identification:_identify(g1/sim/unitree_robots/go2) by extensions ['colcon_pkg']
[0.875s] Level 1:colcon.colcon_core.package_identification:_identify(g1/sim/unitree_robots/go2) by extension 'colcon_pkg'
[0.875s] Level 1:colcon.colcon_core.package_identification:_identify(g1/sim/unitree_robots/go2) by extensions ['colcon_meta']
[0.875s] Level 1:colcon.colcon_core.package_identification:_identify(g1/sim/unitree_robots/go2) by extension 'colcon_meta'
[0.876s] Level 1:colcon.colcon_core.package_identification:_identify(g1/sim/unitree_robots/go2) by extensions ['ros']
[0.876s] Level 1:colcon.colcon_core.package_identification:_identify(g1/sim/unitree_robots/go2) by extension 'ros'
[0.876s] Level 1:colcon.colcon_core.package_identification:_identify(g1/sim/unitree_robots/go2) by extensions ['cmake', 'python']
[0.876s] Level 1:colcon.colcon_core.package_identification:_identify(g1/sim/unitree_robots/go2) by extension 'cmake'
[0.876s] Level 1:colcon.colcon_core.package_identification:_identify(g1/sim/unitree_robots/go2) by extension 'python'
[0.876s] Level 1:colcon.colcon_core.package_identification:_identify(g1/sim/unitree_robots/go2) by extensions ['python_setup_py']
[0.876s] Level 1:colcon.colcon_core.package_identification:_identify(g1/sim/unitree_robots/go2) by extension 'python_setup_py'
[0.876s] Level 1:colcon.colcon_core.package_identification:_identify(g1/sim/unitree_robots/go2/assets) by extensions ['ignore', 'ignore_ament_install']
[0.876s] Level 1:colcon.colcon_core.package_identification:_identify(g1/sim/unitree_robots/go2/assets) by extension 'ignore'
[0.876s] Level 1:colcon.colcon_core.package_identification:_identify(g1/sim/unitree_robots/go2/assets) by extension 'ignore_ament_install'
[0.876s] Level 1:colcon.colcon_core.package_identification:_identify(g1/sim/unitree_robots/go2/assets) by extensions ['colcon_pkg']
[0.876s] Level 1:colcon.colcon_core.package_identification:_identify(g1/sim/unitree_robots/go2/assets) by extension 'colcon_pkg'
[0.876s] Level 1:colcon.colcon_core.package_identification:_identify(g1/sim/unitree_robots/go2/assets) by extensions ['colcon_meta']
[0.876s] Level 1:colcon.colcon_core.package_identification:_identify(g1/sim/unitree_robots/go2/assets) by extension 'colcon_meta'
[0.877s] Level 1:colcon.colcon_core.package_identification:_identify(g1/sim/unitree_robots/go2/assets) by extensions ['ros']
[0.877s] Level 1:colcon.colcon_core.package_identification:_identify(g1/sim/unitree_robots/go2/assets) by extension 'ros'
[0.877s] Level 1:colcon.colcon_core.package_identification:_identify(g1/sim/unitree_robots/go2/assets) by extensions ['cmake', 'python']
[0.877s] Level 1:colcon.colcon_core.package_identification:_identify(g1/sim/unitree_robots/go2/assets) by extension 'cmake'
[0.877s] Level 1:colcon.colcon_core.package_identification:_identify(g1/sim/unitree_robots/go2/assets) by extension 'python'
[0.877s] Level 1:colcon.colcon_core.package_identification:_identify(g1/sim/unitree_robots/go2/assets) by extensions ['python_setup_py']
[0.877s] Level 1:colcon.colcon_core.package_identification:_identify(g1/sim/unitree_robots/go2/assets) by extension 'python_setup_py'
[0.877s] Level 1:colcon.colcon_core.package_identification:_identify(g1/sim/unitree_robots/go2w) by extensions ['ignore', 'ignore_ament_install']
[0.877s] Level 1:colcon.colcon_core.package_identification:_identify(g1/sim/unitree_robots/go2w) by extension 'ignore'
[0.877s] Level 1:colcon.colcon_core.package_identification:_identify(g1/sim/unitree_robots/go2w) by extension 'ignore_ament_install'
[0.877s] Level 1:colcon.colcon_core.package_identification:_identify(g1/sim/unitree_robots/go2w) by extensions ['colcon_pkg']
[0.877s] Level 1:colcon.colcon_core.package_identification:_identify(g1/sim/unitree_robots/go2w) by extension 'colcon_pkg'
[0.878s] Level 1:colcon.colcon_core.package_identification:_identify(g1/sim/unitree_robots/go2w) by extensions ['colcon_meta']
[0.878s] Level 1:colcon.colcon_core.package_identification:_identify(g1/sim/unitree_robots/go2w) by extension 'colcon_meta'
[0.878s] Level 1:colcon.colcon_core.package_identification:_identify(g1/sim/unitree_robots/go2w) by extensions ['ros']
[0.878s] Level 1:colcon.colcon_core.package_identification:_identify(g1/sim/unitree_robots/go2w) by extension 'ros'
[0.878s] Level 1:colcon.colcon_core.package_identification:_identify(g1/sim/unitree_robots/go2w) by extensions ['cmake', 'python']
[0.878s] Level 1:colcon.colcon_core.package_identification:_identify(g1/sim/unitree_robots/go2w) by extension 'cmake'
[0.878s] Level 1:colcon.colcon_core.package_identification:_identify(g1/sim/unitree_robots/go2w) by extension 'python'
[0.878s] Level 1:colcon.colcon_core.package_identification:_identify(g1/sim/unitree_robots/go2w) by extensions ['python_setup_py']
[0.878s] Level 1:colcon.colcon_core.package_identification:_identify(g1/sim/unitree_robots/go2w) by extension 'python_setup_py'
[0.878s] Level 1:colcon.colcon_core.package_identification:_identify(g1/sim/unitree_robots/go2w/assets) by extensions ['ignore', 'ignore_ament_install']
[0.878s] Level 1:colcon.colcon_core.package_identification:_identify(g1/sim/unitree_robots/go2w/assets) by extension 'ignore'
[0.878s] Level 1:colcon.colcon_core.package_identification:_identify(g1/sim/unitree_robots/go2w/assets) by extension 'ignore_ament_install'
[0.878s] Level 1:colcon.colcon_core.package_identification:_identify(g1/sim/unitree_robots/go2w/assets) by extensions ['colcon_pkg']
[0.878s] Level 1:colcon.colcon_core.package_identification:_identify(g1/sim/unitree_robots/go2w/assets) by extension 'colcon_pkg'
[0.878s] Level 1:colcon.colcon_core.package_identification:_identify(g1/sim/unitree_robots/go2w/assets) by extensions ['colcon_meta']
[0.878s] Level 1:colcon.colcon_core.package_identification:_identify(g1/sim/unitree_robots/go2w/assets) by extension 'colcon_meta'
[0.879s] Level 1:colcon.colcon_core.package_identification:_identify(g1/sim/unitree_robots/go2w/assets) by extensions ['ros']
[0.879s] Level 1:colcon.colcon_core.package_identification:_identify(g1/sim/unitree_robots/go2w/assets) by extension 'ros'
[0.879s] Level 1:colcon.colcon_core.package_identification:_identify(g1/sim/unitree_robots/go2w/assets) by extensions ['cmake', 'python']
[0.879s] Level 1:colcon.colcon_core.package_identification:_identify(g1/sim/unitree_robots/go2w/assets) by extension 'cmake'
[0.879s] Level 1:colcon.colcon_core.package_identification:_identify(g1/sim/unitree_robots/go2w/assets) by extension 'python'
[0.879s] Level 1:colcon.colcon_core.package_identification:_identify(g1/sim/unitree_robots/go2w/assets) by extensions ['python_setup_py']
[0.879s] Level 1:colcon.colcon_core.package_identification:_identify(g1/sim/unitree_robots/go2w/assets) by extension 'python_setup_py'
[0.880s] Level 1:colcon.colcon_core.package_identification:_identify(g1/sim/unitree_robots/h1) by extensions ['ignore', 'ignore_ament_install']
[0.880s] Level 1:colcon.colcon_core.package_identification:_identify(g1/sim/unitree_robots/h1) by extension 'ignore'
[0.880s] Level 1:colcon.colcon_core.package_identification:_identify(g1/sim/unitree_robots/h1) by extension 'ignore_ament_install'
[0.880s] Level 1:colcon.colcon_core.package_identification:_identify(g1/sim/unitree_robots/h1) by extensions ['colcon_pkg']
[0.880s] Level 1:colcon.colcon_core.package_identification:_identify(g1/sim/unitree_robots/h1) by extension 'colcon_pkg'
[0.881s] Level 1:colcon.colcon_core.package_identification:_identify(g1/sim/unitree_robots/h1) by extensions ['colcon_meta']
[0.881s] Level 1:colcon.colcon_core.package_identification:_identify(g1/sim/unitree_robots/h1) by extension 'colcon_meta'
[0.881s] Level 1:colcon.colcon_core.package_identification:_identify(g1/sim/unitree_robots/h1) by extensions ['ros']
[0.881s] Level 1:colcon.colcon_core.package_identification:_identify(g1/sim/unitree_robots/h1) by extension 'ros'
[0.881s] Level 1:colcon.colcon_core.package_identification:_identify(g1/sim/unitree_robots/h1) by extensions ['cmake', 'python']
[0.881s] Level 1:colcon.colcon_core.package_identification:_identify(g1/sim/unitree_robots/h1) by extension 'cmake'
[0.881s] Level 1:colcon.colcon_core.package_identification:_identify(g1/sim/unitree_robots/h1) by extension 'python'
[0.881s] Level 1:colcon.colcon_core.package_identification:_identify(g1/sim/unitree_robots/h1) by extensions ['python_setup_py']
[0.881s] Level 1:colcon.colcon_core.package_identification:_identify(g1/sim/unitree_robots/h1) by extension 'python_setup_py'
[0.881s] Level 1:colcon.colcon_core.package_identification:_identify(g1/sim/unitree_robots/h1/assets) by extensions ['ignore', 'ignore_ament_install']
[0.881s] Level 1:colcon.colcon_core.package_identification:_identify(g1/sim/unitree_robots/h1/assets) by extension 'ignore'
[0.882s] Level 1:colcon.colcon_core.package_identification:_identify(g1/sim/unitree_robots/h1/assets) by extension 'ignore_ament_install'
[0.882s] Level 1:colcon.colcon_core.package_identification:_identify(g1/sim/unitree_robots/h1/assets) by extensions ['colcon_pkg']
[0.882s] Level 1:colcon.colcon_core.package_identification:_identify(g1/sim/unitree_robots/h1/assets) by extension 'colcon_pkg'
[0.882s] Level 1:colcon.colcon_core.package_identification:_identify(g1/sim/unitree_robots/h1/assets) by extensions ['colcon_meta']
[0.882s] Level 1:colcon.colcon_core.package_identification:_identify(g1/sim/unitree_robots/h1/assets) by extension 'colcon_meta'
[0.882s] Level 1:colcon.colcon_core.package_identification:_identify(g1/sim/unitree_robots/h1/assets) by extensions ['ros']
[0.882s] Level 1:colcon.colcon_core.package_identification:_identify(g1/sim/unitree_robots/h1/assets) by extension 'ros'
[0.882s] Level 1:colcon.colcon_core.package_identification:_identify(g1/sim/unitree_robots/h1/assets) by extensions ['cmake', 'python']
[0.882s] Level 1:colcon.colcon_core.package_identification:_identify(g1/sim/unitree_robots/h1/assets) by extension 'cmake'
[0.882s] Level 1:colcon.colcon_core.package_identification:_identify(g1/sim/unitree_robots/h1/assets) by extension 'python'
[0.882s] Level 1:colcon.colcon_core.package_identification:_identify(g1/sim/unitree_robots/h1/assets) by extensions ['python_setup_py']
[0.882s] Level 1:colcon.colcon_core.package_identification:_identify(g1/sim/unitree_robots/h1/assets) by extension 'python_setup_py'
[0.882s] Level 1:colcon.colcon_core.package_identification:_identify(g1/sim/unitree_robots/h1_2) by extensions ['ignore', 'ignore_ament_install']
[0.882s] Level 1:colcon.colcon_core.package_identification:_identify(g1/sim/unitree_robots/h1_2) by extension 'ignore'
[0.883s] Level 1:colcon.colcon_core.package_identification:_identify(g1/sim/unitree_robots/h1_2) by extension 'ignore_ament_install'
[0.883s] Level 1:colcon.colcon_core.package_identification:_identify(g1/sim/unitree_robots/h1_2) by extensions ['colcon_pkg']
[0.883s] Level 1:colcon.colcon_core.package_identification:_identify(g1/sim/unitree_robots/h1_2) by extension 'colcon_pkg'
[0.883s] Level 1:colcon.colcon_core.package_identification:_identify(g1/sim/unitree_robots/h1_2) by extensions ['colcon_meta']
[0.883s] Level 1:colcon.colcon_core.package_identification:_identify(g1/sim/unitree_robots/h1_2) by extension 'colcon_meta'
[0.883s] Level 1:colcon.colcon_core.package_identification:_identify(g1/sim/unitree_robots/h1_2) by extensions ['ros']
[0.883s] Level 1:colcon.colcon_core.package_identification:_identify(g1/sim/unitree_robots/h1_2) by extension 'ros'
[0.883s] Level 1:colcon.colcon_core.package_identification:_identify(g1/sim/unitree_robots/h1_2) by extensions ['cmake', 'python']
[0.883s] Level 1:colcon.colcon_core.package_identification:_identify(g1/sim/unitree_robots/h1_2) by extension 'cmake'
[0.883s] Level 1:colcon.colcon_core.package_identification:_identify(g1/sim/unitree_robots/h1_2) by extension 'python'
[0.883s] Level 1:colcon.colcon_core.package_identification:_identify(g1/sim/unitree_robots/h1_2) by extensions ['python_setup_py']
[0.883s] Level 1:colcon.colcon_core.package_identification:_identify(g1/sim/unitree_robots/h1_2) by extension 'python_setup_py'
[0.883s] Level 1:colcon.colcon_core.package_identification:_identify(g1/sim/unitree_robots/h1_2/meshes) by extensions ['ignore', 'ignore_ament_install']
[0.883s] Level 1:colcon.colcon_core.package_identification:_identify(g1/sim/unitree_robots/h1_2/meshes) by extension 'ignore'
[0.884s] Level 1:colcon.colcon_core.package_identification:_identify(g1/sim/unitree_robots/h1_2/meshes) by extension 'ignore_ament_install'
[0.884s] Level 1:colcon.colcon_core.package_identification:_identify(g1/sim/unitree_robots/h1_2/meshes) by extensions ['colcon_pkg']
[0.884s] Level 1:colcon.colcon_core.package_identification:_identify(g1/sim/unitree_robots/h1_2/meshes) by extension 'colcon_pkg'
[0.884s] Level 1:colcon.colcon_core.package_identification:_identify(g1/sim/unitree_robots/h1_2/meshes) by extensions ['colcon_meta']
[0.884s] Level 1:colcon.colcon_core.package_identification:_identify(g1/sim/unitree_robots/h1_2/meshes) by extension 'colcon_meta'
[0.884s] Level 1:colcon.colcon_core.package_identification:_identify(g1/sim/unitree_robots/h1_2/meshes) by extensions ['ros']
[0.884s] Level 1:colcon.colcon_core.package_identification:_identify(g1/sim/unitree_robots/h1_2/meshes) by extension 'ros'
[0.884s] Level 1:colcon.colcon_core.package_identification:_identify(g1/sim/unitree_robots/h1_2/meshes) by extensions ['cmake', 'python']
[0.884s] Level 1:colcon.colcon_core.package_identification:_identify(g1/sim/unitree_robots/h1_2/meshes) by extension 'cmake'
[0.884s] Level 1:colcon.colcon_core.package_identification:_identify(g1/sim/unitree_robots/h1_2/meshes) by extension 'python'
[0.884s] Level 1:colcon.colcon_core.package_identification:_identify(g1/sim/unitree_robots/h1_2/meshes) by extensions ['python_setup_py']
[0.884s] Level 1:colcon.colcon_core.package_identification:_identify(g1/sim/unitree_robots/h1_2/meshes) by extension 'python_setup_py'
[0.884s] Level 1:colcon.colcon_core.package_identification:_identify(go2) by extensions ['ignore', 'ignore_ament_install']
[0.884s] Level 1:colcon.colcon_core.package_identification:_identify(go2) by extension 'ignore'
[0.884s] Level 1:colcon.colcon_core.package_identification:_identify(go2) by extension 'ignore_ament_install'
[0.885s] Level 1:colcon.colcon_core.package_identification:_identify(go2) by extensions ['colcon_pkg']
[0.885s] Level 1:colcon.colcon_core.package_identification:_identify(go2) by extension 'colcon_pkg'
[0.885s] Level 1:colcon.colcon_core.package_identification:_identify(go2) by extensions ['colcon_meta']
[0.885s] Level 1:colcon.colcon_core.package_identification:_identify(go2) by extension 'colcon_meta'
[0.885s] Level 1:colcon.colcon_core.package_identification:_identify(go2) by extensions ['ros']
[0.885s] Level 1:colcon.colcon_core.package_identification:_identify(go2) by extension 'ros'
[0.885s] Level 1:colcon.colcon_core.package_identification:_identify(go2) by extensions ['cmake', 'python']
[0.885s] Level 1:colcon.colcon_core.package_identification:_identify(go2) by extension 'cmake'
[0.885s] Level 1:colcon.colcon_core.package_identification:_identify(go2) by extension 'python'
[0.885s] Level 1:colcon.colcon_core.package_identification:_identify(go2) by extensions ['python_setup_py']
[0.885s] Level 1:colcon.colcon_core.package_identification:_identify(go2) by extension 'python_setup_py'
[0.885s] Level 1:colcon.colcon_core.package_identification:_identify(go2/maps) by extensions ['ignore', 'ignore_ament_install']
[0.885s] Level 1:colcon.colcon_core.package_identification:_identify(go2/maps) by extension 'ignore'
[0.885s] Level 1:colcon.colcon_core.package_identification:_identify(go2/maps) by extension 'ignore_ament_install'
[0.885s] Level 1:colcon.colcon_core.package_identification:_identify(go2/maps) by extensions ['colcon_pkg']
[0.886s] Level 1:colcon.colcon_core.package_identification:_identify(go2/maps) by extension 'colcon_pkg'
[0.886s] Level 1:colcon.colcon_core.package_identification:_identify(go2/maps) by extensions ['colcon_meta']
[0.886s] Level 1:colcon.colcon_core.package_identification:_identify(go2/maps) by extension 'colcon_meta'
[0.886s] Level 1:colcon.colcon_core.package_identification:_identify(go2/maps) by extensions ['ros']
[0.886s] Level 1:colcon.colcon_core.package_identification:_identify(go2/maps) by extension 'ros'
[0.886s] Level 1:colcon.colcon_core.package_identification:_identify(go2/maps) by extensions ['cmake', 'python']
[0.886s] Level 1:colcon.colcon_core.package_identification:_identify(go2/maps) by extension 'cmake'
[0.886s] Level 1:colcon.colcon_core.package_identification:_identify(go2/maps) by extension 'python'
[0.886s] Level 1:colcon.colcon_core.package_identification:_identify(go2/maps) by extensions ['python_setup_py']
[0.886s] Level 1:colcon.colcon_core.package_identification:_identify(go2/maps) by extension 'python_setup_py'
[0.886s] Level 1:colcon.colcon_core.package_identification:_identify(go2/scripts) by extensions ['ignore', 'ignore_ament_install']
[0.886s] Level 1:colcon.colcon_core.package_identification:_identify(go2/scripts) by extension 'ignore'
[0.886s] Level 1:colcon.colcon_core.package_identification:_identify(go2/scripts) by extension 'ignore_ament_install'
[0.886s] Level 1:colcon.colcon_core.package_identification:_identify(go2/scripts) by extensions ['colcon_pkg']
[0.887s] Level 1:colcon.colcon_core.package_identification:_identify(go2/scripts) by extension 'colcon_pkg'
[0.887s] Level 1:colcon.colcon_core.package_identification:_identify(go2/scripts) by extensions ['colcon_meta']
[0.887s] Level 1:colcon.colcon_core.package_identification:_identify(go2/scripts) by extension 'colcon_meta'
[0.887s] Level 1:colcon.colcon_core.package_identification:_identify(go2/scripts) by extensions ['ros']
[0.887s] Level 1:colcon.colcon_core.package_identification:_identify(go2/scripts) by extension 'ros'
[0.887s] Level 1:colcon.colcon_core.package_identification:_identify(go2/scripts) by extensions ['cmake', 'python']
[0.887s] Level 1:colcon.colcon_core.package_identification:_identify(go2/scripts) by extension 'cmake'
[0.887s] Level 1:colcon.colcon_core.package_identification:_identify(go2/scripts) by extension 'python'
[0.887s] Level 1:colcon.colcon_core.package_identification:_identify(go2/scripts) by extensions ['python_setup_py']
[0.887s] Level 1:colcon.colcon_core.package_identification:_identify(go2/scripts) by extension 'python_setup_py'
[0.887s] Level 1:colcon.colcon_core.package_identification:_identify(go2/scripts/VLA) by extensions ['ignore', 'ignore_ament_install']
[0.887s] Level 1:colcon.colcon_core.package_identification:_identify(go2/scripts/VLA) by extension 'ignore'
[0.887s] Level 1:colcon.colcon_core.package_identification:_identify(go2/scripts/VLA) by extension 'ignore_ament_install'
[0.887s] Level 1:colcon.colcon_core.package_identification:_identify(go2/scripts/VLA) by extensions ['colcon_pkg']
[0.887s] Level 1:colcon.colcon_core.package_identification:_identify(go2/scripts/VLA) by extension 'colcon_pkg'
[0.888s] Level 1:colcon.colcon_core.package_identification:_identify(go2/scripts/VLA) by extensions ['colcon_meta']
[0.888s] Level 1:colcon.colcon_core.package_identification:_identify(go2/scripts/VLA) by extension 'colcon_meta'
[0.888s] Level 1:colcon.colcon_core.package_identification:_identify(go2/scripts/VLA) by extensions ['ros']
[0.888s] Level 1:colcon.colcon_core.package_identification:_identify(go2/scripts/VLA) by extension 'ros'
[0.888s] Level 1:colcon.colcon_core.package_identification:_identify(go2/scripts/VLA) by extensions ['cmake', 'python']
[0.888s] Level 1:colcon.colcon_core.package_identification:_identify(go2/scripts/VLA) by extension 'cmake'
[0.888s] Level 1:colcon.colcon_core.package_identification:_identify(go2/scripts/VLA) by extension 'python'
[0.888s] Level 1:colcon.colcon_core.package_identification:_identify(go2/scripts/VLA) by extensions ['python_setup_py']
[0.888s] Level 1:colcon.colcon_core.package_identification:_identify(go2/scripts/VLA) by extension 'python_setup_py'
[0.888s] Level 1:colcon.colcon_core.package_identification:_identify(go2/scripts/VLA/hf_vla) by extensions ['ignore', 'ignore_ament_install']
[0.888s] Level 1:colcon.colcon_core.package_identification:_identify(go2/scripts/VLA/hf_vla) by extension 'ignore'
[0.888s] Level 1:colcon.colcon_core.package_identification:_identify(go2/scripts/VLA/hf_vla) by extension 'ignore_ament_install'
[0.888s] Level 1:colcon.colcon_core.package_identification:_identify(go2/scripts/VLA/hf_vla) by extensions ['colcon_pkg']
[0.888s] Level 1:colcon.colcon_core.package_identification:_identify(go2/scripts/VLA/hf_vla) by extension 'colcon_pkg'
[0.888s] Level 1:colcon.colcon_core.package_identification:_identify(go2/scripts/VLA/hf_vla) by extensions ['colcon_meta']
[0.889s] Level 1:colcon.colcon_core.package_identification:_identify(go2/scripts/VLA/hf_vla) by extension 'colcon_meta'
[0.889s] Level 1:colcon.colcon_core.package_identification:_identify(go2/scripts/VLA/hf_vla) by extensions ['ros']
[0.889s] Level 1:colcon.colcon_core.package_identification:_identify(go2/scripts/VLA/hf_vla) by extension 'ros'
[0.889s] Level 1:colcon.colcon_core.package_identification:_identify(go2/scripts/VLA/hf_vla) by extensions ['cmake', 'python']
[0.889s] Level 1:colcon.colcon_core.package_identification:_identify(go2/scripts/VLA/hf_vla) by extension 'cmake'
[0.889s] Level 1:colcon.colcon_core.package_identification:_identify(go2/scripts/VLA/hf_vla) by extension 'python'
[0.889s] Level 1:colcon.colcon_core.package_identification:_identify(go2/scripts/VLA/hf_vla) by extensions ['python_setup_py']
[0.889s] Level 1:colcon.colcon_core.package_identification:_identify(go2/scripts/VLA/hf_vla) by extension 'python_setup_py'
[0.889s] Level 1:colcon.colcon_core.package_identification:_identify(go2/scripts/VLA/ollama_vla) by extensions ['ignore', 'ignore_ament_install']
[0.889s] Level 1:colcon.colcon_core.package_identification:_identify(go2/scripts/VLA/ollama_vla) by extension 'ignore'
[0.889s] Level 1:colcon.colcon_core.package_identification:_identify(go2/scripts/VLA/ollama_vla) by extension 'ignore_ament_install'
[0.889s] Level 1:colcon.colcon_core.package_identification:_identify(go2/scripts/VLA/ollama_vla) by extensions ['colcon_pkg']
[0.889s] Level 1:colcon.colcon_core.package_identification:_identify(go2/scripts/VLA/ollama_vla) by extension 'colcon_pkg'
[0.890s] Level 1:colcon.colcon_core.package_identification:_identify(go2/scripts/VLA/ollama_vla) by extensions ['colcon_meta']
[0.890s] Level 1:colcon.colcon_core.package_identification:_identify(go2/scripts/VLA/ollama_vla) by extension 'colcon_meta'
[0.890s] Level 1:colcon.colcon_core.package_identification:_identify(go2/scripts/VLA/ollama_vla) by extensions ['ros']
[0.890s] Level 1:colcon.colcon_core.package_identification:_identify(go2/scripts/VLA/ollama_vla) by extension 'ros'
[0.890s] Level 1:colcon.colcon_core.package_identification:_identify(go2/scripts/VLA/ollama_vla) by extensions ['cmake', 'python']
[0.890s] Level 1:colcon.colcon_core.package_identification:_identify(go2/scripts/VLA/ollama_vla) by extension 'cmake'
[0.890s] Level 1:colcon.colcon_core.package_identification:_identify(go2/scripts/VLA/ollama_vla) by extension 'python'
[0.890s] Level 1:colcon.colcon_core.package_identification:_identify(go2/scripts/VLA/ollama_vla) by extensions ['python_setup_py']
[0.890s] Level 1:colcon.colcon_core.package_identification:_identify(go2/scripts/VLA/ollama_vla) by extension 'python_setup_py'
[0.890s] Level 1:colcon.colcon_core.package_identification:_identify(go2/sim) by extensions ['ignore', 'ignore_ament_install']
[0.890s] Level 1:colcon.colcon_core.package_identification:_identify(go2/sim) by extension 'ignore'
[0.890s] Level 1:colcon.colcon_core.package_identification:_identify(go2/sim) by extension 'ignore_ament_install'
[0.890s] Level 1:colcon.colcon_core.package_identification:_identify(go2/sim) by extensions ['colcon_pkg']
[0.890s] Level 1:colcon.colcon_core.package_identification:_identify(go2/sim) by extension 'colcon_pkg'
[0.890s] Level 1:colcon.colcon_core.package_identification:_identify(go2/sim) by extensions ['colcon_meta']
[0.891s] Level 1:colcon.colcon_core.package_identification:_identify(go2/sim) by extension 'colcon_meta'
[0.891s] Level 1:colcon.colcon_core.package_identification:_identify(go2/sim) by extensions ['ros']
[0.891s] Level 1:colcon.colcon_core.package_identification:_identify(go2/sim) by extension 'ros'
[0.891s] Level 1:colcon.colcon_core.package_identification:_identify(go2/sim) by extensions ['cmake', 'python']
[0.891s] Level 1:colcon.colcon_core.package_identification:_identify(go2/sim) by extension 'cmake'
[0.891s] Level 1:colcon.colcon_core.package_identification:_identify(go2/sim) by extension 'python'
[0.891s] Level 1:colcon.colcon_core.package_identification:_identify(go2/sim) by extensions ['python_setup_py']
[0.891s] Level 1:colcon.colcon_core.package_identification:_identify(go2/sim) by extension 'python_setup_py'
[0.891s] Level 1:colcon.colcon_core.package_identification:_identify(go2/sim/mujoco) by extensions ['ignore', 'ignore_ament_install']
[0.891s] Level 1:colcon.colcon_core.package_identification:_identify(go2/sim/mujoco) by extension 'ignore'
[0.891s] Level 1:colcon.colcon_core.package_identification:_identify(go2/sim/mujoco) by extension 'ignore_ament_install'
[0.891s] Level 1:colcon.colcon_core.package_identification:_identify(go2/sim/mujoco) by extensions ['colcon_pkg']
[0.891s] Level 1:colcon.colcon_core.package_identification:_identify(go2/sim/mujoco) by extension 'colcon_pkg'
[0.891s] Level 1:colcon.colcon_core.package_identification:_identify(go2/sim/mujoco) by extensions ['colcon_meta']
[0.891s] Level 1:colcon.colcon_core.package_identification:_identify(go2/sim/mujoco) by extension 'colcon_meta'
[0.892s] Level 1:colcon.colcon_core.package_identification:_identify(go2/sim/mujoco) by extensions ['ros']
[0.892s] Level 1:colcon.colcon_core.package_identification:_identify(go2/sim/mujoco) by extension 'ros'
[0.892s] Level 1:colcon.colcon_core.package_identification:_identify(go2/sim/mujoco) by extensions ['cmake', 'python']
[0.892s] Level 1:colcon.colcon_core.package_identification:_identify(go2/sim/mujoco) by extension 'cmake'
[0.892s] Level 1:colcon.colcon_core.package_identification:_identify(go2/sim/mujoco) by extension 'python'
[0.892s] Level 1:colcon.colcon_core.package_identification:_identify(go2/sim/mujoco) by extensions ['python_setup_py']
[0.892s] Level 1:colcon.colcon_core.package_identification:_identify(go2/sim/mujoco) by extension 'python_setup_py'
[0.892s] Level 1:colcon.colcon_core.package_identification:_identify(go2/sim/mujoco/scripts) by extensions ['ignore', 'ignore_ament_install']
[0.892s] Level 1:colcon.colcon_core.package_identification:_identify(go2/sim/mujoco/scripts) by extension 'ignore'
[0.892s] Level 1:colcon.colcon_core.package_identification:_identify(go2/sim/mujoco/scripts) by extension 'ignore_ament_install'
[0.892s] Level 1:colcon.colcon_core.package_identification:_identify(go2/sim/mujoco/scripts) by extensions ['colcon_pkg']
[0.892s] Level 1:colcon.colcon_core.package_identification:_identify(go2/sim/mujoco/scripts) by extension 'colcon_pkg'
[0.892s] Level 1:colcon.colcon_core.package_identification:_identify(go2/sim/mujoco/scripts) by extensions ['colcon_meta']
[0.892s] Level 1:colcon.colcon_core.package_identification:_identify(go2/sim/mujoco/scripts) by extension 'colcon_meta'
[0.893s] Level 1:colcon.colcon_core.package_identification:_identify(go2/sim/mujoco/scripts) by extensions ['ros']
[0.893s] Level 1:colcon.colcon_core.package_identification:_identify(go2/sim/mujoco/scripts) by extension 'ros'
[0.893s] Level 1:colcon.colcon_core.package_identification:_identify(go2/sim/mujoco/scripts) by extensions ['cmake', 'python']
[0.893s] Level 1:colcon.colcon_core.package_identification:_identify(go2/sim/mujoco/scripts) by extension 'cmake'
[0.893s] Level 1:colcon.colcon_core.package_identification:_identify(go2/sim/mujoco/scripts) by extension 'python'
[0.893s] Level 1:colcon.colcon_core.package_identification:_identify(go2/sim/mujoco/scripts) by extensions ['python_setup_py']
[0.893s] Level 1:colcon.colcon_core.package_identification:_identify(go2/sim/mujoco/scripts) by extension 'python_setup_py'
[0.893s] Level 1:colcon.colcon_core.package_identification:_identify(go2/sim/unitree_description-master) by extensions ['ignore', 'ignore_ament_install']
[0.893s] Level 1:colcon.colcon_core.package_identification:_identify(go2/sim/unitree_description-master) by extension 'ignore'
[0.893s] Level 1:colcon.colcon_core.package_identification:_identify(go2/sim/unitree_description-master) by extension 'ignore_ament_install'
[0.893s] Level 1:colcon.colcon_core.package_identification:_identify(go2/sim/unitree_description-master) by extensions ['colcon_pkg']
[0.893s] Level 1:colcon.colcon_core.package_identification:_identify(go2/sim/unitree_description-master) by extension 'colcon_pkg'
[0.894s] Level 1:colcon.colcon_core.package_identification:_identify(go2/sim/unitree_description-master) by extensions ['colcon_meta']
[0.894s] Level 1:colcon.colcon_core.package_identification:_identify(go2/sim/unitree_description-master) by extension 'colcon_meta'
[0.894s] Level 1:colcon.colcon_core.package_identification:_identify(go2/sim/unitree_description-master) by extensions ['ros']
[0.895s] Level 1:colcon.colcon_core.package_identification:_identify(go2/sim/unitree_description-master) by extension 'ros'
[0.902s] DEBUG:colcon.colcon_core.package_identification:Package 'go2/sim/unitree_description-master' with type 'ros.cmake' and name 'unitree_description'
[0.902s] Level 1:colcon.colcon_core.package_identification:_identify(go2/sim/unitree_robots) by extensions ['ignore', 'ignore_ament_install']
[0.902s] Level 1:colcon.colcon_core.package_identification:_identify(go2/sim/unitree_robots) by extension 'ignore'
[0.902s] Level 1:colcon.colcon_core.package_identification:_identify(go2/sim/unitree_robots) by extension 'ignore_ament_install'
[0.902s] Level 1:colcon.colcon_core.package_identification:_identify(go2/sim/unitree_robots) by extensions ['colcon_pkg']
[0.902s] Level 1:colcon.colcon_core.package_identification:_identify(go2/sim/unitree_robots) by extension 'colcon_pkg'
[0.902s] Level 1:colcon.colcon_core.package_identification:_identify(go2/sim/unitree_robots) by extensions ['colcon_meta']
[0.902s] Level 1:colcon.colcon_core.package_identification:_identify(go2/sim/unitree_robots) by extension 'colcon_meta'
[0.902s] Level 1:colcon.colcon_core.package_identification:_identify(go2/sim/unitree_robots) by extensions ['ros']
[0.903s] Level 1:colcon.colcon_core.package_identification:_identify(go2/sim/unitree_robots) by extension 'ros'
[0.903s] Level 1:colcon.colcon_core.package_identification:_identify(go2/sim/unitree_robots) by extensions ['cmake', 'python']
[0.903s] Level 1:colcon.colcon_core.package_identification:_identify(go2/sim/unitree_robots) by extension 'cmake'
[0.903s] Level 1:colcon.colcon_core.package_identification:_identify(go2/sim/unitree_robots) by extension 'python'
[0.903s] Level 1:colcon.colcon_core.package_identification:_identify(go2/sim/unitree_robots) by extensions ['python_setup_py']
[0.903s] Level 1:colcon.colcon_core.package_identification:_identify(go2/sim/unitree_robots) by extension 'python_setup_py'
[0.903s] Level 1:colcon.colcon_core.package_identification:_identify(go2/sim/unitree_robots/b2) by extensions ['ignore', 'ignore_ament_install']
[0.903s] Level 1:colcon.colcon_core.package_identification:_identify(go2/sim/unitree_robots/b2) by extension 'ignore'
[0.903s] Level 1:colcon.colcon_core.package_identification:_identify(go2/sim/unitree_robots/b2) by extension 'ignore_ament_install'
[0.903s] Level 1:colcon.colcon_core.package_identification:_identify(go2/sim/unitree_robots/b2) by extensions ['colcon_pkg']
[0.903s] Level 1:colcon.colcon_core.package_identification:_identify(go2/sim/unitree_robots/b2) by extension 'colcon_pkg'
[0.903s] Level 1:colcon.colcon_core.package_identification:_identify(go2/sim/unitree_robots/b2) by extensions ['colcon_meta']
[0.904s] Level 1:colcon.colcon_core.package_identification:_identify(go2/sim/unitree_robots/b2) by extension 'colcon_meta'
[0.904s] Level 1:colcon.colcon_core.package_identification:_identify(go2/sim/unitree_robots/b2) by extensions ['ros']
[0.904s] Level 1:colcon.colcon_core.package_identification:_identify(go2/sim/unitree_robots/b2) by extension 'ros'
[0.904s] Level 1:colcon.colcon_core.package_identification:_identify(go2/sim/unitree_robots/b2) by extensions ['cmake', 'python']
[0.904s] Level 1:colcon.colcon_core.package_identification:_identify(go2/sim/unitree_robots/b2) by extension 'cmake'
[0.904s] Level 1:colcon.colcon_core.package_identification:_identify(go2/sim/unitree_robots/b2) by extension 'python'
[0.904s] Level 1:colcon.colcon_core.package_identification:_identify(go2/sim/unitree_robots/b2) by extensions ['python_setup_py']
[0.904s] Level 1:colcon.colcon_core.package_identification:_identify(go2/sim/unitree_robots/b2) by extension 'python_setup_py'
[0.904s] Level 1:colcon.colcon_core.package_identification:_identify(go2/sim/unitree_robots/b2/assets) by extensions ['ignore', 'ignore_ament_install']
[0.904s] Level 1:colcon.colcon_core.package_identification:_identify(go2/sim/unitree_robots/b2/assets) by extension 'ignore'
[0.904s] Level 1:colcon.colcon_core.package_identification:_identify(go2/sim/unitree_robots/b2/assets) by extension 'ignore_ament_install'
[0.904s] Level 1:colcon.colcon_core.package_identification:_identify(go2/sim/unitree_robots/b2/assets) by extensions ['colcon_pkg']
[0.905s] Level 1:colcon.colcon_core.package_identification:_identify(go2/sim/unitree_robots/b2/assets) by extension 'colcon_pkg'
[0.905s] Level 1:colcon.colcon_core.package_identification:_identify(go2/sim/unitree_robots/b2/assets) by extensions ['colcon_meta']
[0.905s] Level 1:colcon.colcon_core.package_identification:_identify(go2/sim/unitree_robots/b2/assets) by extension 'colcon_meta'
[0.905s] Level 1:colcon.colcon_core.package_identification:_identify(go2/sim/unitree_robots/b2/assets) by extensions ['ros']
[0.905s] Level 1:colcon.colcon_core.package_identification:_identify(go2/sim/unitree_robots/b2/assets) by extension 'ros'
[0.905s] Level 1:colcon.colcon_core.package_identification:_identify(go2/sim/unitree_robots/b2/assets) by extensions ['cmake', 'python']
[0.905s] Level 1:colcon.colcon_core.package_identification:_identify(go2/sim/unitree_robots/b2/assets) by extension 'cmake'
[0.905s] Level 1:colcon.colcon_core.package_identification:_identify(go2/sim/unitree_robots/b2/assets) by extension 'python'
[0.905s] Level 1:colcon.colcon_core.package_identification:_identify(go2/sim/unitree_robots/b2/assets) by extensions ['python_setup_py']
[0.905s] Level 1:colcon.colcon_core.package_identification:_identify(go2/sim/unitree_robots/b2/assets) by extension 'python_setup_py'
[0.905s] Level 1:colcon.colcon_core.package_identification:_identify(go2/sim/unitree_robots/b2w) by extensions ['ignore', 'ignore_ament_install']
[0.905s] Level 1:colcon.colcon_core.package_identification:_identify(go2/sim/unitree_robots/b2w) by extension 'ignore'
[0.905s] Level 1:colcon.colcon_core.package_identification:_identify(go2/sim/unitree_robots/b2w) by extension 'ignore_ament_install'
[0.906s] Level 1:colcon.colcon_core.package_identification:_identify(go2/sim/unitree_robots/b2w) by extensions ['colcon_pkg']
[0.906s] Level 1:colcon.colcon_core.package_identification:_identify(go2/sim/unitree_robots/b2w) by extension 'colcon_pkg'
[0.906s] Level 1:colcon.colcon_core.package_identification:_identify(go2/sim/unitree_robots/b2w) by extensions ['colcon_meta']
[0.906s] Level 1:colcon.colcon_core.package_identification:_identify(go2/sim/unitree_robots/b2w) by extension 'colcon_meta'
[0.906s] Level 1:colcon.colcon_core.package_identification:_identify(go2/sim/unitree_robots/b2w) by extensions ['ros']
[0.906s] Level 1:colcon.colcon_core.package_identification:_identify(go2/sim/unitree_robots/b2w) by extension 'ros'
[0.906s] Level 1:colcon.colcon_core.package_identification:_identify(go2/sim/unitree_robots/b2w) by extensions ['cmake', 'python']
[0.906s] Level 1:colcon.colcon_core.package_identification:_identify(go2/sim/unitree_robots/b2w) by extension 'cmake'
[0.906s] Level 1:colcon.colcon_core.package_identification:_identify(go2/sim/unitree_robots/b2w) by extension 'python'
[0.906s] Level 1:colcon.colcon_core.package_identification:_identify(go2/sim/unitree_robots/b2w) by extensions ['python_setup_py']
[0.906s] Level 1:colcon.colcon_core.package_identification:_identify(go2/sim/unitree_robots/b2w) by extension 'python_setup_py'
[0.906s] Level 1:colcon.colcon_core.package_identification:_identify(go2/sim/unitree_robots/b2w/assets) by extensions ['ignore', 'ignore_ament_install']
[0.906s] Level 1:colcon.colcon_core.package_identification:_identify(go2/sim/unitree_robots/b2w/assets) by extension 'ignore'
[0.907s] Level 1:colcon.colcon_core.package_identification:_identify(go2/sim/unitree_robots/b2w/assets) by extension 'ignore_ament_install'
[0.907s] Level 1:colcon.colcon_core.package_identification:_identify(go2/sim/unitree_robots/b2w/assets) by extensions ['colcon_pkg']
[0.907s] Level 1:colcon.colcon_core.package_identification:_identify(go2/sim/unitree_robots/b2w/assets) by extension 'colcon_pkg'
[0.907s] Level 1:colcon.colcon_core.package_identification:_identify(go2/sim/unitree_robots/b2w/assets) by extensions ['colcon_meta']
[0.907s] Level 1:colcon.colcon_core.package_identification:_identify(go2/sim/unitree_robots/b2w/assets) by extension 'colcon_meta'
[0.907s] Level 1:colcon.colcon_core.package_identification:_identify(go2/sim/unitree_robots/b2w/assets) by extensions ['ros']
[0.907s] Level 1:colcon.colcon_core.package_identification:_identify(go2/sim/unitree_robots/b2w/assets) by extension 'ros'
[0.907s] Level 1:colcon.colcon_core.package_identification:_identify(go2/sim/unitree_robots/b2w/assets) by extensions ['cmake', 'python']
[0.907s] Level 1:colcon.colcon_core.package_identification:_identify(go2/sim/unitree_robots/b2w/assets) by extension 'cmake'
[0.907s] Level 1:colcon.colcon_core.package_identification:_identify(go2/sim/unitree_robots/b2w/assets) by extension 'python'
[0.907s] Level 1:colcon.colcon_core.package_identification:_identify(go2/sim/unitree_robots/b2w/assets) by extensions ['python_setup_py']
[0.907s] Level 1:colcon.colcon_core.package_identification:_identify(go2/sim/unitree_robots/b2w/assets) by extension 'python_setup_py'
[0.907s] Level 1:colcon.colcon_core.package_identification:_identify(go2/sim/unitree_robots/g1) by extensions ['ignore', 'ignore_ament_install']
[0.907s] Level 1:colcon.colcon_core.package_identification:_identify(go2/sim/unitree_robots/g1) by extension 'ignore'
[0.908s] Level 1:colcon.colcon_core.package_identification:_identify(go2/sim/unitree_robots/g1) by extension 'ignore_ament_install'
[0.908s] Level 1:colcon.colcon_core.package_identification:_identify(go2/sim/unitree_robots/g1) by extensions ['colcon_pkg']
[0.908s] Level 1:colcon.colcon_core.package_identification:_identify(go2/sim/unitree_robots/g1) by extension 'colcon_pkg'
[0.908s] Level 1:colcon.colcon_core.package_identification:_identify(go2/sim/unitree_robots/g1) by extensions ['colcon_meta']
[0.908s] Level 1:colcon.colcon_core.package_identification:_identify(go2/sim/unitree_robots/g1) by extension 'colcon_meta'
[0.908s] Level 1:colcon.colcon_core.package_identification:_identify(go2/sim/unitree_robots/g1) by extensions ['ros']
[0.908s] Level 1:colcon.colcon_core.package_identification:_identify(go2/sim/unitree_robots/g1) by extension 'ros'
[0.908s] Level 1:colcon.colcon_core.package_identification:_identify(go2/sim/unitree_robots/g1) by extensions ['cmake', 'python']
[0.908s] Level 1:colcon.colcon_core.package_identification:_identify(go2/sim/unitree_robots/g1) by extension 'cmake'
[0.908s] Level 1:colcon.colcon_core.package_identification:_identify(go2/sim/unitree_robots/g1) by extension 'python'
[0.908s] Level 1:colcon.colcon_core.package_identification:_identify(go2/sim/unitree_robots/g1) by extensions ['python_setup_py']
[0.908s] Level 1:colcon.colcon_core.package_identification:_identify(go2/sim/unitree_robots/g1) by extension 'python_setup_py'
[0.908s] Level 1:colcon.colcon_core.package_identification:_identify(go2/sim/unitree_robots/g1/images) by extensions ['ignore', 'ignore_ament_install']
[0.909s] Level 1:colcon.colcon_core.package_identification:_identify(go2/sim/unitree_robots/g1/images) by extension 'ignore'
[0.909s] Level 1:colcon.colcon_core.package_identification:_identify(go2/sim/unitree_robots/g1/images) by extension 'ignore_ament_install'
[0.909s] Level 1:colcon.colcon_core.package_identification:_identify(go2/sim/unitree_robots/g1/images) by extensions ['colcon_pkg']
[0.909s] Level 1:colcon.colcon_core.package_identification:_identify(go2/sim/unitree_robots/g1/images) by extension 'colcon_pkg'
[0.909s] Level 1:colcon.colcon_core.package_identification:_identify(go2/sim/unitree_robots/g1/images) by extensions ['colcon_meta']
[0.909s] Level 1:colcon.colcon_core.package_identification:_identify(go2/sim/unitree_robots/g1/images) by extension 'colcon_meta'
[0.909s] Level 1:colcon.colcon_core.package_identification:_identify(go2/sim/unitree_robots/g1/images) by extensions ['ros']
[0.909s] Level 1:colcon.colcon_core.package_identification:_identify(go2/sim/unitree_robots/g1/images) by extension 'ros'
[0.909s] Level 1:colcon.colcon_core.package_identification:_identify(go2/sim/unitree_robots/g1/images) by extensions ['cmake', 'python']
[0.909s] Level 1:colcon.colcon_core.package_identification:_identify(go2/sim/unitree_robots/g1/images) by extension 'cmake'
[0.909s] Level 1:colcon.colcon_core.package_identification:_identify(go2/sim/unitree_robots/g1/images) by extension 'python'
[0.909s] Level 1:colcon.colcon_core.package_identification:_identify(go2/sim/unitree_robots/g1/images) by extensions ['python_setup_py']
[0.909s] Level 1:colcon.colcon_core.package_identification:_identify(go2/sim/unitree_robots/g1/images) by extension 'python_setup_py'
[0.909s] Level 1:colcon.colcon_core.package_identification:_identify(go2/sim/unitree_robots/g1/meshes) by extensions ['ignore', 'ignore_ament_install']
[0.910s] Level 1:colcon.colcon_core.package_identification:_identify(go2/sim/unitree_robots/g1/meshes) by extension 'ignore'
[0.910s] Level 1:colcon.colcon_core.package_identification:_identify(go2/sim/unitree_robots/g1/meshes) by extension 'ignore_ament_install'
[0.910s] Level 1:colcon.colcon_core.package_identification:_identify(go2/sim/unitree_robots/g1/meshes) by extensions ['colcon_pkg']
[0.910s] Level 1:colcon.colcon_core.package_identification:_identify(go2/sim/unitree_robots/g1/meshes) by extension 'colcon_pkg'
[0.910s] Level 1:colcon.colcon_core.package_identification:_identify(go2/sim/unitree_robots/g1/meshes) by extensions ['colcon_meta']
[0.910s] Level 1:colcon.colcon_core.package_identification:_identify(go2/sim/unitree_robots/g1/meshes) by extension 'colcon_meta'
[0.910s] Level 1:colcon.colcon_core.package_identification:_identify(go2/sim/unitree_robots/g1/meshes) by extensions ['ros']
[0.910s] Level 1:colcon.colcon_core.package_identification:_identify(go2/sim/unitree_robots/g1/meshes) by extension 'ros'
[0.910s] Level 1:colcon.colcon_core.package_identification:_identify(go2/sim/unitree_robots/g1/meshes) by extensions ['cmake', 'python']
[0.910s] Level 1:colcon.colcon_core.package_identification:_identify(go2/sim/unitree_robots/g1/meshes) by extension 'cmake'
[0.910s] Level 1:colcon.colcon_core.package_identification:_identify(go2/sim/unitree_robots/g1/meshes) by extension 'python'
[0.910s] Level 1:colcon.colcon_core.package_identification:_identify(go2/sim/unitree_robots/g1/meshes) by extensions ['python_setup_py']
[0.910s] Level 1:colcon.colcon_core.package_identification:_identify(go2/sim/unitree_robots/g1/meshes) by extension 'python_setup_py'
[0.910s] Level 1:colcon.colcon_core.package_identification:_identify(go2/sim/unitree_robots/go2) by extensions ['ignore', 'ignore_ament_install']
[0.911s] Level 1:colcon.colcon_core.package_identification:_identify(go2/sim/unitree_robots/go2) by extension 'ignore'
[0.911s] Level 1:colcon.colcon_core.package_identification:_identify(go2/sim/unitree_robots/go2) by extension 'ignore_ament_install'
[0.911s] Level 1:colcon.colcon_core.package_identification:_identify(go2/sim/unitree_robots/go2) by extensions ['colcon_pkg']
[0.911s] Level 1:colcon.colcon_core.package_identification:_identify(go2/sim/unitree_robots/go2) by extension 'colcon_pkg'
[0.911s] Level 1:colcon.colcon_core.package_identification:_identify(go2/sim/unitree_robots/go2) by extensions ['colcon_meta']
[0.911s] Level 1:colcon.colcon_core.package_identification:_identify(go2/sim/unitree_robots/go2) by extension 'colcon_meta'
[0.911s] Level 1:colcon.colcon_core.package_identification:_identify(go2/sim/unitree_robots/go2) by extensions ['ros']
[0.911s] Level 1:colcon.colcon_core.package_identification:_identify(go2/sim/unitree_robots/go2) by extension 'ros'
[0.911s] Level 1:colcon.colcon_core.package_identification:_identify(go2/sim/unitree_robots/go2) by extensions ['cmake', 'python']
[0.911s] Level 1:colcon.colcon_core.package_identification:_identify(go2/sim/unitree_robots/go2) by extension 'cmake'
[0.911s] Level 1:colcon.colcon_core.package_identification:_identify(go2/sim/unitree_robots/go2) by extension 'python'
[0.911s] Level 1:colcon.colcon_core.package_identification:_identify(go2/sim/unitree_robots/go2) by extensions ['python_setup_py']
[0.911s] Level 1:colcon.colcon_core.package_identification:_identify(go2/sim/unitree_robots/go2) by extension 'python_setup_py'
[0.911s] Level 1:colcon.colcon_core.package_identification:_identify(go2/sim/unitree_robots/go2/assets) by extensions ['ignore', 'ignore_ament_install']
[0.912s] Level 1:colcon.colcon_core.package_identification:_identify(go2/sim/unitree_robots/go2/assets) by extension 'ignore'
[0.912s] Level 1:colcon.colcon_core.package_identification:_identify(go2/sim/unitree_robots/go2/assets) by extension 'ignore_ament_install'
[0.912s] Level 1:colcon.colcon_core.package_identification:_identify(go2/sim/unitree_robots/go2/assets) by extensions ['colcon_pkg']
[0.912s] Level 1:colcon.colcon_core.package_identification:_identify(go2/sim/unitree_robots/go2/assets) by extension 'colcon_pkg'
[0.912s] Level 1:colcon.colcon_core.package_identification:_identify(go2/sim/unitree_robots/go2/assets) by extensions ['colcon_meta']
[0.912s] Level 1:colcon.colcon_core.package_identification:_identify(go2/sim/unitree_robots/go2/assets) by extension 'colcon_meta'
[0.912s] Level 1:colcon.colcon_core.package_identification:_identify(go2/sim/unitree_robots/go2/assets) by extensions ['ros']
[0.912s] Level 1:colcon.colcon_core.package_identification:_identify(go2/sim/unitree_robots/go2/assets) by extension 'ros'
[0.912s] Level 1:colcon.colcon_core.package_identification:_identify(go2/sim/unitree_robots/go2/assets) by extensions ['cmake', 'python']
[0.912s] Level 1:colcon.colcon_core.package_identification:_identify(go2/sim/unitree_robots/go2/assets) by extension 'cmake'
[0.912s] Level 1:colcon.colcon_core.package_identification:_identify(go2/sim/unitree_robots/go2/assets) by extension 'python'
[0.912s] Level 1:colcon.colcon_core.package_identification:_identify(go2/sim/unitree_robots/go2/assets) by extensions ['python_setup_py']
[0.912s] Level 1:colcon.colcon_core.package_identification:_identify(go2/sim/unitree_robots/go2/assets) by extension 'python_setup_py'
[0.912s] Level 1:colcon.colcon_core.package_identification:_identify(go2/sim/unitree_robots/go2w) by extensions ['ignore', 'ignore_ament_install']
[0.913s] Level 1:colcon.colcon_core.package_identification:_identify(go2/sim/unitree_robots/go2w) by extension 'ignore'
[0.913s] Level 1:colcon.colcon_core.package_identification:_identify(go2/sim/unitree_robots/go2w) by extension 'ignore_ament_install'
[0.913s] Level 1:colcon.colcon_core.package_identification:_identify(go2/sim/unitree_robots/go2w) by extensions ['colcon_pkg']
[0.913s] Level 1:colcon.colcon_core.package_identification:_identify(go2/sim/unitree_robots/go2w) by extension 'colcon_pkg'
[0.913s] Level 1:colcon.colcon_core.package_identification:_identify(go2/sim/unitree_robots/go2w) by extensions ['colcon_meta']
[0.913s] Level 1:colcon.colcon_core.package_identification:_identify(go2/sim/unitree_robots/go2w) by extension 'colcon_meta'
[0.913s] Level 1:colcon.colcon_core.package_identification:_identify(go2/sim/unitree_robots/go2w) by extensions ['ros']
[0.913s] Level 1:colcon.colcon_core.package_identification:_identify(go2/sim/unitree_robots/go2w) by extension 'ros'
[0.913s] Level 1:colcon.colcon_core.package_identification:_identify(go2/sim/unitree_robots/go2w) by extensions ['cmake', 'python']
[0.913s] Level 1:colcon.colcon_core.package_identification:_identify(go2/sim/unitree_robots/go2w) by extension 'cmake'
[0.913s] Level 1:colcon.colcon_core.package_identification:_identify(go2/sim/unitree_robots/go2w) by extension 'python'
[0.913s] Level 1:colcon.colcon_core.package_identification:_identify(go2/sim/unitree_robots/go2w) by extensions ['python_setup_py']
[0.913s] Level 1:colcon.colcon_core.package_identification:_identify(go2/sim/unitree_robots/go2w) by extension 'python_setup_py'
[0.914s] Level 1:colcon.colcon_core.package_identification:_identify(go2/sim/unitree_robots/go2w/assets) by extensions ['ignore', 'ignore_ament_install']
[0.914s] Level 1:colcon.colcon_core.package_identification:_identify(go2/sim/unitree_robots/go2w/assets) by extension 'ignore'
[0.914s] Level 1:colcon.colcon_core.package_identification:_identify(go2/sim/unitree_robots/go2w/assets) by extension 'ignore_ament_install'
[0.914s] Level 1:colcon.colcon_core.package_identification:_identify(go2/sim/unitree_robots/go2w/assets) by extensions ['colcon_pkg']
[0.914s] Level 1:colcon.colcon_core.package_identification:_identify(go2/sim/unitree_robots/go2w/assets) by extension 'colcon_pkg'
[0.914s] Level 1:colcon.colcon_core.package_identification:_identify(go2/sim/unitree_robots/go2w/assets) by extensions ['colcon_meta']
[0.914s] Level 1:colcon.colcon_core.package_identification:_identify(go2/sim/unitree_robots/go2w/assets) by extension 'colcon_meta'
[0.914s] Level 1:colcon.colcon_core.package_identification:_identify(go2/sim/unitree_robots/go2w/assets) by extensions ['ros']
[0.914s] Level 1:colcon.colcon_core.package_identification:_identify(go2/sim/unitree_robots/go2w/assets) by extension 'ros'
[0.914s] Level 1:colcon.colcon_core.package_identification:_identify(go2/sim/unitree_robots/go2w/assets) by extensions ['cmake', 'python']
[0.914s] Level 1:colcon.colcon_core.package_identification:_identify(go2/sim/unitree_robots/go2w/assets) by extension 'cmake'
[0.914s] Level 1:colcon.colcon_core.package_identification:_identify(go2/sim/unitree_robots/go2w/assets) by extension 'python'
[0.914s] Level 1:colcon.colcon_core.package_identification:_identify(go2/sim/unitree_robots/go2w/assets) by extensions ['python_setup_py']
[0.914s] Level 1:colcon.colcon_core.package_identification:_identify(go2/sim/unitree_robots/go2w/assets) by extension 'python_setup_py'
[0.915s] Level 1:colcon.colcon_core.package_identification:_identify(go2/sim/unitree_robots/h1) by extensions ['ignore', 'ignore_ament_install']
[0.915s] Level 1:colcon.colcon_core.package_identification:_identify(go2/sim/unitree_robots/h1) by extension 'ignore'
[0.915s] Level 1:colcon.colcon_core.package_identification:_identify(go2/sim/unitree_robots/h1) by extension 'ignore_ament_install'
[0.915s] Level 1:colcon.colcon_core.package_identification:_identify(go2/sim/unitree_robots/h1) by extensions ['colcon_pkg']
[0.915s] Level 1:colcon.colcon_core.package_identification:_identify(go2/sim/unitree_robots/h1) by extension 'colcon_pkg'
[0.915s] Level 1:colcon.colcon_core.package_identification:_identify(go2/sim/unitree_robots/h1) by extensions ['colcon_meta']
[0.915s] Level 1:colcon.colcon_core.package_identification:_identify(go2/sim/unitree_robots/h1) by extension 'colcon_meta'
[0.915s] Level 1:colcon.colcon_core.package_identification:_identify(go2/sim/unitree_robots/h1) by extensions ['ros']
[0.915s] Level 1:colcon.colcon_core.package_identification:_identify(go2/sim/unitree_robots/h1) by extension 'ros'
[0.915s] Level 1:colcon.colcon_core.package_identification:_identify(go2/sim/unitree_robots/h1) by extensions ['cmake', 'python']
[0.915s] Level 1:colcon.colcon_core.package_identification:_identify(go2/sim/unitree_robots/h1) by extension 'cmake'
[0.915s] Level 1:colcon.colcon_core.package_identification:_identify(go2/sim/unitree_robots/h1) by extension 'python'
[0.915s] Level 1:colcon.colcon_core.package_identification:_identify(go2/sim/unitree_robots/h1) by extensions ['python_setup_py']
[0.915s] Level 1:colcon.colcon_core.package_identification:_identify(go2/sim/unitree_robots/h1) by extension 'python_setup_py'
[0.916s] Level 1:colcon.colcon_core.package_identification:_identify(go2/sim/unitree_robots/h1/assets) by extensions ['ignore', 'ignore_ament_install']
[0.916s] Level 1:colcon.colcon_core.package_identification:_identify(go2/sim/unitree_robots/h1/assets) by extension 'ignore'
[0.916s] Level 1:colcon.colcon_core.package_identification:_identify(go2/sim/unitree_robots/h1/assets) by extension 'ignore_ament_install'
[0.916s] Level 1:colcon.colcon_core.package_identification:_identify(go2/sim/unitree_robots/h1/assets) by extensions ['colcon_pkg']
[0.916s] Level 1:colcon.colcon_core.package_identification:_identify(go2/sim/unitree_robots/h1/assets) by extension 'colcon_pkg'
[0.916s] Level 1:colcon.colcon_core.package_identification:_identify(go2/sim/unitree_robots/h1/assets) by extensions ['colcon_meta']
[0.916s] Level 1:colcon.colcon_core.package_identification:_identify(go2/sim/unitree_robots/h1/assets) by extension 'colcon_meta'
[0.916s] Level 1:colcon.colcon_core.package_identification:_identify(go2/sim/unitree_robots/h1/assets) by extensions ['ros']
[0.916s] Level 1:colcon.colcon_core.package_identification:_identify(go2/sim/unitree_robots/h1/assets) by extension 'ros'
[0.916s] Level 1:colcon.colcon_core.package_identification:_identify(go2/sim/unitree_robots/h1/assets) by extensions ['cmake', 'python']
[0.916s] Level 1:colcon.colcon_core.package_identification:_identify(go2/sim/unitree_robots/h1/assets) by extension 'cmake'
[0.916s] Level 1:colcon.colcon_core.package_identification:_identify(go2/sim/unitree_robots/h1/assets) by extension 'python'
[0.916s] Level 1:colcon.colcon_core.package_identification:_identify(go2/sim/unitree_robots/h1/assets) by extensions ['python_setup_py']
[0.916s] Level 1:colcon.colcon_core.package_identification:_identify(go2/sim/unitree_robots/h1/assets) by extension 'python_setup_py'
[0.917s] Level 1:colcon.colcon_core.package_identification:_identify(go2/sim/unitree_robots/h1_2) by extensions ['ignore', 'ignore_ament_install']
[0.917s] Level 1:colcon.colcon_core.package_identification:_identify(go2/sim/unitree_robots/h1_2) by extension 'ignore'
[0.917s] Level 1:colcon.colcon_core.package_identification:_identify(go2/sim/unitree_robots/h1_2) by extension 'ignore_ament_install'
[0.917s] Level 1:colcon.colcon_core.package_identification:_identify(go2/sim/unitree_robots/h1_2) by extensions ['colcon_pkg']
[0.917s] Level 1:colcon.colcon_core.package_identification:_identify(go2/sim/unitree_robots/h1_2) by extension 'colcon_pkg'
[0.917s] Level 1:colcon.colcon_core.package_identification:_identify(go2/sim/unitree_robots/h1_2) by extensions ['colcon_meta']
[0.917s] Level 1:colcon.colcon_core.package_identification:_identify(go2/sim/unitree_robots/h1_2) by extension 'colcon_meta'
[0.917s] Level 1:colcon.colcon_core.package_identification:_identify(go2/sim/unitree_robots/h1_2) by extensions ['ros']
[0.917s] Level 1:colcon.colcon_core.package_identification:_identify(go2/sim/unitree_robots/h1_2) by extension 'ros'
[0.917s] Level 1:colcon.colcon_core.package_identification:_identify(go2/sim/unitree_robots/h1_2) by extensions ['cmake', 'python']
[0.917s] Level 1:colcon.colcon_core.package_identification:_identify(go2/sim/unitree_robots/h1_2) by extension 'cmake'
[0.917s] Level 1:colcon.colcon_core.package_identification:_identify(go2/sim/unitree_robots/h1_2) by extension 'python'
[0.917s] Level 1:colcon.colcon_core.package_identification:_identify(go2/sim/unitree_robots/h1_2) by extensions ['python_setup_py']
[0.917s] Level 1:colcon.colcon_core.package_identification:_identify(go2/sim/unitree_robots/h1_2) by extension 'python_setup_py'
[0.918s] Level 1:colcon.colcon_core.package_identification:_identify(go2/sim/unitree_robots/h1_2/meshes) by extensions ['ignore', 'ignore_ament_install']
[0.918s] Level 1:colcon.colcon_core.package_identification:_identify(go2/sim/unitree_robots/h1_2/meshes) by extension 'ignore'
[0.918s] Level 1:colcon.colcon_core.package_identification:_identify(go2/sim/unitree_robots/h1_2/meshes) by extension 'ignore_ament_install'
[0.918s] Level 1:colcon.colcon_core.package_identification:_identify(go2/sim/unitree_robots/h1_2/meshes) by extensions ['colcon_pkg']
[0.918s] Level 1:colcon.colcon_core.package_identification:_identify(go2/sim/unitree_robots/h1_2/meshes) by extension 'colcon_pkg'
[0.918s] Level 1:colcon.colcon_core.package_identification:_identify(go2/sim/unitree_robots/h1_2/meshes) by extensions ['colcon_meta']
[0.918s] Level 1:colcon.colcon_core.package_identification:_identify(go2/sim/unitree_robots/h1_2/meshes) by extension 'colcon_meta'
[0.918s] Level 1:colcon.colcon_core.package_identification:_identify(go2/sim/unitree_robots/h1_2/meshes) by extensions ['ros']
[0.918s] Level 1:colcon.colcon_core.package_identification:_identify(go2/sim/unitree_robots/h1_2/meshes) by extension 'ros'
[0.918s] Level 1:colcon.colcon_core.package_identification:_identify(go2/sim/unitree_robots/h1_2/meshes) by extensions ['cmake', 'python']
[0.918s] Level 1:colcon.colcon_core.package_identification:_identify(go2/sim/unitree_robots/h1_2/meshes) by extension 'cmake'
[0.918s] Level 1:colcon.colcon_core.package_identification:_identify(go2/sim/unitree_robots/h1_2/meshes) by extension 'python'
[0.918s] Level 1:colcon.colcon_core.package_identification:_identify(go2/sim/unitree_robots/h1_2/meshes) by extensions ['python_setup_py']
[0.919s] Level 1:colcon.colcon_core.package_identification:_identify(go2/sim/unitree_robots/h1_2/meshes) by extension 'python_setup_py'
[0.919s] Level 1:colcon.colcon_core.package_identification:_identify(install) by extensions ['ignore', 'ignore_ament_install']
[0.919s] Level 1:colcon.colcon_core.package_identification:_identify(install) by extension 'ignore'
[0.919s] Level 1:colcon.colcon_core.package_identification:_identify(install) ignored
[0.919s] Level 1:colcon.colcon_core.package_identification:_identify(log) by extensions ['ignore', 'ignore_ament_install']
[0.919s] Level 1:colcon.colcon_core.package_identification:_identify(log) by extension 'ignore'
[0.919s] Level 1:colcon.colcon_core.package_identification:_identify(log) ignored
[0.920s] Level 1:colcon.colcon_core.package_identification:_identify(src) by extensions ['ignore', 'ignore_ament_install']
[0.920s] Level 1:colcon.colcon_core.package_identification:_identify(src) by extension 'ignore'
[0.920s] Level 1:colcon.colcon_core.package_identification:_identify(src) by extension 'ignore_ament_install'
[0.920s] Level 1:colcon.colcon_core.package_identification:_identify(src) by extensions ['colcon_pkg']
[0.920s] Level 1:colcon.colcon_core.package_identification:_identify(src) by extension 'colcon_pkg'
[0.920s] Level 1:colcon.colcon_core.package_identification:_identify(src) by extensions ['colcon_meta']
[0.920s] Level 1:colcon.colcon_core.package_identification:_identify(src) by extension 'colcon_meta'
[0.920s] Level 1:colcon.colcon_core.package_identification:_identify(src) by extensions ['ros']
[0.920s] Level 1:colcon.colcon_core.package_identification:_identify(src) by extension 'ros'
[0.920s] Level 1:colcon.colcon_core.package_identification:_identify(src) by extensions ['cmake', 'python']
[0.920s] Level 1:colcon.colcon_core.package_identification:_identify(src) by extension 'cmake'
[0.920s] Level 1:colcon.colcon_core.package_identification:_identify(src) by extension 'python'
[0.920s] Level 1:colcon.colcon_core.package_identification:_identify(src) by extensions ['python_setup_py']
[0.920s] Level 1:colcon.colcon_core.package_identification:_identify(src) by extension 'python_setup_py'
[0.921s] Level 1:colcon.colcon_core.package_identification:_identify(src/build) by extensions ['ignore', 'ignore_ament_install']
[0.921s] Level 1:colcon.colcon_core.package_identification:_identify(src/build) by extension 'ignore'
[0.921s] Level 1:colcon.colcon_core.package_identification:_identify(src/build) ignored
[0.921s] Level 1:colcon.colcon_core.package_identification:_identify(src/go2_ros2_bridge) by extensions ['ignore', 'ignore_ament_install']
[0.921s] Level 1:colcon.colcon_core.package_identification:_identify(src/go2_ros2_bridge) by extension 'ignore'
[0.922s] Level 1:colcon.colcon_core.package_identification:_identify(src/go2_ros2_bridge) by extension 'ignore_ament_install'
[0.922s] Level 1:colcon.colcon_core.package_identification:_identify(src/go2_ros2_bridge) by extensions ['colcon_pkg']
[0.922s] Level 1:colcon.colcon_core.package_identification:_identify(src/go2_ros2_bridge) by extension 'colcon_pkg'
[0.922s] Level 1:colcon.colcon_core.package_identification:_identify(src/go2_ros2_bridge) by extensions ['colcon_meta']
[0.922s] Level 1:colcon.colcon_core.package_identification:_identify(src/go2_ros2_bridge) by extension 'colcon_meta'
[0.922s] Level 1:colcon.colcon_core.package_identification:_identify(src/go2_ros2_bridge) by extensions ['ros']
[0.922s] Level 1:colcon.colcon_core.package_identification:_identify(src/go2_ros2_bridge) by extension 'ros'
[0.923s] DEBUG:colcon.colcon_core.package_identification:Failed to parse potential ROS package manifest in'src/go2_ros2_bridge': Error(s) in package 'src/go2_ros2_bridge/package.xml':
Invalid email "melodse@local" for person "melodse"
[0.923s] Level 1:colcon.colcon_core.package_identification:_identify(src/go2_ros2_bridge) by extensions ['cmake', 'python']
[0.923s] Level 1:colcon.colcon_core.package_identification:_identify(src/go2_ros2_bridge) by extension 'cmake'
[0.923s] Level 1:colcon.colcon_core.package_identification:_identify(src/go2_ros2_bridge) by extension 'python'
[0.923s] DEBUG:colcon.colcon_core.package_identification:Python package in 'src/go2_ros2_bridge' passes arguments to the setup() function which requires a different identification extension than 'python'
[0.923s] Level 1:colcon.colcon_core.package_identification:_identify(src/go2_ros2_bridge) by extensions ['python_setup_py']
[0.923s] Level 1:colcon.colcon_core.package_identification:_identify(src/go2_ros2_bridge) by extension 'python_setup_py'
[1.308s] DEBUG:colcon.colcon_core.package_identification:Package 'src/go2_ros2_bridge' with type 'python' and name 'go2_ros2_bridge'
[1.309s] Level 1:colcon.colcon_core.package_identification:_identify(src/install) by extensions ['ignore', 'ignore_ament_install']
[1.309s] Level 1:colcon.colcon_core.package_identification:_identify(src/install) by extension 'ignore'
[1.309s] Level 1:colcon.colcon_core.package_identification:_identify(src/install) ignored
[1.310s] Level 1:colcon.colcon_core.package_identification:_identify(src/log) by extensions ['ignore', 'ignore_ament_install']
[1.310s] Level 1:colcon.colcon_core.package_identification:_identify(src/log) by extension 'ignore'
[1.310s] Level 1:colcon.colcon_core.package_identification:_identify(src/log) ignored
[1.310s] Level 1:colcon.colcon_core.package_discovery:discover_packages(recursive) using defaults
[1.310s] Level 1:colcon.colcon_core.package_discovery:discover_packages(ignore) discover
[1.310s] Level 1:colcon.colcon_core.package_discovery:discover_packages(ignore) using defaults
[1.310s] Level 1:colcon.colcon_core.package_discovery:discover_packages(path) discover
[1.310s] Level 1:colcon.colcon_core.package_discovery:discover_packages(path) using defaults
[1.348s] INFO:colcon.colcon_metadata.metadata.colcon_pkg:Updating descriptor of package 'go2/sim/unitree_description-master' from colcon.pkg: {'hooks': ['share/unitree_description/hook/ament_prefix_path.dsv', 'share/unitree_description/hook/python_path.dsv']}
[1.350s] INFO:colcon.colcon_core.package_selection:Skipping not selected package 'slam_example' in 'g1/scripts/navigation/obstacle_avoidance/slam_sdk_example/example'
[1.350s] INFO:colcon.colcon_core.package_selection:Skipping not selected package 'tx_lidar' in 'g1/scripts/sensors/manual_streaming'
[1.350s] INFO:colcon.colcon_core.package_selection:Skipping not selected package 'unitree_description' in 'go2/sim/unitree_description-master'
[1.350s] INFO:colcon.colcon_core.package_selection:Skipping not selected package 'g1_description' in 'g1/sim/G1_rviz_simulation-main/G1_rviz_simulation-main'
[1.351s] Level 1:colcon.colcon_core.package_discovery:discover_packages(prefix_path) check parameters
[1.351s] Level 1:colcon.colcon_core.package_discovery:discover_packages(prefix_path) discover
[1.358s] DEBUG:colcon.colcon_installed_package_information.package_discovery:Found 3 installed packages in /home/melodse/ef_ws/install
[1.359s] DEBUG:colcon.colcon_installed_package_information.package_discovery:Found 1 installed packages in /home/melodse/ros2_ws/install
[1.363s] DEBUG:colcon.colcon_installed_package_information.package_discovery:Found 423 installed packages in /opt/ros/jazzy
[1.364s] Level 1:colcon.colcon_core.package_discovery:discover_packages(prefix_path) using defaults
[1.601s] Level 5:colcon.colcon_core.verb:set package 'go2_ros2_bridge' build argument 'cmake_args' from command line to 'None'
[1.601s] Level 5:colcon.colcon_core.verb:set package 'go2_ros2_bridge' build argument 'cmake_target' from command line to 'None'
[1.601s] Level 5:colcon.colcon_core.verb:set package 'go2_ros2_bridge' build argument 'cmake_target_skip_unavailable' from command line to 'False'
[1.601s] Level 5:colcon.colcon_core.verb:set package 'go2_ros2_bridge' build argument 'cmake_clean_cache' from command line to 'False'
[1.601s] Level 5:colcon.colcon_core.verb:set package 'go2_ros2_bridge' build argument 'cmake_clean_first' from command line to 'False'
[1.601s] Level 5:colcon.colcon_core.verb:set package 'go2_ros2_bridge' build argument 'cmake_force_configure' from command line to 'False'
[1.601s] Level 5:colcon.colcon_core.verb:set package 'go2_ros2_bridge' build argument 'ament_cmake_args' from command line to 'None'
[1.601s] Level 5:colcon.colcon_core.verb:set package 'go2_ros2_bridge' build argument 'catkin_cmake_args' from command line to 'None'
[1.601s] Level 5:colcon.colcon_core.verb:set package 'go2_ros2_bridge' build argument 'catkin_skip_building_tests' from command line to 'False'
[1.601s] DEBUG:colcon.colcon_core.verb:Building package 'go2_ros2_bridge' with the following arguments: {'ament_cmake_args': None, 'build_base': '/home/melodse/ef_ws/build/go2_ros2_bridge', 'catkin_cmake_args': None, 'catkin_skip_building_tests': False, 'cmake_args': None, 'cmake_clean_cache': False, 'cmake_clean_first': False, 'cmake_force_configure': False, 'cmake_target': None, 'cmake_target_skip_unavailable': False, 'install_base': '/home/melodse/ef_ws/install/go2_ros2_bridge', 'merge_install': False, 'path': '/home/melodse/ef_ws/src/go2_ros2_bridge', 'symlink_install': False, 'test_result_base': None}
[1.601s] INFO:colcon.colcon_core.executor:Executing jobs using 'parallel' executor
[1.602s] DEBUG:colcon.colcon_parallel_executor.executor.parallel:run_until_complete
[1.603s] INFO:colcon.colcon_core.task.python.build:Building Python package in '/home/melodse/ef_ws/src/go2_ros2_bridge'
[1.614s] INFO:colcon.colcon_core.plugin_system:Skipping extension 'colcon_core.shell.bat': Not used on non-Windows systems
[1.614s] INFO:colcon.colcon_core.shell:Skip shell extension 'powershell' for command environment: Not usable outside of PowerShell
[1.614s] DEBUG:colcon.colcon_core.shell:Skip shell extension 'dsv' for command environment
[3.513s] DEBUG:colcon.colcon_core.event_handler.log_command:Invoking command in '/home/melodse/ef_ws/src/go2_ros2_bridge': PYTHONPATH=/home/melodse/ef_ws/build/go2_ros2_bridge/prefix_override:/usr/lib/python3/dist-packages/colcon_core/task/python/colcon_distutils_commands:/home/melodse/ef_ws/install/go2_ros2_bridge/lib/python3.12/site-packages:${PYTHONPATH} /usr/bin/python3 -W ignore:setup.py install is deprecated -W ignore:easy_install command is deprecated setup.py egg_info --egg-base ../../build/go2_ros2_bridge build --build-base /home/melodse/ef_ws/build/go2_ros2_bridge/build install --record /home/melodse/ef_ws/build/go2_ros2_bridge/install.log --single-version-externally-managed install_data
[4.316s] DEBUG:colcon.colcon_core.event_handler.log_command:Invoked command in '/home/melodse/ef_ws/src/go2_ros2_bridge' returned '0': PYTHONPATH=/home/melodse/ef_ws/build/go2_ros2_bridge/prefix_override:/usr/lib/python3/dist-packages/colcon_core/task/python/colcon_distutils_commands:/home/melodse/ef_ws/install/go2_ros2_bridge/lib/python3.12/site-packages:${PYTHONPATH} /usr/bin/python3 -W ignore:setup.py install is deprecated -W ignore:easy_install command is deprecated setup.py egg_info --egg-base ../../build/go2_ros2_bridge build --build-base /home/melodse/ef_ws/build/go2_ros2_bridge/build install --record /home/melodse/ef_ws/build/go2_ros2_bridge/install.log --single-version-externally-managed install_data
[4.328s] Level 1:colcon.colcon_core.environment:checking '/home/melodse/ef_ws/install/go2_ros2_bridge' for CMake module files
[4.329s] Level 1:colcon.colcon_core.environment:checking '/home/melodse/ef_ws/install/go2_ros2_bridge' for CMake config files
[4.330s] Level 1:colcon.colcon_core.environment:checking '/home/melodse/ef_ws/install/go2_ros2_bridge/lib'
[4.330s] Level 1:colcon.colcon_core.environment:checking '/home/melodse/ef_ws/install/go2_ros2_bridge/bin'
[4.330s] Level 1:colcon.colcon_core.environment:checking '/home/melodse/ef_ws/install/go2_ros2_bridge/lib/pkgconfig/go2_ros2_bridge.pc'
[4.330s] Level 1:colcon.colcon_core.environment:checking '/home/melodse/ef_ws/install/go2_ros2_bridge/lib/python3.12/site-packages'
[4.331s] Level 1:colcon.colcon_core.shell:create_environment_hook('go2_ros2_bridge', 'pythonpath')
[4.331s] INFO:colcon.colcon_core.shell:Creating environment hook '/home/melodse/ef_ws/install/go2_ros2_bridge/share/go2_ros2_bridge/hook/pythonpath.ps1'
[4.332s] INFO:colcon.colcon_core.shell:Creating environment descriptor '/home/melodse/ef_ws/install/go2_ros2_bridge/share/go2_ros2_bridge/hook/pythonpath.dsv'
[4.334s] INFO:colcon.colcon_core.shell:Creating environment hook '/home/melodse/ef_ws/install/go2_ros2_bridge/share/go2_ros2_bridge/hook/pythonpath.sh'
[4.336s] Level 1:colcon.colcon_core.environment:checking '/home/melodse/ef_ws/install/go2_ros2_bridge/bin'
[4.336s] Level 1:colcon.colcon_core.environment:create_environment_scripts_only(go2_ros2_bridge)
[4.336s] INFO:colcon.colcon_core.shell:Creating package script '/home/melodse/ef_ws/install/go2_ros2_bridge/share/go2_ros2_bridge/package.ps1'
[4.338s] INFO:colcon.colcon_core.shell:Creating package descriptor '/home/melodse/ef_ws/install/go2_ros2_bridge/share/go2_ros2_bridge/package.dsv'
[4.339s] INFO:colcon.colcon_core.shell:Creating package script '/home/melodse/ef_ws/install/go2_ros2_bridge/share/go2_ros2_bridge/package.sh'
[4.340s] INFO:colcon.colcon_core.shell:Creating package script '/home/melodse/ef_ws/install/go2_ros2_bridge/share/go2_ros2_bridge/package.bash'
[4.341s] INFO:colcon.colcon_core.shell:Creating package script '/home/melodse/ef_ws/install/go2_ros2_bridge/share/go2_ros2_bridge/package.zsh'
[4.343s] Level 1:colcon.colcon_core.environment:create_file_with_runtime_dependencies(/home/melodse/ef_ws/install/go2_ros2_bridge/share/colcon-core/packages/go2_ros2_bridge)
[4.344s] DEBUG:colcon.colcon_parallel_executor.executor.parallel:closing loop
[4.344s] DEBUG:colcon.colcon_parallel_executor.executor.parallel:loop closed
[4.344s] DEBUG:colcon.colcon_parallel_executor.executor.parallel:run_until_complete finished with '0'
[4.345s] DEBUG:colcon.colcon_core.event_reactor:joining thread
[4.368s] INFO:colcon.colcon_core.plugin_system:Skipping extension 'colcon_notification.desktop_notification.terminal_notifier': Not used on non-Darwin systems
[4.368s] INFO:colcon.colcon_core.plugin_system:Skipping extension 'colcon_notification.desktop_notification.win32': Not used on non-Windows systems
[4.368s] INFO:colcon.colcon_notification.desktop_notification:Sending desktop notification using 'notify2'
[4.371s] DEBUG:colcon.colcon_notification.desktop_notification.notify2:Failed to initialize notify2: org.freedesktop.DBus.Error.ServiceUnknown: The name org.freedesktop.Notifications was not provided by any .service files
[4.371s] DEBUG:colcon.colcon_core.event_reactor:joined thread
[4.371s] INFO:colcon.colcon_core.shell:Creating prefix script '/home/melodse/ef_ws/install/local_setup.ps1'
[4.373s] INFO:colcon.colcon_core.shell:Creating prefix util module '/home/melodse/ef_ws/install/_local_setup_util_ps1.py'
[4.375s] INFO:colcon.colcon_core.shell:Creating prefix chain script '/home/melodse/ef_ws/install/setup.ps1'
[4.376s] INFO:colcon.colcon_core.shell:Creating prefix script '/home/melodse/ef_ws/install/local_setup.sh'
[4.378s] INFO:colcon.colcon_core.shell:Creating prefix util module '/home/melodse/ef_ws/install/_local_setup_util_sh.py'
[4.379s] INFO:colcon.colcon_core.shell:Creating prefix chain script '/home/melodse/ef_ws/install/setup.sh'
[4.381s] INFO:colcon.colcon_core.shell:Creating prefix script '/home/melodse/ef_ws/install/local_setup.bash'
[4.382s] INFO:colcon.colcon_core.shell:Creating prefix chain script '/home/melodse/ef_ws/install/setup.bash'
[4.384s] INFO:colcon.colcon_core.shell:Creating prefix script '/home/melodse/ef_ws/install/local_setup.zsh'
[4.385s] INFO:colcon.colcon_core.shell:Creating prefix chain script '/home/melodse/ef_ws/install/setup.zsh'
