[0.822s] DEBUG:colcon:Command line arguments: ['/usr/bin/colcon', 'build', '--packages-select', 'go2_ros2_bridge', '--symlink-install']
[0.823s] DEBUG:colcon:Parsed command line arguments: Namespace(log_base=None, log_level=None, verb_name='build', build_base='build', install_base='install', merge_install=False, symlink_install=True, test_result_base=None, continue_on_error=False, executor='parallel', parallel_workers=12, event_handlers=None, ignore_user_meta=False, metas=['./colcon.meta'], base_paths=['.'], packages_ignore=None, packages_ignore_regex=None, paths=None, packages_up_to=None, packages_up_to_regex=None, packages_above=None, packages_above_and_dependencies=None, packages_above_depth=None, packages_select_by_dep=None, packages_skip_by_dep=None, packages_skip_up_to=None, packages_select_build_failed=False, packages_skip_build_finished=False, packages_select_test_failures=False, packages_skip_test_passed=False, packages_select=['go2_ros2_bridge'], packages_skip=None, packages_select_regex=None, packages_skip_regex=None, packages_start=None, packages_end=None, allow_overriding=[], cmake_args=None, cmake_target=None, cmake_target_skip_unavailable=False, cmake_clean_cache=False, cmake_clean_first=False, cmake_force_configure=False, ament_cmake_args=None, catkin_cmake_args=None, catkin_skip_building_tests=False, mixin_files=None, mixin=None, verb_parser=<colcon_mixin.mixin.mixin_argument.MixinArgumentDecorator object at 0x78a3a4cbc8f0>, verb_extension=<colcon_core.verb.build.BuildVerb object at 0x78a3a4be06e0>, main=<bound method BuildVerb.main of <colcon_core.verb.build.BuildVerb object at 0x78a3a4be06e0>>, mixin_verb=('build',))
[0.950s] Level 1:colcon.colcon_core.package_discovery:discover_packages(colcon_meta) check parameters
[0.950s] Level 1:colcon.colcon_core.package_discovery:discover_packages(recursive) check parameters
[0.950s] Level 1:colcon.colcon_core.package_discovery:discover_packages(ignore) check parameters
[0.950s] Level 1:colcon.colcon_core.package_discovery:discover_packages(path) check parameters
[0.950s] Level 1:colcon.colcon_core.package_discovery:discover_packages(colcon_meta) discover
[0.950s] Level 1:colcon.colcon_core.package_discovery:discover_packages(recursive) discover
[0.950s] INFO:colcon.colcon_core.package_discovery:Crawling recursively for packages in '/home/melodse/ef_ws'
[0.951s] Level 1:colcon.colcon_core.package_identification:_identify(.) by extensions ['ignore', 'ignore_ament_install']
[0.951s] Level 1:colcon.colcon_core.package_identification:_identify(.) by extension 'ignore'
[0.951s] Level 1:colcon.colcon_core.package_identification:_identify(.) by extension 'ignore_ament_install'
[0.951s] Level 1:colcon.colcon_core.package_identification:_identify(.) by extensions ['colcon_pkg']
[0.951s] Level 1:colcon.colcon_core.package_identification:_identify(.) by extension 'colcon_pkg'
[0.951s] Level 1:colcon.colcon_core.package_identification:_identify(.) by extensions ['colcon_meta']
[0.951s] Level 1:colcon.colcon_core.package_identification:_identify(.) by extension 'colcon_meta'
[0.951s] Level 1:colcon.colcon_core.package_identification:_identify(.) by extensions ['ros']
[0.951s] Level 1:colcon.colcon_core.package_identification:_identify(.) by extension 'ros'
[1.011s] Level 1:colcon.colcon_core.package_identification:_identify(.) by extensions ['cmake', 'python']
[1.012s] Level 1:colcon.colcon_core.package_identification:_identify(.) by extension 'cmake'
[1.012s] Level 1:colcon.colcon_core.package_identification:_identify(.) by extension 'python'
[1.012s] Level 1:colcon.colcon_core.package_identification:_identify(.) by extensions ['python_setup_py']
[1.012s] Level 1:colcon.colcon_core.package_identification:_identify(.) by extension 'python_setup_py'
[1.012s] Level 1:colcon.colcon_core.package_identification:_identify(build) by extensions ['ignore', 'ignore_ament_install']
[1.013s] Level 1:colcon.colcon_core.package_identification:_identify(build) by extension 'ignore'
[1.013s] Level 1:colcon.colcon_core.package_identification:_identify(build) ignored
[1.014s] Level 1:colcon.colcon_core.package_identification:_identify(dev) by extensions ['ignore', 'ignore_ament_install']
[1.014s] Level 1:colcon.colcon_core.package_identification:_identify(dev) by extension 'ignore'
[1.014s] Level 1:colcon.colcon_core.package_identification:_identify(dev) by extension 'ignore_ament_install'
[1.014s] Level 1:colcon.colcon_core.package_identification:_identify(dev) by extensions ['colcon_pkg']
[1.014s] Level 1:colcon.colcon_core.package_identification:_identify(dev) by extension 'colcon_pkg'
[1.014s] Level 1:colcon.colcon_core.package_identification:_identify(dev) by extensions ['colcon_meta']
[1.014s] Level 1:colcon.colcon_core.package_identification:_identify(dev) by extension 'colcon_meta'
[1.014s] Level 1:colcon.colcon_core.package_identification:_identify(dev) by extensions ['ros']
[1.014s] Level 1:colcon.colcon_core.package_identification:_identify(dev) by extension 'ros'
[1.015s] Level 1:colcon.colcon_core.package_identification:_identify(dev) by extensions ['cmake', 'python']
[1.015s] Level 1:colcon.colcon_core.package_identification:_identify(dev) by extension 'cmake'
[1.015s] Level 1:colcon.colcon_core.package_identification:_identify(dev) by extension 'python'
[1.015s] Level 1:colcon.colcon_core.package_identification:_identify(dev) by extensions ['python_setup_py']
[1.015s] Level 1:colcon.colcon_core.package_identification:_identify(dev) by extension 'python_setup_py'
[1.016s] Level 1:colcon.colcon_core.package_identification:_identify(g1) by extensions ['ignore', 'ignore_ament_install']
[1.016s] Level 1:colcon.colcon_core.package_identification:_identify(g1) by extension 'ignore'
[1.016s] Level 1:colcon.colcon_core.package_identification:_identify(g1) by extension 'ignore_ament_install'
[1.016s] Level 1:colcon.colcon_core.package_identification:_identify(g1) by extensions ['colcon_pkg']
[1.016s] Level 1:colcon.colcon_core.package_identification:_identify(g1) by extension 'colcon_pkg'
[1.016s] Level 1:colcon.colcon_core.package_identification:_identify(g1) by extensions ['colcon_meta']
[1.016s] Level 1:colcon.colcon_core.package_identification:_identify(g1) by extension 'colcon_meta'
[1.016s] Level 1:colcon.colcon_core.package_identification:_identify(g1) by extensions ['ros']
[1.016s] Level 1:colcon.colcon_core.package_identification:_identify(g1) by extension 'ros'
[1.017s] Level 1:colcon.colcon_core.package_identification:_identify(g1) by extensions ['cmake', 'python']
[1.017s] Level 1:colcon.colcon_core.package_identification:_identify(g1) by extension 'cmake'
[1.017s] Level 1:colcon.colcon_core.package_identification:_identify(g1) by extension 'python'
[1.017s] Level 1:colcon.colcon_core.package_identification:_identify(g1) by extensions ['python_setup_py']
[1.017s] Level 1:colcon.colcon_core.package_identification:_identify(g1) by extension 'python_setup_py'
[1.017s] Level 1:colcon.colcon_core.package_identification:_identify(g1/dashboards) by extensions ['ignore', 'ignore_ament_install']
[1.018s] Level 1:colcon.colcon_core.package_identification:_identify(g1/dashboards) by extension 'ignore'
[1.018s] Level 1:colcon.colcon_core.package_identification:_identify(g1/dashboards) by extension 'ignore_ament_install'
[1.018s] Level 1:colcon.colcon_core.package_identification:_identify(g1/dashboards) by extensions ['colcon_pkg']
[1.018s] Level 1:colcon.colcon_core.package_identification:_identify(g1/dashboards) by extension 'colcon_pkg'
[1.018s] Level 1:colcon.colcon_core.package_identification:_identify(g1/dashboards) by extensions ['colcon_meta']
[1.018s] Level 1:colcon.colcon_core.package_identification:_identify(g1/dashboards) by extension 'colcon_meta'
[1.018s] Level 1:colcon.colcon_core.package_identification:_identify(g1/dashboards) by extensions ['ros']
[1.018s] Level 1:colcon.colcon_core.package_identification:_identify(g1/dashboards) by extension 'ros'
[1.018s] Level 1:colcon.colcon_core.package_identification:_identify(g1/dashboards) by extensions ['cmake', 'python']
[1.018s] Level 1:colcon.colcon_core.package_identification:_identify(g1/dashboards) by extension 'cmake'
[1.018s] Level 1:colcon.colcon_core.package_identification:_identify(g1/dashboards) by extension 'python'
[1.018s] Level 1:colcon.colcon_core.package_identification:_identify(g1/dashboards) by extensions ['python_setup_py']
[1.018s] Level 1:colcon.colcon_core.package_identification:_identify(g1/dashboards) by extension 'python_setup_py'
[1.019s] Level 1:colcon.colcon_core.package_identification:_identify(g1/docs) by extensions ['ignore', 'ignore_ament_install']
[1.019s] Level 1:colcon.colcon_core.package_identification:_identify(g1/docs) by extension 'ignore'
[1.019s] Level 1:colcon.colcon_core.package_identification:_identify(g1/docs) by extension 'ignore_ament_install'
[1.019s] Level 1:colcon.colcon_core.package_identification:_identify(g1/docs) by extensions ['colcon_pkg']
[1.019s] Level 1:colcon.colcon_core.package_identification:_identify(g1/docs) by extension 'colcon_pkg'
[1.019s] Level 1:colcon.colcon_core.package_identification:_identify(g1/docs) by extensions ['colcon_meta']
[1.019s] Level 1:colcon.colcon_core.package_identification:_identify(g1/docs) by extension 'colcon_meta'
[1.019s] Level 1:colcon.colcon_core.package_identification:_identify(g1/docs) by extensions ['ros']
[1.019s] Level 1:colcon.colcon_core.package_identification:_identify(g1/docs) by extension 'ros'
[1.019s] Level 1:colcon.colcon_core.package_identification:_identify(g1/docs) by extensions ['cmake', 'python']
[1.019s] Level 1:colcon.colcon_core.package_identification:_identify(g1/docs) by extension 'cmake'
[1.019s] Level 1:colcon.colcon_core.package_identification:_identify(g1/docs) by extension 'python'
[1.019s] Level 1:colcon.colcon_core.package_identification:_identify(g1/docs) by extensions ['python_setup_py']
[1.020s] Level 1:colcon.colcon_core.package_identification:_identify(g1/docs) by extension 'python_setup_py'
[1.020s] Level 1:colcon.colcon_core.package_identification:_identify(g1/edge_runtime) by extensions ['ignore', 'ignore_ament_install']
[1.020s] Level 1:colcon.colcon_core.package_identification:_identify(g1/edge_runtime) by extension 'ignore'
[1.020s] Level 1:colcon.colcon_core.package_identification:_identify(g1/edge_runtime) by extension 'ignore_ament_install'
[1.020s] Level 1:colcon.colcon_core.package_identification:_identify(g1/edge_runtime) by extensions ['colcon_pkg']
[1.020s] Level 1:colcon.colcon_core.package_identification:_identify(g1/edge_runtime) by extension 'colcon_pkg'
[1.020s] Level 1:colcon.colcon_core.package_identification:_identify(g1/edge_runtime) by extensions ['colcon_meta']
[1.020s] Level 1:colcon.colcon_core.package_identification:_identify(g1/edge_runtime) by extension 'colcon_meta'
[1.021s] Level 1:colcon.colcon_core.package_identification:_identify(g1/edge_runtime) by extensions ['ros']
[1.021s] Level 1:colcon.colcon_core.package_identification:_identify(g1/edge_runtime) by extension 'ros'
[1.021s] Level 1:colcon.colcon_core.package_identification:_identify(g1/edge_runtime) by extensions ['cmake', 'python']
[1.021s] Level 1:colcon.colcon_core.package_identification:_identify(g1/edge_runtime) by extension 'cmake'
[1.021s] Level 1:colcon.colcon_core.package_identification:_identify(g1/edge_runtime) by extension 'python'
[1.021s] Level 1:colcon.colcon_core.package_identification:_identify(g1/edge_runtime) by extensions ['python_setup_py']
[1.021s] Level 1:colcon.colcon_core.package_identification:_identify(g1/edge_runtime) by extension 'python_setup_py'
[1.021s] Level 1:colcon.colcon_core.package_identification:_identify(g1/edge_runtime/config) by extensions ['ignore', 'ignore_ament_install']
[1.022s] Level 1:colcon.colcon_core.package_identification:_identify(g1/edge_runtime/config) by extension 'ignore'
[1.022s] Level 1:colcon.colcon_core.package_identification:_identify(g1/edge_runtime/config) by extension 'ignore_ament_install'
[1.022s] Level 1:colcon.colcon_core.package_identification:_identify(g1/edge_runtime/config) by extensions ['colcon_pkg']
[1.022s] Level 1:colcon.colcon_core.package_identification:_identify(g1/edge_runtime/config) by extension 'colcon_pkg'
[1.022s] Level 1:colcon.colcon_core.package_identification:_identify(g1/edge_runtime/config) by extensions ['colcon_meta']
[1.022s] Level 1:colcon.colcon_core.package_identification:_identify(g1/edge_runtime/config) by extension 'colcon_meta'
[1.022s] Level 1:colcon.colcon_core.package_identification:_identify(g1/edge_runtime/config) by extensions ['ros']
[1.022s] Level 1:colcon.colcon_core.package_identification:_identify(g1/edge_runtime/config) by extension 'ros'
[1.022s] Level 1:colcon.colcon_core.package_identification:_identify(g1/edge_runtime/config) by extensions ['cmake', 'python']
[1.022s] Level 1:colcon.colcon_core.package_identification:_identify(g1/edge_runtime/config) by extension 'cmake'
[1.022s] Level 1:colcon.colcon_core.package_identification:_identify(g1/edge_runtime/config) by extension 'python'
[1.022s] Level 1:colcon.colcon_core.package_identification:_identify(g1/edge_runtime/config) by extensions ['python_setup_py']
[1.022s] Level 1:colcon.colcon_core.package_identification:_identify(g1/edge_runtime/config) by extension 'python_setup_py'
[1.023s] Level 1:colcon.colcon_core.package_identification:_identify(g1/edge_runtime/device_identity) by extensions ['ignore', 'ignore_ament_install']
[1.023s] Level 1:colcon.colcon_core.package_identification:_identify(g1/edge_runtime/device_identity) by extension 'ignore'
[1.023s] Level 1:colcon.colcon_core.package_identification:_identify(g1/edge_runtime/device_identity) by extension 'ignore_ament_install'
[1.023s] Level 1:colcon.colcon_core.package_identification:_identify(g1/edge_runtime/device_identity) by extensions ['colcon_pkg']
[1.023s] Level 1:colcon.colcon_core.package_identification:_identify(g1/edge_runtime/device_identity) by extension 'colcon_pkg'
[1.023s] Level 1:colcon.colcon_core.package_identification:_identify(g1/edge_runtime/device_identity) by extensions ['colcon_meta']
[1.023s] Level 1:colcon.colcon_core.package_identification:_identify(g1/edge_runtime/device_identity) by extension 'colcon_meta'
[1.024s] Level 1:colcon.colcon_core.package_identification:_identify(g1/edge_runtime/device_identity) by extensions ['ros']
[1.024s] Level 1:colcon.colcon_core.package_identification:_identify(g1/edge_runtime/device_identity) by extension 'ros'
[1.024s] Level 1:colcon.colcon_core.package_identification:_identify(g1/edge_runtime/device_identity) by extensions ['cmake', 'python']
[1.024s] Level 1:colcon.colcon_core.package_identification:_identify(g1/edge_runtime/device_identity) by extension 'cmake'
[1.024s] Level 1:colcon.colcon_core.package_identification:_identify(g1/edge_runtime/device_identity) by extension 'python'
[1.024s] Level 1:colcon.colcon_core.package_identification:_identify(g1/edge_runtime/device_identity) by extensions ['python_setup_py']
[1.024s] Level 1:colcon.colcon_core.package_identification:_identify(g1/edge_runtime/device_identity) by extension 'python_setup_py'
[1.024s] Level 1:colcon.colcon_core.package_identification:_identify(g1/edge_runtime/gateway) by extensions ['ignore', 'ignore_ament_install']
[1.025s] Level 1:colcon.colcon_core.package_identification:_identify(g1/edge_runtime/gateway) by extension 'ignore'
[1.025s] Level 1:colcon.colcon_core.package_identification:_identify(g1/edge_runtime/gateway) by extension 'ignore_ament_install'
[1.025s] Level 1:colcon.colcon_core.package_identification:_identify(g1/edge_runtime/gateway) by extensions ['colcon_pkg']
[1.025s] Level 1:colcon.colcon_core.package_identification:_identify(g1/edge_runtime/gateway) by extension 'colcon_pkg'
[1.025s] Level 1:colcon.colcon_core.package_identification:_identify(g1/edge_runtime/gateway) by extensions ['colcon_meta']
[1.025s] Level 1:colcon.colcon_core.package_identification:_identify(g1/edge_runtime/gateway) by extension 'colcon_meta'
[1.025s] Level 1:colcon.colcon_core.package_identification:_identify(g1/edge_runtime/gateway) by extensions ['ros']
[1.025s] Level 1:colcon.colcon_core.package_identification:_identify(g1/edge_runtime/gateway) by extension 'ros'
[1.025s] Level 1:colcon.colcon_core.package_identification:_identify(g1/edge_runtime/gateway) by extensions ['cmake', 'python']
[1.025s] Level 1:colcon.colcon_core.package_identification:_identify(g1/edge_runtime/gateway) by extension 'cmake'
[1.025s] Level 1:colcon.colcon_core.package_identification:_identify(g1/edge_runtime/gateway) by extension 'python'
[1.025s] Level 1:colcon.colcon_core.package_identification:_identify(g1/edge_runtime/gateway) by extensions ['python_setup_py']
[1.025s] Level 1:colcon.colcon_core.package_identification:_identify(g1/edge_runtime/gateway) by extension 'python_setup_py'
[1.026s] Level 1:colcon.colcon_core.package_identification:_identify(g1/edge_runtime/skills) by extensions ['ignore', 'ignore_ament_install']
[1.026s] Level 1:colcon.colcon_core.package_identification:_identify(g1/edge_runtime/skills) by extension 'ignore'
[1.026s] Level 1:colcon.colcon_core.package_identification:_identify(g1/edge_runtime/skills) by extension 'ignore_ament_install'
[1.026s] Level 1:colcon.colcon_core.package_identification:_identify(g1/edge_runtime/skills) by extensions ['colcon_pkg']
[1.026s] Level 1:colcon.colcon_core.package_identification:_identify(g1/edge_runtime/skills) by extension 'colcon_pkg'
[1.026s] Level 1:colcon.colcon_core.package_identification:_identify(g1/edge_runtime/skills) by extensions ['colcon_meta']
[1.026s] Level 1:colcon.colcon_core.package_identification:_identify(g1/edge_runtime/skills) by extension 'colcon_meta'
[1.026s] Level 1:colcon.colcon_core.package_identification:_identify(g1/edge_runtime/skills) by extensions ['ros']
[1.026s] Level 1:colcon.colcon_core.package_identification:_identify(g1/edge_runtime/skills) by extension 'ros'
[1.026s] Level 1:colcon.colcon_core.package_identification:_identify(g1/edge_runtime/skills) by extensions ['cmake', 'python']
[1.026s] Level 1:colcon.colcon_core.package_identification:_identify(g1/edge_runtime/skills) by extension 'cmake'
[1.026s] Level 1:colcon.colcon_core.package_identification:_identify(g1/edge_runtime/skills) by extension 'python'
[1.026s] Level 1:colcon.colcon_core.package_identification:_identify(g1/edge_runtime/skills) by extensions ['python_setup_py']
[1.026s] Level 1:colcon.colcon_core.package_identification:_identify(g1/edge_runtime/skills) by extension 'python_setup_py'
[1.027s] Level 1:colcon.colcon_core.package_identification:_identify(g1/edge_runtime/telemetry) by extensions ['ignore', 'ignore_ament_install']
[1.027s] Level 1:colcon.colcon_core.package_identification:_identify(g1/edge_runtime/telemetry) by extension 'ignore'
[1.028s] Level 1:colcon.colcon_core.package_identification:_identify(g1/edge_runtime/telemetry) by extension 'ignore_ament_install'
[1.028s] Level 1:colcon.colcon_core.package_identification:_identify(g1/edge_runtime/telemetry) by extensions ['colcon_pkg']
[1.028s] Level 1:colcon.colcon_core.package_identification:_identify(g1/edge_runtime/telemetry) by extension 'colcon_pkg'
[1.028s] Level 1:colcon.colcon_core.package_identification:_identify(g1/edge_runtime/telemetry) by extensions ['colcon_meta']
[1.028s] Level 1:colcon.colcon_core.package_identification:_identify(g1/edge_runtime/telemetry) by extension 'colcon_meta'
[1.028s] Level 1:colcon.colcon_core.package_identification:_identify(g1/edge_runtime/telemetry) by extensions ['ros']
[1.028s] Level 1:colcon.colcon_core.package_identification:_identify(g1/edge_runtime/telemetry) by extension 'ros'
[1.028s] Level 1:colcon.colcon_core.package_identification:_identify(g1/edge_runtime/telemetry) by extensions ['cmake', 'python']
[1.028s] Level 1:colcon.colcon_core.package_identification:_identify(g1/edge_runtime/telemetry) by extension 'cmake'
[1.028s] Level 1:colcon.colcon_core.package_identification:_identify(g1/edge_runtime/telemetry) by extension 'python'
[1.028s] Level 1:colcon.colcon_core.package_identification:_identify(g1/edge_runtime/telemetry) by extensions ['python_setup_py']
[1.028s] Level 1:colcon.colcon_core.package_identification:_identify(g1/edge_runtime/telemetry) by extension 'python_setup_py'
[1.029s] Level 1:colcon.colcon_core.package_identification:_identify(g1/modules) by extensions ['ignore', 'ignore_ament_install']
[1.029s] Level 1:colcon.colcon_core.package_identification:_identify(g1/modules) by extension 'ignore'
[1.029s] Level 1:colcon.colcon_core.package_identification:_identify(g1/modules) by extension 'ignore_ament_install'
[1.029s] Level 1:colcon.colcon_core.package_identification:_identify(g1/modules) by extensions ['colcon_pkg']
[1.029s] Level 1:colcon.colcon_core.package_identification:_identify(g1/modules) by extension 'colcon_pkg'
[1.029s] Level 1:colcon.colcon_core.package_identification:_identify(g1/modules) by extensions ['colcon_meta']
[1.029s] Level 1:colcon.colcon_core.package_identification:_identify(g1/modules) by extension 'colcon_meta'
[1.029s] Level 1:colcon.colcon_core.package_identification:_identify(g1/modules) by extensions ['ros']
[1.029s] Level 1:colcon.colcon_core.package_identification:_identify(g1/modules) by extension 'ros'
[1.029s] Level 1:colcon.colcon_core.package_identification:_identify(g1/modules) by extensions ['cmake', 'python']
[1.029s] Level 1:colcon.colcon_core.package_identification:_identify(g1/modules) by extension 'cmake'
[1.029s] Level 1:colcon.colcon_core.package_identification:_identify(g1/modules) by extension 'python'
[1.029s] Level 1:colcon.colcon_core.package_identification:_identify(g1/modules) by extensions ['python_setup_py']
[1.029s] Level 1:colcon.colcon_core.package_identification:_identify(g1/modules) by extension 'python_setup_py'
[1.030s] Level 1:colcon.colcon_core.package_identification:_identify(g1/scripts) by extensions ['ignore', 'ignore_ament_install']
[1.030s] Level 1:colcon.colcon_core.package_identification:_identify(g1/scripts) by extension 'ignore'
[1.030s] Level 1:colcon.colcon_core.package_identification:_identify(g1/scripts) by extension 'ignore_ament_install'
[1.030s] Level 1:colcon.colcon_core.package_identification:_identify(g1/scripts) by extensions ['colcon_pkg']
[1.030s] Level 1:colcon.colcon_core.package_identification:_identify(g1/scripts) by extension 'colcon_pkg'
[1.030s] Level 1:colcon.colcon_core.package_identification:_identify(g1/scripts) by extensions ['colcon_meta']
[1.030s] Level 1:colcon.colcon_core.package_identification:_identify(g1/scripts) by extension 'colcon_meta'
[1.030s] Level 1:colcon.colcon_core.package_identification:_identify(g1/scripts) by extensions ['ros']
[1.030s] Level 1:colcon.colcon_core.package_identification:_identify(g1/scripts) by extension 'ros'
[1.030s] Level 1:colcon.colcon_core.package_identification:_identify(g1/scripts) by extensions ['cmake', 'python']
[1.030s] Level 1:colcon.colcon_core.package_identification:_identify(g1/scripts) by extension 'cmake'
[1.031s] Level 1:colcon.colcon_core.package_identification:_identify(g1/scripts) by extension 'python'
[1.031s] Level 1:colcon.colcon_core.package_identification:_identify(g1/scripts) by extensions ['python_setup_py']
[1.031s] Level 1:colcon.colcon_core.package_identification:_identify(g1/scripts) by extension 'python_setup_py'
[1.031s] Level 1:colcon.colcon_core.package_identification:_identify(g1/scripts/arm_motion) by extensions ['ignore', 'ignore_ament_install']
[1.031s] Level 1:colcon.colcon_core.package_identification:_identify(g1/scripts/arm_motion) by extension 'ignore'
[1.031s] Level 1:colcon.colcon_core.package_identification:_identify(g1/scripts/arm_motion) by extension 'ignore_ament_install'
[1.031s] Level 1:colcon.colcon_core.package_identification:_identify(g1/scripts/arm_motion) by extensions ['colcon_pkg']
[1.031s] Level 1:colcon.colcon_core.package_identification:_identify(g1/scripts/arm_motion) by extension 'colcon_pkg'
[1.031s] Level 1:colcon.colcon_core.package_identification:_identify(g1/scripts/arm_motion) by extensions ['colcon_meta']
[1.031s] Level 1:colcon.colcon_core.package_identification:_identify(g1/scripts/arm_motion) by extension 'colcon_meta'
[1.031s] Level 1:colcon.colcon_core.package_identification:_identify(g1/scripts/arm_motion) by extensions ['ros']
[1.031s] Level 1:colcon.colcon_core.package_identification:_identify(g1/scripts/arm_motion) by extension 'ros'
[1.032s] Level 1:colcon.colcon_core.package_identification:_identify(g1/scripts/arm_motion) by extensions ['cmake', 'python']
[1.032s] Level 1:colcon.colcon_core.package_identification:_identify(g1/scripts/arm_motion) by extension 'cmake'
[1.032s] Level 1:colcon.colcon_core.package_identification:_identify(g1/scripts/arm_motion) by extension 'python'
[1.032s] Level 1:colcon.colcon_core.package_identification:_identify(g1/scripts/arm_motion) by extensions ['python_setup_py']
[1.032s] Level 1:colcon.colcon_core.package_identification:_identify(g1/scripts/arm_motion) by extension 'python_setup_py'
[1.032s] Level 1:colcon.colcon_core.package_identification:_identify(g1/scripts/arm_motion/pbd) by extensions ['ignore', 'ignore_ament_install']
[1.032s] Level 1:colcon.colcon_core.package_identification:_identify(g1/scripts/arm_motion/pbd) by extension 'ignore'
[1.032s] Level 1:colcon.colcon_core.package_identification:_identify(g1/scripts/arm_motion/pbd) by extension 'ignore_ament_install'
[1.033s] Level 1:colcon.colcon_core.package_identification:_identify(g1/scripts/arm_motion/pbd) by extensions ['colcon_pkg']
[1.033s] Level 1:colcon.colcon_core.package_identification:_identify(g1/scripts/arm_motion/pbd) by extension 'colcon_pkg'
[1.033s] Level 1:colcon.colcon_core.package_identification:_identify(g1/scripts/arm_motion/pbd) by extensions ['colcon_meta']
[1.033s] Level 1:colcon.colcon_core.package_identification:_identify(g1/scripts/arm_motion/pbd) by extension 'colcon_meta'
[1.033s] Level 1:colcon.colcon_core.package_identification:_identify(g1/scripts/arm_motion/pbd) by extensions ['ros']
[1.033s] Level 1:colcon.colcon_core.package_identification:_identify(g1/scripts/arm_motion/pbd) by extension 'ros'
[1.033s] Level 1:colcon.colcon_core.package_identification:_identify(g1/scripts/arm_motion/pbd) by extensions ['cmake', 'python']
[1.033s] Level 1:colcon.colcon_core.package_identification:_identify(g1/scripts/arm_motion/pbd) by extension 'cmake'
[1.033s] Level 1:colcon.colcon_core.package_identification:_identify(g1/scripts/arm_motion/pbd) by extension 'python'
[1.033s] Level 1:colcon.colcon_core.package_identification:_identify(g1/scripts/arm_motion/pbd) by extensions ['python_setup_py']
[1.033s] Level 1:colcon.colcon_core.package_identification:_identify(g1/scripts/arm_motion/pbd) by extension 'python_setup_py'
[1.033s] Level 1:colcon.colcon_core.package_identification:_identify(g1/scripts/arm_motion/pbd/motion_databse) by extensions ['ignore', 'ignore_ament_install']
[1.034s] Level 1:colcon.colcon_core.package_identification:_identify(g1/scripts/arm_motion/pbd/motion_databse) by extension 'ignore'
[1.034s] Level 1:colcon.colcon_core.package_identification:_identify(g1/scripts/arm_motion/pbd/motion_databse) by extension 'ignore_ament_install'
[1.034s] Level 1:colcon.colcon_core.package_identification:_identify(g1/scripts/arm_motion/pbd/motion_databse) by extensions ['colcon_pkg']
[1.034s] Level 1:colcon.colcon_core.package_identification:_identify(g1/scripts/arm_motion/pbd/motion_databse) by extension 'colcon_pkg'
[1.034s] Level 1:colcon.colcon_core.package_identification:_identify(g1/scripts/arm_motion/pbd/motion_databse) by extensions ['colcon_meta']
[1.034s] Level 1:colcon.colcon_core.package_identification:_identify(g1/scripts/arm_motion/pbd/motion_databse) by extension 'colcon_meta'
[1.034s] Level 1:colcon.colcon_core.package_identification:_identify(g1/scripts/arm_motion/pbd/motion_databse) by extensions ['ros']
[1.034s] Level 1:colcon.colcon_core.package_identification:_identify(g1/scripts/arm_motion/pbd/motion_databse) by extension 'ros'
[1.034s] Level 1:colcon.colcon_core.package_identification:_identify(g1/scripts/arm_motion/pbd/motion_databse) by extensions ['cmake', 'python']
[1.034s] Level 1:colcon.colcon_core.package_identification:_identify(g1/scripts/arm_motion/pbd/motion_databse) by extension 'cmake'
[1.034s] Level 1:colcon.colcon_core.package_identification:_identify(g1/scripts/arm_motion/pbd/motion_databse) by extension 'python'
[1.034s] Level 1:colcon.colcon_core.package_identification:_identify(g1/scripts/arm_motion/pbd/motion_databse) by extensions ['python_setup_py']
[1.034s] Level 1:colcon.colcon_core.package_identification:_identify(g1/scripts/arm_motion/pbd/motion_databse) by extension 'python_setup_py'
[1.035s] Level 1:colcon.colcon_core.package_identification:_identify(g1/scripts/arm_motion/pbd/safety) by extensions ['ignore', 'ignore_ament_install']
[1.035s] Level 1:colcon.colcon_core.package_identification:_identify(g1/scripts/arm_motion/pbd/safety) by extension 'ignore'
[1.035s] Level 1:colcon.colcon_core.package_identification:_identify(g1/scripts/arm_motion/pbd/safety) by extension 'ignore_ament_install'
[1.035s] Level 1:colcon.colcon_core.package_identification:_identify(g1/scripts/arm_motion/pbd/safety) by extensions ['colcon_pkg']
[1.035s] Level 1:colcon.colcon_core.package_identification:_identify(g1/scripts/arm_motion/pbd/safety) by extension 'colcon_pkg'
[1.035s] Level 1:colcon.colcon_core.package_identification:_identify(g1/scripts/arm_motion/pbd/safety) by extensions ['colcon_meta']
[1.035s] Level 1:colcon.colcon_core.package_identification:_identify(g1/scripts/arm_motion/pbd/safety) by extension 'colcon_meta'
[1.035s] Level 1:colcon.colcon_core.package_identification:_identify(g1/scripts/arm_motion/pbd/safety) by extensions ['ros']
[1.035s] Level 1:colcon.colcon_core.package_identification:_identify(g1/scripts/arm_motion/pbd/safety) by extension 'ros'
[1.035s] Level 1:colcon.colcon_core.package_identification:_identify(g1/scripts/arm_motion/pbd/safety) by extensions ['cmake', 'python']
[1.035s] Level 1:colcon.colcon_core.package_identification:_identify(g1/scripts/arm_motion/pbd/safety) by extension 'cmake'
[1.035s] Level 1:colcon.colcon_core.package_identification:_identify(g1/scripts/arm_motion/pbd/safety) by extension 'python'
[1.035s] Level 1:colcon.colcon_core.package_identification:_identify(g1/scripts/arm_motion/pbd/safety) by extensions ['python_setup_py']
[1.035s] Level 1:colcon.colcon_core.package_identification:_identify(g1/scripts/arm_motion/pbd/safety) by extension 'python_setup_py'
[1.036s] Level 1:colcon.colcon_core.package_identification:_identify(g1/scripts/arm_motion/safety) by extensions ['ignore', 'ignore_ament_install']
[1.036s] Level 1:colcon.colcon_core.package_identification:_identify(g1/scripts/arm_motion/safety) by extension 'ignore'
[1.036s] Level 1:colcon.colcon_core.package_identification:_identify(g1/scripts/arm_motion/safety) by extension 'ignore_ament_install'
[1.036s] Level 1:colcon.colcon_core.package_identification:_identify(g1/scripts/arm_motion/safety) by extensions ['colcon_pkg']
[1.036s] Level 1:colcon.colcon_core.package_identification:_identify(g1/scripts/arm_motion/safety) by extension 'colcon_pkg'
[1.036s] Level 1:colcon.colcon_core.package_identification:_identify(g1/scripts/arm_motion/safety) by extensions ['colcon_meta']
[1.036s] Level 1:colcon.colcon_core.package_identification:_identify(g1/scripts/arm_motion/safety) by extension 'colcon_meta'
[1.037s] Level 1:colcon.colcon_core.package_identification:_identify(g1/scripts/arm_motion/safety) by extensions ['ros']
[1.037s] Level 1:colcon.colcon_core.package_identification:_identify(g1/scripts/arm_motion/safety) by extension 'ros'
[1.037s] Level 1:colcon.colcon_core.package_identification:_identify(g1/scripts/arm_motion/safety) by extensions ['cmake', 'python']
[1.037s] Level 1:colcon.colcon_core.package_identification:_identify(g1/scripts/arm_motion/safety) by extension 'cmake'
[1.037s] Level 1:colcon.colcon_core.package_identification:_identify(g1/scripts/arm_motion/safety) by extension 'python'
[1.037s] Level 1:colcon.colcon_core.package_identification:_identify(g1/scripts/arm_motion/safety) by extensions ['python_setup_py']
[1.037s] Level 1:colcon.colcon_core.package_identification:_identify(g1/scripts/arm_motion/safety) by extension 'python_setup_py'
[1.037s] Level 1:colcon.colcon_core.package_identification:_identify(g1/scripts/basic) by extensions ['ignore', 'ignore_ament_install']
[1.037s] Level 1:colcon.colcon_core.package_identification:_identify(g1/scripts/basic) by extension 'ignore'
[1.038s] Level 1:colcon.colcon_core.package_identification:_identify(g1/scripts/basic) by extension 'ignore_ament_install'
[1.038s] Level 1:colcon.colcon_core.package_identification:_identify(g1/scripts/basic) by extensions ['colcon_pkg']
[1.038s] Level 1:colcon.colcon_core.package_identification:_identify(g1/scripts/basic) by extension 'colcon_pkg'
[1.038s] Level 1:colcon.colcon_core.package_identification:_identify(g1/scripts/basic) by extensions ['colcon_meta']
[1.038s] Level 1:colcon.colcon_core.package_identification:_identify(g1/scripts/basic) by extension 'colcon_meta'
[1.038s] Level 1:colcon.colcon_core.package_identification:_identify(g1/scripts/basic) by extensions ['ros']
[1.038s] Level 1:colcon.colcon_core.package_identification:_identify(g1/scripts/basic) by extension 'ros'
[1.038s] Level 1:colcon.colcon_core.package_identification:_identify(g1/scripts/basic) by extensions ['cmake', 'python']
[1.038s] Level 1:colcon.colcon_core.package_identification:_identify(g1/scripts/basic) by extension 'cmake'
[1.038s] Level 1:colcon.colcon_core.package_identification:_identify(g1/scripts/basic) by extension 'python'
[1.038s] Level 1:colcon.colcon_core.package_identification:_identify(g1/scripts/basic) by extensions ['python_setup_py']
[1.038s] Level 1:colcon.colcon_core.package_identification:_identify(g1/scripts/basic) by extension 'python_setup_py'
[1.038s] Level 1:colcon.colcon_core.package_identification:_identify(g1/scripts/basic/audio) by extensions ['ignore', 'ignore_ament_install']
[1.039s] Level 1:colcon.colcon_core.package_identification:_identify(g1/scripts/basic/audio) by extension 'ignore'
[1.039s] Level 1:colcon.colcon_core.package_identification:_identify(g1/scripts/basic/audio) by extension 'ignore_ament_install'
[1.039s] Level 1:colcon.colcon_core.package_identification:_identify(g1/scripts/basic/audio) by extensions ['colcon_pkg']
[1.039s] Level 1:colcon.colcon_core.package_identification:_identify(g1/scripts/basic/audio) by extension 'colcon_pkg'
[1.039s] Level 1:colcon.colcon_core.package_identification:_identify(g1/scripts/basic/audio) by extensions ['colcon_meta']
[1.039s] Level 1:colcon.colcon_core.package_identification:_identify(g1/scripts/basic/audio) by extension 'colcon_meta'
[1.039s] Level 1:colcon.colcon_core.package_identification:_identify(g1/scripts/basic/audio) by extensions ['ros']
[1.039s] Level 1:colcon.colcon_core.package_identification:_identify(g1/scripts/basic/audio) by extension 'ros'
[1.039s] Level 1:colcon.colcon_core.package_identification:_identify(g1/scripts/basic/audio) by extensions ['cmake', 'python']
[1.039s] Level 1:colcon.colcon_core.package_identification:_identify(g1/scripts/basic/audio) by extension 'cmake'
[1.039s] Level 1:colcon.colcon_core.package_identification:_identify(g1/scripts/basic/audio) by extension 'python'
[1.039s] Level 1:colcon.colcon_core.package_identification:_identify(g1/scripts/basic/audio) by extensions ['python_setup_py']
[1.039s] Level 1:colcon.colcon_core.package_identification:_identify(g1/scripts/basic/audio) by extension 'python_setup_py'
[1.040s] Level 1:colcon.colcon_core.package_identification:_identify(g1/scripts/basic/headlight_client) by extensions ['ignore', 'ignore_ament_install']
[1.040s] Level 1:colcon.colcon_core.package_identification:_identify(g1/scripts/basic/headlight_client) by extension 'ignore'
[1.040s] Level 1:colcon.colcon_core.package_identification:_identify(g1/scripts/basic/headlight_client) by extension 'ignore_ament_install'
[1.040s] Level 1:colcon.colcon_core.package_identification:_identify(g1/scripts/basic/headlight_client) by extensions ['colcon_pkg']
[1.040s] Level 1:colcon.colcon_core.package_identification:_identify(g1/scripts/basic/headlight_client) by extension 'colcon_pkg'
[1.040s] Level 1:colcon.colcon_core.package_identification:_identify(g1/scripts/basic/headlight_client) by extensions ['colcon_meta']
[1.040s] Level 1:colcon.colcon_core.package_identification:_identify(g1/scripts/basic/headlight_client) by extension 'colcon_meta'
[1.040s] Level 1:colcon.colcon_core.package_identification:_identify(g1/scripts/basic/headlight_client) by extensions ['ros']
[1.040s] Level 1:colcon.colcon_core.package_identification:_identify(g1/scripts/basic/headlight_client) by extension 'ros'
[1.040s] Level 1:colcon.colcon_core.package_identification:_identify(g1/scripts/basic/headlight_client) by extensions ['cmake', 'python']
[1.040s] Level 1:colcon.colcon_core.package_identification:_identify(g1/scripts/basic/headlight_client) by extension 'cmake'
[1.040s] Level 1:colcon.colcon_core.package_identification:_identify(g1/scripts/basic/headlight_client) by extension 'python'
[1.040s] Level 1:colcon.colcon_core.package_identification:_identify(g1/scripts/basic/headlight_client) by extensions ['python_setup_py']
[1.040s] Level 1:colcon.colcon_core.package_identification:_identify(g1/scripts/basic/headlight_client) by extension 'python_setup_py'
[1.041s] Level 1:colcon.colcon_core.package_identification:_identify(g1/scripts/basic/safety) by extensions ['ignore', 'ignore_ament_install']
[1.041s] Level 1:colcon.colcon_core.package_identification:_identify(g1/scripts/basic/safety) by extension 'ignore'
[1.041s] Level 1:colcon.colcon_core.package_identification:_identify(g1/scripts/basic/safety) by extension 'ignore_ament_install'
[1.041s] Level 1:colcon.colcon_core.package_identification:_identify(g1/scripts/basic/safety) by extensions ['colcon_pkg']
[1.041s] Level 1:colcon.colcon_core.package_identification:_identify(g1/scripts/basic/safety) by extension 'colcon_pkg'
[1.041s] Level 1:colcon.colcon_core.package_identification:_identify(g1/scripts/basic/safety) by extensions ['colcon_meta']
[1.041s] Level 1:colcon.colcon_core.package_identification:_identify(g1/scripts/basic/safety) by extension 'colcon_meta'
[1.041s] Level 1:colcon.colcon_core.package_identification:_identify(g1/scripts/basic/safety) by extensions ['ros']
[1.041s] Level 1:colcon.colcon_core.package_identification:_identify(g1/scripts/basic/safety) by extension 'ros'
[1.041s] Level 1:colcon.colcon_core.package_identification:_identify(g1/scripts/basic/safety) by extensions ['cmake', 'python']
[1.041s] Level 1:colcon.colcon_core.package_identification:_identify(g1/scripts/basic/safety) by extension 'cmake'
[1.041s] Level 1:colcon.colcon_core.package_identification:_identify(g1/scripts/basic/safety) by extension 'python'
[1.042s] Level 1:colcon.colcon_core.package_identification:_identify(g1/scripts/basic/safety) by extensions ['python_setup_py']
[1.042s] Level 1:colcon.colcon_core.package_identification:_identify(g1/scripts/basic/safety) by extension 'python_setup_py'
[1.042s] Level 1:colcon.colcon_core.package_identification:_identify(g1/scripts/dev) by extensions ['ignore', 'ignore_ament_install']
[1.042s] Level 1:colcon.colcon_core.package_identification:_identify(g1/scripts/dev) by extension 'ignore'
[1.042s] Level 1:colcon.colcon_core.package_identification:_identify(g1/scripts/dev) by extension 'ignore_ament_install'
[1.042s] Level 1:colcon.colcon_core.package_identification:_identify(g1/scripts/dev) by extensions ['colcon_pkg']
[1.042s] Level 1:colcon.colcon_core.package_identification:_identify(g1/scripts/dev) by extension 'colcon_pkg'
[1.042s] Level 1:colcon.colcon_core.package_identification:_identify(g1/scripts/dev) by extensions ['colcon_meta']
[1.042s] Level 1:colcon.colcon_core.package_identification:_identify(g1/scripts/dev) by extension 'colcon_meta'
[1.043s] Level 1:colcon.colcon_core.package_identification:_identify(g1/scripts/dev) by extensions ['ros']
[1.043s] Level 1:colcon.colcon_core.package_identification:_identify(g1/scripts/dev) by extension 'ros'
[1.043s] Level 1:colcon.colcon_core.package_identification:_identify(g1/scripts/dev) by extensions ['cmake', 'python']
[1.043s] Level 1:colcon.colcon_core.package_identification:_identify(g1/scripts/dev) by extension 'cmake'
[1.043s] Level 1:colcon.colcon_core.package_identification:_identify(g1/scripts/dev) by extension 'python'
[1.043s] Level 1:colcon.colcon_core.package_identification:_identify(g1/scripts/dev) by extensions ['python_setup_py']
[1.043s] Level 1:colcon.colcon_core.package_identification:_identify(g1/scripts/dev) by extension 'python_setup_py'
[1.043s] Level 1:colcon.colcon_core.package_identification:_identify(g1/scripts/dev/VLA) by extensions ['ignore', 'ignore_ament_install']
[1.044s] Level 1:colcon.colcon_core.package_identification:_identify(g1/scripts/dev/VLA) by extension 'ignore'
[1.044s] Level 1:colcon.colcon_core.package_identification:_identify(g1/scripts/dev/VLA) by extension 'ignore_ament_install'
[1.044s] Level 1:colcon.colcon_core.package_identification:_identify(g1/scripts/dev/VLA) by extensions ['colcon_pkg']
[1.044s] Level 1:colcon.colcon_core.package_identification:_identify(g1/scripts/dev/VLA) by extension 'colcon_pkg'
[1.044s] Level 1:colcon.colcon_core.package_identification:_identify(g1/scripts/dev/VLA) by extensions ['colcon_meta']
[1.044s] Level 1:colcon.colcon_core.package_identification:_identify(g1/scripts/dev/VLA) by extension 'colcon_meta'
[1.044s] Level 1:colcon.colcon_core.package_identification:_identify(g1/scripts/dev/VLA) by extensions ['ros']
[1.044s] Level 1:colcon.colcon_core.package_identification:_identify(g1/scripts/dev/VLA) by extension 'ros'
[1.044s] Level 1:colcon.colcon_core.package_identification:_identify(g1/scripts/dev/VLA) by extensions ['cmake', 'python']
[1.044s] Level 1:colcon.colcon_core.package_identification:_identify(g1/scripts/dev/VLA) by extension 'cmake'
[1.044s] Level 1:colcon.colcon_core.package_identification:_identify(g1/scripts/dev/VLA) by extension 'python'
[1.044s] Level 1:colcon.colcon_core.package_identification:_identify(g1/scripts/dev/VLA) by extensions ['python_setup_py']
[1.044s] Level 1:colcon.colcon_core.package_identification:_identify(g1/scripts/dev/VLA) by extension 'python_setup_py'
[1.045s] Level 1:colcon.colcon_core.package_identification:_identify(g1/scripts/dev/VLA/stack2) by extensions ['ignore', 'ignore_ament_install']
[1.045s] Level 1:colcon.colcon_core.package_identification:_identify(g1/scripts/dev/VLA/stack2) by extension 'ignore'
[1.045s] Level 1:colcon.colcon_core.package_identification:_identify(g1/scripts/dev/VLA/stack2) by extension 'ignore_ament_install'
[1.045s] Level 1:colcon.colcon_core.package_identification:_identify(g1/scripts/dev/VLA/stack2) by extensions ['colcon_pkg']
[1.045s] Level 1:colcon.colcon_core.package_identification:_identify(g1/scripts/dev/VLA/stack2) by extension 'colcon_pkg'
[1.045s] Level 1:colcon.colcon_core.package_identification:_identify(g1/scripts/dev/VLA/stack2) by extensions ['colcon_meta']
[1.045s] Level 1:colcon.colcon_core.package_identification:_identify(g1/scripts/dev/VLA/stack2) by extension 'colcon_meta'
[1.045s] Level 1:colcon.colcon_core.package_identification:_identify(g1/scripts/dev/VLA/stack2) by extensions ['ros']
[1.045s] Level 1:colcon.colcon_core.package_identification:_identify(g1/scripts/dev/VLA/stack2) by extension 'ros'
[1.045s] Level 1:colcon.colcon_core.package_identification:_identify(g1/scripts/dev/VLA/stack2) by extensions ['cmake', 'python']
[1.045s] Level 1:colcon.colcon_core.package_identification:_identify(g1/scripts/dev/VLA/stack2) by extension 'cmake'
[1.045s] Level 1:colcon.colcon_core.package_identification:_identify(g1/scripts/dev/VLA/stack2) by extension 'python'
[1.045s] Level 1:colcon.colcon_core.package_identification:_identify(g1/scripts/dev/VLA/stack2) by extensions ['python_setup_py']
[1.045s] Level 1:colcon.colcon_core.package_identification:_identify(g1/scripts/dev/VLA/stack2) by extension 'python_setup_py'
[1.046s] Level 1:colcon.colcon_core.package_identification:_identify(g1/scripts/dev/VLA/stack_1) by extensions ['ignore', 'ignore_ament_install']
[1.046s] Level 1:colcon.colcon_core.package_identification:_identify(g1/scripts/dev/VLA/stack_1) by extension 'ignore'
[1.046s] Level 1:colcon.colcon_core.package_identification:_identify(g1/scripts/dev/VLA/stack_1) by extension 'ignore_ament_install'
[1.046s] Level 1:colcon.colcon_core.package_identification:_identify(g1/scripts/dev/VLA/stack_1) by extensions ['colcon_pkg']
[1.046s] Level 1:colcon.colcon_core.package_identification:_identify(g1/scripts/dev/VLA/stack_1) by extension 'colcon_pkg'
[1.046s] Level 1:colcon.colcon_core.package_identification:_identify(g1/scripts/dev/VLA/stack_1) by extensions ['colcon_meta']
[1.046s] Level 1:colcon.colcon_core.package_identification:_identify(g1/scripts/dev/VLA/stack_1) by extension 'colcon_meta'
[1.047s] Level 1:colcon.colcon_core.package_identification:_identify(g1/scripts/dev/VLA/stack_1) by extensions ['ros']
[1.047s] Level 1:colcon.colcon_core.package_identification:_identify(g1/scripts/dev/VLA/stack_1) by extension 'ros'
[1.047s] Level 1:colcon.colcon_core.package_identification:_identify(g1/scripts/dev/VLA/stack_1) by extensions ['cmake', 'python']
[1.047s] Level 1:colcon.colcon_core.package_identification:_identify(g1/scripts/dev/VLA/stack_1) by extension 'cmake'
[1.047s] Level 1:colcon.colcon_core.package_identification:_identify(g1/scripts/dev/VLA/stack_1) by extension 'python'
[1.047s] Level 1:colcon.colcon_core.package_identification:_identify(g1/scripts/dev/VLA/stack_1) by extensions ['python_setup_py']
[1.047s] Level 1:colcon.colcon_core.package_identification:_identify(g1/scripts/dev/VLA/stack_1) by extension 'python_setup_py'
[1.048s] Level 1:colcon.colcon_core.package_identification:_identify(g1/scripts/dev/imitation) by extensions ['ignore', 'ignore_ament_install']
[1.048s] Level 1:colcon.colcon_core.package_identification:_identify(g1/scripts/dev/imitation) by extension 'ignore'
[1.048s] Level 1:colcon.colcon_core.package_identification:_identify(g1/scripts/dev/imitation) by extension 'ignore_ament_install'
[1.048s] Level 1:colcon.colcon_core.package_identification:_identify(g1/scripts/dev/imitation) by extensions ['colcon_pkg']
[1.048s] Level 1:colcon.colcon_core.package_identification:_identify(g1/scripts/dev/imitation) by extension 'colcon_pkg'
[1.048s] Level 1:colcon.colcon_core.package_identification:_identify(g1/scripts/dev/imitation) by extensions ['colcon_meta']
[1.048s] Level 1:colcon.colcon_core.package_identification:_identify(g1/scripts/dev/imitation) by extension 'colcon_meta'
[1.048s] Level 1:colcon.colcon_core.package_identification:_identify(g1/scripts/dev/imitation) by extensions ['ros']
[1.048s] Level 1:colcon.colcon_core.package_identification:_identify(g1/scripts/dev/imitation) by extension 'ros'
[1.049s] Level 1:colcon.colcon_core.package_identification:_identify(g1/scripts/dev/imitation) by extensions ['cmake', 'python']
[1.049s] Level 1:colcon.colcon_core.package_identification:_identify(g1/scripts/dev/imitation) by extension 'cmake'
[1.049s] Level 1:colcon.colcon_core.package_identification:_identify(g1/scripts/dev/imitation) by extension 'python'
[1.049s] Level 1:colcon.colcon_core.package_identification:_identify(g1/scripts/dev/imitation) by extensions ['python_setup_py']
[1.049s] Level 1:colcon.colcon_core.package_identification:_identify(g1/scripts/dev/imitation) by extension 'python_setup_py'
[1.049s] Level 1:colcon.colcon_core.package_identification:_identify(g1/scripts/dev/imitation/stack_1) by extensions ['ignore', 'ignore_ament_install']
[1.050s] Level 1:colcon.colcon_core.package_identification:_identify(g1/scripts/dev/imitation/stack_1) by extension 'ignore'
[1.050s] Level 1:colcon.colcon_core.package_identification:_identify(g1/scripts/dev/imitation/stack_1) by extension 'ignore_ament_install'
[1.050s] Level 1:colcon.colcon_core.package_identification:_identify(g1/scripts/dev/imitation/stack_1) by extensions ['colcon_pkg']
[1.050s] Level 1:colcon.colcon_core.package_identification:_identify(g1/scripts/dev/imitation/stack_1) by extension 'colcon_pkg'
[1.050s] Level 1:colcon.colcon_core.package_identification:_identify(g1/scripts/dev/imitation/stack_1) by extensions ['colcon_meta']
[1.050s] Level 1:colcon.colcon_core.package_identification:_identify(g1/scripts/dev/imitation/stack_1) by extension 'colcon_meta'
[1.050s] Level 1:colcon.colcon_core.package_identification:_identify(g1/scripts/dev/imitation/stack_1) by extensions ['ros']
[1.050s] Level 1:colcon.colcon_core.package_identification:_identify(g1/scripts/dev/imitation/stack_1) by extension 'ros'
[1.050s] Level 1:colcon.colcon_core.package_identification:_identify(g1/scripts/dev/imitation/stack_1) by extensions ['cmake', 'python']
[1.050s] Level 1:colcon.colcon_core.package_identification:_identify(g1/scripts/dev/imitation/stack_1) by extension 'cmake'
[1.050s] Level 1:colcon.colcon_core.package_identification:_identify(g1/scripts/dev/imitation/stack_1) by extension 'python'
[1.050s] Level 1:colcon.colcon_core.package_identification:_identify(g1/scripts/dev/imitation/stack_1) by extensions ['python_setup_py']
[1.050s] Level 1:colcon.colcon_core.package_identification:_identify(g1/scripts/dev/imitation/stack_1) by extension 'python_setup_py'
[1.051s] Level 1:colcon.colcon_core.package_identification:_identify(g1/scripts/ef_ws) by extensions ['ignore', 'ignore_ament_install']
[1.051s] Level 1:colcon.colcon_core.package_identification:_identify(g1/scripts/ef_ws) by extension 'ignore'
[1.051s] Level 1:colcon.colcon_core.package_identification:_identify(g1/scripts/ef_ws) by extension 'ignore_ament_install'
[1.051s] Level 1:colcon.colcon_core.package_identification:_identify(g1/scripts/ef_ws) by extensions ['colcon_pkg']
[1.051s] Level 1:colcon.colcon_core.package_identification:_identify(g1/scripts/ef_ws) by extension 'colcon_pkg'
[1.051s] Level 1:colcon.colcon_core.package_identification:_identify(g1/scripts/ef_ws) by extensions ['colcon_meta']
[1.051s] Level 1:colcon.colcon_core.package_identification:_identify(g1/scripts/ef_ws) by extension 'colcon_meta'
[1.051s] Level 1:colcon.colcon_core.package_identification:_identify(g1/scripts/ef_ws) by extensions ['ros']
[1.051s] Level 1:colcon.colcon_core.package_identification:_identify(g1/scripts/ef_ws) by extension 'ros'
[1.051s] Level 1:colcon.colcon_core.package_identification:_identify(g1/scripts/ef_ws) by extensions ['cmake', 'python']
[1.052s] Level 1:colcon.colcon_core.package_identification:_identify(g1/scripts/ef_ws) by extension 'cmake'
[1.052s] Level 1:colcon.colcon_core.package_identification:_identify(g1/scripts/ef_ws) by extension 'python'
[1.052s] Level 1:colcon.colcon_core.package_identification:_identify(g1/scripts/ef_ws) by extensions ['python_setup_py']
[1.052s] Level 1:colcon.colcon_core.package_identification:_identify(g1/scripts/ef_ws) by extension 'python_setup_py'
[1.052s] Level 1:colcon.colcon_core.package_identification:_identify(g1/scripts/navigation) by extensions ['ignore', 'ignore_ament_install']
[1.052s] Level 1:colcon.colcon_core.package_identification:_identify(g1/scripts/navigation) by extension 'ignore'
[1.052s] Level 1:colcon.colcon_core.package_identification:_identify(g1/scripts/navigation) by extension 'ignore_ament_install'
[1.053s] Level 1:colcon.colcon_core.package_identification:_identify(g1/scripts/navigation) by extensions ['colcon_pkg']
[1.053s] Level 1:colcon.colcon_core.package_identification:_identify(g1/scripts/navigation) by extension 'colcon_pkg'
[1.053s] Level 1:colcon.colcon_core.package_identification:_identify(g1/scripts/navigation) by extensions ['colcon_meta']
[1.053s] Level 1:colcon.colcon_core.package_identification:_identify(g1/scripts/navigation) by extension 'colcon_meta'
[1.053s] Level 1:colcon.colcon_core.package_identification:_identify(g1/scripts/navigation) by extensions ['ros']
[1.053s] Level 1:colcon.colcon_core.package_identification:_identify(g1/scripts/navigation) by extension 'ros'
[1.053s] Level 1:colcon.colcon_core.package_identification:_identify(g1/scripts/navigation) by extensions ['cmake', 'python']
[1.053s] Level 1:colcon.colcon_core.package_identification:_identify(g1/scripts/navigation) by extension 'cmake'
[1.053s] Level 1:colcon.colcon_core.package_identification:_identify(g1/scripts/navigation) by extension 'python'
[1.053s] Level 1:colcon.colcon_core.package_identification:_identify(g1/scripts/navigation) by extensions ['python_setup_py']
[1.053s] Level 1:colcon.colcon_core.package_identification:_identify(g1/scripts/navigation) by extension 'python_setup_py'
[1.054s] Level 1:colcon.colcon_core.package_identification:_identify(g1/scripts/navigation/obstacle_avoidance) by extensions ['ignore', 'ignore_ament_install']
[1.054s] Level 1:colcon.colcon_core.package_identification:_identify(g1/scripts/navigation/obstacle_avoidance) by extension 'ignore'
[1.054s] Level 1:colcon.colcon_core.package_identification:_identify(g1/scripts/navigation/obstacle_avoidance) by extension 'ignore_ament_install'
[1.054s] Level 1:colcon.colcon_core.package_identification:_identify(g1/scripts/navigation/obstacle_avoidance) by extensions ['colcon_pkg']
[1.054s] Level 1:colcon.colcon_core.package_identification:_identify(g1/scripts/navigation/obstacle_avoidance) by extension 'colcon_pkg'
[1.054s] Level 1:colcon.colcon_core.package_identification:_identify(g1/scripts/navigation/obstacle_avoidance) by extensions ['colcon_meta']
[1.054s] Level 1:colcon.colcon_core.package_identification:_identify(g1/scripts/navigation/obstacle_avoidance) by extension 'colcon_meta'
[1.054s] Level 1:colcon.colcon_core.package_identification:_identify(g1/scripts/navigation/obstacle_avoidance) by extensions ['ros']
[1.054s] Level 1:colcon.colcon_core.package_identification:_identify(g1/scripts/navigation/obstacle_avoidance) by extension 'ros'
[1.054s] Level 1:colcon.colcon_core.package_identification:_identify(g1/scripts/navigation/obstacle_avoidance) by extensions ['cmake', 'python']
[1.054s] Level 1:colcon.colcon_core.package_identification:_identify(g1/scripts/navigation/obstacle_avoidance) by extension 'cmake'
[1.054s] Level 1:colcon.colcon_core.package_identification:_identify(g1/scripts/navigation/obstacle_avoidance) by extension 'python'
[1.054s] Level 1:colcon.colcon_core.package_identification:_identify(g1/scripts/navigation/obstacle_avoidance) by extensions ['python_setup_py']
[1.054s] Level 1:colcon.colcon_core.package_identification:_identify(g1/scripts/navigation/obstacle_avoidance) by extension 'python_setup_py'
[1.055s] Level 1:colcon.colcon_core.package_identification:_identify(g1/scripts/navigation/obstacle_avoidance/maps) by extensions ['ignore', 'ignore_ament_install']
[1.055s] Level 1:colcon.colcon_core.package_identification:_identify(g1/scripts/navigation/obstacle_avoidance/maps) by extension 'ignore'
[1.055s] Level 1:colcon.colcon_core.package_identification:_identify(g1/scripts/navigation/obstacle_avoidance/maps) by extension 'ignore_ament_install'
[1.055s] Level 1:colcon.colcon_core.package_identification:_identify(g1/scripts/navigation/obstacle_avoidance/maps) by extensions ['colcon_pkg']
[1.055s] Level 1:colcon.colcon_core.package_identification:_identify(g1/scripts/navigation/obstacle_avoidance/maps) by extension 'colcon_pkg'
[1.055s] Level 1:colcon.colcon_core.package_identification:_identify(g1/scripts/navigation/obstacle_avoidance/maps) by extensions ['colcon_meta']
[1.055s] Level 1:colcon.colcon_core.package_identification:_identify(g1/scripts/navigation/obstacle_avoidance/maps) by extension 'colcon_meta'
[1.055s] Level 1:colcon.colcon_core.package_identification:_identify(g1/scripts/navigation/obstacle_avoidance/maps) by extensions ['ros']
[1.055s] Level 1:colcon.colcon_core.package_identification:_identify(g1/scripts/navigation/obstacle_avoidance/maps) by extension 'ros'
[1.056s] Level 1:colcon.colcon_core.package_identification:_identify(g1/scripts/navigation/obstacle_avoidance/maps) by extensions ['cmake', 'python']
[1.056s] Level 1:colcon.colcon_core.package_identification:_identify(g1/scripts/navigation/obstacle_avoidance/maps) by extension 'cmake'
[1.056s] Level 1:colcon.colcon_core.package_identification:_identify(g1/scripts/navigation/obstacle_avoidance/maps) by extension 'python'
[1.056s] Level 1:colcon.colcon_core.package_identification:_identify(g1/scripts/navigation/obstacle_avoidance/maps) by extensions ['python_setup_py']
[1.056s] Level 1:colcon.colcon_core.package_identification:_identify(g1/scripts/navigation/obstacle_avoidance/maps) by extension 'python_setup_py'
[1.057s] Level 1:colcon.colcon_core.package_identification:_identify(g1/scripts/navigation/obstacle_avoidance/safety) by extensions ['ignore', 'ignore_ament_install']
[1.057s] Level 1:colcon.colcon_core.package_identification:_identify(g1/scripts/navigation/obstacle_avoidance/safety) by extension 'ignore'
[1.057s] Level 1:colcon.colcon_core.package_identification:_identify(g1/scripts/navigation/obstacle_avoidance/safety) by extension 'ignore_ament_install'
[1.057s] Level 1:colcon.colcon_core.package_identification:_identify(g1/scripts/navigation/obstacle_avoidance/safety) by extensions ['colcon_pkg']
[1.057s] Level 1:colcon.colcon_core.package_identification:_identify(g1/scripts/navigation/obstacle_avoidance/safety) by extension 'colcon_pkg'
[1.057s] Level 1:colcon.colcon_core.package_identification:_identify(g1/scripts/navigation/obstacle_avoidance/safety) by extensions ['colcon_meta']
[1.057s] Level 1:colcon.colcon_core.package_identification:_identify(g1/scripts/navigation/obstacle_avoidance/safety) by extension 'colcon_meta'
[1.057s] Level 1:colcon.colcon_core.package_identification:_identify(g1/scripts/navigation/obstacle_avoidance/safety) by extensions ['ros']
[1.057s] Level 1:colcon.colcon_core.package_identification:_identify(g1/scripts/navigation/obstacle_avoidance/safety) by extension 'ros'
[1.057s] Level 1:colcon.colcon_core.package_identification:_identify(g1/scripts/navigation/obstacle_avoidance/safety) by extensions ['cmake', 'python']
[1.057s] Level 1:colcon.colcon_core.package_identification:_identify(g1/scripts/navigation/obstacle_avoidance/safety) by extension 'cmake'
[1.057s] Level 1:colcon.colcon_core.package_identification:_identify(g1/scripts/navigation/obstacle_avoidance/safety) by extension 'python'
[1.057s] Level 1:colcon.colcon_core.package_identification:_identify(g1/scripts/navigation/obstacle_avoidance/safety) by extensions ['python_setup_py']
[1.057s] Level 1:colcon.colcon_core.package_identification:_identify(g1/scripts/navigation/obstacle_avoidance/safety) by extension 'python_setup_py'
[1.058s] Level 1:colcon.colcon_core.package_identification:_identify(g1/scripts/navigation/obstacle_avoidance/slam_sdk_example) by extensions ['ignore', 'ignore_ament_install']
[1.058s] Level 1:colcon.colcon_core.package_identification:_identify(g1/scripts/navigation/obstacle_avoidance/slam_sdk_example) by extension 'ignore'
[1.058s] Level 1:colcon.colcon_core.package_identification:_identify(g1/scripts/navigation/obstacle_avoidance/slam_sdk_example) by extension 'ignore_ament_install'
[1.058s] Level 1:colcon.colcon_core.package_identification:_identify(g1/scripts/navigation/obstacle_avoidance/slam_sdk_example) by extensions ['colcon_pkg']
[1.058s] Level 1:colcon.colcon_core.package_identification:_identify(g1/scripts/navigation/obstacle_avoidance/slam_sdk_example) by extension 'colcon_pkg'
[1.058s] Level 1:colcon.colcon_core.package_identification:_identify(g1/scripts/navigation/obstacle_avoidance/slam_sdk_example) by extensions ['colcon_meta']
[1.059s] Level 1:colcon.colcon_core.package_identification:_identify(g1/scripts/navigation/obstacle_avoidance/slam_sdk_example) by extension 'colcon_meta'
[1.059s] Level 1:colcon.colcon_core.package_identification:_identify(g1/scripts/navigation/obstacle_avoidance/slam_sdk_example) by extensions ['ros']
[1.059s] Level 1:colcon.colcon_core.package_identification:_identify(g1/scripts/navigation/obstacle_avoidance/slam_sdk_example) by extension 'ros'
[1.059s] Level 1:colcon.colcon_core.package_identification:_identify(g1/scripts/navigation/obstacle_avoidance/slam_sdk_example) by extensions ['cmake', 'python']
[1.059s] Level 1:colcon.colcon_core.package_identification:_identify(g1/scripts/navigation/obstacle_avoidance/slam_sdk_example) by extension 'cmake'
[1.059s] Level 1:colcon.colcon_core.package_identification:_identify(g1/scripts/navigation/obstacle_avoidance/slam_sdk_example) by extension 'python'
[1.059s] Level 1:colcon.colcon_core.package_identification:_identify(g1/scripts/navigation/obstacle_avoidance/slam_sdk_example) by extensions ['python_setup_py']
[1.059s] Level 1:colcon.colcon_core.package_identification:_identify(g1/scripts/navigation/obstacle_avoidance/slam_sdk_example) by extension 'python_setup_py'
[1.060s] Level 1:colcon.colcon_core.package_identification:_identify(g1/scripts/navigation/obstacle_avoidance/slam_sdk_example/example) by extensions ['ignore', 'ignore_ament_install']
[1.060s] Level 1:colcon.colcon_core.package_identification:_identify(g1/scripts/navigation/obstacle_avoidance/slam_sdk_example/example) by extension 'ignore'
[1.060s] Level 1:colcon.colcon_core.package_identification:_identify(g1/scripts/navigation/obstacle_avoidance/slam_sdk_example/example) by extension 'ignore_ament_install'
[1.060s] Level 1:colcon.colcon_core.package_identification:_identify(g1/scripts/navigation/obstacle_avoidance/slam_sdk_example/example) by extensions ['colcon_pkg']
[1.061s] Level 1:colcon.colcon_core.package_identification:_identify(g1/scripts/navigation/obstacle_avoidance/slam_sdk_example/example) by extension 'colcon_pkg'
[1.061s] Level 1:colcon.colcon_core.package_identification:_identify(g1/scripts/navigation/obstacle_avoidance/slam_sdk_example/example) by extensions ['colcon_meta']
[1.061s] Level 1:colcon.colcon_core.package_identification:_identify(g1/scripts/navigation/obstacle_avoidance/slam_sdk_example/example) by extension 'colcon_meta'
[1.061s] Level 1:colcon.colcon_core.package_identification:_identify(g1/scripts/navigation/obstacle_avoidance/slam_sdk_example/example) by extensions ['ros']
[1.061s] Level 1:colcon.colcon_core.package_identification:_identify(g1/scripts/navigation/obstacle_avoidance/slam_sdk_example/example) by extension 'ros'
[1.061s] Level 1:colcon.colcon_core.package_identification:_identify(g1/scripts/navigation/obstacle_avoidance/slam_sdk_example/example) by extensions ['cmake', 'python']
[1.061s] Level 1:colcon.colcon_core.package_identification:_identify(g1/scripts/navigation/obstacle_avoidance/slam_sdk_example/example) by extension 'cmake'
[1.064s] Level 1:colcon.colcon_core.package_identification:_identify(g1/scripts/navigation/obstacle_avoidance/slam_sdk_example/example) by extension 'python'
[1.064s] DEBUG:colcon.colcon_core.package_identification:Package 'g1/scripts/navigation/obstacle_avoidance/slam_sdk_example/example' with type 'cmake' and name 'slam_example'
[1.065s] Level 1:colcon.colcon_core.package_identification:_identify(g1/scripts/navigation/obstacle_avoidance/slam_sdk_example/rviz2) by extensions ['ignore', 'ignore_ament_install']
[1.065s] Level 1:colcon.colcon_core.package_identification:_identify(g1/scripts/navigation/obstacle_avoidance/slam_sdk_example/rviz2) by extension 'ignore'
[1.065s] Level 1:colcon.colcon_core.package_identification:_identify(g1/scripts/navigation/obstacle_avoidance/slam_sdk_example/rviz2) by extension 'ignore_ament_install'
[1.065s] Level 1:colcon.colcon_core.package_identification:_identify(g1/scripts/navigation/obstacle_avoidance/slam_sdk_example/rviz2) by extensions ['colcon_pkg']
[1.065s] Level 1:colcon.colcon_core.package_identification:_identify(g1/scripts/navigation/obstacle_avoidance/slam_sdk_example/rviz2) by extension 'colcon_pkg'
[1.065s] Level 1:colcon.colcon_core.package_identification:_identify(g1/scripts/navigation/obstacle_avoidance/slam_sdk_example/rviz2) by extensions ['colcon_meta']
[1.065s] Level 1:colcon.colcon_core.package_identification:_identify(g1/scripts/navigation/obstacle_avoidance/slam_sdk_example/rviz2) by extension 'colcon_meta'
[1.065s] Level 1:colcon.colcon_core.package_identification:_identify(g1/scripts/navigation/obstacle_avoidance/slam_sdk_example/rviz2) by extensions ['ros']
[1.065s] Level 1:colcon.colcon_core.package_identification:_identify(g1/scripts/navigation/obstacle_avoidance/slam_sdk_example/rviz2) by extension 'ros'
[1.065s] Level 1:colcon.colcon_core.package_identification:_identify(g1/scripts/navigation/obstacle_avoidance/slam_sdk_example/rviz2) by extensions ['cmake', 'python']
[1.065s] Level 1:colcon.colcon_core.package_identification:_identify(g1/scripts/navigation/obstacle_avoidance/slam_sdk_example/rviz2) by extension 'cmake'
[1.065s] Level 1:colcon.colcon_core.package_identification:_identify(g1/scripts/navigation/obstacle_avoidance/slam_sdk_example/rviz2) by extension 'python'
[1.065s] Level 1:colcon.colcon_core.package_identification:_identify(g1/scripts/navigation/obstacle_avoidance/slam_sdk_example/rviz2) by extensions ['python_setup_py']
[1.065s] Level 1:colcon.colcon_core.package_identification:_identify(g1/scripts/navigation/obstacle_avoidance/slam_sdk_example/rviz2) by extension 'python_setup_py'
[1.066s] Level 1:colcon.colcon_core.package_identification:_identify(g1/scripts/navigation/slam) by extensions ['ignore', 'ignore_ament_install']
[1.066s] Level 1:colcon.colcon_core.package_identification:_identify(g1/scripts/navigation/slam) by extension 'ignore'
[1.066s] Level 1:colcon.colcon_core.package_identification:_identify(g1/scripts/navigation/slam) by extension 'ignore_ament_install'
[1.066s] Level 1:colcon.colcon_core.package_identification:_identify(g1/scripts/navigation/slam) by extensions ['colcon_pkg']
[1.066s] Level 1:colcon.colcon_core.package_identification:_identify(g1/scripts/navigation/slam) by extension 'colcon_pkg'
[1.066s] Level 1:colcon.colcon_core.package_identification:_identify(g1/scripts/navigation/slam) by extensions ['colcon_meta']
[1.066s] Level 1:colcon.colcon_core.package_identification:_identify(g1/scripts/navigation/slam) by extension 'colcon_meta'
[1.066s] Level 1:colcon.colcon_core.package_identification:_identify(g1/scripts/navigation/slam) by extensions ['ros']
[1.066s] Level 1:colcon.colcon_core.package_identification:_identify(g1/scripts/navigation/slam) by extension 'ros'
[1.066s] Level 1:colcon.colcon_core.package_identification:_identify(g1/scripts/navigation/slam) by extensions ['cmake', 'python']
[1.066s] Level 1:colcon.colcon_core.package_identification:_identify(g1/scripts/navigation/slam) by extension 'cmake'
[1.066s] Level 1:colcon.colcon_core.package_identification:_identify(g1/scripts/navigation/slam) by extension 'python'
[1.066s] Level 1:colcon.colcon_core.package_identification:_identify(g1/scripts/navigation/slam) by extensions ['python_setup_py']
[1.066s] Level 1:colcon.colcon_core.package_identification:_identify(g1/scripts/navigation/slam) by extension 'python_setup_py'
[1.067s] Level 1:colcon.colcon_core.package_identification:_identify(g1/scripts/navigation/slam/logs) by extensions ['ignore', 'ignore_ament_install']
[1.067s] Level 1:colcon.colcon_core.package_identification:_identify(g1/scripts/navigation/slam/logs) by extension 'ignore'
[1.067s] Level 1:colcon.colcon_core.package_identification:_identify(g1/scripts/navigation/slam/logs) by extension 'ignore_ament_install'
[1.067s] Level 1:colcon.colcon_core.package_identification:_identify(g1/scripts/navigation/slam/logs) by extensions ['colcon_pkg']
[1.067s] Level 1:colcon.colcon_core.package_identification:_identify(g1/scripts/navigation/slam/logs) by extension 'colcon_pkg'
[1.067s] Level 1:colcon.colcon_core.package_identification:_identify(g1/scripts/navigation/slam/logs) by extensions ['colcon_meta']
[1.067s] Level 1:colcon.colcon_core.package_identification:_identify(g1/scripts/navigation/slam/logs) by extension 'colcon_meta'
[1.068s] Level 1:colcon.colcon_core.package_identification:_identify(g1/scripts/navigation/slam/logs) by extensions ['ros']
[1.068s] Level 1:colcon.colcon_core.package_identification:_identify(g1/scripts/navigation/slam/logs) by extension 'ros'
[1.068s] Level 1:colcon.colcon_core.package_identification:_identify(g1/scripts/navigation/slam/logs) by extensions ['cmake', 'python']
[1.068s] Level 1:colcon.colcon_core.package_identification:_identify(g1/scripts/navigation/slam/logs) by extension 'cmake'
[1.068s] Level 1:colcon.colcon_core.package_identification:_identify(g1/scripts/navigation/slam/logs) by extension 'python'
[1.068s] Level 1:colcon.colcon_core.package_identification:_identify(g1/scripts/navigation/slam/logs) by extensions ['python_setup_py']
[1.068s] Level 1:colcon.colcon_core.package_identification:_identify(g1/scripts/navigation/slam/logs) by extension 'python_setup_py'
[1.068s] Level 1:colcon.colcon_core.package_identification:_identify(g1/scripts/navigation/slam/maps) by extensions ['ignore', 'ignore_ament_install']
[1.069s] Level 1:colcon.colcon_core.package_identification:_identify(g1/scripts/navigation/slam/maps) by extension 'ignore'
[1.069s] Level 1:colcon.colcon_core.package_identification:_identify(g1/scripts/navigation/slam/maps) by extension 'ignore_ament_install'
[1.069s] Level 1:colcon.colcon_core.package_identification:_identify(g1/scripts/navigation/slam/maps) by extensions ['colcon_pkg']
[1.069s] Level 1:colcon.colcon_core.package_identification:_identify(g1/scripts/navigation/slam/maps) by extension 'colcon_pkg'
[1.069s] Level 1:colcon.colcon_core.package_identification:_identify(g1/scripts/navigation/slam/maps) by extensions ['colcon_meta']
[1.069s] Level 1:colcon.colcon_core.package_identification:_identify(g1/scripts/navigation/slam/maps) by extension 'colcon_meta'
[1.069s] Level 1:colcon.colcon_core.package_identification:_identify(g1/scripts/navigation/slam/maps) by extensions ['ros']
[1.069s] Level 1:colcon.colcon_core.package_identification:_identify(g1/scripts/navigation/slam/maps) by extension 'ros'
[1.069s] Level 1:colcon.colcon_core.package_identification:_identify(g1/scripts/navigation/slam/maps) by extensions ['cmake', 'python']
[1.069s] Level 1:colcon.colcon_core.package_identification:_identify(g1/scripts/navigation/slam/maps) by extension 'cmake'
[1.069s] Level 1:colcon.colcon_core.package_identification:_identify(g1/scripts/navigation/slam/maps) by extension 'python'
[1.069s] Level 1:colcon.colcon_core.package_identification:_identify(g1/scripts/navigation/slam/maps) by extensions ['python_setup_py']
[1.069s] Level 1:colcon.colcon_core.package_identification:_identify(g1/scripts/navigation/slam/maps) by extension 'python_setup_py'
[1.070s] Level 1:colcon.colcon_core.package_identification:_identify(g1/scripts/obj_detection) by extensions ['ignore', 'ignore_ament_install']
[1.070s] Level 1:colcon.colcon_core.package_identification:_identify(g1/scripts/obj_detection) by extension 'ignore'
[1.070s] Level 1:colcon.colcon_core.package_identification:_identify(g1/scripts/obj_detection) by extension 'ignore_ament_install'
[1.070s] Level 1:colcon.colcon_core.package_identification:_identify(g1/scripts/obj_detection) by extensions ['colcon_pkg']
[1.070s] Level 1:colcon.colcon_core.package_identification:_identify(g1/scripts/obj_detection) by extension 'colcon_pkg'
[1.070s] Level 1:colcon.colcon_core.package_identification:_identify(g1/scripts/obj_detection) by extensions ['colcon_meta']
[1.070s] Level 1:colcon.colcon_core.package_identification:_identify(g1/scripts/obj_detection) by extension 'colcon_meta'
[1.070s] Level 1:colcon.colcon_core.package_identification:_identify(g1/scripts/obj_detection) by extensions ['ros']
[1.070s] Level 1:colcon.colcon_core.package_identification:_identify(g1/scripts/obj_detection) by extension 'ros'
[1.070s] Level 1:colcon.colcon_core.package_identification:_identify(g1/scripts/obj_detection) by extensions ['cmake', 'python']
[1.070s] Level 1:colcon.colcon_core.package_identification:_identify(g1/scripts/obj_detection) by extension 'cmake'
[1.070s] Level 1:colcon.colcon_core.package_identification:_identify(g1/scripts/obj_detection) by extension 'python'
[1.070s] Level 1:colcon.colcon_core.package_identification:_identify(g1/scripts/obj_detection) by extensions ['python_setup_py']
[1.070s] Level 1:colcon.colcon_core.package_identification:_identify(g1/scripts/obj_detection) by extension 'python_setup_py'
[1.071s] Level 1:colcon.colcon_core.package_identification:_identify(g1/scripts/sensors) by extensions ['ignore', 'ignore_ament_install']
[1.071s] Level 1:colcon.colcon_core.package_identification:_identify(g1/scripts/sensors) by extension 'ignore'
[1.071s] Level 1:colcon.colcon_core.package_identification:_identify(g1/scripts/sensors) by extension 'ignore_ament_install'
[1.071s] Level 1:colcon.colcon_core.package_identification:_identify(g1/scripts/sensors) by extensions ['colcon_pkg']
[1.071s] Level 1:colcon.colcon_core.package_identification:_identify(g1/scripts/sensors) by extension 'colcon_pkg'
[1.071s] Level 1:colcon.colcon_core.package_identification:_identify(g1/scripts/sensors) by extensions ['colcon_meta']
[1.071s] Level 1:colcon.colcon_core.package_identification:_identify(g1/scripts/sensors) by extension 'colcon_meta'
[1.071s] Level 1:colcon.colcon_core.package_identification:_identify(g1/scripts/sensors) by extensions ['ros']
[1.071s] Level 1:colcon.colcon_core.package_identification:_identify(g1/scripts/sensors) by extension 'ros'
[1.071s] Level 1:colcon.colcon_core.package_identification:_identify(g1/scripts/sensors) by extensions ['cmake', 'python']
[1.071s] Level 1:colcon.colcon_core.package_identification:_identify(g1/scripts/sensors) by extension 'cmake'
[1.072s] Level 1:colcon.colcon_core.package_identification:_identify(g1/scripts/sensors) by extension 'python'
[1.072s] Level 1:colcon.colcon_core.package_identification:_identify(g1/scripts/sensors) by extensions ['python_setup_py']
[1.072s] Level 1:colcon.colcon_core.package_identification:_identify(g1/scripts/sensors) by extension 'python_setup_py'
[1.072s] Level 1:colcon.colcon_core.package_identification:_identify(g1/scripts/sensors/manual_streaming) by extensions ['ignore', 'ignore_ament_install']
[1.072s] Level 1:colcon.colcon_core.package_identification:_identify(g1/scripts/sensors/manual_streaming) by extension 'ignore'
[1.072s] Level 1:colcon.colcon_core.package_identification:_identify(g1/scripts/sensors/manual_streaming) by extension 'ignore_ament_install'
[1.073s] Level 1:colcon.colcon_core.package_identification:_identify(g1/scripts/sensors/manual_streaming) by extensions ['colcon_pkg']
[1.073s] Level 1:colcon.colcon_core.package_identification:_identify(g1/scripts/sensors/manual_streaming) by extension 'colcon_pkg'
[1.073s] Level 1:colcon.colcon_core.package_identification:_identify(g1/scripts/sensors/manual_streaming) by extensions ['colcon_meta']
[1.073s] Level 1:colcon.colcon_core.package_identification:_identify(g1/scripts/sensors/manual_streaming) by extension 'colcon_meta'
[1.073s] Level 1:colcon.colcon_core.package_identification:_identify(g1/scripts/sensors/manual_streaming) by extensions ['ros']
[1.073s] Level 1:colcon.colcon_core.package_identification:_identify(g1/scripts/sensors/manual_streaming) by extension 'ros'
[1.073s] Level 1:colcon.colcon_core.package_identification:_identify(g1/scripts/sensors/manual_streaming) by extensions ['cmake', 'python']
[1.073s] Level 1:colcon.colcon_core.package_identification:_identify(g1/scripts/sensors/manual_streaming) by extension 'cmake'
[1.074s] Level 1:colcon.colcon_core.package_identification:_identify(g1/scripts/sensors/manual_streaming) by extension 'python'
[1.074s] DEBUG:colcon.colcon_core.package_identification:Package 'g1/scripts/sensors/manual_streaming' with type 'cmake' and name 'tx_lidar'
[1.075s] Level 1:colcon.colcon_core.package_identification:_identify(g1/scripts/troubleshooting) by extensions ['ignore', 'ignore_ament_install']
[1.075s] Level 1:colcon.colcon_core.package_identification:_identify(g1/scripts/troubleshooting) by extension 'ignore'
[1.075s] Level 1:colcon.colcon_core.package_identification:_identify(g1/scripts/troubleshooting) by extension 'ignore_ament_install'
[1.075s] Level 1:colcon.colcon_core.package_identification:_identify(g1/scripts/troubleshooting) by extensions ['colcon_pkg']
[1.075s] Level 1:colcon.colcon_core.package_identification:_identify(g1/scripts/troubleshooting) by extension 'colcon_pkg'
[1.075s] Level 1:colcon.colcon_core.package_identification:_identify(g1/scripts/troubleshooting) by extensions ['colcon_meta']
[1.075s] Level 1:colcon.colcon_core.package_identification:_identify(g1/scripts/troubleshooting) by extension 'colcon_meta'
[1.075s] Level 1:colcon.colcon_core.package_identification:_identify(g1/scripts/troubleshooting) by extensions ['ros']
[1.075s] Level 1:colcon.colcon_core.package_identification:_identify(g1/scripts/troubleshooting) by extension 'ros'
[1.075s] Level 1:colcon.colcon_core.package_identification:_identify(g1/scripts/troubleshooting) by extensions ['cmake', 'python']
[1.075s] Level 1:colcon.colcon_core.package_identification:_identify(g1/scripts/troubleshooting) by extension 'cmake'
[1.076s] Level 1:colcon.colcon_core.package_identification:_identify(g1/scripts/troubleshooting) by extension 'python'
[1.076s] Level 1:colcon.colcon_core.package_identification:_identify(g1/scripts/troubleshooting) by extensions ['python_setup_py']
[1.076s] Level 1:colcon.colcon_core.package_identification:_identify(g1/scripts/troubleshooting) by extension 'python_setup_py'
[1.076s] Level 1:colcon.colcon_core.package_identification:_identify(g1/scripts/unifolm-vla_g1-main) by extensions ['ignore', 'ignore_ament_install']
[1.077s] Level 1:colcon.colcon_core.package_identification:_identify(g1/scripts/unifolm-vla_g1-main) by extension 'ignore'
[1.077s] Level 1:colcon.colcon_core.package_identification:_identify(g1/scripts/unifolm-vla_g1-main) by extension 'ignore_ament_install'
[1.077s] Level 1:colcon.colcon_core.package_identification:_identify(g1/scripts/unifolm-vla_g1-main) by extensions ['colcon_pkg']
[1.077s] Level 1:colcon.colcon_core.package_identification:_identify(g1/scripts/unifolm-vla_g1-main) by extension 'colcon_pkg'
[1.077s] Level 1:colcon.colcon_core.package_identification:_identify(g1/scripts/unifolm-vla_g1-main) by extensions ['colcon_meta']
[1.077s] Level 1:colcon.colcon_core.package_identification:_identify(g1/scripts/unifolm-vla_g1-main) by extension 'colcon_meta'
[1.077s] Level 1:colcon.colcon_core.package_identification:_identify(g1/scripts/unifolm-vla_g1-main) by extensions ['ros']
[1.077s] Level 1:colcon.colcon_core.package_identification:_identify(g1/scripts/unifolm-vla_g1-main) by extension 'ros'
[1.077s] Level 1:colcon.colcon_core.package_identification:_identify(g1/scripts/unifolm-vla_g1-main) by extensions ['cmake', 'python']
[1.077s] Level 1:colcon.colcon_core.package_identification:_identify(g1/scripts/unifolm-vla_g1-main) by extension 'cmake'
[1.077s] Level 1:colcon.colcon_core.package_identification:_identify(g1/scripts/unifolm-vla_g1-main) by extension 'python'
[1.077s] Level 1:colcon.colcon_core.package_identification:_identify(g1/scripts/unifolm-vla_g1-main) by extensions ['python_setup_py']
[1.077s] Level 1:colcon.colcon_core.package_identification:_identify(g1/scripts/unifolm-vla_g1-main) by extension 'python_setup_py'
[1.078s] Level 1:colcon.colcon_core.package_identification:_identify(g1/scripts/unifolm-vla_g1-main/assets) by extensions ['ignore', 'ignore_ament_install']
[1.078s] Level 1:colcon.colcon_core.package_identification:_identify(g1/scripts/unifolm-vla_g1-main/assets) by extension 'ignore'
[1.078s] Level 1:colcon.colcon_core.package_identification:_identify(g1/scripts/unifolm-vla_g1-main/assets) by extension 'ignore_ament_install'
[1.078s] Level 1:colcon.colcon_core.package_identification:_identify(g1/scripts/unifolm-vla_g1-main/assets) by extensions ['colcon_pkg']
[1.078s] Level 1:colcon.colcon_core.package_identification:_identify(g1/scripts/unifolm-vla_g1-main/assets) by extension 'colcon_pkg'
[1.079s] Level 1:colcon.colcon_core.package_identification:_identify(g1/scripts/unifolm-vla_g1-main/assets) by extensions ['colcon_meta']
[1.079s] Level 1:colcon.colcon_core.package_identification:_identify(g1/scripts/unifolm-vla_g1-main/assets) by extension 'colcon_meta'
[1.079s] Level 1:colcon.colcon_core.package_identification:_identify(g1/scripts/unifolm-vla_g1-main/assets) by extensions ['ros']
[1.079s] Level 1:colcon.colcon_core.package_identification:_identify(g1/scripts/unifolm-vla_g1-main/assets) by extension 'ros'
[1.079s] Level 1:colcon.colcon_core.package_identification:_identify(g1/scripts/unifolm-vla_g1-main/assets) by extensions ['cmake', 'python']
[1.079s] Level 1:colcon.colcon_core.package_identification:_identify(g1/scripts/unifolm-vla_g1-main/assets) by extension 'cmake'
[1.079s] Level 1:colcon.colcon_core.package_identification:_identify(g1/scripts/unifolm-vla_g1-main/assets) by extension 'python'
[1.079s] Level 1:colcon.colcon_core.package_identification:_identify(g1/scripts/unifolm-vla_g1-main/assets) by extensions ['python_setup_py']
[1.079s] Level 1:colcon.colcon_core.package_identification:_identify(g1/scripts/unifolm-vla_g1-main/assets) by extension 'python_setup_py'
[1.080s] Level 1:colcon.colcon_core.package_identification:_identify(g1/scripts/unifolm-vla_g1-main/assets/gif) by extensions ['ignore', 'ignore_ament_install']
[1.080s] Level 1:colcon.colcon_core.package_identification:_identify(g1/scripts/unifolm-vla_g1-main/assets/gif) by extension 'ignore'
[1.080s] Level 1:colcon.colcon_core.package_identification:_identify(g1/scripts/unifolm-vla_g1-main/assets/gif) by extension 'ignore_ament_install'
[1.080s] Level 1:colcon.colcon_core.package_identification:_identify(g1/scripts/unifolm-vla_g1-main/assets/gif) by extensions ['colcon_pkg']
[1.080s] Level 1:colcon.colcon_core.package_identification:_identify(g1/scripts/unifolm-vla_g1-main/assets/gif) by extension 'colcon_pkg'
[1.080s] Level 1:colcon.colcon_core.package_identification:_identify(g1/scripts/unifolm-vla_g1-main/assets/gif) by extensions ['colcon_meta']
[1.080s] Level 1:colcon.colcon_core.package_identification:_identify(g1/scripts/unifolm-vla_g1-main/assets/gif) by extension 'colcon_meta'
[1.080s] Level 1:colcon.colcon_core.package_identification:_identify(g1/scripts/unifolm-vla_g1-main/assets/gif) by extensions ['ros']
[1.080s] Level 1:colcon.colcon_core.package_identification:_identify(g1/scripts/unifolm-vla_g1-main/assets/gif) by extension 'ros'
[1.080s] Level 1:colcon.colcon_core.package_identification:_identify(g1/scripts/unifolm-vla_g1-main/assets/gif) by extensions ['cmake', 'python']
[1.080s] Level 1:colcon.colcon_core.package_identification:_identify(g1/scripts/unifolm-vla_g1-main/assets/gif) by extension 'cmake'
[1.080s] Level 1:colcon.colcon_core.package_identification:_identify(g1/scripts/unifolm-vla_g1-main/assets/gif) by extension 'python'
[1.081s] Level 1:colcon.colcon_core.package_identification:_identify(g1/scripts/unifolm-vla_g1-main/assets/gif) by extensions ['python_setup_py']
[1.081s] Level 1:colcon.colcon_core.package_identification:_identify(g1/scripts/unifolm-vla_g1-main/assets/gif) by extension 'python_setup_py'
[1.082s] Level 1:colcon.colcon_core.package_identification:_identify(g1/scripts/unifolm-vla_g1-main/deployment) by extensions ['ignore', 'ignore_ament_install']
[1.082s] Level 1:colcon.colcon_core.package_identification:_identify(g1/scripts/unifolm-vla_g1-main/deployment) by extension 'ignore'
[1.082s] Level 1:colcon.colcon_core.package_identification:_identify(g1/scripts/unifolm-vla_g1-main/deployment) by extension 'ignore_ament_install'
[1.082s] Level 1:colcon.colcon_core.package_identification:_identify(g1/scripts/unifolm-vla_g1-main/deployment) by extensions ['colcon_pkg']
[1.082s] Level 1:colcon.colcon_core.package_identification:_identify(g1/scripts/unifolm-vla_g1-main/deployment) by extension 'colcon_pkg'
[1.082s] Level 1:colcon.colcon_core.package_identification:_identify(g1/scripts/unifolm-vla_g1-main/deployment) by extensions ['colcon_meta']
[1.082s] Level 1:colcon.colcon_core.package_identification:_identify(g1/scripts/unifolm-vla_g1-main/deployment) by extension 'colcon_meta'
[1.082s] Level 1:colcon.colcon_core.package_identification:_identify(g1/scripts/unifolm-vla_g1-main/deployment) by extensions ['ros']
[1.082s] Level 1:colcon.colcon_core.package_identification:_identify(g1/scripts/unifolm-vla_g1-main/deployment) by extension 'ros'
[1.082s] Level 1:colcon.colcon_core.package_identification:_identify(g1/scripts/unifolm-vla_g1-main/deployment) by extensions ['cmake', 'python']
[1.083s] Level 1:colcon.colcon_core.package_identification:_identify(g1/scripts/unifolm-vla_g1-main/deployment) by extension 'cmake'
[1.083s] Level 1:colcon.colcon_core.package_identification:_identify(g1/scripts/unifolm-vla_g1-main/deployment) by extension 'python'
[1.083s] Level 1:colcon.colcon_core.package_identification:_identify(g1/scripts/unifolm-vla_g1-main/deployment) by extensions ['python_setup_py']
[1.083s] Level 1:colcon.colcon_core.package_identification:_identify(g1/scripts/unifolm-vla_g1-main/deployment) by extension 'python_setup_py'
[1.083s] Level 1:colcon.colcon_core.package_identification:_identify(g1/scripts/unifolm-vla_g1-main/deployment/model_server) by extensions ['ignore', 'ignore_ament_install']
[1.084s] Level 1:colcon.colcon_core.package_identification:_identify(g1/scripts/unifolm-vla_g1-main/deployment/model_server) by extension 'ignore'
[1.084s] Level 1:colcon.colcon_core.package_identification:_identify(g1/scripts/unifolm-vla_g1-main/deployment/model_server) by extension 'ignore_ament_install'
[1.084s] Level 1:colcon.colcon_core.package_identification:_identify(g1/scripts/unifolm-vla_g1-main/deployment/model_server) by extensions ['colcon_pkg']
[1.084s] Level 1:colcon.colcon_core.package_identification:_identify(g1/scripts/unifolm-vla_g1-main/deployment/model_server) by extension 'colcon_pkg'
[1.084s] Level 1:colcon.colcon_core.package_identification:_identify(g1/scripts/unifolm-vla_g1-main/deployment/model_server) by extensions ['colcon_meta']
[1.084s] Level 1:colcon.colcon_core.package_identification:_identify(g1/scripts/unifolm-vla_g1-main/deployment/model_server) by extension 'colcon_meta'
[1.084s] Level 1:colcon.colcon_core.package_identification:_identify(g1/scripts/unifolm-vla_g1-main/deployment/model_server) by extensions ['ros']
[1.084s] Level 1:colcon.colcon_core.package_identification:_identify(g1/scripts/unifolm-vla_g1-main/deployment/model_server) by extension 'ros'
[1.084s] Level 1:colcon.colcon_core.package_identification:_identify(g1/scripts/unifolm-vla_g1-main/deployment/model_server) by extensions ['cmake', 'python']
[1.084s] Level 1:colcon.colcon_core.package_identification:_identify(g1/scripts/unifolm-vla_g1-main/deployment/model_server) by extension 'cmake'
[1.084s] Level 1:colcon.colcon_core.package_identification:_identify(g1/scripts/unifolm-vla_g1-main/deployment/model_server) by extension 'python'
[1.084s] Level 1:colcon.colcon_core.package_identification:_identify(g1/scripts/unifolm-vla_g1-main/deployment/model_server) by extensions ['python_setup_py']
[1.084s] Level 1:colcon.colcon_core.package_identification:_identify(g1/scripts/unifolm-vla_g1-main/deployment/model_server) by extension 'python_setup_py'
[1.085s] Level 1:colcon.colcon_core.package_identification:_identify(g1/scripts/unifolm-vla_g1-main/experiments) by extensions ['ignore', 'ignore_ament_install']
[1.085s] Level 1:colcon.colcon_core.package_identification:_identify(g1/scripts/unifolm-vla_g1-main/experiments) by extension 'ignore'
[1.085s] Level 1:colcon.colcon_core.package_identification:_identify(g1/scripts/unifolm-vla_g1-main/experiments) by extension 'ignore_ament_install'
[1.085s] Level 1:colcon.colcon_core.package_identification:_identify(g1/scripts/unifolm-vla_g1-main/experiments) by extensions ['colcon_pkg']
[1.085s] Level 1:colcon.colcon_core.package_identification:_identify(g1/scripts/unifolm-vla_g1-main/experiments) by extension 'colcon_pkg'
[1.085s] Level 1:colcon.colcon_core.package_identification:_identify(g1/scripts/unifolm-vla_g1-main/experiments) by extensions ['colcon_meta']
[1.085s] Level 1:colcon.colcon_core.package_identification:_identify(g1/scripts/unifolm-vla_g1-main/experiments) by extension 'colcon_meta'
[1.085s] Level 1:colcon.colcon_core.package_identification:_identify(g1/scripts/unifolm-vla_g1-main/experiments) by extensions ['ros']
[1.085s] Level 1:colcon.colcon_core.package_identification:_identify(g1/scripts/unifolm-vla_g1-main/experiments) by extension 'ros'
[1.085s] Level 1:colcon.colcon_core.package_identification:_identify(g1/scripts/unifolm-vla_g1-main/experiments) by extensions ['cmake', 'python']
[1.085s] Level 1:colcon.colcon_core.package_identification:_identify(g1/scripts/unifolm-vla_g1-main/experiments) by extension 'cmake'
[1.085s] Level 1:colcon.colcon_core.package_identification:_identify(g1/scripts/unifolm-vla_g1-main/experiments) by extension 'python'
[1.085s] Level 1:colcon.colcon_core.package_identification:_identify(g1/scripts/unifolm-vla_g1-main/experiments) by extensions ['python_setup_py']
[1.085s] Level 1:colcon.colcon_core.package_identification:_identify(g1/scripts/unifolm-vla_g1-main/experiments) by extension 'python_setup_py'
[1.086s] Level 1:colcon.colcon_core.package_identification:_identify(g1/scripts/unifolm-vla_g1-main/experiments/LIBERO) by extensions ['ignore', 'ignore_ament_install']
[1.086s] Level 1:colcon.colcon_core.package_identification:_identify(g1/scripts/unifolm-vla_g1-main/experiments/LIBERO) by extension 'ignore'
[1.086s] Level 1:colcon.colcon_core.package_identification:_identify(g1/scripts/unifolm-vla_g1-main/experiments/LIBERO) by extension 'ignore_ament_install'
[1.086s] Level 1:colcon.colcon_core.package_identification:_identify(g1/scripts/unifolm-vla_g1-main/experiments/LIBERO) by extensions ['colcon_pkg']
[1.086s] Level 1:colcon.colcon_core.package_identification:_identify(g1/scripts/unifolm-vla_g1-main/experiments/LIBERO) by extension 'colcon_pkg'
[1.086s] Level 1:colcon.colcon_core.package_identification:_identify(g1/scripts/unifolm-vla_g1-main/experiments/LIBERO) by extensions ['colcon_meta']
[1.087s] Level 1:colcon.colcon_core.package_identification:_identify(g1/scripts/unifolm-vla_g1-main/experiments/LIBERO) by extension 'colcon_meta'
[1.087s] Level 1:colcon.colcon_core.package_identification:_identify(g1/scripts/unifolm-vla_g1-main/experiments/LIBERO) by extensions ['ros']
[1.087s] Level 1:colcon.colcon_core.package_identification:_identify(g1/scripts/unifolm-vla_g1-main/experiments/LIBERO) by extension 'ros'
[1.087s] Level 1:colcon.colcon_core.package_identification:_identify(g1/scripts/unifolm-vla_g1-main/experiments/LIBERO) by extensions ['cmake', 'python']
[1.087s] Level 1:colcon.colcon_core.package_identification:_identify(g1/scripts/unifolm-vla_g1-main/experiments/LIBERO) by extension 'cmake'
[1.087s] Level 1:colcon.colcon_core.package_identification:_identify(g1/scripts/unifolm-vla_g1-main/experiments/LIBERO) by extension 'python'
[1.087s] Level 1:colcon.colcon_core.package_identification:_identify(g1/scripts/unifolm-vla_g1-main/experiments/LIBERO) by extensions ['python_setup_py']
[1.087s] Level 1:colcon.colcon_core.package_identification:_identify(g1/scripts/unifolm-vla_g1-main/experiments/LIBERO) by extension 'python_setup_py'
[1.088s] Level 1:colcon.colcon_core.package_identification:_identify(g1/scripts/unifolm-vla_g1-main/experiments/logs) by extensions ['ignore', 'ignore_ament_install']
[1.088s] Level 1:colcon.colcon_core.package_identification:_identify(g1/scripts/unifolm-vla_g1-main/experiments/logs) by extension 'ignore'
[1.088s] Level 1:colcon.colcon_core.package_identification:_identify(g1/scripts/unifolm-vla_g1-main/experiments/logs) by extension 'ignore_ament_install'
[1.088s] Level 1:colcon.colcon_core.package_identification:_identify(g1/scripts/unifolm-vla_g1-main/experiments/logs) by extensions ['colcon_pkg']
[1.088s] Level 1:colcon.colcon_core.package_identification:_identify(g1/scripts/unifolm-vla_g1-main/experiments/logs) by extension 'colcon_pkg'
[1.088s] Level 1:colcon.colcon_core.package_identification:_identify(g1/scripts/unifolm-vla_g1-main/experiments/logs) by extensions ['colcon_meta']
[1.088s] Level 1:colcon.colcon_core.package_identification:_identify(g1/scripts/unifolm-vla_g1-main/experiments/logs) by extension 'colcon_meta'
[1.088s] Level 1:colcon.colcon_core.package_identification:_identify(g1/scripts/unifolm-vla_g1-main/experiments/logs) by extensions ['ros']
[1.088s] Level 1:colcon.colcon_core.package_identification:_identify(g1/scripts/unifolm-vla_g1-main/experiments/logs) by extension 'ros'
[1.088s] Level 1:colcon.colcon_core.package_identification:_identify(g1/scripts/unifolm-vla_g1-main/experiments/logs) by extensions ['cmake', 'python']
[1.088s] Level 1:colcon.colcon_core.package_identification:_identify(g1/scripts/unifolm-vla_g1-main/experiments/logs) by extension 'cmake'
[1.088s] Level 1:colcon.colcon_core.package_identification:_identify(g1/scripts/unifolm-vla_g1-main/experiments/logs) by extension 'python'
[1.088s] Level 1:colcon.colcon_core.package_identification:_identify(g1/scripts/unifolm-vla_g1-main/experiments/logs) by extensions ['python_setup_py']
[1.088s] Level 1:colcon.colcon_core.package_identification:_identify(g1/scripts/unifolm-vla_g1-main/experiments/logs) by extension 'python_setup_py'
[1.089s] Level 1:colcon.colcon_core.package_identification:_identify(g1/scripts/unifolm-vla_g1-main/prepare_data) by extensions ['ignore', 'ignore_ament_install']
[1.089s] Level 1:colcon.colcon_core.package_identification:_identify(g1/scripts/unifolm-vla_g1-main/prepare_data) by extension 'ignore'
[1.089s] Level 1:colcon.colcon_core.package_identification:_identify(g1/scripts/unifolm-vla_g1-main/prepare_data) by extension 'ignore_ament_install'
[1.089s] Level 1:colcon.colcon_core.package_identification:_identify(g1/scripts/unifolm-vla_g1-main/prepare_data) by extensions ['colcon_pkg']
[1.089s] Level 1:colcon.colcon_core.package_identification:_identify(g1/scripts/unifolm-vla_g1-main/prepare_data) by extension 'colcon_pkg'
[1.089s] Level 1:colcon.colcon_core.package_identification:_identify(g1/scripts/unifolm-vla_g1-main/prepare_data) by extensions ['colcon_meta']
[1.089s] Level 1:colcon.colcon_core.package_identification:_identify(g1/scripts/unifolm-vla_g1-main/prepare_data) by extension 'colcon_meta'
[1.089s] Level 1:colcon.colcon_core.package_identification:_identify(g1/scripts/unifolm-vla_g1-main/prepare_data) by extensions ['ros']
[1.089s] Level 1:colcon.colcon_core.package_identification:_identify(g1/scripts/unifolm-vla_g1-main/prepare_data) by extension 'ros'
[1.090s] Level 1:colcon.colcon_core.package_identification:_identify(g1/scripts/unifolm-vla_g1-main/prepare_data) by extensions ['cmake', 'python']
[1.090s] Level 1:colcon.colcon_core.package_identification:_identify(g1/scripts/unifolm-vla_g1-main/prepare_data) by extension 'cmake'
[1.090s] Level 1:colcon.colcon_core.package_identification:_identify(g1/scripts/unifolm-vla_g1-main/prepare_data) by extension 'python'
[1.090s] Level 1:colcon.colcon_core.package_identification:_identify(g1/scripts/unifolm-vla_g1-main/prepare_data) by extensions ['python_setup_py']
[1.090s] Level 1:colcon.colcon_core.package_identification:_identify(g1/scripts/unifolm-vla_g1-main/prepare_data) by extension 'python_setup_py'
[1.090s] Level 1:colcon.colcon_core.package_identification:_identify(g1/scripts/unifolm-vla_g1-main/prepare_data/hdf5_to_rlds) by extensions ['ignore', 'ignore_ament_install']
[1.091s] Level 1:colcon.colcon_core.package_identification:_identify(g1/scripts/unifolm-vla_g1-main/prepare_data/hdf5_to_rlds) by extension 'ignore'
[1.091s] Level 1:colcon.colcon_core.package_identification:_identify(g1/scripts/unifolm-vla_g1-main/prepare_data/hdf5_to_rlds) by extension 'ignore_ament_install'
[1.091s] Level 1:colcon.colcon_core.package_identification:_identify(g1/scripts/unifolm-vla_g1-main/prepare_data/hdf5_to_rlds) by extensions ['colcon_pkg']
[1.091s] Level 1:colcon.colcon_core.package_identification:_identify(g1/scripts/unifolm-vla_g1-main/prepare_data/hdf5_to_rlds) by extension 'colcon_pkg'
[1.091s] Level 1:colcon.colcon_core.package_identification:_identify(g1/scripts/unifolm-vla_g1-main/prepare_data/hdf5_to_rlds) by extensions ['colcon_meta']
[1.091s] Level 1:colcon.colcon_core.package_identification:_identify(g1/scripts/unifolm-vla_g1-main/prepare_data/hdf5_to_rlds) by extension 'colcon_meta'
[1.091s] Level 1:colcon.colcon_core.package_identification:_identify(g1/scripts/unifolm-vla_g1-main/prepare_data/hdf5_to_rlds) by extensions ['ros']
[1.091s] Level 1:colcon.colcon_core.package_identification:_identify(g1/scripts/unifolm-vla_g1-main/prepare_data/hdf5_to_rlds) by extension 'ros'
[1.091s] Level 1:colcon.colcon_core.package_identification:_identify(g1/scripts/unifolm-vla_g1-main/prepare_data/hdf5_to_rlds) by extensions ['cmake', 'python']
[1.091s] Level 1:colcon.colcon_core.package_identification:_identify(g1/scripts/unifolm-vla_g1-main/prepare_data/hdf5_to_rlds) by extension 'cmake'
[1.091s] Level 1:colcon.colcon_core.package_identification:_identify(g1/scripts/unifolm-vla_g1-main/prepare_data/hdf5_to_rlds) by extension 'python'
[1.091s] Level 1:colcon.colcon_core.package_identification:_identify(g1/scripts/unifolm-vla_g1-main/prepare_data/hdf5_to_rlds) by extensions ['python_setup_py']
[1.091s] Level 1:colcon.colcon_core.package_identification:_identify(g1/scripts/unifolm-vla_g1-main/prepare_data/hdf5_to_rlds) by extension 'python_setup_py'
[1.092s] Level 1:colcon.colcon_core.package_identification:_identify(g1/scripts/unifolm-vla_g1-main/prepare_data/hdf5_to_rlds/rlds_dataset) by extensions ['ignore', 'ignore_ament_install']
[1.092s] Level 1:colcon.colcon_core.package_identification:_identify(g1/scripts/unifolm-vla_g1-main/prepare_data/hdf5_to_rlds/rlds_dataset) by extension 'ignore'
[1.092s] Level 1:colcon.colcon_core.package_identification:_identify(g1/scripts/unifolm-vla_g1-main/prepare_data/hdf5_to_rlds/rlds_dataset) by extension 'ignore_ament_install'
[1.092s] Level 1:colcon.colcon_core.package_identification:_identify(g1/scripts/unifolm-vla_g1-main/prepare_data/hdf5_to_rlds/rlds_dataset) by extensions ['colcon_pkg']
[1.092s] Level 1:colcon.colcon_core.package_identification:_identify(g1/scripts/unifolm-vla_g1-main/prepare_data/hdf5_to_rlds/rlds_dataset) by extension 'colcon_pkg'
[1.092s] Level 1:colcon.colcon_core.package_identification:_identify(g1/scripts/unifolm-vla_g1-main/prepare_data/hdf5_to_rlds/rlds_dataset) by extensions ['colcon_meta']
[1.093s] Level 1:colcon.colcon_core.package_identification:_identify(g1/scripts/unifolm-vla_g1-main/prepare_data/hdf5_to_rlds/rlds_dataset) by extension 'colcon_meta'
[1.093s] Level 1:colcon.colcon_core.package_identification:_identify(g1/scripts/unifolm-vla_g1-main/prepare_data/hdf5_to_rlds/rlds_dataset) by extensions ['ros']
[1.093s] Level 1:colcon.colcon_core.package_identification:_identify(g1/scripts/unifolm-vla_g1-main/prepare_data/hdf5_to_rlds/rlds_dataset) by extension 'ros'
[1.093s] Level 1:colcon.colcon_core.package_identification:_identify(g1/scripts/unifolm-vla_g1-main/prepare_data/hdf5_to_rlds/rlds_dataset) by extensions ['cmake', 'python']
[1.093s] Level 1:colcon.colcon_core.package_identification:_identify(g1/scripts/unifolm-vla_g1-main/prepare_data/hdf5_to_rlds/rlds_dataset) by extension 'cmake'
[1.093s] Level 1:colcon.colcon_core.package_identification:_identify(g1/scripts/unifolm-vla_g1-main/prepare_data/hdf5_to_rlds/rlds_dataset) by extension 'python'
[1.093s] Level 1:colcon.colcon_core.package_identification:_identify(g1/scripts/unifolm-vla_g1-main/prepare_data/hdf5_to_rlds/rlds_dataset) by extensions ['python_setup_py']
[1.093s] Level 1:colcon.colcon_core.package_identification:_identify(g1/scripts/unifolm-vla_g1-main/prepare_data/hdf5_to_rlds/rlds_dataset) by extension 'python_setup_py'
[1.094s] Level 1:colcon.colcon_core.package_identification:_identify(g1/scripts/unifolm-vla_g1-main/scripts) by extensions ['ignore', 'ignore_ament_install']
[1.094s] Level 1:colcon.colcon_core.package_identification:_identify(g1/scripts/unifolm-vla_g1-main/scripts) by extension 'ignore'
[1.094s] Level 1:colcon.colcon_core.package_identification:_identify(g1/scripts/unifolm-vla_g1-main/scripts) by extension 'ignore_ament_install'
[1.094s] Level 1:colcon.colcon_core.package_identification:_identify(g1/scripts/unifolm-vla_g1-main/scripts) by extensions ['colcon_pkg']
[1.094s] Level 1:colcon.colcon_core.package_identification:_identify(g1/scripts/unifolm-vla_g1-main/scripts) by extension 'colcon_pkg'
[1.094s] Level 1:colcon.colcon_core.package_identification:_identify(g1/scripts/unifolm-vla_g1-main/scripts) by extensions ['colcon_meta']
[1.094s] Level 1:colcon.colcon_core.package_identification:_identify(g1/scripts/unifolm-vla_g1-main/scripts) by extension 'colcon_meta'
[1.094s] Level 1:colcon.colcon_core.package_identification:_identify(g1/scripts/unifolm-vla_g1-main/scripts) by extensions ['ros']
[1.094s] Level 1:colcon.colcon_core.package_identification:_identify(g1/scripts/unifolm-vla_g1-main/scripts) by extension 'ros'
[1.094s] Level 1:colcon.colcon_core.package_identification:_identify(g1/scripts/unifolm-vla_g1-main/scripts) by extensions ['cmake', 'python']
[1.094s] Level 1:colcon.colcon_core.package_identification:_identify(g1/scripts/unifolm-vla_g1-main/scripts) by extension 'cmake'
[1.094s] Level 1:colcon.colcon_core.package_identification:_identify(g1/scripts/unifolm-vla_g1-main/scripts) by extension 'python'
[1.094s] Level 1:colcon.colcon_core.package_identification:_identify(g1/scripts/unifolm-vla_g1-main/scripts) by extensions ['python_setup_py']
[1.094s] Level 1:colcon.colcon_core.package_identification:_identify(g1/scripts/unifolm-vla_g1-main/scripts) by extension 'python_setup_py'
[1.095s] Level 1:colcon.colcon_core.package_identification:_identify(g1/scripts/unifolm-vla_g1-main/scripts/eval_scripts) by extensions ['ignore', 'ignore_ament_install']
[1.095s] Level 1:colcon.colcon_core.package_identification:_identify(g1/scripts/unifolm-vla_g1-main/scripts/eval_scripts) by extension 'ignore'
[1.095s] Level 1:colcon.colcon_core.package_identification:_identify(g1/scripts/unifolm-vla_g1-main/scripts/eval_scripts) by extension 'ignore_ament_install'
[1.095s] Level 1:colcon.colcon_core.package_identification:_identify(g1/scripts/unifolm-vla_g1-main/scripts/eval_scripts) by extensions ['colcon_pkg']
[1.095s] Level 1:colcon.colcon_core.package_identification:_identify(g1/scripts/unifolm-vla_g1-main/scripts/eval_scripts) by extension 'colcon_pkg'
[1.095s] Level 1:colcon.colcon_core.package_identification:_identify(g1/scripts/unifolm-vla_g1-main/scripts/eval_scripts) by extensions ['colcon_meta']
[1.095s] Level 1:colcon.colcon_core.package_identification:_identify(g1/scripts/unifolm-vla_g1-main/scripts/eval_scripts) by extension 'colcon_meta'
[1.095s] Level 1:colcon.colcon_core.package_identification:_identify(g1/scripts/unifolm-vla_g1-main/scripts/eval_scripts) by extensions ['ros']
[1.095s] Level 1:colcon.colcon_core.package_identification:_identify(g1/scripts/unifolm-vla_g1-main/scripts/eval_scripts) by extension 'ros'
[1.096s] Level 1:colcon.colcon_core.package_identification:_identify(g1/scripts/unifolm-vla_g1-main/scripts/eval_scripts) by extensions ['cmake', 'python']
[1.096s] Level 1:colcon.colcon_core.package_identification:_identify(g1/scripts/unifolm-vla_g1-main/scripts/eval_scripts) by extension 'cmake'
[1.096s] Level 1:colcon.colcon_core.package_identification:_identify(g1/scripts/unifolm-vla_g1-main/scripts/eval_scripts) by extension 'python'
[1.096s] Level 1:colcon.colcon_core.package_identification:_identify(g1/scripts/unifolm-vla_g1-main/scripts/eval_scripts) by extensions ['python_setup_py']
[1.096s] Level 1:colcon.colcon_core.package_identification:_identify(g1/scripts/unifolm-vla_g1-main/scripts/eval_scripts) by extension 'python_setup_py'
[1.096s] Level 1:colcon.colcon_core.package_identification:_identify(g1/scripts/unifolm-vla_g1-main/scripts/run_scripts) by extensions ['ignore', 'ignore_ament_install']
[1.096s] Level 1:colcon.colcon_core.package_identification:_identify(g1/scripts/unifolm-vla_g1-main/scripts/run_scripts) by extension 'ignore'
[1.097s] Level 1:colcon.colcon_core.package_identification:_identify(g1/scripts/unifolm-vla_g1-main/scripts/run_scripts) by extension 'ignore_ament_install'
[1.097s] Level 1:colcon.colcon_core.package_identification:_identify(g1/scripts/unifolm-vla_g1-main/scripts/run_scripts) by extensions ['colcon_pkg']
[1.097s] Level 1:colcon.colcon_core.package_identification:_identify(g1/scripts/unifolm-vla_g1-main/scripts/run_scripts) by extension 'colcon_pkg'
[1.097s] Level 1:colcon.colcon_core.package_identification:_identify(g1/scripts/unifolm-vla_g1-main/scripts/run_scripts) by extensions ['colcon_meta']
[1.097s] Level 1:colcon.colcon_core.package_identification:_identify(g1/scripts/unifolm-vla_g1-main/scripts/run_scripts) by extension 'colcon_meta'
[1.097s] Level 1:colcon.colcon_core.package_identification:_identify(g1/scripts/unifolm-vla_g1-main/scripts/run_scripts) by extensions ['ros']
[1.097s] Level 1:colcon.colcon_core.package_identification:_identify(g1/scripts/unifolm-vla_g1-main/scripts/run_scripts) by extension 'ros'
[1.097s] Level 1:colcon.colcon_core.package_identification:_identify(g1/scripts/unifolm-vla_g1-main/scripts/run_scripts) by extensions ['cmake', 'python']
[1.097s] Level 1:colcon.colcon_core.package_identification:_identify(g1/scripts/unifolm-vla_g1-main/scripts/run_scripts) by extension 'cmake'
[1.097s] Level 1:colcon.colcon_core.package_identification:_identify(g1/scripts/unifolm-vla_g1-main/scripts/run_scripts) by extension 'python'
[1.097s] Level 1:colcon.colcon_core.package_identification:_identify(g1/scripts/unifolm-vla_g1-main/scripts/run_scripts) by extensions ['python_setup_py']
[1.097s] Level 1:colcon.colcon_core.package_identification:_identify(g1/scripts/unifolm-vla_g1-main/scripts/run_scripts) by extension 'python_setup_py'
[1.098s] Level 1:colcon.colcon_core.package_identification:_identify(g1/scripts/unifolm-vla_g1-main/src) by extensions ['ignore', 'ignore_ament_install']
[1.098s] Level 1:colcon.colcon_core.package_identification:_identify(g1/scripts/unifolm-vla_g1-main/src) by extension 'ignore'
[1.098s] Level 1:colcon.colcon_core.package_identification:_identify(g1/scripts/unifolm-vla_g1-main/src) by extension 'ignore_ament_install'
[1.098s] Level 1:colcon.colcon_core.package_identification:_identify(g1/scripts/unifolm-vla_g1-main/src) by extensions ['colcon_pkg']
[1.098s] Level 1:colcon.colcon_core.package_identification:_identify(g1/scripts/unifolm-vla_g1-main/src) by extension 'colcon_pkg'
[1.098s] Level 1:colcon.colcon_core.package_identification:_identify(g1/scripts/unifolm-vla_g1-main/src) by extensions ['colcon_meta']
[1.098s] Level 1:colcon.colcon_core.package_identification:_identify(g1/scripts/unifolm-vla_g1-main/src) by extension 'colcon_meta'
[1.098s] Level 1:colcon.colcon_core.package_identification:_identify(g1/scripts/unifolm-vla_g1-main/src) by extensions ['ros']
[1.098s] Level 1:colcon.colcon_core.package_identification:_identify(g1/scripts/unifolm-vla_g1-main/src) by extension 'ros'
[1.098s] Level 1:colcon.colcon_core.package_identification:_identify(g1/scripts/unifolm-vla_g1-main/src) by extensions ['cmake', 'python']
[1.098s] Level 1:colcon.colcon_core.package_identification:_identify(g1/scripts/unifolm-vla_g1-main/src) by extension 'cmake'
[1.098s] Level 1:colcon.colcon_core.package_identification:_identify(g1/scripts/unifolm-vla_g1-main/src) by extension 'python'
[1.098s] Level 1:colcon.colcon_core.package_identification:_identify(g1/scripts/unifolm-vla_g1-main/src) by extensions ['python_setup_py']
[1.098s] Level 1:colcon.colcon_core.package_identification:_identify(g1/scripts/unifolm-vla_g1-main/src) by extension 'python_setup_py'
[1.099s] Level 1:colcon.colcon_core.package_identification:_identify(g1/scripts/unifolm-vla_g1-main/src/unifolm_vla) by extensions ['ignore', 'ignore_ament_install']
[1.099s] Level 1:colcon.colcon_core.package_identification:_identify(g1/scripts/unifolm-vla_g1-main/src/unifolm_vla) by extension 'ignore'
[1.099s] Level 1:colcon.colcon_core.package_identification:_identify(g1/scripts/unifolm-vla_g1-main/src/unifolm_vla) by extension 'ignore_ament_install'
[1.099s] Level 1:colcon.colcon_core.package_identification:_identify(g1/scripts/unifolm-vla_g1-main/src/unifolm_vla) by extensions ['colcon_pkg']
[1.099s] Level 1:colcon.colcon_core.package_identification:_identify(g1/scripts/unifolm-vla_g1-main/src/unifolm_vla) by extension 'colcon_pkg'
[1.099s] Level 1:colcon.colcon_core.package_identification:_identify(g1/scripts/unifolm-vla_g1-main/src/unifolm_vla) by extensions ['colcon_meta']
[1.099s] Level 1:colcon.colcon_core.package_identification:_identify(g1/scripts/unifolm-vla_g1-main/src/unifolm_vla) by extension 'colcon_meta'
[1.099s] Level 1:colcon.colcon_core.package_identification:_identify(g1/scripts/unifolm-vla_g1-main/src/unifolm_vla) by extensions ['ros']
[1.099s] Level 1:colcon.colcon_core.package_identification:_identify(g1/scripts/unifolm-vla_g1-main/src/unifolm_vla) by extension 'ros'
[1.099s] Level 1:colcon.colcon_core.package_identification:_identify(g1/scripts/unifolm-vla_g1-main/src/unifolm_vla) by extensions ['cmake', 'python']
[1.099s] Level 1:colcon.colcon_core.package_identification:_identify(g1/scripts/unifolm-vla_g1-main/src/unifolm_vla) by extension 'cmake'
[1.099s] Level 1:colcon.colcon_core.package_identification:_identify(g1/scripts/unifolm-vla_g1-main/src/unifolm_vla) by extension 'python'
[1.099s] Level 1:colcon.colcon_core.package_identification:_identify(g1/scripts/unifolm-vla_g1-main/src/unifolm_vla) by extensions ['python_setup_py']
[1.100s] Level 1:colcon.colcon_core.package_identification:_identify(g1/scripts/unifolm-vla_g1-main/src/unifolm_vla) by extension 'python_setup_py'
[1.100s] Level 1:colcon.colcon_core.package_identification:_identify(g1/scripts/unifolm-vla_g1-main/src/unifolm_vla/config) by extensions ['ignore', 'ignore_ament_install']
[1.100s] Level 1:colcon.colcon_core.package_identification:_identify(g1/scripts/unifolm-vla_g1-main/src/unifolm_vla/config) by extension 'ignore'
[1.100s] Level 1:colcon.colcon_core.package_identification:_identify(g1/scripts/unifolm-vla_g1-main/src/unifolm_vla/config) by extension 'ignore_ament_install'
[1.100s] Level 1:colcon.colcon_core.package_identification:_identify(g1/scripts/unifolm-vla_g1-main/src/unifolm_vla/config) by extensions ['colcon_pkg']
[1.100s] Level 1:colcon.colcon_core.package_identification:_identify(g1/scripts/unifolm-vla_g1-main/src/unifolm_vla/config) by extension 'colcon_pkg'
[1.100s] Level 1:colcon.colcon_core.package_identification:_identify(g1/scripts/unifolm-vla_g1-main/src/unifolm_vla/config) by extensions ['colcon_meta']
[1.100s] Level 1:colcon.colcon_core.package_identification:_identify(g1/scripts/unifolm-vla_g1-main/src/unifolm_vla/config) by extension 'colcon_meta'
[1.101s] Level 1:colcon.colcon_core.package_identification:_identify(g1/scripts/unifolm-vla_g1-main/src/unifolm_vla/config) by extensions ['ros']
[1.101s] Level 1:colcon.colcon_core.package_identification:_identify(g1/scripts/unifolm-vla_g1-main/src/unifolm_vla/config) by extension 'ros'
[1.101s] Level 1:colcon.colcon_core.package_identification:_identify(g1/scripts/unifolm-vla_g1-main/src/unifolm_vla/config) by extensions ['cmake', 'python']
[1.101s] Level 1:colcon.colcon_core.package_identification:_identify(g1/scripts/unifolm-vla_g1-main/src/unifolm_vla/config) by extension 'cmake'
[1.101s] Level 1:colcon.colcon_core.package_identification:_identify(g1/scripts/unifolm-vla_g1-main/src/unifolm_vla/config) by extension 'python'
[1.101s] Level 1:colcon.colcon_core.package_identification:_identify(g1/scripts/unifolm-vla_g1-main/src/unifolm_vla/config) by extensions ['python_setup_py']
[1.101s] Level 1:colcon.colcon_core.package_identification:_identify(g1/scripts/unifolm-vla_g1-main/src/unifolm_vla/config) by extension 'python_setup_py'
[1.101s] Level 1:colcon.colcon_core.package_identification:_identify(g1/scripts/unifolm-vla_g1-main/src/unifolm_vla/config/deepseeds) by extensions ['ignore', 'ignore_ament_install']
[1.102s] Level 1:colcon.colcon_core.package_identification:_identify(g1/scripts/unifolm-vla_g1-main/src/unifolm_vla/config/deepseeds) by extension 'ignore'
[1.102s] Level 1:colcon.colcon_core.package_identification:_identify(g1/scripts/unifolm-vla_g1-main/src/unifolm_vla/config/deepseeds) by extension 'ignore_ament_install'
[1.102s] Level 1:colcon.colcon_core.package_identification:_identify(g1/scripts/unifolm-vla_g1-main/src/unifolm_vla/config/deepseeds) by extensions ['colcon_pkg']
[1.102s] Level 1:colcon.colcon_core.package_identification:_identify(g1/scripts/unifolm-vla_g1-main/src/unifolm_vla/config/deepseeds) by extension 'colcon_pkg'
[1.102s] Level 1:colcon.colcon_core.package_identification:_identify(g1/scripts/unifolm-vla_g1-main/src/unifolm_vla/config/deepseeds) by extensions ['colcon_meta']
[1.102s] Level 1:colcon.colcon_core.package_identification:_identify(g1/scripts/unifolm-vla_g1-main/src/unifolm_vla/config/deepseeds) by extension 'colcon_meta'
[1.102s] Level 1:colcon.colcon_core.package_identification:_identify(g1/scripts/unifolm-vla_g1-main/src/unifolm_vla/config/deepseeds) by extensions ['ros']
[1.102s] Level 1:colcon.colcon_core.package_identification:_identify(g1/scripts/unifolm-vla_g1-main/src/unifolm_vla/config/deepseeds) by extension 'ros'
[1.102s] Level 1:colcon.colcon_core.package_identification:_identify(g1/scripts/unifolm-vla_g1-main/src/unifolm_vla/config/deepseeds) by extensions ['cmake', 'python']
[1.102s] Level 1:colcon.colcon_core.package_identification:_identify(g1/scripts/unifolm-vla_g1-main/src/unifolm_vla/config/deepseeds) by extension 'cmake'
[1.102s] Level 1:colcon.colcon_core.package_identification:_identify(g1/scripts/unifolm-vla_g1-main/src/unifolm_vla/config/deepseeds) by extension 'python'
[1.102s] Level 1:colcon.colcon_core.package_identification:_identify(g1/scripts/unifolm-vla_g1-main/src/unifolm_vla/config/deepseeds) by extensions ['python_setup_py']
[1.102s] Level 1:colcon.colcon_core.package_identification:_identify(g1/scripts/unifolm-vla_g1-main/src/unifolm_vla/config/deepseeds) by extension 'python_setup_py'
[1.102s] Level 1:colcon.colcon_core.package_identification:_identify(g1/scripts/unifolm-vla_g1-main/src/unifolm_vla/config/training) by extensions ['ignore', 'ignore_ament_install']
[1.103s] Level 1:colcon.colcon_core.package_identification:_identify(g1/scripts/unifolm-vla_g1-main/src/unifolm_vla/config/training) by extension 'ignore'
[1.103s] Level 1:colcon.colcon_core.package_identification:_identify(g1/scripts/unifolm-vla_g1-main/src/unifolm_vla/config/training) by extension 'ignore_ament_install'
[1.103s] Level 1:colcon.colcon_core.package_identification:_identify(g1/scripts/unifolm-vla_g1-main/src/unifolm_vla/config/training) by extensions ['colcon_pkg']
[1.103s] Level 1:colcon.colcon_core.package_identification:_identify(g1/scripts/unifolm-vla_g1-main/src/unifolm_vla/config/training) by extension 'colcon_pkg'
[1.103s] Level 1:colcon.colcon_core.package_identification:_identify(g1/scripts/unifolm-vla_g1-main/src/unifolm_vla/config/training) by extensions ['colcon_meta']
[1.103s] Level 1:colcon.colcon_core.package_identification:_identify(g1/scripts/unifolm-vla_g1-main/src/unifolm_vla/config/training) by extension 'colcon_meta'
[1.103s] Level 1:colcon.colcon_core.package_identification:_identify(g1/scripts/unifolm-vla_g1-main/src/unifolm_vla/config/training) by extensions ['ros']
[1.103s] Level 1:colcon.colcon_core.package_identification:_identify(g1/scripts/unifolm-vla_g1-main/src/unifolm_vla/config/training) by extension 'ros'
[1.103s] Level 1:colcon.colcon_core.package_identification:_identify(g1/scripts/unifolm-vla_g1-main/src/unifolm_vla/config/training) by extensions ['cmake', 'python']
[1.103s] Level 1:colcon.colcon_core.package_identification:_identify(g1/scripts/unifolm-vla_g1-main/src/unifolm_vla/config/training) by extension 'cmake'
[1.103s] Level 1:colcon.colcon_core.package_identification:_identify(g1/scripts/unifolm-vla_g1-main/src/unifolm_vla/config/training) by extension 'python'
[1.103s] Level 1:colcon.colcon_core.package_identification:_identify(g1/scripts/unifolm-vla_g1-main/src/unifolm_vla/config/training) by extensions ['python_setup_py']
[1.103s] Level 1:colcon.colcon_core.package_identification:_identify(g1/scripts/unifolm-vla_g1-main/src/unifolm_vla/config/training) by extension 'python_setup_py'
[1.104s] Level 1:colcon.colcon_core.package_identification:_identify(g1/scripts/unifolm-vla_g1-main/src/unifolm_vla/model) by extensions ['ignore', 'ignore_ament_install']
[1.104s] Level 1:colcon.colcon_core.package_identification:_identify(g1/scripts/unifolm-vla_g1-main/src/unifolm_vla/model) by extension 'ignore'
[1.104s] Level 1:colcon.colcon_core.package_identification:_identify(g1/scripts/unifolm-vla_g1-main/src/unifolm_vla/model) by extension 'ignore_ament_install'
[1.104s] Level 1:colcon.colcon_core.package_identification:_identify(g1/scripts/unifolm-vla_g1-main/src/unifolm_vla/model) by extensions ['colcon_pkg']
[1.104s] Level 1:colcon.colcon_core.package_identification:_identify(g1/scripts/unifolm-vla_g1-main/src/unifolm_vla/model) by extension 'colcon_pkg'
[1.104s] Level 1:colcon.colcon_core.package_identification:_identify(g1/scripts/unifolm-vla_g1-main/src/unifolm_vla/model) by extensions ['colcon_meta']
[1.104s] Level 1:colcon.colcon_core.package_identification:_identify(g1/scripts/unifolm-vla_g1-main/src/unifolm_vla/model) by extension 'colcon_meta'
[1.104s] Level 1:colcon.colcon_core.package_identification:_identify(g1/scripts/unifolm-vla_g1-main/src/unifolm_vla/model) by extensions ['ros']
[1.104s] Level 1:colcon.colcon_core.package_identification:_identify(g1/scripts/unifolm-vla_g1-main/src/unifolm_vla/model) by extension 'ros'
[1.104s] Level 1:colcon.colcon_core.package_identification:_identify(g1/scripts/unifolm-vla_g1-main/src/unifolm_vla/model) by extensions ['cmake', 'python']
[1.104s] Level 1:colcon.colcon_core.package_identification:_identify(g1/scripts/unifolm-vla_g1-main/src/unifolm_vla/model) by extension 'cmake'
[1.104s] Level 1:colcon.colcon_core.package_identification:_identify(g1/scripts/unifolm-vla_g1-main/src/unifolm_vla/model) by extension 'python'
[1.104s] Level 1:colcon.colcon_core.package_identification:_identify(g1/scripts/unifolm-vla_g1-main/src/unifolm_vla/model) by extensions ['python_setup_py']
[1.104s] Level 1:colcon.colcon_core.package_identification:_identify(g1/scripts/unifolm-vla_g1-main/src/unifolm_vla/model) by extension 'python_setup_py'
[1.104s] Level 1:colcon.colcon_core.package_identification:_identify(g1/scripts/unifolm-vla_g1-main/src/unifolm_vla/model/framework) by extensions ['ignore', 'ignore_ament_install']
[1.105s] Level 1:colcon.colcon_core.package_identification:_identify(g1/scripts/unifolm-vla_g1-main/src/unifolm_vla/model/framework) by extension 'ignore'
[1.105s] Level 1:colcon.colcon_core.package_identification:_identify(g1/scripts/unifolm-vla_g1-main/src/unifolm_vla/model/framework) by extension 'ignore_ament_install'
[1.105s] Level 1:colcon.colcon_core.package_identification:_identify(g1/scripts/unifolm-vla_g1-main/src/unifolm_vla/model/framework) by extensions ['colcon_pkg']
[1.105s] Level 1:colcon.colcon_core.package_identification:_identify(g1/scripts/unifolm-vla_g1-main/src/unifolm_vla/model/framework) by extension 'colcon_pkg'
[1.105s] Level 1:colcon.colcon_core.package_identification:_identify(g1/scripts/unifolm-vla_g1-main/src/unifolm_vla/model/framework) by extensions ['colcon_meta']
[1.105s] Level 1:colcon.colcon_core.package_identification:_identify(g1/scripts/unifolm-vla_g1-main/src/unifolm_vla/model/framework) by extension 'colcon_meta'
[1.105s] Level 1:colcon.colcon_core.package_identification:_identify(g1/scripts/unifolm-vla_g1-main/src/unifolm_vla/model/framework) by extensions ['ros']
[1.105s] Level 1:colcon.colcon_core.package_identification:_identify(g1/scripts/unifolm-vla_g1-main/src/unifolm_vla/model/framework) by extension 'ros'
[1.105s] Level 1:colcon.colcon_core.package_identification:_identify(g1/scripts/unifolm-vla_g1-main/src/unifolm_vla/model/framework) by extensions ['cmake', 'python']
[1.105s] Level 1:colcon.colcon_core.package_identification:_identify(g1/scripts/unifolm-vla_g1-main/src/unifolm_vla/model/framework) by extension 'cmake'
[1.105s] Level 1:colcon.colcon_core.package_identification:_identify(g1/scripts/unifolm-vla_g1-main/src/unifolm_vla/model/framework) by extension 'python'
[1.105s] Level 1:colcon.colcon_core.package_identification:_identify(g1/scripts/unifolm-vla_g1-main/src/unifolm_vla/model/framework) by extensions ['python_setup_py']
[1.105s] Level 1:colcon.colcon_core.package_identification:_identify(g1/scripts/unifolm-vla_g1-main/src/unifolm_vla/model/framework) by extension 'python_setup_py'
[1.106s] Level 1:colcon.colcon_core.package_identification:_identify(g1/scripts/unifolm-vla_g1-main/src/unifolm_vla/model/modules) by extensions ['ignore', 'ignore_ament_install']
[1.106s] Level 1:colcon.colcon_core.package_identification:_identify(g1/scripts/unifolm-vla_g1-main/src/unifolm_vla/model/modules) by extension 'ignore'
[1.106s] Level 1:colcon.colcon_core.package_identification:_identify(g1/scripts/unifolm-vla_g1-main/src/unifolm_vla/model/modules) by extension 'ignore_ament_install'
[1.106s] Level 1:colcon.colcon_core.package_identification:_identify(g1/scripts/unifolm-vla_g1-main/src/unifolm_vla/model/modules) by extensions ['colcon_pkg']
[1.106s] Level 1:colcon.colcon_core.package_identification:_identify(g1/scripts/unifolm-vla_g1-main/src/unifolm_vla/model/modules) by extension 'colcon_pkg'
[1.106s] Level 1:colcon.colcon_core.package_identification:_identify(g1/scripts/unifolm-vla_g1-main/src/unifolm_vla/model/modules) by extensions ['colcon_meta']
[1.106s] Level 1:colcon.colcon_core.package_identification:_identify(g1/scripts/unifolm-vla_g1-main/src/unifolm_vla/model/modules) by extension 'colcon_meta'
[1.106s] Level 1:colcon.colcon_core.package_identification:_identify(g1/scripts/unifolm-vla_g1-main/src/unifolm_vla/model/modules) by extensions ['ros']
[1.106s] Level 1:colcon.colcon_core.package_identification:_identify(g1/scripts/unifolm-vla_g1-main/src/unifolm_vla/model/modules) by extension 'ros'
[1.106s] Level 1:colcon.colcon_core.package_identification:_identify(g1/scripts/unifolm-vla_g1-main/src/unifolm_vla/model/modules) by extensions ['cmake', 'python']
[1.106s] Level 1:colcon.colcon_core.package_identification:_identify(g1/scripts/unifolm-vla_g1-main/src/unifolm_vla/model/modules) by extension 'cmake'
[1.106s] Level 1:colcon.colcon_core.package_identification:_identify(g1/scripts/unifolm-vla_g1-main/src/unifolm_vla/model/modules) by extension 'python'
[1.106s] Level 1:colcon.colcon_core.package_identification:_identify(g1/scripts/unifolm-vla_g1-main/src/unifolm_vla/model/modules) by extensions ['python_setup_py']
[1.106s] Level 1:colcon.colcon_core.package_identification:_identify(g1/scripts/unifolm-vla_g1-main/src/unifolm_vla/model/modules) by extension 'python_setup_py'
[1.107s] Level 1:colcon.colcon_core.package_identification:_identify(g1/scripts/unifolm-vla_g1-main/src/unifolm_vla/model/modules/action_model) by extensions ['ignore', 'ignore_ament_install']
[1.107s] Level 1:colcon.colcon_core.package_identification:_identify(g1/scripts/unifolm-vla_g1-main/src/unifolm_vla/model/modules/action_model) by extension 'ignore'
[1.107s] Level 1:colcon.colcon_core.package_identification:_identify(g1/scripts/unifolm-vla_g1-main/src/unifolm_vla/model/modules/action_model) by extension 'ignore_ament_install'
[1.107s] Level 1:colcon.colcon_core.package_identification:_identify(g1/scripts/unifolm-vla_g1-main/src/unifolm_vla/model/modules/action_model) by extensions ['colcon_pkg']
[1.107s] Level 1:colcon.colcon_core.package_identification:_identify(g1/scripts/unifolm-vla_g1-main/src/unifolm_vla/model/modules/action_model) by extension 'colcon_pkg'
[1.107s] Level 1:colcon.colcon_core.package_identification:_identify(g1/scripts/unifolm-vla_g1-main/src/unifolm_vla/model/modules/action_model) by extensions ['colcon_meta']
[1.108s] Level 1:colcon.colcon_core.package_identification:_identify(g1/scripts/unifolm-vla_g1-main/src/unifolm_vla/model/modules/action_model) by extension 'colcon_meta'
[1.108s] Level 1:colcon.colcon_core.package_identification:_identify(g1/scripts/unifolm-vla_g1-main/src/unifolm_vla/model/modules/action_model) by extensions ['ros']
[1.108s] Level 1:colcon.colcon_core.package_identification:_identify(g1/scripts/unifolm-vla_g1-main/src/unifolm_vla/model/modules/action_model) by extension 'ros'
[1.108s] Level 1:colcon.colcon_core.package_identification:_identify(g1/scripts/unifolm-vla_g1-main/src/unifolm_vla/model/modules/action_model) by extensions ['cmake', 'python']
[1.108s] Level 1:colcon.colcon_core.package_identification:_identify(g1/scripts/unifolm-vla_g1-main/src/unifolm_vla/model/modules/action_model) by extension 'cmake'
[1.108s] Level 1:colcon.colcon_core.package_identification:_identify(g1/scripts/unifolm-vla_g1-main/src/unifolm_vla/model/modules/action_model) by extension 'python'
[1.108s] Level 1:colcon.colcon_core.package_identification:_identify(g1/scripts/unifolm-vla_g1-main/src/unifolm_vla/model/modules/action_model) by extensions ['python_setup_py']
[1.108s] Level 1:colcon.colcon_core.package_identification:_identify(g1/scripts/unifolm-vla_g1-main/src/unifolm_vla/model/modules/action_model) by extension 'python_setup_py'
[1.108s] Level 1:colcon.colcon_core.package_identification:_identify(g1/scripts/unifolm-vla_g1-main/src/unifolm_vla/model/modules/action_model/flow_matching_modules) by extensions ['ignore', 'ignore_ament_install']
[1.109s] Level 1:colcon.colcon_core.package_identification:_identify(g1/scripts/unifolm-vla_g1-main/src/unifolm_vla/model/modules/action_model/flow_matching_modules) by extension 'ignore'
[1.109s] Level 1:colcon.colcon_core.package_identification:_identify(g1/scripts/unifolm-vla_g1-main/src/unifolm_vla/model/modules/action_model/flow_matching_modules) by extension 'ignore_ament_install'
[1.109s] Level 1:colcon.colcon_core.package_identification:_identify(g1/scripts/unifolm-vla_g1-main/src/unifolm_vla/model/modules/action_model/flow_matching_modules) by extensions ['colcon_pkg']
[1.109s] Level 1:colcon.colcon_core.package_identification:_identify(g1/scripts/unifolm-vla_g1-main/src/unifolm_vla/model/modules/action_model/flow_matching_modules) by extension 'colcon_pkg'
[1.109s] Level 1:colcon.colcon_core.package_identification:_identify(g1/scripts/unifolm-vla_g1-main/src/unifolm_vla/model/modules/action_model/flow_matching_modules) by extensions ['colcon_meta']
[1.109s] Level 1:colcon.colcon_core.package_identification:_identify(g1/scripts/unifolm-vla_g1-main/src/unifolm_vla/model/modules/action_model/flow_matching_modules) by extension 'colcon_meta'
[1.109s] Level 1:colcon.colcon_core.package_identification:_identify(g1/scripts/unifolm-vla_g1-main/src/unifolm_vla/model/modules/action_model/flow_matching_modules) by extensions ['ros']
[1.109s] Level 1:colcon.colcon_core.package_identification:_identify(g1/scripts/unifolm-vla_g1-main/src/unifolm_vla/model/modules/action_model/flow_matching_modules) by extension 'ros'
[1.109s] Level 1:colcon.colcon_core.package_identification:_identify(g1/scripts/unifolm-vla_g1-main/src/unifolm_vla/model/modules/action_model/flow_matching_modules) by extensions ['cmake', 'python']
[1.109s] Level 1:colcon.colcon_core.package_identification:_identify(g1/scripts/unifolm-vla_g1-main/src/unifolm_vla/model/modules/action_model/flow_matching_modules) by extension 'cmake'
[1.109s] Level 1:colcon.colcon_core.package_identification:_identify(g1/scripts/unifolm-vla_g1-main/src/unifolm_vla/model/modules/action_model/flow_matching_modules) by extension 'python'
[1.109s] Level 1:colcon.colcon_core.package_identification:_identify(g1/scripts/unifolm-vla_g1-main/src/unifolm_vla/model/modules/action_model/flow_matching_modules) by extensions ['python_setup_py']
[1.109s] Level 1:colcon.colcon_core.package_identification:_identify(g1/scripts/unifolm-vla_g1-main/src/unifolm_vla/model/modules/action_model/flow_matching_modules) by extension 'python_setup_py'
[1.110s] Level 1:colcon.colcon_core.package_identification:_identify(g1/scripts/unifolm-vla_g1-main/src/unifolm_vla/model/modules/vlm) by extensions ['ignore', 'ignore_ament_install']
[1.110s] Level 1:colcon.colcon_core.package_identification:_identify(g1/scripts/unifolm-vla_g1-main/src/unifolm_vla/model/modules/vlm) by extension 'ignore'
[1.110s] Level 1:colcon.colcon_core.package_identification:_identify(g1/scripts/unifolm-vla_g1-main/src/unifolm_vla/model/modules/vlm) by extension 'ignore_ament_install'
[1.110s] Level 1:colcon.colcon_core.package_identification:_identify(g1/scripts/unifolm-vla_g1-main/src/unifolm_vla/model/modules/vlm) by extensions ['colcon_pkg']
[1.110s] Level 1:colcon.colcon_core.package_identification:_identify(g1/scripts/unifolm-vla_g1-main/src/unifolm_vla/model/modules/vlm) by extension 'colcon_pkg'
[1.110s] Level 1:colcon.colcon_core.package_identification:_identify(g1/scripts/unifolm-vla_g1-main/src/unifolm_vla/model/modules/vlm) by extensions ['colcon_meta']
[1.110s] Level 1:colcon.colcon_core.package_identification:_identify(g1/scripts/unifolm-vla_g1-main/src/unifolm_vla/model/modules/vlm) by extension 'colcon_meta'
[1.110s] Level 1:colcon.colcon_core.package_identification:_identify(g1/scripts/unifolm-vla_g1-main/src/unifolm_vla/model/modules/vlm) by extensions ['ros']
[1.110s] Level 1:colcon.colcon_core.package_identification:_identify(g1/scripts/unifolm-vla_g1-main/src/unifolm_vla/model/modules/vlm) by extension 'ros'
[1.110s] Level 1:colcon.colcon_core.package_identification:_identify(g1/scripts/unifolm-vla_g1-main/src/unifolm_vla/model/modules/vlm) by extensions ['cmake', 'python']
[1.110s] Level 1:colcon.colcon_core.package_identification:_identify(g1/scripts/unifolm-vla_g1-main/src/unifolm_vla/model/modules/vlm) by extension 'cmake'
[1.110s] Level 1:colcon.colcon_core.package_identification:_identify(g1/scripts/unifolm-vla_g1-main/src/unifolm_vla/model/modules/vlm) by extension 'python'
[1.110s] Level 1:colcon.colcon_core.package_identification:_identify(g1/scripts/unifolm-vla_g1-main/src/unifolm_vla/model/modules/vlm) by extensions ['python_setup_py']
[1.111s] Level 1:colcon.colcon_core.package_identification:_identify(g1/scripts/unifolm-vla_g1-main/src/unifolm_vla/model/modules/vlm) by extension 'python_setup_py'
[1.111s] Level 1:colcon.colcon_core.package_identification:_identify(g1/scripts/unifolm-vla_g1-main/src/unifolm_vla/model/utils) by extensions ['ignore', 'ignore_ament_install']
[1.111s] Level 1:colcon.colcon_core.package_identification:_identify(g1/scripts/unifolm-vla_g1-main/src/unifolm_vla/model/utils) by extension 'ignore'
[1.111s] Level 1:colcon.colcon_core.package_identification:_identify(g1/scripts/unifolm-vla_g1-main/src/unifolm_vla/model/utils) by extension 'ignore_ament_install'
[1.111s] Level 1:colcon.colcon_core.package_identification:_identify(g1/scripts/unifolm-vla_g1-main/src/unifolm_vla/model/utils) by extensions ['colcon_pkg']
[1.111s] Level 1:colcon.colcon_core.package_identification:_identify(g1/scripts/unifolm-vla_g1-main/src/unifolm_vla/model/utils) by extension 'colcon_pkg'
[1.111s] Level 1:colcon.colcon_core.package_identification:_identify(g1/scripts/unifolm-vla_g1-main/src/unifolm_vla/model/utils) by extensions ['colcon_meta']
[1.111s] Level 1:colcon.colcon_core.package_identification:_identify(g1/scripts/unifolm-vla_g1-main/src/unifolm_vla/model/utils) by extension 'colcon_meta'
[1.111s] Level 1:colcon.colcon_core.package_identification:_identify(g1/scripts/unifolm-vla_g1-main/src/unifolm_vla/model/utils) by extensions ['ros']
[1.111s] Level 1:colcon.colcon_core.package_identification:_identify(g1/scripts/unifolm-vla_g1-main/src/unifolm_vla/model/utils) by extension 'ros'
[1.112s] Level 1:colcon.colcon_core.package_identification:_identify(g1/scripts/unifolm-vla_g1-main/src/unifolm_vla/model/utils) by extensions ['cmake', 'python']
[1.112s] Level 1:colcon.colcon_core.package_identification:_identify(g1/scripts/unifolm-vla_g1-main/src/unifolm_vla/model/utils) by extension 'cmake'
[1.112s] Level 1:colcon.colcon_core.package_identification:_identify(g1/scripts/unifolm-vla_g1-main/src/unifolm_vla/model/utils) by extension 'python'
[1.112s] Level 1:colcon.colcon_core.package_identification:_identify(g1/scripts/unifolm-vla_g1-main/src/unifolm_vla/model/utils) by extensions ['python_setup_py']
[1.112s] Level 1:colcon.colcon_core.package_identification:_identify(g1/scripts/unifolm-vla_g1-main/src/unifolm_vla/model/utils) by extension 'python_setup_py'
[1.112s] Level 1:colcon.colcon_core.package_identification:_identify(g1/scripts/unifolm-vla_g1-main/src/unifolm_vla/rlds_dataloader) by extensions ['ignore', 'ignore_ament_install']
[1.112s] Level 1:colcon.colcon_core.package_identification:_identify(g1/scripts/unifolm-vla_g1-main/src/unifolm_vla/rlds_dataloader) by extension 'ignore'
[1.112s] Level 1:colcon.colcon_core.package_identification:_identify(g1/scripts/unifolm-vla_g1-main/src/unifolm_vla/rlds_dataloader) by extension 'ignore_ament_install'
[1.112s] Level 1:colcon.colcon_core.package_identification:_identify(g1/scripts/unifolm-vla_g1-main/src/unifolm_vla/rlds_dataloader) by extensions ['colcon_pkg']
[1.112s] Level 1:colcon.colcon_core.package_identification:_identify(g1/scripts/unifolm-vla_g1-main/src/unifolm_vla/rlds_dataloader) by extension 'colcon_pkg'
[1.112s] Level 1:colcon.colcon_core.package_identification:_identify(g1/scripts/unifolm-vla_g1-main/src/unifolm_vla/rlds_dataloader) by extensions ['colcon_meta']
[1.112s] Level 1:colcon.colcon_core.package_identification:_identify(g1/scripts/unifolm-vla_g1-main/src/unifolm_vla/rlds_dataloader) by extension 'colcon_meta'
[1.112s] Level 1:colcon.colcon_core.package_identification:_identify(g1/scripts/unifolm-vla_g1-main/src/unifolm_vla/rlds_dataloader) by extensions ['ros']
[1.112s] Level 1:colcon.colcon_core.package_identification:_identify(g1/scripts/unifolm-vla_g1-main/src/unifolm_vla/rlds_dataloader) by extension 'ros'
[1.113s] Level 1:colcon.colcon_core.package_identification:_identify(g1/scripts/unifolm-vla_g1-main/src/unifolm_vla/rlds_dataloader) by extensions ['cmake', 'python']
[1.113s] Level 1:colcon.colcon_core.package_identification:_identify(g1/scripts/unifolm-vla_g1-main/src/unifolm_vla/rlds_dataloader) by extension 'cmake'
[1.113s] Level 1:colcon.colcon_core.package_identification:_identify(g1/scripts/unifolm-vla_g1-main/src/unifolm_vla/rlds_dataloader) by extension 'python'
[1.113s] Level 1:colcon.colcon_core.package_identification:_identify(g1/scripts/unifolm-vla_g1-main/src/unifolm_vla/rlds_dataloader) by extensions ['python_setup_py']
[1.113s] Level 1:colcon.colcon_core.package_identification:_identify(g1/scripts/unifolm-vla_g1-main/src/unifolm_vla/rlds_dataloader) by extension 'python_setup_py'
[1.113s] Level 1:colcon.colcon_core.package_identification:_identify(g1/scripts/unifolm-vla_g1-main/src/unifolm_vla/rlds_dataloader/datasets) by extensions ['ignore', 'ignore_ament_install']
[1.113s] Level 1:colcon.colcon_core.package_identification:_identify(g1/scripts/unifolm-vla_g1-main/src/unifolm_vla/rlds_dataloader/datasets) by extension 'ignore'
[1.113s] Level 1:colcon.colcon_core.package_identification:_identify(g1/scripts/unifolm-vla_g1-main/src/unifolm_vla/rlds_dataloader/datasets) by extension 'ignore_ament_install'
[1.113s] Level 1:colcon.colcon_core.package_identification:_identify(g1/scripts/unifolm-vla_g1-main/src/unifolm_vla/rlds_dataloader/datasets) by extensions ['colcon_pkg']
[1.113s] Level 1:colcon.colcon_core.package_identification:_identify(g1/scripts/unifolm-vla_g1-main/src/unifolm_vla/rlds_dataloader/datasets) by extension 'colcon_pkg'
[1.113s] Level 1:colcon.colcon_core.package_identification:_identify(g1/scripts/unifolm-vla_g1-main/src/unifolm_vla/rlds_dataloader/datasets) by extensions ['colcon_meta']
[1.113s] Level 1:colcon.colcon_core.package_identification:_identify(g1/scripts/unifolm-vla_g1-main/src/unifolm_vla/rlds_dataloader/datasets) by extension 'colcon_meta'
[1.113s] Level 1:colcon.colcon_core.package_identification:_identify(g1/scripts/unifolm-vla_g1-main/src/unifolm_vla/rlds_dataloader/datasets) by extensions ['ros']
[1.114s] Level 1:colcon.colcon_core.package_identification:_identify(g1/scripts/unifolm-vla_g1-main/src/unifolm_vla/rlds_dataloader/datasets) by extension 'ros'
[1.114s] Level 1:colcon.colcon_core.package_identification:_identify(g1/scripts/unifolm-vla_g1-main/src/unifolm_vla/rlds_dataloader/datasets) by extensions ['cmake', 'python']
[1.114s] Level 1:colcon.colcon_core.package_identification:_identify(g1/scripts/unifolm-vla_g1-main/src/unifolm_vla/rlds_dataloader/datasets) by extension 'cmake'
[1.114s] Level 1:colcon.colcon_core.package_identification:_identify(g1/scripts/unifolm-vla_g1-main/src/unifolm_vla/rlds_dataloader/datasets) by extension 'python'
[1.114s] Level 1:colcon.colcon_core.package_identification:_identify(g1/scripts/unifolm-vla_g1-main/src/unifolm_vla/rlds_dataloader/datasets) by extensions ['python_setup_py']
[1.114s] Level 1:colcon.colcon_core.package_identification:_identify(g1/scripts/unifolm-vla_g1-main/src/unifolm_vla/rlds_dataloader/datasets) by extension 'python_setup_py'
[1.114s] Level 1:colcon.colcon_core.package_identification:_identify(g1/scripts/unifolm-vla_g1-main/src/unifolm_vla/rlds_dataloader/datasets/rlds) by extensions ['ignore', 'ignore_ament_install']
[1.114s] Level 1:colcon.colcon_core.package_identification:_identify(g1/scripts/unifolm-vla_g1-main/src/unifolm_vla/rlds_dataloader/datasets/rlds) by extension 'ignore'
[1.114s] Level 1:colcon.colcon_core.package_identification:_identify(g1/scripts/unifolm-vla_g1-main/src/unifolm_vla/rlds_dataloader/datasets/rlds) by extension 'ignore_ament_install'
[1.114s] Level 1:colcon.colcon_core.package_identification:_identify(g1/scripts/unifolm-vla_g1-main/src/unifolm_vla/rlds_dataloader/datasets/rlds) by extensions ['colcon_pkg']
[1.114s] Level 1:colcon.colcon_core.package_identification:_identify(g1/scripts/unifolm-vla_g1-main/src/unifolm_vla/rlds_dataloader/datasets/rlds) by extension 'colcon_pkg'
[1.115s] Level 1:colcon.colcon_core.package_identification:_identify(g1/scripts/unifolm-vla_g1-main/src/unifolm_vla/rlds_dataloader/datasets/rlds) by extensions ['colcon_meta']
[1.115s] Level 1:colcon.colcon_core.package_identification:_identify(g1/scripts/unifolm-vla_g1-main/src/unifolm_vla/rlds_dataloader/datasets/rlds) by extension 'colcon_meta'
[1.115s] Level 1:colcon.colcon_core.package_identification:_identify(g1/scripts/unifolm-vla_g1-main/src/unifolm_vla/rlds_dataloader/datasets/rlds) by extensions ['ros']
[1.115s] Level 1:colcon.colcon_core.package_identification:_identify(g1/scripts/unifolm-vla_g1-main/src/unifolm_vla/rlds_dataloader/datasets/rlds) by extension 'ros'
[1.115s] Level 1:colcon.colcon_core.package_identification:_identify(g1/scripts/unifolm-vla_g1-main/src/unifolm_vla/rlds_dataloader/datasets/rlds) by extensions ['cmake', 'python']
[1.115s] Level 1:colcon.colcon_core.package_identification:_identify(g1/scripts/unifolm-vla_g1-main/src/unifolm_vla/rlds_dataloader/datasets/rlds) by extension 'cmake'
[1.115s] Level 1:colcon.colcon_core.package_identification:_identify(g1/scripts/unifolm-vla_g1-main/src/unifolm_vla/rlds_dataloader/datasets/rlds) by extension 'python'
[1.115s] Level 1:colcon.colcon_core.package_identification:_identify(g1/scripts/unifolm-vla_g1-main/src/unifolm_vla/rlds_dataloader/datasets/rlds) by extensions ['python_setup_py']
[1.115s] Level 1:colcon.colcon_core.package_identification:_identify(g1/scripts/unifolm-vla_g1-main/src/unifolm_vla/rlds_dataloader/datasets/rlds) by extension 'python_setup_py'
[1.115s] Level 1:colcon.colcon_core.package_identification:_identify(g1/scripts/unifolm-vla_g1-main/src/unifolm_vla/rlds_dataloader/datasets/rlds/oxe) by extensions ['ignore', 'ignore_ament_install']
[1.115s] Level 1:colcon.colcon_core.package_identification:_identify(g1/scripts/unifolm-vla_g1-main/src/unifolm_vla/rlds_dataloader/datasets/rlds/oxe) by extension 'ignore'
[1.115s] Level 1:colcon.colcon_core.package_identification:_identify(g1/scripts/unifolm-vla_g1-main/src/unifolm_vla/rlds_dataloader/datasets/rlds/oxe) by extension 'ignore_ament_install'
[1.116s] Level 1:colcon.colcon_core.package_identification:_identify(g1/scripts/unifolm-vla_g1-main/src/unifolm_vla/rlds_dataloader/datasets/rlds/oxe) by extensions ['colcon_pkg']
[1.116s] Level 1:colcon.colcon_core.package_identification:_identify(g1/scripts/unifolm-vla_g1-main/src/unifolm_vla/rlds_dataloader/datasets/rlds/oxe) by extension 'colcon_pkg'
[1.116s] Level 1:colcon.colcon_core.package_identification:_identify(g1/scripts/unifolm-vla_g1-main/src/unifolm_vla/rlds_dataloader/datasets/rlds/oxe) by extensions ['colcon_meta']
[1.116s] Level 1:colcon.colcon_core.package_identification:_identify(g1/scripts/unifolm-vla_g1-main/src/unifolm_vla/rlds_dataloader/datasets/rlds/oxe) by extension 'colcon_meta'
[1.116s] Level 1:colcon.colcon_core.package_identification:_identify(g1/scripts/unifolm-vla_g1-main/src/unifolm_vla/rlds_dataloader/datasets/rlds/oxe) by extensions ['ros']
[1.116s] Level 1:colcon.colcon_core.package_identification:_identify(g1/scripts/unifolm-vla_g1-main/src/unifolm_vla/rlds_dataloader/datasets/rlds/oxe) by extension 'ros'
[1.116s] Level 1:colcon.colcon_core.package_identification:_identify(g1/scripts/unifolm-vla_g1-main/src/unifolm_vla/rlds_dataloader/datasets/rlds/oxe) by extensions ['cmake', 'python']
[1.116s] Level 1:colcon.colcon_core.package_identification:_identify(g1/scripts/unifolm-vla_g1-main/src/unifolm_vla/rlds_dataloader/datasets/rlds/oxe) by extension 'cmake'
[1.116s] Level 1:colcon.colcon_core.package_identification:_identify(g1/scripts/unifolm-vla_g1-main/src/unifolm_vla/rlds_dataloader/datasets/rlds/oxe) by extension 'python'
[1.116s] Level 1:colcon.colcon_core.package_identification:_identify(g1/scripts/unifolm-vla_g1-main/src/unifolm_vla/rlds_dataloader/datasets/rlds/oxe) by extensions ['python_setup_py']
[1.116s] Level 1:colcon.colcon_core.package_identification:_identify(g1/scripts/unifolm-vla_g1-main/src/unifolm_vla/rlds_dataloader/datasets/rlds/oxe) by extension 'python_setup_py'
[1.117s] Level 1:colcon.colcon_core.package_identification:_identify(g1/scripts/unifolm-vla_g1-main/src/unifolm_vla/rlds_dataloader/datasets/rlds/oxe/utils) by extensions ['ignore', 'ignore_ament_install']
[1.117s] Level 1:colcon.colcon_core.package_identification:_identify(g1/scripts/unifolm-vla_g1-main/src/unifolm_vla/rlds_dataloader/datasets/rlds/oxe/utils) by extension 'ignore'
[1.117s] Level 1:colcon.colcon_core.package_identification:_identify(g1/scripts/unifolm-vla_g1-main/src/unifolm_vla/rlds_dataloader/datasets/rlds/oxe/utils) by extension 'ignore_ament_install'
[1.118s] Level 1:colcon.colcon_core.package_identification:_identify(g1/scripts/unifolm-vla_g1-main/src/unifolm_vla/rlds_dataloader/datasets/rlds/oxe/utils) by extensions ['colcon_pkg']
[1.118s] Level 1:colcon.colcon_core.package_identification:_identify(g1/scripts/unifolm-vla_g1-main/src/unifolm_vla/rlds_dataloader/datasets/rlds/oxe/utils) by extension 'colcon_pkg'
[1.118s] Level 1:colcon.colcon_core.package_identification:_identify(g1/scripts/unifolm-vla_g1-main/src/unifolm_vla/rlds_dataloader/datasets/rlds/oxe/utils) by extensions ['colcon_meta']
[1.118s] Level 1:colcon.colcon_core.package_identification:_identify(g1/scripts/unifolm-vla_g1-main/src/unifolm_vla/rlds_dataloader/datasets/rlds/oxe/utils) by extension 'colcon_meta'
[1.118s] Level 1:colcon.colcon_core.package_identification:_identify(g1/scripts/unifolm-vla_g1-main/src/unifolm_vla/rlds_dataloader/datasets/rlds/oxe/utils) by extensions ['ros']
[1.118s] Level 1:colcon.colcon_core.package_identification:_identify(g1/scripts/unifolm-vla_g1-main/src/unifolm_vla/rlds_dataloader/datasets/rlds/oxe/utils) by extension 'ros'
[1.118s] Level 1:colcon.colcon_core.package_identification:_identify(g1/scripts/unifolm-vla_g1-main/src/unifolm_vla/rlds_dataloader/datasets/rlds/oxe/utils) by extensions ['cmake', 'python']
[1.118s] Level 1:colcon.colcon_core.package_identification:_identify(g1/scripts/unifolm-vla_g1-main/src/unifolm_vla/rlds_dataloader/datasets/rlds/oxe/utils) by extension 'cmake'
[1.118s] Level 1:colcon.colcon_core.package_identification:_identify(g1/scripts/unifolm-vla_g1-main/src/unifolm_vla/rlds_dataloader/datasets/rlds/oxe/utils) by extension 'python'
[1.118s] Level 1:colcon.colcon_core.package_identification:_identify(g1/scripts/unifolm-vla_g1-main/src/unifolm_vla/rlds_dataloader/datasets/rlds/oxe/utils) by extensions ['python_setup_py']
[1.118s] Level 1:colcon.colcon_core.package_identification:_identify(g1/scripts/unifolm-vla_g1-main/src/unifolm_vla/rlds_dataloader/datasets/rlds/oxe/utils) by extension 'python_setup_py'
[1.119s] Level 1:colcon.colcon_core.package_identification:_identify(g1/scripts/unifolm-vla_g1-main/src/unifolm_vla/rlds_dataloader/datasets/rlds/utils) by extensions ['ignore', 'ignore_ament_install']
[1.119s] Level 1:colcon.colcon_core.package_identification:_identify(g1/scripts/unifolm-vla_g1-main/src/unifolm_vla/rlds_dataloader/datasets/rlds/utils) by extension 'ignore'
[1.120s] Level 1:colcon.colcon_core.package_identification:_identify(g1/scripts/unifolm-vla_g1-main/src/unifolm_vla/rlds_dataloader/datasets/rlds/utils) by extension 'ignore_ament_install'
[1.120s] Level 1:colcon.colcon_core.package_identification:_identify(g1/scripts/unifolm-vla_g1-main/src/unifolm_vla/rlds_dataloader/datasets/rlds/utils) by extensions ['colcon_pkg']
[1.120s] Level 1:colcon.colcon_core.package_identification:_identify(g1/scripts/unifolm-vla_g1-main/src/unifolm_vla/rlds_dataloader/datasets/rlds/utils) by extension 'colcon_pkg'
[1.120s] Level 1:colcon.colcon_core.package_identification:_identify(g1/scripts/unifolm-vla_g1-main/src/unifolm_vla/rlds_dataloader/datasets/rlds/utils) by extensions ['colcon_meta']
[1.120s] Level 1:colcon.colcon_core.package_identification:_identify(g1/scripts/unifolm-vla_g1-main/src/unifolm_vla/rlds_dataloader/datasets/rlds/utils) by extension 'colcon_meta'
[1.120s] Level 1:colcon.colcon_core.package_identification:_identify(g1/scripts/unifolm-vla_g1-main/src/unifolm_vla/rlds_dataloader/datasets/rlds/utils) by extensions ['ros']
[1.120s] Level 1:colcon.colcon_core.package_identification:_identify(g1/scripts/unifolm-vla_g1-main/src/unifolm_vla/rlds_dataloader/datasets/rlds/utils) by extension 'ros'
[1.120s] Level 1:colcon.colcon_core.package_identification:_identify(g1/scripts/unifolm-vla_g1-main/src/unifolm_vla/rlds_dataloader/datasets/rlds/utils) by extensions ['cmake', 'python']
[1.120s] Level 1:colcon.colcon_core.package_identification:_identify(g1/scripts/unifolm-vla_g1-main/src/unifolm_vla/rlds_dataloader/datasets/rlds/utils) by extension 'cmake'
[1.120s] Level 1:colcon.colcon_core.package_identification:_identify(g1/scripts/unifolm-vla_g1-main/src/unifolm_vla/rlds_dataloader/datasets/rlds/utils) by extension 'python'
[1.120s] Level 1:colcon.colcon_core.package_identification:_identify(g1/scripts/unifolm-vla_g1-main/src/unifolm_vla/rlds_dataloader/datasets/rlds/utils) by extensions ['python_setup_py']
[1.120s] Level 1:colcon.colcon_core.package_identification:_identify(g1/scripts/unifolm-vla_g1-main/src/unifolm_vla/rlds_dataloader/datasets/rlds/utils) by extension 'python_setup_py'
[1.121s] Level 1:colcon.colcon_core.package_identification:_identify(g1/scripts/unifolm-vla_g1-main/src/unifolm_vla/training) by extensions ['ignore', 'ignore_ament_install']
[1.121s] Level 1:colcon.colcon_core.package_identification:_identify(g1/scripts/unifolm-vla_g1-main/src/unifolm_vla/training) by extension 'ignore'
[1.121s] Level 1:colcon.colcon_core.package_identification:_identify(g1/scripts/unifolm-vla_g1-main/src/unifolm_vla/training) by extension 'ignore_ament_install'
[1.121s] Level 1:colcon.colcon_core.package_identification:_identify(g1/scripts/unifolm-vla_g1-main/src/unifolm_vla/training) by extensions ['colcon_pkg']
[1.121s] Level 1:colcon.colcon_core.package_identification:_identify(g1/scripts/unifolm-vla_g1-main/src/unifolm_vla/training) by extension 'colcon_pkg'
[1.121s] Level 1:colcon.colcon_core.package_identification:_identify(g1/scripts/unifolm-vla_g1-main/src/unifolm_vla/training) by extensions ['colcon_meta']
[1.121s] Level 1:colcon.colcon_core.package_identification:_identify(g1/scripts/unifolm-vla_g1-main/src/unifolm_vla/training) by extension 'colcon_meta'
[1.121s] Level 1:colcon.colcon_core.package_identification:_identify(g1/scripts/unifolm-vla_g1-main/src/unifolm_vla/training) by extensions ['ros']
[1.121s] Level 1:colcon.colcon_core.package_identification:_identify(g1/scripts/unifolm-vla_g1-main/src/unifolm_vla/training) by extension 'ros'
[1.121s] Level 1:colcon.colcon_core.package_identification:_identify(g1/scripts/unifolm-vla_g1-main/src/unifolm_vla/training) by extensions ['cmake', 'python']
[1.121s] Level 1:colcon.colcon_core.package_identification:_identify(g1/scripts/unifolm-vla_g1-main/src/unifolm_vla/training) by extension 'cmake'
[1.121s] Level 1:colcon.colcon_core.package_identification:_identify(g1/scripts/unifolm-vla_g1-main/src/unifolm_vla/training) by extension 'python'
[1.121s] Level 1:colcon.colcon_core.package_identification:_identify(g1/scripts/unifolm-vla_g1-main/src/unifolm_vla/training) by extensions ['python_setup_py']
[1.121s] Level 1:colcon.colcon_core.package_identification:_identify(g1/scripts/unifolm-vla_g1-main/src/unifolm_vla/training) by extension 'python_setup_py'
[1.122s] Level 1:colcon.colcon_core.package_identification:_identify(g1/scripts/unifolm-vla_g1-main/src/unifolm_vla/training/trainer_utils) by extensions ['ignore', 'ignore_ament_install']
[1.122s] Level 1:colcon.colcon_core.package_identification:_identify(g1/scripts/unifolm-vla_g1-main/src/unifolm_vla/training/trainer_utils) by extension 'ignore'
[1.122s] Level 1:colcon.colcon_core.package_identification:_identify(g1/scripts/unifolm-vla_g1-main/src/unifolm_vla/training/trainer_utils) by extension 'ignore_ament_install'
[1.122s] Level 1:colcon.colcon_core.package_identification:_identify(g1/scripts/unifolm-vla_g1-main/src/unifolm_vla/training/trainer_utils) by extensions ['colcon_pkg']
[1.122s] Level 1:colcon.colcon_core.package_identification:_identify(g1/scripts/unifolm-vla_g1-main/src/unifolm_vla/training/trainer_utils) by extension 'colcon_pkg'
[1.122s] Level 1:colcon.colcon_core.package_identification:_identify(g1/scripts/unifolm-vla_g1-main/src/unifolm_vla/training/trainer_utils) by extensions ['colcon_meta']
[1.122s] Level 1:colcon.colcon_core.package_identification:_identify(g1/scripts/unifolm-vla_g1-main/src/unifolm_vla/training/trainer_utils) by extension 'colcon_meta'
[1.122s] Level 1:colcon.colcon_core.package_identification:_identify(g1/scripts/unifolm-vla_g1-main/src/unifolm_vla/training/trainer_utils) by extensions ['ros']
[1.122s] Level 1:colcon.colcon_core.package_identification:_identify(g1/scripts/unifolm-vla_g1-main/src/unifolm_vla/training/trainer_utils) by extension 'ros'
[1.122s] Level 1:colcon.colcon_core.package_identification:_identify(g1/scripts/unifolm-vla_g1-main/src/unifolm_vla/training/trainer_utils) by extensions ['cmake', 'python']
[1.122s] Level 1:colcon.colcon_core.package_identification:_identify(g1/scripts/unifolm-vla_g1-main/src/unifolm_vla/training/trainer_utils) by extension 'cmake'
[1.122s] Level 1:colcon.colcon_core.package_identification:_identify(g1/scripts/unifolm-vla_g1-main/src/unifolm_vla/training/trainer_utils) by extension 'python'
[1.122s] Level 1:colcon.colcon_core.package_identification:_identify(g1/scripts/unifolm-vla_g1-main/src/unifolm_vla/training/trainer_utils) by extensions ['python_setup_py']
[1.122s] Level 1:colcon.colcon_core.package_identification:_identify(g1/scripts/unifolm-vla_g1-main/src/unifolm_vla/training/trainer_utils) by extension 'python_setup_py'
[1.123s] Level 1:colcon.colcon_core.package_identification:_identify(g1/scripts/usecases) by extensions ['ignore', 'ignore_ament_install']
[1.123s] Level 1:colcon.colcon_core.package_identification:_identify(g1/scripts/usecases) by extension 'ignore'
[1.123s] Level 1:colcon.colcon_core.package_identification:_identify(g1/scripts/usecases) by extension 'ignore_ament_install'
[1.123s] Level 1:colcon.colcon_core.package_identification:_identify(g1/scripts/usecases) by extensions ['colcon_pkg']
[1.123s] Level 1:colcon.colcon_core.package_identification:_identify(g1/scripts/usecases) by extension 'colcon_pkg'
[1.123s] Level 1:colcon.colcon_core.package_identification:_identify(g1/scripts/usecases) by extensions ['colcon_meta']
[1.123s] Level 1:colcon.colcon_core.package_identification:_identify(g1/scripts/usecases) by extension 'colcon_meta'
[1.123s] Level 1:colcon.colcon_core.package_identification:_identify(g1/scripts/usecases) by extensions ['ros']
[1.123s] Level 1:colcon.colcon_core.package_identification:_identify(g1/scripts/usecases) by extension 'ros'
[1.123s] Level 1:colcon.colcon_core.package_identification:_identify(g1/scripts/usecases) by extensions ['cmake', 'python']
[1.123s] Level 1:colcon.colcon_core.package_identification:_identify(g1/scripts/usecases) by extension 'cmake'
[1.123s] Level 1:colcon.colcon_core.package_identification:_identify(g1/scripts/usecases) by extension 'python'
[1.124s] Level 1:colcon.colcon_core.package_identification:_identify(g1/scripts/usecases) by extensions ['python_setup_py']
[1.124s] Level 1:colcon.colcon_core.package_identification:_identify(g1/scripts/usecases) by extension 'python_setup_py'
[1.124s] Level 1:colcon.colcon_core.package_identification:_identify(g1/scripts/usecases/boxing_bag_hunt) by extensions ['ignore', 'ignore_ament_install']
[1.124s] Level 1:colcon.colcon_core.package_identification:_identify(g1/scripts/usecases/boxing_bag_hunt) by extension 'ignore'
[1.124s] Level 1:colcon.colcon_core.package_identification:_identify(g1/scripts/usecases/boxing_bag_hunt) by extension 'ignore_ament_install'
[1.124s] Level 1:colcon.colcon_core.package_identification:_identify(g1/scripts/usecases/boxing_bag_hunt) by extensions ['colcon_pkg']
[1.124s] Level 1:colcon.colcon_core.package_identification:_identify(g1/scripts/usecases/boxing_bag_hunt) by extension 'colcon_pkg'
[1.124s] Level 1:colcon.colcon_core.package_identification:_identify(g1/scripts/usecases/boxing_bag_hunt) by extensions ['colcon_meta']
[1.124s] Level 1:colcon.colcon_core.package_identification:_identify(g1/scripts/usecases/boxing_bag_hunt) by extension 'colcon_meta'
[1.125s] Level 1:colcon.colcon_core.package_identification:_identify(g1/scripts/usecases/boxing_bag_hunt) by extensions ['ros']
[1.125s] Level 1:colcon.colcon_core.package_identification:_identify(g1/scripts/usecases/boxing_bag_hunt) by extension 'ros'
[1.125s] Level 1:colcon.colcon_core.package_identification:_identify(g1/scripts/usecases/boxing_bag_hunt) by extensions ['cmake', 'python']
[1.125s] Level 1:colcon.colcon_core.package_identification:_identify(g1/scripts/usecases/boxing_bag_hunt) by extension 'cmake'
[1.125s] Level 1:colcon.colcon_core.package_identification:_identify(g1/scripts/usecases/boxing_bag_hunt) by extension 'python'
[1.125s] Level 1:colcon.colcon_core.package_identification:_identify(g1/scripts/usecases/boxing_bag_hunt) by extensions ['python_setup_py']
[1.125s] Level 1:colcon.colcon_core.package_identification:_identify(g1/scripts/usecases/boxing_bag_hunt) by extension 'python_setup_py'
[1.126s] Level 1:colcon.colcon_core.package_identification:_identify(g1/sim) by extensions ['ignore', 'ignore_ament_install']
[1.126s] Level 1:colcon.colcon_core.package_identification:_identify(g1/sim) by extension 'ignore'
[1.126s] Level 1:colcon.colcon_core.package_identification:_identify(g1/sim) by extension 'ignore_ament_install'
[1.126s] Level 1:colcon.colcon_core.package_identification:_identify(g1/sim) by extensions ['colcon_pkg']
[1.126s] Level 1:colcon.colcon_core.package_identification:_identify(g1/sim) by extension 'colcon_pkg'
[1.126s] Level 1:colcon.colcon_core.package_identification:_identify(g1/sim) by extensions ['colcon_meta']
[1.126s] Level 1:colcon.colcon_core.package_identification:_identify(g1/sim) by extension 'colcon_meta'
[1.126s] Level 1:colcon.colcon_core.package_identification:_identify(g1/sim) by extensions ['ros']
[1.126s] Level 1:colcon.colcon_core.package_identification:_identify(g1/sim) by extension 'ros'
[1.126s] Level 1:colcon.colcon_core.package_identification:_identify(g1/sim) by extensions ['cmake', 'python']
[1.126s] Level 1:colcon.colcon_core.package_identification:_identify(g1/sim) by extension 'cmake'
[1.126s] Level 1:colcon.colcon_core.package_identification:_identify(g1/sim) by extension 'python'
[1.126s] Level 1:colcon.colcon_core.package_identification:_identify(g1/sim) by extensions ['python_setup_py']
[1.126s] Level 1:colcon.colcon_core.package_identification:_identify(g1/sim) by extension 'python_setup_py'
[1.127s] Level 1:colcon.colcon_core.package_identification:_identify(g1/sim/G1_rviz_simulation-main) by extensions ['ignore', 'ignore_ament_install']
[1.127s] Level 1:colcon.colcon_core.package_identification:_identify(g1/sim/G1_rviz_simulation-main) by extension 'ignore'
[1.127s] Level 1:colcon.colcon_core.package_identification:_identify(g1/sim/G1_rviz_simulation-main) by extension 'ignore_ament_install'
[1.127s] Level 1:colcon.colcon_core.package_identification:_identify(g1/sim/G1_rviz_simulation-main) by extensions ['colcon_pkg']
[1.127s] Level 1:colcon.colcon_core.package_identification:_identify(g1/sim/G1_rviz_simulation-main) by extension 'colcon_pkg'
[1.127s] Level 1:colcon.colcon_core.package_identification:_identify(g1/sim/G1_rviz_simulation-main) by extensions ['colcon_meta']
[1.127s] Level 1:colcon.colcon_core.package_identification:_identify(g1/sim/G1_rviz_simulation-main) by extension 'colcon_meta'
[1.127s] Level 1:colcon.colcon_core.package_identification:_identify(g1/sim/G1_rviz_simulation-main) by extensions ['ros']
[1.128s] Level 1:colcon.colcon_core.package_identification:_identify(g1/sim/G1_rviz_simulation-main) by extension 'ros'
[1.128s] Level 1:colcon.colcon_core.package_identification:_identify(g1/sim/G1_rviz_simulation-main) by extensions ['cmake', 'python']
[1.128s] Level 1:colcon.colcon_core.package_identification:_identify(g1/sim/G1_rviz_simulation-main) by extension 'cmake'
[1.128s] Level 1:colcon.colcon_core.package_identification:_identify(g1/sim/G1_rviz_simulation-main) by extension 'python'
[1.128s] Level 1:colcon.colcon_core.package_identification:_identify(g1/sim/G1_rviz_simulation-main) by extensions ['python_setup_py']
[1.128s] Level 1:colcon.colcon_core.package_identification:_identify(g1/sim/G1_rviz_simulation-main) by extension 'python_setup_py'
[1.128s] Level 1:colcon.colcon_core.package_identification:_identify(g1/sim/G1_rviz_simulation-main/G1_rviz_simulation-main) by extensions ['ignore', 'ignore_ament_install']
[1.128s] Level 1:colcon.colcon_core.package_identification:_identify(g1/sim/G1_rviz_simulation-main/G1_rviz_simulation-main) by extension 'ignore'
[1.128s] Level 1:colcon.colcon_core.package_identification:_identify(g1/sim/G1_rviz_simulation-main/G1_rviz_simulation-main) by extension 'ignore_ament_install'
[1.128s] Level 1:colcon.colcon_core.package_identification:_identify(g1/sim/G1_rviz_simulation-main/G1_rviz_simulation-main) by extensions ['colcon_pkg']
[1.128s] Level 1:colcon.colcon_core.package_identification:_identify(g1/sim/G1_rviz_simulation-main/G1_rviz_simulation-main) by extension 'colcon_pkg'
[1.129s] Level 1:colcon.colcon_core.package_identification:_identify(g1/sim/G1_rviz_simulation-main/G1_rviz_simulation-main) by extensions ['colcon_meta']
[1.129s] Level 1:colcon.colcon_core.package_identification:_identify(g1/sim/G1_rviz_simulation-main/G1_rviz_simulation-main) by extension 'colcon_meta'
[1.129s] Level 1:colcon.colcon_core.package_identification:_identify(g1/sim/G1_rviz_simulation-main/G1_rviz_simulation-main) by extensions ['ros']
[1.129s] Level 1:colcon.colcon_core.package_identification:_identify(g1/sim/G1_rviz_simulation-main/G1_rviz_simulation-main) by extension 'ros'
[1.133s] DEBUG:colcon.colcon_core.package_identification:Package 'g1/sim/G1_rviz_simulation-main/G1_rviz_simulation-main' with type 'ros.ament_python' and name 'g1_description'
[1.134s] Level 1:colcon.colcon_core.package_identification:_identify(g1/sim/mujoco) by extensions ['ignore', 'ignore_ament_install']
[1.134s] Level 1:colcon.colcon_core.package_identification:_identify(g1/sim/mujoco) by extension 'ignore'
[1.134s] Level 1:colcon.colcon_core.package_identification:_identify(g1/sim/mujoco) by extension 'ignore_ament_install'
[1.134s] Level 1:colcon.colcon_core.package_identification:_identify(g1/sim/mujoco) by extensions ['colcon_pkg']
[1.134s] Level 1:colcon.colcon_core.package_identification:_identify(g1/sim/mujoco) by extension 'colcon_pkg'
[1.134s] Level 1:colcon.colcon_core.package_identification:_identify(g1/sim/mujoco) by extensions ['colcon_meta']
[1.134s] Level 1:colcon.colcon_core.package_identification:_identify(g1/sim/mujoco) by extension 'colcon_meta'
[1.134s] Level 1:colcon.colcon_core.package_identification:_identify(g1/sim/mujoco) by extensions ['ros']
[1.134s] Level 1:colcon.colcon_core.package_identification:_identify(g1/sim/mujoco) by extension 'ros'
[1.134s] Level 1:colcon.colcon_core.package_identification:_identify(g1/sim/mujoco) by extensions ['cmake', 'python']
[1.134s] Level 1:colcon.colcon_core.package_identification:_identify(g1/sim/mujoco) by extension 'cmake'
[1.134s] Level 1:colcon.colcon_core.package_identification:_identify(g1/sim/mujoco) by extension 'python'
[1.134s] Level 1:colcon.colcon_core.package_identification:_identify(g1/sim/mujoco) by extensions ['python_setup_py']
[1.134s] Level 1:colcon.colcon_core.package_identification:_identify(g1/sim/mujoco) by extension 'python_setup_py'
[1.135s] Level 1:colcon.colcon_core.package_identification:_identify(g1/sim/mujoco/COM_viz) by extensions ['ignore', 'ignore_ament_install']
[1.135s] Level 1:colcon.colcon_core.package_identification:_identify(g1/sim/mujoco/COM_viz) by extension 'ignore'
[1.135s] Level 1:colcon.colcon_core.package_identification:_identify(g1/sim/mujoco/COM_viz) by extension 'ignore_ament_install'
[1.135s] Level 1:colcon.colcon_core.package_identification:_identify(g1/sim/mujoco/COM_viz) by extensions ['colcon_pkg']
[1.135s] Level 1:colcon.colcon_core.package_identification:_identify(g1/sim/mujoco/COM_viz) by extension 'colcon_pkg'
[1.135s] Level 1:colcon.colcon_core.package_identification:_identify(g1/sim/mujoco/COM_viz) by extensions ['colcon_meta']
[1.135s] Level 1:colcon.colcon_core.package_identification:_identify(g1/sim/mujoco/COM_viz) by extension 'colcon_meta'
[1.135s] Level 1:colcon.colcon_core.package_identification:_identify(g1/sim/mujoco/COM_viz) by extensions ['ros']
[1.135s] Level 1:colcon.colcon_core.package_identification:_identify(g1/sim/mujoco/COM_viz) by extension 'ros'
[1.135s] Level 1:colcon.colcon_core.package_identification:_identify(g1/sim/mujoco/COM_viz) by extensions ['cmake', 'python']
[1.135s] Level 1:colcon.colcon_core.package_identification:_identify(g1/sim/mujoco/COM_viz) by extension 'cmake'
[1.135s] Level 1:colcon.colcon_core.package_identification:_identify(g1/sim/mujoco/COM_viz) by extension 'python'
[1.136s] Level 1:colcon.colcon_core.package_identification:_identify(g1/sim/mujoco/COM_viz) by extensions ['python_setup_py']
[1.136s] Level 1:colcon.colcon_core.package_identification:_identify(g1/sim/mujoco/COM_viz) by extension 'python_setup_py'
[1.136s] Level 1:colcon.colcon_core.package_identification:_identify(g1/sim/mujoco/scripts) by extensions ['ignore', 'ignore_ament_install']
[1.136s] Level 1:colcon.colcon_core.package_identification:_identify(g1/sim/mujoco/scripts) by extension 'ignore'
[1.136s] Level 1:colcon.colcon_core.package_identification:_identify(g1/sim/mujoco/scripts) by extension 'ignore_ament_install'
[1.136s] Level 1:colcon.colcon_core.package_identification:_identify(g1/sim/mujoco/scripts) by extensions ['colcon_pkg']
[1.136s] Level 1:colcon.colcon_core.package_identification:_identify(g1/sim/mujoco/scripts) by extension 'colcon_pkg'
[1.136s] Level 1:colcon.colcon_core.package_identification:_identify(g1/sim/mujoco/scripts) by extensions ['colcon_meta']
[1.136s] Level 1:colcon.colcon_core.package_identification:_identify(g1/sim/mujoco/scripts) by extension 'colcon_meta'
[1.136s] Level 1:colcon.colcon_core.package_identification:_identify(g1/sim/mujoco/scripts) by extensions ['ros']
[1.136s] Level 1:colcon.colcon_core.package_identification:_identify(g1/sim/mujoco/scripts) by extension 'ros'
[1.136s] Level 1:colcon.colcon_core.package_identification:_identify(g1/sim/mujoco/scripts) by extensions ['cmake', 'python']
[1.136s] Level 1:colcon.colcon_core.package_identification:_identify(g1/sim/mujoco/scripts) by extension 'cmake'
[1.136s] Level 1:colcon.colcon_core.package_identification:_identify(g1/sim/mujoco/scripts) by extension 'python'
[1.137s] Level 1:colcon.colcon_core.package_identification:_identify(g1/sim/mujoco/scripts) by extensions ['python_setup_py']
[1.137s] Level 1:colcon.colcon_core.package_identification:_identify(g1/sim/mujoco/scripts) by extension 'python_setup_py'
[1.137s] Level 1:colcon.colcon_core.package_identification:_identify(g1/sim/unitree_robots) by extensions ['ignore', 'ignore_ament_install']
[1.137s] Level 1:colcon.colcon_core.package_identification:_identify(g1/sim/unitree_robots) by extension 'ignore'
[1.137s] Level 1:colcon.colcon_core.package_identification:_identify(g1/sim/unitree_robots) by extension 'ignore_ament_install'
[1.137s] Level 1:colcon.colcon_core.package_identification:_identify(g1/sim/unitree_robots) by extensions ['colcon_pkg']
[1.137s] Level 1:colcon.colcon_core.package_identification:_identify(g1/sim/unitree_robots) by extension 'colcon_pkg'
[1.137s] Level 1:colcon.colcon_core.package_identification:_identify(g1/sim/unitree_robots) by extensions ['colcon_meta']
[1.137s] Level 1:colcon.colcon_core.package_identification:_identify(g1/sim/unitree_robots) by extension 'colcon_meta'
[1.137s] Level 1:colcon.colcon_core.package_identification:_identify(g1/sim/unitree_robots) by extensions ['ros']
[1.137s] Level 1:colcon.colcon_core.package_identification:_identify(g1/sim/unitree_robots) by extension 'ros'
[1.137s] Level 1:colcon.colcon_core.package_identification:_identify(g1/sim/unitree_robots) by extensions ['cmake', 'python']
[1.137s] Level 1:colcon.colcon_core.package_identification:_identify(g1/sim/unitree_robots) by extension 'cmake'
[1.137s] Level 1:colcon.colcon_core.package_identification:_identify(g1/sim/unitree_robots) by extension 'python'
[1.138s] Level 1:colcon.colcon_core.package_identification:_identify(g1/sim/unitree_robots) by extensions ['python_setup_py']
[1.138s] Level 1:colcon.colcon_core.package_identification:_identify(g1/sim/unitree_robots) by extension 'python_setup_py'
[1.138s] Level 1:colcon.colcon_core.package_identification:_identify(g1/sim/unitree_robots/b2) by extensions ['ignore', 'ignore_ament_install']
[1.138s] Level 1:colcon.colcon_core.package_identification:_identify(g1/sim/unitree_robots/b2) by extension 'ignore'
[1.138s] Level 1:colcon.colcon_core.package_identification:_identify(g1/sim/unitree_robots/b2) by extension 'ignore_ament_install'
[1.138s] Level 1:colcon.colcon_core.package_identification:_identify(g1/sim/unitree_robots/b2) by extensions ['colcon_pkg']
[1.138s] Level 1:colcon.colcon_core.package_identification:_identify(g1/sim/unitree_robots/b2) by extension 'colcon_pkg'
[1.138s] Level 1:colcon.colcon_core.package_identification:_identify(g1/sim/unitree_robots/b2) by extensions ['colcon_meta']
[1.138s] Level 1:colcon.colcon_core.package_identification:_identify(g1/sim/unitree_robots/b2) by extension 'colcon_meta'
[1.138s] Level 1:colcon.colcon_core.package_identification:_identify(g1/sim/unitree_robots/b2) by extensions ['ros']
[1.138s] Level 1:colcon.colcon_core.package_identification:_identify(g1/sim/unitree_robots/b2) by extension 'ros'
[1.138s] Level 1:colcon.colcon_core.package_identification:_identify(g1/sim/unitree_robots/b2) by extensions ['cmake', 'python']
[1.139s] Level 1:colcon.colcon_core.package_identification:_identify(g1/sim/unitree_robots/b2) by extension 'cmake'
[1.139s] Level 1:colcon.colcon_core.package_identification:_identify(g1/sim/unitree_robots/b2) by extension 'python'
[1.139s] Level 1:colcon.colcon_core.package_identification:_identify(g1/sim/unitree_robots/b2) by extensions ['python_setup_py']
[1.139s] Level 1:colcon.colcon_core.package_identification:_identify(g1/sim/unitree_robots/b2) by extension 'python_setup_py'
[1.139s] Level 1:colcon.colcon_core.package_identification:_identify(g1/sim/unitree_robots/b2/assets) by extensions ['ignore', 'ignore_ament_install']
[1.139s] Level 1:colcon.colcon_core.package_identification:_identify(g1/sim/unitree_robots/b2/assets) by extension 'ignore'
[1.139s] Level 1:colcon.colcon_core.package_identification:_identify(g1/sim/unitree_robots/b2/assets) by extension 'ignore_ament_install'
[1.139s] Level 1:colcon.colcon_core.package_identification:_identify(g1/sim/unitree_robots/b2/assets) by extensions ['colcon_pkg']
[1.139s] Level 1:colcon.colcon_core.package_identification:_identify(g1/sim/unitree_robots/b2/assets) by extension 'colcon_pkg'
[1.139s] Level 1:colcon.colcon_core.package_identification:_identify(g1/sim/unitree_robots/b2/assets) by extensions ['colcon_meta']
[1.139s] Level 1:colcon.colcon_core.package_identification:_identify(g1/sim/unitree_robots/b2/assets) by extension 'colcon_meta'
[1.139s] Level 1:colcon.colcon_core.package_identification:_identify(g1/sim/unitree_robots/b2/assets) by extensions ['ros']
[1.139s] Level 1:colcon.colcon_core.package_identification:_identify(g1/sim/unitree_robots/b2/assets) by extension 'ros'
[1.140s] Level 1:colcon.colcon_core.package_identification:_identify(g1/sim/unitree_robots/b2/assets) by extensions ['cmake', 'python']
[1.140s] Level 1:colcon.colcon_core.package_identification:_identify(g1/sim/unitree_robots/b2/assets) by extension 'cmake'
[1.140s] Level 1:colcon.colcon_core.package_identification:_identify(g1/sim/unitree_robots/b2/assets) by extension 'python'
[1.140s] Level 1:colcon.colcon_core.package_identification:_identify(g1/sim/unitree_robots/b2/assets) by extensions ['python_setup_py']
[1.140s] Level 1:colcon.colcon_core.package_identification:_identify(g1/sim/unitree_robots/b2/assets) by extension 'python_setup_py'
[1.140s] Level 1:colcon.colcon_core.package_identification:_identify(g1/sim/unitree_robots/b2w) by extensions ['ignore', 'ignore_ament_install']
[1.140s] Level 1:colcon.colcon_core.package_identification:_identify(g1/sim/unitree_robots/b2w) by extension 'ignore'
[1.140s] Level 1:colcon.colcon_core.package_identification:_identify(g1/sim/unitree_robots/b2w) by extension 'ignore_ament_install'
[1.140s] Level 1:colcon.colcon_core.package_identification:_identify(g1/sim/unitree_robots/b2w) by extensions ['colcon_pkg']
[1.140s] Level 1:colcon.colcon_core.package_identification:_identify(g1/sim/unitree_robots/b2w) by extension 'colcon_pkg'
[1.140s] Level 1:colcon.colcon_core.package_identification:_identify(g1/sim/unitree_robots/b2w) by extensions ['colcon_meta']
[1.140s] Level 1:colcon.colcon_core.package_identification:_identify(g1/sim/unitree_robots/b2w) by extension 'colcon_meta'
[1.140s] Level 1:colcon.colcon_core.package_identification:_identify(g1/sim/unitree_robots/b2w) by extensions ['ros']
[1.140s] Level 1:colcon.colcon_core.package_identification:_identify(g1/sim/unitree_robots/b2w) by extension 'ros'
[1.141s] Level 1:colcon.colcon_core.package_identification:_identify(g1/sim/unitree_robots/b2w) by extensions ['cmake', 'python']
[1.141s] Level 1:colcon.colcon_core.package_identification:_identify(g1/sim/unitree_robots/b2w) by extension 'cmake'
[1.141s] Level 1:colcon.colcon_core.package_identification:_identify(g1/sim/unitree_robots/b2w) by extension 'python'
[1.141s] Level 1:colcon.colcon_core.package_identification:_identify(g1/sim/unitree_robots/b2w) by extensions ['python_setup_py']
[1.141s] Level 1:colcon.colcon_core.package_identification:_identify(g1/sim/unitree_robots/b2w) by extension 'python_setup_py'
[1.141s] Level 1:colcon.colcon_core.package_identification:_identify(g1/sim/unitree_robots/b2w/assets) by extensions ['ignore', 'ignore_ament_install']
[1.141s] Level 1:colcon.colcon_core.package_identification:_identify(g1/sim/unitree_robots/b2w/assets) by extension 'ignore'
[1.141s] Level 1:colcon.colcon_core.package_identification:_identify(g1/sim/unitree_robots/b2w/assets) by extension 'ignore_ament_install'
[1.142s] Level 1:colcon.colcon_core.package_identification:_identify(g1/sim/unitree_robots/b2w/assets) by extensions ['colcon_pkg']
[1.142s] Level 1:colcon.colcon_core.package_identification:_identify(g1/sim/unitree_robots/b2w/assets) by extension 'colcon_pkg'
[1.142s] Level 1:colcon.colcon_core.package_identification:_identify(g1/sim/unitree_robots/b2w/assets) by extensions ['colcon_meta']
[1.142s] Level 1:colcon.colcon_core.package_identification:_identify(g1/sim/unitree_robots/b2w/assets) by extension 'colcon_meta'
[1.142s] Level 1:colcon.colcon_core.package_identification:_identify(g1/sim/unitree_robots/b2w/assets) by extensions ['ros']
[1.142s] Level 1:colcon.colcon_core.package_identification:_identify(g1/sim/unitree_robots/b2w/assets) by extension 'ros'
[1.142s] Level 1:colcon.colcon_core.package_identification:_identify(g1/sim/unitree_robots/b2w/assets) by extensions ['cmake', 'python']
[1.142s] Level 1:colcon.colcon_core.package_identification:_identify(g1/sim/unitree_robots/b2w/assets) by extension 'cmake'
[1.142s] Level 1:colcon.colcon_core.package_identification:_identify(g1/sim/unitree_robots/b2w/assets) by extension 'python'
[1.142s] Level 1:colcon.colcon_core.package_identification:_identify(g1/sim/unitree_robots/b2w/assets) by extensions ['python_setup_py']
[1.142s] Level 1:colcon.colcon_core.package_identification:_identify(g1/sim/unitree_robots/b2w/assets) by extension 'python_setup_py'
[1.143s] Level 1:colcon.colcon_core.package_identification:_identify(g1/sim/unitree_robots/g1) by extensions ['ignore', 'ignore_ament_install']
[1.143s] Level 1:colcon.colcon_core.package_identification:_identify(g1/sim/unitree_robots/g1) by extension 'ignore'
[1.144s] Level 1:colcon.colcon_core.package_identification:_identify(g1/sim/unitree_robots/g1) by extension 'ignore_ament_install'
[1.144s] Level 1:colcon.colcon_core.package_identification:_identify(g1/sim/unitree_robots/g1) by extensions ['colcon_pkg']
[1.144s] Level 1:colcon.colcon_core.package_identification:_identify(g1/sim/unitree_robots/g1) by extension 'colcon_pkg'
[1.144s] Level 1:colcon.colcon_core.package_identification:_identify(g1/sim/unitree_robots/g1) by extensions ['colcon_meta']
[1.144s] Level 1:colcon.colcon_core.package_identification:_identify(g1/sim/unitree_robots/g1) by extension 'colcon_meta'
[1.144s] Level 1:colcon.colcon_core.package_identification:_identify(g1/sim/unitree_robots/g1) by extensions ['ros']
[1.144s] Level 1:colcon.colcon_core.package_identification:_identify(g1/sim/unitree_robots/g1) by extension 'ros'
[1.144s] Level 1:colcon.colcon_core.package_identification:_identify(g1/sim/unitree_robots/g1) by extensions ['cmake', 'python']
[1.144s] Level 1:colcon.colcon_core.package_identification:_identify(g1/sim/unitree_robots/g1) by extension 'cmake'
[1.144s] Level 1:colcon.colcon_core.package_identification:_identify(g1/sim/unitree_robots/g1) by extension 'python'
[1.144s] Level 1:colcon.colcon_core.package_identification:_identify(g1/sim/unitree_robots/g1) by extensions ['python_setup_py']
[1.144s] Level 1:colcon.colcon_core.package_identification:_identify(g1/sim/unitree_robots/g1) by extension 'python_setup_py'
[1.145s] Level 1:colcon.colcon_core.package_identification:_identify(g1/sim/unitree_robots/g1/images) by extensions ['ignore', 'ignore_ament_install']
[1.145s] Level 1:colcon.colcon_core.package_identification:_identify(g1/sim/unitree_robots/g1/images) by extension 'ignore'
[1.145s] Level 1:colcon.colcon_core.package_identification:_identify(g1/sim/unitree_robots/g1/images) by extension 'ignore_ament_install'
[1.145s] Level 1:colcon.colcon_core.package_identification:_identify(g1/sim/unitree_robots/g1/images) by extensions ['colcon_pkg']
[1.145s] Level 1:colcon.colcon_core.package_identification:_identify(g1/sim/unitree_robots/g1/images) by extension 'colcon_pkg'
[1.145s] Level 1:colcon.colcon_core.package_identification:_identify(g1/sim/unitree_robots/g1/images) by extensions ['colcon_meta']
[1.145s] Level 1:colcon.colcon_core.package_identification:_identify(g1/sim/unitree_robots/g1/images) by extension 'colcon_meta'
[1.145s] Level 1:colcon.colcon_core.package_identification:_identify(g1/sim/unitree_robots/g1/images) by extensions ['ros']
[1.145s] Level 1:colcon.colcon_core.package_identification:_identify(g1/sim/unitree_robots/g1/images) by extension 'ros'
[1.145s] Level 1:colcon.colcon_core.package_identification:_identify(g1/sim/unitree_robots/g1/images) by extensions ['cmake', 'python']
[1.145s] Level 1:colcon.colcon_core.package_identification:_identify(g1/sim/unitree_robots/g1/images) by extension 'cmake'
[1.145s] Level 1:colcon.colcon_core.package_identification:_identify(g1/sim/unitree_robots/g1/images) by extension 'python'
[1.145s] Level 1:colcon.colcon_core.package_identification:_identify(g1/sim/unitree_robots/g1/images) by extensions ['python_setup_py']
[1.145s] Level 1:colcon.colcon_core.package_identification:_identify(g1/sim/unitree_robots/g1/images) by extension 'python_setup_py'
[1.147s] Level 1:colcon.colcon_core.package_identification:_identify(g1/sim/unitree_robots/g1/meshes) by extensions ['ignore', 'ignore_ament_install']
[1.147s] Level 1:colcon.colcon_core.package_identification:_identify(g1/sim/unitree_robots/g1/meshes) by extension 'ignore'
[1.147s] Level 1:colcon.colcon_core.package_identification:_identify(g1/sim/unitree_robots/g1/meshes) by extension 'ignore_ament_install'
[1.147s] Level 1:colcon.colcon_core.package_identification:_identify(g1/sim/unitree_robots/g1/meshes) by extensions ['colcon_pkg']
[1.147s] Level 1:colcon.colcon_core.package_identification:_identify(g1/sim/unitree_robots/g1/meshes) by extension 'colcon_pkg'
[1.147s] Level 1:colcon.colcon_core.package_identification:_identify(g1/sim/unitree_robots/g1/meshes) by extensions ['colcon_meta']
[1.147s] Level 1:colcon.colcon_core.package_identification:_identify(g1/sim/unitree_robots/g1/meshes) by extension 'colcon_meta'
[1.147s] Level 1:colcon.colcon_core.package_identification:_identify(g1/sim/unitree_robots/g1/meshes) by extensions ['ros']
[1.147s] Level 1:colcon.colcon_core.package_identification:_identify(g1/sim/unitree_robots/g1/meshes) by extension 'ros'
[1.147s] Level 1:colcon.colcon_core.package_identification:_identify(g1/sim/unitree_robots/g1/meshes) by extensions ['cmake', 'python']
[1.147s] Level 1:colcon.colcon_core.package_identification:_identify(g1/sim/unitree_robots/g1/meshes) by extension 'cmake'
[1.147s] Level 1:colcon.colcon_core.package_identification:_identify(g1/sim/unitree_robots/g1/meshes) by extension 'python'
[1.147s] Level 1:colcon.colcon_core.package_identification:_identify(g1/sim/unitree_robots/g1/meshes) by extensions ['python_setup_py']
[1.147s] Level 1:colcon.colcon_core.package_identification:_identify(g1/sim/unitree_robots/g1/meshes) by extension 'python_setup_py'
[1.148s] Level 1:colcon.colcon_core.package_identification:_identify(g1/sim/unitree_robots/go2) by extensions ['ignore', 'ignore_ament_install']
[1.148s] Level 1:colcon.colcon_core.package_identification:_identify(g1/sim/unitree_robots/go2) by extension 'ignore'
[1.148s] Level 1:colcon.colcon_core.package_identification:_identify(g1/sim/unitree_robots/go2) by extension 'ignore_ament_install'
[1.148s] Level 1:colcon.colcon_core.package_identification:_identify(g1/sim/unitree_robots/go2) by extensions ['colcon_pkg']
[1.148s] Level 1:colcon.colcon_core.package_identification:_identify(g1/sim/unitree_robots/go2) by extension 'colcon_pkg'
[1.148s] Level 1:colcon.colcon_core.package_identification:_identify(g1/sim/unitree_robots/go2) by extensions ['colcon_meta']
[1.148s] Level 1:colcon.colcon_core.package_identification:_identify(g1/sim/unitree_robots/go2) by extension 'colcon_meta'
[1.148s] Level 1:colcon.colcon_core.package_identification:_identify(g1/sim/unitree_robots/go2) by extensions ['ros']
[1.148s] Level 1:colcon.colcon_core.package_identification:_identify(g1/sim/unitree_robots/go2) by extension 'ros'
[1.148s] Level 1:colcon.colcon_core.package_identification:_identify(g1/sim/unitree_robots/go2) by extensions ['cmake', 'python']
[1.148s] Level 1:colcon.colcon_core.package_identification:_identify(g1/sim/unitree_robots/go2) by extension 'cmake'
[1.148s] Level 1:colcon.colcon_core.package_identification:_identify(g1/sim/unitree_robots/go2) by extension 'python'
[1.148s] Level 1:colcon.colcon_core.package_identification:_identify(g1/sim/unitree_robots/go2) by extensions ['python_setup_py']
[1.148s] Level 1:colcon.colcon_core.package_identification:_identify(g1/sim/unitree_robots/go2) by extension 'python_setup_py'
[1.149s] Level 1:colcon.colcon_core.package_identification:_identify(g1/sim/unitree_robots/go2/assets) by extensions ['ignore', 'ignore_ament_install']
[1.149s] Level 1:colcon.colcon_core.package_identification:_identify(g1/sim/unitree_robots/go2/assets) by extension 'ignore'
[1.149s] Level 1:colcon.colcon_core.package_identification:_identify(g1/sim/unitree_robots/go2/assets) by extension 'ignore_ament_install'
[1.149s] Level 1:colcon.colcon_core.package_identification:_identify(g1/sim/unitree_robots/go2/assets) by extensions ['colcon_pkg']
[1.149s] Level 1:colcon.colcon_core.package_identification:_identify(g1/sim/unitree_robots/go2/assets) by extension 'colcon_pkg'
[1.149s] Level 1:colcon.colcon_core.package_identification:_identify(g1/sim/unitree_robots/go2/assets) by extensions ['colcon_meta']
[1.149s] Level 1:colcon.colcon_core.package_identification:_identify(g1/sim/unitree_robots/go2/assets) by extension 'colcon_meta'
[1.149s] Level 1:colcon.colcon_core.package_identification:_identify(g1/sim/unitree_robots/go2/assets) by extensions ['ros']
[1.149s] Level 1:colcon.colcon_core.package_identification:_identify(g1/sim/unitree_robots/go2/assets) by extension 'ros'
[1.149s] Level 1:colcon.colcon_core.package_identification:_identify(g1/sim/unitree_robots/go2/assets) by extensions ['cmake', 'python']
[1.149s] Level 1:colcon.colcon_core.package_identification:_identify(g1/sim/unitree_robots/go2/assets) by extension 'cmake'
[1.149s] Level 1:colcon.colcon_core.package_identification:_identify(g1/sim/unitree_robots/go2/assets) by extension 'python'
[1.150s] Level 1:colcon.colcon_core.package_identification:_identify(g1/sim/unitree_robots/go2/assets) by extensions ['python_setup_py']
[1.150s] Level 1:colcon.colcon_core.package_identification:_identify(g1/sim/unitree_robots/go2/assets) by extension 'python_setup_py'
[1.150s] Level 1:colcon.colcon_core.package_identification:_identify(g1/sim/unitree_robots/go2w) by extensions ['ignore', 'ignore_ament_install']
[1.151s] Level 1:colcon.colcon_core.package_identification:_identify(g1/sim/unitree_robots/go2w) by extension 'ignore'
[1.151s] Level 1:colcon.colcon_core.package_identification:_identify(g1/sim/unitree_robots/go2w) by extension 'ignore_ament_install'
[1.151s] Level 1:colcon.colcon_core.package_identification:_identify(g1/sim/unitree_robots/go2w) by extensions ['colcon_pkg']
[1.151s] Level 1:colcon.colcon_core.package_identification:_identify(g1/sim/unitree_robots/go2w) by extension 'colcon_pkg'
[1.151s] Level 1:colcon.colcon_core.package_identification:_identify(g1/sim/unitree_robots/go2w) by extensions ['colcon_meta']
[1.151s] Level 1:colcon.colcon_core.package_identification:_identify(g1/sim/unitree_robots/go2w) by extension 'colcon_meta'
[1.151s] Level 1:colcon.colcon_core.package_identification:_identify(g1/sim/unitree_robots/go2w) by extensions ['ros']
[1.152s] Level 1:colcon.colcon_core.package_identification:_identify(g1/sim/unitree_robots/go2w) by extension 'ros'
[1.152s] Level 1:colcon.colcon_core.package_identification:_identify(g1/sim/unitree_robots/go2w) by extensions ['cmake', 'python']
[1.152s] Level 1:colcon.colcon_core.package_identification:_identify(g1/sim/unitree_robots/go2w) by extension 'cmake'
[1.152s] Level 1:colcon.colcon_core.package_identification:_identify(g1/sim/unitree_robots/go2w) by extension 'python'
[1.152s] Level 1:colcon.colcon_core.package_identification:_identify(g1/sim/unitree_robots/go2w) by extensions ['python_setup_py']
[1.152s] Level 1:colcon.colcon_core.package_identification:_identify(g1/sim/unitree_robots/go2w) by extension 'python_setup_py'
[1.153s] Level 1:colcon.colcon_core.package_identification:_identify(g1/sim/unitree_robots/go2w/assets) by extensions ['ignore', 'ignore_ament_install']
[1.153s] Level 1:colcon.colcon_core.package_identification:_identify(g1/sim/unitree_robots/go2w/assets) by extension 'ignore'
[1.153s] Level 1:colcon.colcon_core.package_identification:_identify(g1/sim/unitree_robots/go2w/assets) by extension 'ignore_ament_install'
[1.153s] Level 1:colcon.colcon_core.package_identification:_identify(g1/sim/unitree_robots/go2w/assets) by extensions ['colcon_pkg']
[1.153s] Level 1:colcon.colcon_core.package_identification:_identify(g1/sim/unitree_robots/go2w/assets) by extension 'colcon_pkg'
[1.153s] Level 1:colcon.colcon_core.package_identification:_identify(g1/sim/unitree_robots/go2w/assets) by extensions ['colcon_meta']
[1.153s] Level 1:colcon.colcon_core.package_identification:_identify(g1/sim/unitree_robots/go2w/assets) by extension 'colcon_meta'
[1.153s] Level 1:colcon.colcon_core.package_identification:_identify(g1/sim/unitree_robots/go2w/assets) by extensions ['ros']
[1.153s] Level 1:colcon.colcon_core.package_identification:_identify(g1/sim/unitree_robots/go2w/assets) by extension 'ros'
[1.153s] Level 1:colcon.colcon_core.package_identification:_identify(g1/sim/unitree_robots/go2w/assets) by extensions ['cmake', 'python']
[1.153s] Level 1:colcon.colcon_core.package_identification:_identify(g1/sim/unitree_robots/go2w/assets) by extension 'cmake'
[1.153s] Level 1:colcon.colcon_core.package_identification:_identify(g1/sim/unitree_robots/go2w/assets) by extension 'python'
[1.153s] Level 1:colcon.colcon_core.package_identification:_identify(g1/sim/unitree_robots/go2w/assets) by extensions ['python_setup_py']
[1.153s] Level 1:colcon.colcon_core.package_identification:_identify(g1/sim/unitree_robots/go2w/assets) by extension 'python_setup_py'
[1.154s] Level 1:colcon.colcon_core.package_identification:_identify(g1/sim/unitree_robots/h1) by extensions ['ignore', 'ignore_ament_install']
[1.154s] Level 1:colcon.colcon_core.package_identification:_identify(g1/sim/unitree_robots/h1) by extension 'ignore'
[1.154s] Level 1:colcon.colcon_core.package_identification:_identify(g1/sim/unitree_robots/h1) by extension 'ignore_ament_install'
[1.154s] Level 1:colcon.colcon_core.package_identification:_identify(g1/sim/unitree_robots/h1) by extensions ['colcon_pkg']
[1.154s] Level 1:colcon.colcon_core.package_identification:_identify(g1/sim/unitree_robots/h1) by extension 'colcon_pkg'
[1.154s] Level 1:colcon.colcon_core.package_identification:_identify(g1/sim/unitree_robots/h1) by extensions ['colcon_meta']
[1.154s] Level 1:colcon.colcon_core.package_identification:_identify(g1/sim/unitree_robots/h1) by extension 'colcon_meta'
[1.154s] Level 1:colcon.colcon_core.package_identification:_identify(g1/sim/unitree_robots/h1) by extensions ['ros']
[1.154s] Level 1:colcon.colcon_core.package_identification:_identify(g1/sim/unitree_robots/h1) by extension 'ros'
[1.154s] Level 1:colcon.colcon_core.package_identification:_identify(g1/sim/unitree_robots/h1) by extensions ['cmake', 'python']
[1.154s] Level 1:colcon.colcon_core.package_identification:_identify(g1/sim/unitree_robots/h1) by extension 'cmake'
[1.154s] Level 1:colcon.colcon_core.package_identification:_identify(g1/sim/unitree_robots/h1) by extension 'python'
[1.154s] Level 1:colcon.colcon_core.package_identification:_identify(g1/sim/unitree_robots/h1) by extensions ['python_setup_py']
[1.154s] Level 1:colcon.colcon_core.package_identification:_identify(g1/sim/unitree_robots/h1) by extension 'python_setup_py'
[1.155s] Level 1:colcon.colcon_core.package_identification:_identify(g1/sim/unitree_robots/h1/assets) by extensions ['ignore', 'ignore_ament_install']
[1.155s] Level 1:colcon.colcon_core.package_identification:_identify(g1/sim/unitree_robots/h1/assets) by extension 'ignore'
[1.155s] Level 1:colcon.colcon_core.package_identification:_identify(g1/sim/unitree_robots/h1/assets) by extension 'ignore_ament_install'
[1.155s] Level 1:colcon.colcon_core.package_identification:_identify(g1/sim/unitree_robots/h1/assets) by extensions ['colcon_pkg']
[1.155s] Level 1:colcon.colcon_core.package_identification:_identify(g1/sim/unitree_robots/h1/assets) by extension 'colcon_pkg'
[1.155s] Level 1:colcon.colcon_core.package_identification:_identify(g1/sim/unitree_robots/h1/assets) by extensions ['colcon_meta']
[1.155s] Level 1:colcon.colcon_core.package_identification:_identify(g1/sim/unitree_robots/h1/assets) by extension 'colcon_meta'
[1.155s] Level 1:colcon.colcon_core.package_identification:_identify(g1/sim/unitree_robots/h1/assets) by extensions ['ros']
[1.155s] Level 1:colcon.colcon_core.package_identification:_identify(g1/sim/unitree_robots/h1/assets) by extension 'ros'
[1.155s] Level 1:colcon.colcon_core.package_identification:_identify(g1/sim/unitree_robots/h1/assets) by extensions ['cmake', 'python']
[1.155s] Level 1:colcon.colcon_core.package_identification:_identify(g1/sim/unitree_robots/h1/assets) by extension 'cmake'
[1.155s] Level 1:colcon.colcon_core.package_identification:_identify(g1/sim/unitree_robots/h1/assets) by extension 'python'
[1.155s] Level 1:colcon.colcon_core.package_identification:_identify(g1/sim/unitree_robots/h1/assets) by extensions ['python_setup_py']
[1.156s] Level 1:colcon.colcon_core.package_identification:_identify(g1/sim/unitree_robots/h1/assets) by extension 'python_setup_py'
[1.156s] Level 1:colcon.colcon_core.package_identification:_identify(g1/sim/unitree_robots/h1_2) by extensions ['ignore', 'ignore_ament_install']
[1.156s] Level 1:colcon.colcon_core.package_identification:_identify(g1/sim/unitree_robots/h1_2) by extension 'ignore'
[1.156s] Level 1:colcon.colcon_core.package_identification:_identify(g1/sim/unitree_robots/h1_2) by extension 'ignore_ament_install'
[1.156s] Level 1:colcon.colcon_core.package_identification:_identify(g1/sim/unitree_robots/h1_2) by extensions ['colcon_pkg']
[1.156s] Level 1:colcon.colcon_core.package_identification:_identify(g1/sim/unitree_robots/h1_2) by extension 'colcon_pkg'
[1.156s] Level 1:colcon.colcon_core.package_identification:_identify(g1/sim/unitree_robots/h1_2) by extensions ['colcon_meta']
[1.156s] Level 1:colcon.colcon_core.package_identification:_identify(g1/sim/unitree_robots/h1_2) by extension 'colcon_meta'
[1.156s] Level 1:colcon.colcon_core.package_identification:_identify(g1/sim/unitree_robots/h1_2) by extensions ['ros']
[1.156s] Level 1:colcon.colcon_core.package_identification:_identify(g1/sim/unitree_robots/h1_2) by extension 'ros'
[1.156s] Level 1:colcon.colcon_core.package_identification:_identify(g1/sim/unitree_robots/h1_2) by extensions ['cmake', 'python']
[1.156s] Level 1:colcon.colcon_core.package_identification:_identify(g1/sim/unitree_robots/h1_2) by extension 'cmake'
[1.156s] Level 1:colcon.colcon_core.package_identification:_identify(g1/sim/unitree_robots/h1_2) by extension 'python'
[1.157s] Level 1:colcon.colcon_core.package_identification:_identify(g1/sim/unitree_robots/h1_2) by extensions ['python_setup_py']
[1.157s] Level 1:colcon.colcon_core.package_identification:_identify(g1/sim/unitree_robots/h1_2) by extension 'python_setup_py'
[1.157s] Level 1:colcon.colcon_core.package_identification:_identify(g1/sim/unitree_robots/h1_2/meshes) by extensions ['ignore', 'ignore_ament_install']
[1.157s] Level 1:colcon.colcon_core.package_identification:_identify(g1/sim/unitree_robots/h1_2/meshes) by extension 'ignore'
[1.157s] Level 1:colcon.colcon_core.package_identification:_identify(g1/sim/unitree_robots/h1_2/meshes) by extension 'ignore_ament_install'
[1.157s] Level 1:colcon.colcon_core.package_identification:_identify(g1/sim/unitree_robots/h1_2/meshes) by extensions ['colcon_pkg']
[1.157s] Level 1:colcon.colcon_core.package_identification:_identify(g1/sim/unitree_robots/h1_2/meshes) by extension 'colcon_pkg'
[1.157s] Level 1:colcon.colcon_core.package_identification:_identify(g1/sim/unitree_robots/h1_2/meshes) by extensions ['colcon_meta']
[1.157s] Level 1:colcon.colcon_core.package_identification:_identify(g1/sim/unitree_robots/h1_2/meshes) by extension 'colcon_meta'
[1.157s] Level 1:colcon.colcon_core.package_identification:_identify(g1/sim/unitree_robots/h1_2/meshes) by extensions ['ros']
[1.157s] Level 1:colcon.colcon_core.package_identification:_identify(g1/sim/unitree_robots/h1_2/meshes) by extension 'ros'
[1.157s] Level 1:colcon.colcon_core.package_identification:_identify(g1/sim/unitree_robots/h1_2/meshes) by extensions ['cmake', 'python']
[1.157s] Level 1:colcon.colcon_core.package_identification:_identify(g1/sim/unitree_robots/h1_2/meshes) by extension 'cmake'
[1.157s] Level 1:colcon.colcon_core.package_identification:_identify(g1/sim/unitree_robots/h1_2/meshes) by extension 'python'
[1.158s] Level 1:colcon.colcon_core.package_identification:_identify(g1/sim/unitree_robots/h1_2/meshes) by extensions ['python_setup_py']
[1.158s] Level 1:colcon.colcon_core.package_identification:_identify(g1/sim/unitree_robots/h1_2/meshes) by extension 'python_setup_py'
[1.158s] Level 1:colcon.colcon_core.package_identification:_identify(go2) by extensions ['ignore', 'ignore_ament_install']
[1.158s] Level 1:colcon.colcon_core.package_identification:_identify(go2) by extension 'ignore'
[1.158s] Level 1:colcon.colcon_core.package_identification:_identify(go2) by extension 'ignore_ament_install'
[1.158s] Level 1:colcon.colcon_core.package_identification:_identify(go2) by extensions ['colcon_pkg']
[1.158s] Level 1:colcon.colcon_core.package_identification:_identify(go2) by extension 'colcon_pkg'
[1.159s] Level 1:colcon.colcon_core.package_identification:_identify(go2) by extensions ['colcon_meta']
[1.159s] Level 1:colcon.colcon_core.package_identification:_identify(go2) by extension 'colcon_meta'
[1.159s] Level 1:colcon.colcon_core.package_identification:_identify(go2) by extensions ['ros']
[1.159s] Level 1:colcon.colcon_core.package_identification:_identify(go2) by extension 'ros'
[1.159s] Level 1:colcon.colcon_core.package_identification:_identify(go2) by extensions ['cmake', 'python']
[1.159s] Level 1:colcon.colcon_core.package_identification:_identify(go2) by extension 'cmake'
[1.159s] Level 1:colcon.colcon_core.package_identification:_identify(go2) by extension 'python'
[1.160s] Level 1:colcon.colcon_core.package_identification:_identify(go2) by extensions ['python_setup_py']
[1.160s] Level 1:colcon.colcon_core.package_identification:_identify(go2) by extension 'python_setup_py'
[1.160s] Level 1:colcon.colcon_core.package_identification:_identify(go2/maps) by extensions ['ignore', 'ignore_ament_install']
[1.160s] Level 1:colcon.colcon_core.package_identification:_identify(go2/maps) by extension 'ignore'
[1.160s] Level 1:colcon.colcon_core.package_identification:_identify(go2/maps) by extension 'ignore_ament_install'
[1.160s] Level 1:colcon.colcon_core.package_identification:_identify(go2/maps) by extensions ['colcon_pkg']
[1.161s] Level 1:colcon.colcon_core.package_identification:_identify(go2/maps) by extension 'colcon_pkg'
[1.161s] Level 1:colcon.colcon_core.package_identification:_identify(go2/maps) by extensions ['colcon_meta']
[1.161s] Level 1:colcon.colcon_core.package_identification:_identify(go2/maps) by extension 'colcon_meta'
[1.161s] Level 1:colcon.colcon_core.package_identification:_identify(go2/maps) by extensions ['ros']
[1.161s] Level 1:colcon.colcon_core.package_identification:_identify(go2/maps) by extension 'ros'
[1.161s] Level 1:colcon.colcon_core.package_identification:_identify(go2/maps) by extensions ['cmake', 'python']
[1.161s] Level 1:colcon.colcon_core.package_identification:_identify(go2/maps) by extension 'cmake'
[1.161s] Level 1:colcon.colcon_core.package_identification:_identify(go2/maps) by extension 'python'
[1.161s] Level 1:colcon.colcon_core.package_identification:_identify(go2/maps) by extensions ['python_setup_py']
[1.161s] Level 1:colcon.colcon_core.package_identification:_identify(go2/maps) by extension 'python_setup_py'
[1.161s] Level 1:colcon.colcon_core.package_identification:_identify(go2/scripts) by extensions ['ignore', 'ignore_ament_install']
[1.161s] Level 1:colcon.colcon_core.package_identification:_identify(go2/scripts) by extension 'ignore'
[1.162s] Level 1:colcon.colcon_core.package_identification:_identify(go2/scripts) by extension 'ignore_ament_install'
[1.162s] Level 1:colcon.colcon_core.package_identification:_identify(go2/scripts) by extensions ['colcon_pkg']
[1.162s] Level 1:colcon.colcon_core.package_identification:_identify(go2/scripts) by extension 'colcon_pkg'
[1.162s] Level 1:colcon.colcon_core.package_identification:_identify(go2/scripts) by extensions ['colcon_meta']
[1.162s] Level 1:colcon.colcon_core.package_identification:_identify(go2/scripts) by extension 'colcon_meta'
[1.162s] Level 1:colcon.colcon_core.package_identification:_identify(go2/scripts) by extensions ['ros']
[1.162s] Level 1:colcon.colcon_core.package_identification:_identify(go2/scripts) by extension 'ros'
[1.162s] Level 1:colcon.colcon_core.package_identification:_identify(go2/scripts) by extensions ['cmake', 'python']
[1.162s] Level 1:colcon.colcon_core.package_identification:_identify(go2/scripts) by extension 'cmake'
[1.162s] Level 1:colcon.colcon_core.package_identification:_identify(go2/scripts) by extension 'python'
[1.162s] Level 1:colcon.colcon_core.package_identification:_identify(go2/scripts) by extensions ['python_setup_py']
[1.162s] Level 1:colcon.colcon_core.package_identification:_identify(go2/scripts) by extension 'python_setup_py'
[1.162s] Level 1:colcon.colcon_core.package_identification:_identify(go2/scripts/VLA) by extensions ['ignore', 'ignore_ament_install']
[1.163s] Level 1:colcon.colcon_core.package_identification:_identify(go2/scripts/VLA) by extension 'ignore'
[1.163s] Level 1:colcon.colcon_core.package_identification:_identify(go2/scripts/VLA) by extension 'ignore_ament_install'
[1.163s] Level 1:colcon.colcon_core.package_identification:_identify(go2/scripts/VLA) by extensions ['colcon_pkg']
[1.163s] Level 1:colcon.colcon_core.package_identification:_identify(go2/scripts/VLA) by extension 'colcon_pkg'
[1.163s] Level 1:colcon.colcon_core.package_identification:_identify(go2/scripts/VLA) by extensions ['colcon_meta']
[1.163s] Level 1:colcon.colcon_core.package_identification:_identify(go2/scripts/VLA) by extension 'colcon_meta'
[1.163s] Level 1:colcon.colcon_core.package_identification:_identify(go2/scripts/VLA) by extensions ['ros']
[1.163s] Level 1:colcon.colcon_core.package_identification:_identify(go2/scripts/VLA) by extension 'ros'
[1.163s] Level 1:colcon.colcon_core.package_identification:_identify(go2/scripts/VLA) by extensions ['cmake', 'python']
[1.163s] Level 1:colcon.colcon_core.package_identification:_identify(go2/scripts/VLA) by extension 'cmake'
[1.163s] Level 1:colcon.colcon_core.package_identification:_identify(go2/scripts/VLA) by extension 'python'
[1.163s] Level 1:colcon.colcon_core.package_identification:_identify(go2/scripts/VLA) by extensions ['python_setup_py']
[1.163s] Level 1:colcon.colcon_core.package_identification:_identify(go2/scripts/VLA) by extension 'python_setup_py'
[1.164s] Level 1:colcon.colcon_core.package_identification:_identify(go2/scripts/VLA/hf_vla) by extensions ['ignore', 'ignore_ament_install']
[1.164s] Level 1:colcon.colcon_core.package_identification:_identify(go2/scripts/VLA/hf_vla) by extension 'ignore'
[1.164s] Level 1:colcon.colcon_core.package_identification:_identify(go2/scripts/VLA/hf_vla) by extension 'ignore_ament_install'
[1.164s] Level 1:colcon.colcon_core.package_identification:_identify(go2/scripts/VLA/hf_vla) by extensions ['colcon_pkg']
[1.164s] Level 1:colcon.colcon_core.package_identification:_identify(go2/scripts/VLA/hf_vla) by extension 'colcon_pkg'
[1.164s] Level 1:colcon.colcon_core.package_identification:_identify(go2/scripts/VLA/hf_vla) by extensions ['colcon_meta']
[1.164s] Level 1:colcon.colcon_core.package_identification:_identify(go2/scripts/VLA/hf_vla) by extension 'colcon_meta'
[1.164s] Level 1:colcon.colcon_core.package_identification:_identify(go2/scripts/VLA/hf_vla) by extensions ['ros']
[1.164s] Level 1:colcon.colcon_core.package_identification:_identify(go2/scripts/VLA/hf_vla) by extension 'ros'
[1.164s] Level 1:colcon.colcon_core.package_identification:_identify(go2/scripts/VLA/hf_vla) by extensions ['cmake', 'python']
[1.164s] Level 1:colcon.colcon_core.package_identification:_identify(go2/scripts/VLA/hf_vla) by extension 'cmake'
[1.164s] Level 1:colcon.colcon_core.package_identification:_identify(go2/scripts/VLA/hf_vla) by extension 'python'
[1.164s] Level 1:colcon.colcon_core.package_identification:_identify(go2/scripts/VLA/hf_vla) by extensions ['python_setup_py']
[1.164s] Level 1:colcon.colcon_core.package_identification:_identify(go2/scripts/VLA/hf_vla) by extension 'python_setup_py'
[1.165s] Level 1:colcon.colcon_core.package_identification:_identify(go2/scripts/VLA/ollama_vla) by extensions ['ignore', 'ignore_ament_install']
[1.165s] Level 1:colcon.colcon_core.package_identification:_identify(go2/scripts/VLA/ollama_vla) by extension 'ignore'
[1.165s] Level 1:colcon.colcon_core.package_identification:_identify(go2/scripts/VLA/ollama_vla) by extension 'ignore_ament_install'
[1.165s] Level 1:colcon.colcon_core.package_identification:_identify(go2/scripts/VLA/ollama_vla) by extensions ['colcon_pkg']
[1.165s] Level 1:colcon.colcon_core.package_identification:_identify(go2/scripts/VLA/ollama_vla) by extension 'colcon_pkg'
[1.165s] Level 1:colcon.colcon_core.package_identification:_identify(go2/scripts/VLA/ollama_vla) by extensions ['colcon_meta']
[1.165s] Level 1:colcon.colcon_core.package_identification:_identify(go2/scripts/VLA/ollama_vla) by extension 'colcon_meta'
[1.165s] Level 1:colcon.colcon_core.package_identification:_identify(go2/scripts/VLA/ollama_vla) by extensions ['ros']
[1.165s] Level 1:colcon.colcon_core.package_identification:_identify(go2/scripts/VLA/ollama_vla) by extension 'ros'
[1.165s] Level 1:colcon.colcon_core.package_identification:_identify(go2/scripts/VLA/ollama_vla) by extensions ['cmake', 'python']
[1.165s] Level 1:colcon.colcon_core.package_identification:_identify(go2/scripts/VLA/ollama_vla) by extension 'cmake'
[1.165s] Level 1:colcon.colcon_core.package_identification:_identify(go2/scripts/VLA/ollama_vla) by extension 'python'
[1.165s] Level 1:colcon.colcon_core.package_identification:_identify(go2/scripts/VLA/ollama_vla) by extensions ['python_setup_py']
[1.165s] Level 1:colcon.colcon_core.package_identification:_identify(go2/scripts/VLA/ollama_vla) by extension 'python_setup_py'
[1.166s] Level 1:colcon.colcon_core.package_identification:_identify(go2/sim) by extensions ['ignore', 'ignore_ament_install']
[1.166s] Level 1:colcon.colcon_core.package_identification:_identify(go2/sim) by extension 'ignore'
[1.166s] Level 1:colcon.colcon_core.package_identification:_identify(go2/sim) by extension 'ignore_ament_install'
[1.166s] Level 1:colcon.colcon_core.package_identification:_identify(go2/sim) by extensions ['colcon_pkg']
[1.166s] Level 1:colcon.colcon_core.package_identification:_identify(go2/sim) by extension 'colcon_pkg'
[1.166s] Level 1:colcon.colcon_core.package_identification:_identify(go2/sim) by extensions ['colcon_meta']
[1.166s] Level 1:colcon.colcon_core.package_identification:_identify(go2/sim) by extension 'colcon_meta'
[1.166s] Level 1:colcon.colcon_core.package_identification:_identify(go2/sim) by extensions ['ros']
[1.166s] Level 1:colcon.colcon_core.package_identification:_identify(go2/sim) by extension 'ros'
[1.166s] Level 1:colcon.colcon_core.package_identification:_identify(go2/sim) by extensions ['cmake', 'python']
[1.166s] Level 1:colcon.colcon_core.package_identification:_identify(go2/sim) by extension 'cmake'
[1.166s] Level 1:colcon.colcon_core.package_identification:_identify(go2/sim) by extension 'python'
[1.166s] Level 1:colcon.colcon_core.package_identification:_identify(go2/sim) by extensions ['python_setup_py']
[1.166s] Level 1:colcon.colcon_core.package_identification:_identify(go2/sim) by extension 'python_setup_py'
[1.167s] Level 1:colcon.colcon_core.package_identification:_identify(go2/sim/mujoco) by extensions ['ignore', 'ignore_ament_install']
[1.167s] Level 1:colcon.colcon_core.package_identification:_identify(go2/sim/mujoco) by extension 'ignore'
[1.167s] Level 1:colcon.colcon_core.package_identification:_identify(go2/sim/mujoco) by extension 'ignore_ament_install'
[1.167s] Level 1:colcon.colcon_core.package_identification:_identify(go2/sim/mujoco) by extensions ['colcon_pkg']
[1.167s] Level 1:colcon.colcon_core.package_identification:_identify(go2/sim/mujoco) by extension 'colcon_pkg'
[1.167s] Level 1:colcon.colcon_core.package_identification:_identify(go2/sim/mujoco) by extensions ['colcon_meta']
[1.167s] Level 1:colcon.colcon_core.package_identification:_identify(go2/sim/mujoco) by extension 'colcon_meta'
[1.167s] Level 1:colcon.colcon_core.package_identification:_identify(go2/sim/mujoco) by extensions ['ros']
[1.167s] Level 1:colcon.colcon_core.package_identification:_identify(go2/sim/mujoco) by extension 'ros'
[1.167s] Level 1:colcon.colcon_core.package_identification:_identify(go2/sim/mujoco) by extensions ['cmake', 'python']
[1.167s] Level 1:colcon.colcon_core.package_identification:_identify(go2/sim/mujoco) by extension 'cmake'
[1.167s] Level 1:colcon.colcon_core.package_identification:_identify(go2/sim/mujoco) by extension 'python'
[1.167s] Level 1:colcon.colcon_core.package_identification:_identify(go2/sim/mujoco) by extensions ['python_setup_py']
[1.167s] Level 1:colcon.colcon_core.package_identification:_identify(go2/sim/mujoco) by extension 'python_setup_py'
[1.168s] Level 1:colcon.colcon_core.package_identification:_identify(go2/sim/mujoco/scripts) by extensions ['ignore', 'ignore_ament_install']
[1.168s] Level 1:colcon.colcon_core.package_identification:_identify(go2/sim/mujoco/scripts) by extension 'ignore'
[1.168s] Level 1:colcon.colcon_core.package_identification:_identify(go2/sim/mujoco/scripts) by extension 'ignore_ament_install'
[1.168s] Level 1:colcon.colcon_core.package_identification:_identify(go2/sim/mujoco/scripts) by extensions ['colcon_pkg']
[1.168s] Level 1:colcon.colcon_core.package_identification:_identify(go2/sim/mujoco/scripts) by extension 'colcon_pkg'
[1.168s] Level 1:colcon.colcon_core.package_identification:_identify(go2/sim/mujoco/scripts) by extensions ['colcon_meta']
[1.168s] Level 1:colcon.colcon_core.package_identification:_identify(go2/sim/mujoco/scripts) by extension 'colcon_meta'
[1.168s] Level 1:colcon.colcon_core.package_identification:_identify(go2/sim/mujoco/scripts) by extensions ['ros']
[1.168s] Level 1:colcon.colcon_core.package_identification:_identify(go2/sim/mujoco/scripts) by extension 'ros'
[1.168s] Level 1:colcon.colcon_core.package_identification:_identify(go2/sim/mujoco/scripts) by extensions ['cmake', 'python']
[1.168s] Level 1:colcon.colcon_core.package_identification:_identify(go2/sim/mujoco/scripts) by extension 'cmake'
[1.168s] Level 1:colcon.colcon_core.package_identification:_identify(go2/sim/mujoco/scripts) by extension 'python'
[1.168s] Level 1:colcon.colcon_core.package_identification:_identify(go2/sim/mujoco/scripts) by extensions ['python_setup_py']
[1.168s] Level 1:colcon.colcon_core.package_identification:_identify(go2/sim/mujoco/scripts) by extension 'python_setup_py'
[1.169s] Level 1:colcon.colcon_core.package_identification:_identify(go2/sim/unitree_description-master) by extensions ['ignore', 'ignore_ament_install']
[1.169s] Level 1:colcon.colcon_core.package_identification:_identify(go2/sim/unitree_description-master) by extension 'ignore'
[1.169s] Level 1:colcon.colcon_core.package_identification:_identify(go2/sim/unitree_description-master) by extension 'ignore_ament_install'
[1.169s] Level 1:colcon.colcon_core.package_identification:_identify(go2/sim/unitree_description-master) by extensions ['colcon_pkg']
[1.169s] Level 1:colcon.colcon_core.package_identification:_identify(go2/sim/unitree_description-master) by extension 'colcon_pkg'
[1.170s] Level 1:colcon.colcon_core.package_identification:_identify(go2/sim/unitree_description-master) by extensions ['colcon_meta']
[1.170s] Level 1:colcon.colcon_core.package_identification:_identify(go2/sim/unitree_description-master) by extension 'colcon_meta'
[1.170s] Level 1:colcon.colcon_core.package_identification:_identify(go2/sim/unitree_description-master) by extensions ['ros']
[1.170s] Level 1:colcon.colcon_core.package_identification:_identify(go2/sim/unitree_description-master) by extension 'ros'
[1.177s] DEBUG:colcon.colcon_core.package_identification:Package 'go2/sim/unitree_description-master' with type 'ros.cmake' and name 'unitree_description'
[1.178s] Level 1:colcon.colcon_core.package_identification:_identify(go2/sim/unitree_robots) by extensions ['ignore', 'ignore_ament_install']
[1.178s] Level 1:colcon.colcon_core.package_identification:_identify(go2/sim/unitree_robots) by extension 'ignore'
[1.178s] Level 1:colcon.colcon_core.package_identification:_identify(go2/sim/unitree_robots) by extension 'ignore_ament_install'
[1.178s] Level 1:colcon.colcon_core.package_identification:_identify(go2/sim/unitree_robots) by extensions ['colcon_pkg']
[1.178s] Level 1:colcon.colcon_core.package_identification:_identify(go2/sim/unitree_robots) by extension 'colcon_pkg'
[1.178s] Level 1:colcon.colcon_core.package_identification:_identify(go2/sim/unitree_robots) by extensions ['colcon_meta']
[1.178s] Level 1:colcon.colcon_core.package_identification:_identify(go2/sim/unitree_robots) by extension 'colcon_meta'
[1.179s] Level 1:colcon.colcon_core.package_identification:_identify(go2/sim/unitree_robots) by extensions ['ros']
[1.179s] Level 1:colcon.colcon_core.package_identification:_identify(go2/sim/unitree_robots) by extension 'ros'
[1.179s] Level 1:colcon.colcon_core.package_identification:_identify(go2/sim/unitree_robots) by extensions ['cmake', 'python']
[1.179s] Level 1:colcon.colcon_core.package_identification:_identify(go2/sim/unitree_robots) by extension 'cmake'
[1.179s] Level 1:colcon.colcon_core.package_identification:_identify(go2/sim/unitree_robots) by extension 'python'
[1.179s] Level 1:colcon.colcon_core.package_identification:_identify(go2/sim/unitree_robots) by extensions ['python_setup_py']
[1.179s] Level 1:colcon.colcon_core.package_identification:_identify(go2/sim/unitree_robots) by extension 'python_setup_py'
[1.179s] Level 1:colcon.colcon_core.package_identification:_identify(go2/sim/unitree_robots/b2) by extensions ['ignore', 'ignore_ament_install']
[1.179s] Level 1:colcon.colcon_core.package_identification:_identify(go2/sim/unitree_robots/b2) by extension 'ignore'
[1.179s] Level 1:colcon.colcon_core.package_identification:_identify(go2/sim/unitree_robots/b2) by extension 'ignore_ament_install'
[1.179s] Level 1:colcon.colcon_core.package_identification:_identify(go2/sim/unitree_robots/b2) by extensions ['colcon_pkg']
[1.180s] Level 1:colcon.colcon_core.package_identification:_identify(go2/sim/unitree_robots/b2) by extension 'colcon_pkg'
[1.180s] Level 1:colcon.colcon_core.package_identification:_identify(go2/sim/unitree_robots/b2) by extensions ['colcon_meta']
[1.180s] Level 1:colcon.colcon_core.package_identification:_identify(go2/sim/unitree_robots/b2) by extension 'colcon_meta'
[1.180s] Level 1:colcon.colcon_core.package_identification:_identify(go2/sim/unitree_robots/b2) by extensions ['ros']
[1.180s] Level 1:colcon.colcon_core.package_identification:_identify(go2/sim/unitree_robots/b2) by extension 'ros'
[1.180s] Level 1:colcon.colcon_core.package_identification:_identify(go2/sim/unitree_robots/b2) by extensions ['cmake', 'python']
[1.180s] Level 1:colcon.colcon_core.package_identification:_identify(go2/sim/unitree_robots/b2) by extension 'cmake'
[1.180s] Level 1:colcon.colcon_core.package_identification:_identify(go2/sim/unitree_robots/b2) by extension 'python'
[1.180s] Level 1:colcon.colcon_core.package_identification:_identify(go2/sim/unitree_robots/b2) by extensions ['python_setup_py']
[1.180s] Level 1:colcon.colcon_core.package_identification:_identify(go2/sim/unitree_robots/b2) by extension 'python_setup_py'
[1.180s] Level 1:colcon.colcon_core.package_identification:_identify(go2/sim/unitree_robots/b2/assets) by extensions ['ignore', 'ignore_ament_install']
[1.180s] Level 1:colcon.colcon_core.package_identification:_identify(go2/sim/unitree_robots/b2/assets) by extension 'ignore'
[1.181s] Level 1:colcon.colcon_core.package_identification:_identify(go2/sim/unitree_robots/b2/assets) by extension 'ignore_ament_install'
[1.181s] Level 1:colcon.colcon_core.package_identification:_identify(go2/sim/unitree_robots/b2/assets) by extensions ['colcon_pkg']
[1.181s] Level 1:colcon.colcon_core.package_identification:_identify(go2/sim/unitree_robots/b2/assets) by extension 'colcon_pkg'
[1.181s] Level 1:colcon.colcon_core.package_identification:_identify(go2/sim/unitree_robots/b2/assets) by extensions ['colcon_meta']
[1.181s] Level 1:colcon.colcon_core.package_identification:_identify(go2/sim/unitree_robots/b2/assets) by extension 'colcon_meta'
[1.181s] Level 1:colcon.colcon_core.package_identification:_identify(go2/sim/unitree_robots/b2/assets) by extensions ['ros']
[1.181s] Level 1:colcon.colcon_core.package_identification:_identify(go2/sim/unitree_robots/b2/assets) by extension 'ros'
[1.181s] Level 1:colcon.colcon_core.package_identification:_identify(go2/sim/unitree_robots/b2/assets) by extensions ['cmake', 'python']
[1.181s] Level 1:colcon.colcon_core.package_identification:_identify(go2/sim/unitree_robots/b2/assets) by extension 'cmake'
[1.181s] Level 1:colcon.colcon_core.package_identification:_identify(go2/sim/unitree_robots/b2/assets) by extension 'python'
[1.181s] Level 1:colcon.colcon_core.package_identification:_identify(go2/sim/unitree_robots/b2/assets) by extensions ['python_setup_py']
[1.181s] Level 1:colcon.colcon_core.package_identification:_identify(go2/sim/unitree_robots/b2/assets) by extension 'python_setup_py'
[1.181s] Level 1:colcon.colcon_core.package_identification:_identify(go2/sim/unitree_robots/b2w) by extensions ['ignore', 'ignore_ament_install']
[1.182s] Level 1:colcon.colcon_core.package_identification:_identify(go2/sim/unitree_robots/b2w) by extension 'ignore'
[1.182s] Level 1:colcon.colcon_core.package_identification:_identify(go2/sim/unitree_robots/b2w) by extension 'ignore_ament_install'
[1.182s] Level 1:colcon.colcon_core.package_identification:_identify(go2/sim/unitree_robots/b2w) by extensions ['colcon_pkg']
[1.182s] Level 1:colcon.colcon_core.package_identification:_identify(go2/sim/unitree_robots/b2w) by extension 'colcon_pkg'
[1.182s] Level 1:colcon.colcon_core.package_identification:_identify(go2/sim/unitree_robots/b2w) by extensions ['colcon_meta']
[1.182s] Level 1:colcon.colcon_core.package_identification:_identify(go2/sim/unitree_robots/b2w) by extension 'colcon_meta'
[1.182s] Level 1:colcon.colcon_core.package_identification:_identify(go2/sim/unitree_robots/b2w) by extensions ['ros']
[1.182s] Level 1:colcon.colcon_core.package_identification:_identify(go2/sim/unitree_robots/b2w) by extension 'ros'
[1.182s] Level 1:colcon.colcon_core.package_identification:_identify(go2/sim/unitree_robots/b2w) by extensions ['cmake', 'python']
[1.182s] Level 1:colcon.colcon_core.package_identification:_identify(go2/sim/unitree_robots/b2w) by extension 'cmake'
[1.182s] Level 1:colcon.colcon_core.package_identification:_identify(go2/sim/unitree_robots/b2w) by extension 'python'
[1.182s] Level 1:colcon.colcon_core.package_identification:_identify(go2/sim/unitree_robots/b2w) by extensions ['python_setup_py']
[1.182s] Level 1:colcon.colcon_core.package_identification:_identify(go2/sim/unitree_robots/b2w) by extension 'python_setup_py'
[1.183s] Level 1:colcon.colcon_core.package_identification:_identify(go2/sim/unitree_robots/b2w/assets) by extensions ['ignore', 'ignore_ament_install']
[1.183s] Level 1:colcon.colcon_core.package_identification:_identify(go2/sim/unitree_robots/b2w/assets) by extension 'ignore'
[1.183s] Level 1:colcon.colcon_core.package_identification:_identify(go2/sim/unitree_robots/b2w/assets) by extension 'ignore_ament_install'
[1.183s] Level 1:colcon.colcon_core.package_identification:_identify(go2/sim/unitree_robots/b2w/assets) by extensions ['colcon_pkg']
[1.183s] Level 1:colcon.colcon_core.package_identification:_identify(go2/sim/unitree_robots/b2w/assets) by extension 'colcon_pkg'
[1.183s] Level 1:colcon.colcon_core.package_identification:_identify(go2/sim/unitree_robots/b2w/assets) by extensions ['colcon_meta']
[1.183s] Level 1:colcon.colcon_core.package_identification:_identify(go2/sim/unitree_robots/b2w/assets) by extension 'colcon_meta'
[1.183s] Level 1:colcon.colcon_core.package_identification:_identify(go2/sim/unitree_robots/b2w/assets) by extensions ['ros']
[1.183s] Level 1:colcon.colcon_core.package_identification:_identify(go2/sim/unitree_robots/b2w/assets) by extension 'ros'
[1.184s] Level 1:colcon.colcon_core.package_identification:_identify(go2/sim/unitree_robots/b2w/assets) by extensions ['cmake', 'python']
[1.184s] Level 1:colcon.colcon_core.package_identification:_identify(go2/sim/unitree_robots/b2w/assets) by extension 'cmake'
[1.184s] Level 1:colcon.colcon_core.package_identification:_identify(go2/sim/unitree_robots/b2w/assets) by extension 'python'
[1.184s] Level 1:colcon.colcon_core.package_identification:_identify(go2/sim/unitree_robots/b2w/assets) by extensions ['python_setup_py']
[1.184s] Level 1:colcon.colcon_core.package_identification:_identify(go2/sim/unitree_robots/b2w/assets) by extension 'python_setup_py'
[1.184s] Level 1:colcon.colcon_core.package_identification:_identify(go2/sim/unitree_robots/g1) by extensions ['ignore', 'ignore_ament_install']
[1.185s] Level 1:colcon.colcon_core.package_identification:_identify(go2/sim/unitree_robots/g1) by extension 'ignore'
[1.185s] Level 1:colcon.colcon_core.package_identification:_identify(go2/sim/unitree_robots/g1) by extension 'ignore_ament_install'
[1.185s] Level 1:colcon.colcon_core.package_identification:_identify(go2/sim/unitree_robots/g1) by extensions ['colcon_pkg']
[1.185s] Level 1:colcon.colcon_core.package_identification:_identify(go2/sim/unitree_robots/g1) by extension 'colcon_pkg'
[1.185s] Level 1:colcon.colcon_core.package_identification:_identify(go2/sim/unitree_robots/g1) by extensions ['colcon_meta']
[1.185s] Level 1:colcon.colcon_core.package_identification:_identify(go2/sim/unitree_robots/g1) by extension 'colcon_meta'
[1.185s] Level 1:colcon.colcon_core.package_identification:_identify(go2/sim/unitree_robots/g1) by extensions ['ros']
[1.185s] Level 1:colcon.colcon_core.package_identification:_identify(go2/sim/unitree_robots/g1) by extension 'ros'
[1.185s] Level 1:colcon.colcon_core.package_identification:_identify(go2/sim/unitree_robots/g1) by extensions ['cmake', 'python']
[1.185s] Level 1:colcon.colcon_core.package_identification:_identify(go2/sim/unitree_robots/g1) by extension 'cmake'
[1.185s] Level 1:colcon.colcon_core.package_identification:_identify(go2/sim/unitree_robots/g1) by extension 'python'
[1.185s] Level 1:colcon.colcon_core.package_identification:_identify(go2/sim/unitree_robots/g1) by extensions ['python_setup_py']
[1.185s] Level 1:colcon.colcon_core.package_identification:_identify(go2/sim/unitree_robots/g1) by extension 'python_setup_py'
[1.186s] Level 1:colcon.colcon_core.package_identification:_identify(go2/sim/unitree_robots/g1/images) by extensions ['ignore', 'ignore_ament_install']
[1.186s] Level 1:colcon.colcon_core.package_identification:_identify(go2/sim/unitree_robots/g1/images) by extension 'ignore'
[1.186s] Level 1:colcon.colcon_core.package_identification:_identify(go2/sim/unitree_robots/g1/images) by extension 'ignore_ament_install'
[1.186s] Level 1:colcon.colcon_core.package_identification:_identify(go2/sim/unitree_robots/g1/images) by extensions ['colcon_pkg']
[1.186s] Level 1:colcon.colcon_core.package_identification:_identify(go2/sim/unitree_robots/g1/images) by extension 'colcon_pkg'
[1.186s] Level 1:colcon.colcon_core.package_identification:_identify(go2/sim/unitree_robots/g1/images) by extensions ['colcon_meta']
[1.186s] Level 1:colcon.colcon_core.package_identification:_identify(go2/sim/unitree_robots/g1/images) by extension 'colcon_meta'
[1.186s] Level 1:colcon.colcon_core.package_identification:_identify(go2/sim/unitree_robots/g1/images) by extensions ['ros']
[1.186s] Level 1:colcon.colcon_core.package_identification:_identify(go2/sim/unitree_robots/g1/images) by extension 'ros'
[1.186s] Level 1:colcon.colcon_core.package_identification:_identify(go2/sim/unitree_robots/g1/images) by extensions ['cmake', 'python']
[1.187s] Level 1:colcon.colcon_core.package_identification:_identify(go2/sim/unitree_robots/g1/images) by extension 'cmake'
[1.187s] Level 1:colcon.colcon_core.package_identification:_identify(go2/sim/unitree_robots/g1/images) by extension 'python'
[1.187s] Level 1:colcon.colcon_core.package_identification:_identify(go2/sim/unitree_robots/g1/images) by extensions ['python_setup_py']
[1.187s] Level 1:colcon.colcon_core.package_identification:_identify(go2/sim/unitree_robots/g1/images) by extension 'python_setup_py'
[1.187s] Level 1:colcon.colcon_core.package_identification:_identify(go2/sim/unitree_robots/g1/meshes) by extensions ['ignore', 'ignore_ament_install']
[1.187s] Level 1:colcon.colcon_core.package_identification:_identify(go2/sim/unitree_robots/g1/meshes) by extension 'ignore'
[1.187s] Level 1:colcon.colcon_core.package_identification:_identify(go2/sim/unitree_robots/g1/meshes) by extension 'ignore_ament_install'
[1.187s] Level 1:colcon.colcon_core.package_identification:_identify(go2/sim/unitree_robots/g1/meshes) by extensions ['colcon_pkg']
[1.187s] Level 1:colcon.colcon_core.package_identification:_identify(go2/sim/unitree_robots/g1/meshes) by extension 'colcon_pkg'
[1.187s] Level 1:colcon.colcon_core.package_identification:_identify(go2/sim/unitree_robots/g1/meshes) by extensions ['colcon_meta']
[1.187s] Level 1:colcon.colcon_core.package_identification:_identify(go2/sim/unitree_robots/g1/meshes) by extension 'colcon_meta'
[1.187s] Level 1:colcon.colcon_core.package_identification:_identify(go2/sim/unitree_robots/g1/meshes) by extensions ['ros']
[1.187s] Level 1:colcon.colcon_core.package_identification:_identify(go2/sim/unitree_robots/g1/meshes) by extension 'ros'
[1.188s] Level 1:colcon.colcon_core.package_identification:_identify(go2/sim/unitree_robots/g1/meshes) by extensions ['cmake', 'python']
[1.188s] Level 1:colcon.colcon_core.package_identification:_identify(go2/sim/unitree_robots/g1/meshes) by extension 'cmake'
[1.188s] Level 1:colcon.colcon_core.package_identification:_identify(go2/sim/unitree_robots/g1/meshes) by extension 'python'
[1.188s] Level 1:colcon.colcon_core.package_identification:_identify(go2/sim/unitree_robots/g1/meshes) by extensions ['python_setup_py']
[1.188s] Level 1:colcon.colcon_core.package_identification:_identify(go2/sim/unitree_robots/g1/meshes) by extension 'python_setup_py'
[1.188s] Level 1:colcon.colcon_core.package_identification:_identify(go2/sim/unitree_robots/go2) by extensions ['ignore', 'ignore_ament_install']
[1.188s] Level 1:colcon.colcon_core.package_identification:_identify(go2/sim/unitree_robots/go2) by extension 'ignore'
[1.188s] Level 1:colcon.colcon_core.package_identification:_identify(go2/sim/unitree_robots/go2) by extension 'ignore_ament_install'
[1.188s] Level 1:colcon.colcon_core.package_identification:_identify(go2/sim/unitree_robots/go2) by extensions ['colcon_pkg']
[1.188s] Level 1:colcon.colcon_core.package_identification:_identify(go2/sim/unitree_robots/go2) by extension 'colcon_pkg'
[1.188s] Level 1:colcon.colcon_core.package_identification:_identify(go2/sim/unitree_robots/go2) by extensions ['colcon_meta']
[1.188s] Level 1:colcon.colcon_core.package_identification:_identify(go2/sim/unitree_robots/go2) by extension 'colcon_meta'
[1.188s] Level 1:colcon.colcon_core.package_identification:_identify(go2/sim/unitree_robots/go2) by extensions ['ros']
[1.188s] Level 1:colcon.colcon_core.package_identification:_identify(go2/sim/unitree_robots/go2) by extension 'ros'
[1.189s] Level 1:colcon.colcon_core.package_identification:_identify(go2/sim/unitree_robots/go2) by extensions ['cmake', 'python']
[1.189s] Level 1:colcon.colcon_core.package_identification:_identify(go2/sim/unitree_robots/go2) by extension 'cmake'
[1.189s] Level 1:colcon.colcon_core.package_identification:_identify(go2/sim/unitree_robots/go2) by extension 'python'
[1.189s] Level 1:colcon.colcon_core.package_identification:_identify(go2/sim/unitree_robots/go2) by extensions ['python_setup_py']
[1.189s] Level 1:colcon.colcon_core.package_identification:_identify(go2/sim/unitree_robots/go2) by extension 'python_setup_py'
[1.189s] Level 1:colcon.colcon_core.package_identification:_identify(go2/sim/unitree_robots/go2/assets) by extensions ['ignore', 'ignore_ament_install']
[1.189s] Level 1:colcon.colcon_core.package_identification:_identify(go2/sim/unitree_robots/go2/assets) by extension 'ignore'
[1.189s] Level 1:colcon.colcon_core.package_identification:_identify(go2/sim/unitree_robots/go2/assets) by extension 'ignore_ament_install'
[1.189s] Level 1:colcon.colcon_core.package_identification:_identify(go2/sim/unitree_robots/go2/assets) by extensions ['colcon_pkg']
[1.189s] Level 1:colcon.colcon_core.package_identification:_identify(go2/sim/unitree_robots/go2/assets) by extension 'colcon_pkg'
[1.189s] Level 1:colcon.colcon_core.package_identification:_identify(go2/sim/unitree_robots/go2/assets) by extensions ['colcon_meta']
[1.189s] Level 1:colcon.colcon_core.package_identification:_identify(go2/sim/unitree_robots/go2/assets) by extension 'colcon_meta'
[1.189s] Level 1:colcon.colcon_core.package_identification:_identify(go2/sim/unitree_robots/go2/assets) by extensions ['ros']
[1.189s] Level 1:colcon.colcon_core.package_identification:_identify(go2/sim/unitree_robots/go2/assets) by extension 'ros'
[1.190s] Level 1:colcon.colcon_core.package_identification:_identify(go2/sim/unitree_robots/go2/assets) by extensions ['cmake', 'python']
[1.190s] Level 1:colcon.colcon_core.package_identification:_identify(go2/sim/unitree_robots/go2/assets) by extension 'cmake'
[1.190s] Level 1:colcon.colcon_core.package_identification:_identify(go2/sim/unitree_robots/go2/assets) by extension 'python'
[1.190s] Level 1:colcon.colcon_core.package_identification:_identify(go2/sim/unitree_robots/go2/assets) by extensions ['python_setup_py']
[1.190s] Level 1:colcon.colcon_core.package_identification:_identify(go2/sim/unitree_robots/go2/assets) by extension 'python_setup_py'
[1.190s] Level 1:colcon.colcon_core.package_identification:_identify(go2/sim/unitree_robots/go2w) by extensions ['ignore', 'ignore_ament_install']
[1.190s] Level 1:colcon.colcon_core.package_identification:_identify(go2/sim/unitree_robots/go2w) by extension 'ignore'
[1.190s] Level 1:colcon.colcon_core.package_identification:_identify(go2/sim/unitree_robots/go2w) by extension 'ignore_ament_install'
[1.190s] Level 1:colcon.colcon_core.package_identification:_identify(go2/sim/unitree_robots/go2w) by extensions ['colcon_pkg']
[1.190s] Level 1:colcon.colcon_core.package_identification:_identify(go2/sim/unitree_robots/go2w) by extension 'colcon_pkg'
[1.190s] Level 1:colcon.colcon_core.package_identification:_identify(go2/sim/unitree_robots/go2w) by extensions ['colcon_meta']
[1.190s] Level 1:colcon.colcon_core.package_identification:_identify(go2/sim/unitree_robots/go2w) by extension 'colcon_meta'
[1.190s] Level 1:colcon.colcon_core.package_identification:_identify(go2/sim/unitree_robots/go2w) by extensions ['ros']
[1.190s] Level 1:colcon.colcon_core.package_identification:_identify(go2/sim/unitree_robots/go2w) by extension 'ros'
[1.191s] Level 1:colcon.colcon_core.package_identification:_identify(go2/sim/unitree_robots/go2w) by extensions ['cmake', 'python']
[1.191s] Level 1:colcon.colcon_core.package_identification:_identify(go2/sim/unitree_robots/go2w) by extension 'cmake'
[1.191s] Level 1:colcon.colcon_core.package_identification:_identify(go2/sim/unitree_robots/go2w) by extension 'python'
[1.191s] Level 1:colcon.colcon_core.package_identification:_identify(go2/sim/unitree_robots/go2w) by extensions ['python_setup_py']
[1.191s] Level 1:colcon.colcon_core.package_identification:_identify(go2/sim/unitree_robots/go2w) by extension 'python_setup_py'
[1.191s] Level 1:colcon.colcon_core.package_identification:_identify(go2/sim/unitree_robots/go2w/assets) by extensions ['ignore', 'ignore_ament_install']
[1.191s] Level 1:colcon.colcon_core.package_identification:_identify(go2/sim/unitree_robots/go2w/assets) by extension 'ignore'
[1.192s] Level 1:colcon.colcon_core.package_identification:_identify(go2/sim/unitree_robots/go2w/assets) by extension 'ignore_ament_install'
[1.192s] Level 1:colcon.colcon_core.package_identification:_identify(go2/sim/unitree_robots/go2w/assets) by extensions ['colcon_pkg']
[1.192s] Level 1:colcon.colcon_core.package_identification:_identify(go2/sim/unitree_robots/go2w/assets) by extension 'colcon_pkg'
[1.192s] Level 1:colcon.colcon_core.package_identification:_identify(go2/sim/unitree_robots/go2w/assets) by extensions ['colcon_meta']
[1.192s] Level 1:colcon.colcon_core.package_identification:_identify(go2/sim/unitree_robots/go2w/assets) by extension 'colcon_meta'
[1.192s] Level 1:colcon.colcon_core.package_identification:_identify(go2/sim/unitree_robots/go2w/assets) by extensions ['ros']
[1.192s] Level 1:colcon.colcon_core.package_identification:_identify(go2/sim/unitree_robots/go2w/assets) by extension 'ros'
[1.192s] Level 1:colcon.colcon_core.package_identification:_identify(go2/sim/unitree_robots/go2w/assets) by extensions ['cmake', 'python']
[1.192s] Level 1:colcon.colcon_core.package_identification:_identify(go2/sim/unitree_robots/go2w/assets) by extension 'cmake'
[1.192s] Level 1:colcon.colcon_core.package_identification:_identify(go2/sim/unitree_robots/go2w/assets) by extension 'python'
[1.192s] Level 1:colcon.colcon_core.package_identification:_identify(go2/sim/unitree_robots/go2w/assets) by extensions ['python_setup_py']
[1.192s] Level 1:colcon.colcon_core.package_identification:_identify(go2/sim/unitree_robots/go2w/assets) by extension 'python_setup_py'
[1.192s] Level 1:colcon.colcon_core.package_identification:_identify(go2/sim/unitree_robots/h1) by extensions ['ignore', 'ignore_ament_install']
[1.192s] Level 1:colcon.colcon_core.package_identification:_identify(go2/sim/unitree_robots/h1) by extension 'ignore'
[1.193s] Level 1:colcon.colcon_core.package_identification:_identify(go2/sim/unitree_robots/h1) by extension 'ignore_ament_install'
[1.193s] Level 1:colcon.colcon_core.package_identification:_identify(go2/sim/unitree_robots/h1) by extensions ['colcon_pkg']
[1.193s] Level 1:colcon.colcon_core.package_identification:_identify(go2/sim/unitree_robots/h1) by extension 'colcon_pkg'
[1.193s] Level 1:colcon.colcon_core.package_identification:_identify(go2/sim/unitree_robots/h1) by extensions ['colcon_meta']
[1.193s] Level 1:colcon.colcon_core.package_identification:_identify(go2/sim/unitree_robots/h1) by extension 'colcon_meta'
[1.193s] Level 1:colcon.colcon_core.package_identification:_identify(go2/sim/unitree_robots/h1) by extensions ['ros']
[1.193s] Level 1:colcon.colcon_core.package_identification:_identify(go2/sim/unitree_robots/h1) by extension 'ros'
[1.193s] Level 1:colcon.colcon_core.package_identification:_identify(go2/sim/unitree_robots/h1) by extensions ['cmake', 'python']
[1.193s] Level 1:colcon.colcon_core.package_identification:_identify(go2/sim/unitree_robots/h1) by extension 'cmake'
[1.193s] Level 1:colcon.colcon_core.package_identification:_identify(go2/sim/unitree_robots/h1) by extension 'python'
[1.193s] Level 1:colcon.colcon_core.package_identification:_identify(go2/sim/unitree_robots/h1) by extensions ['python_setup_py']
[1.193s] Level 1:colcon.colcon_core.package_identification:_identify(go2/sim/unitree_robots/h1) by extension 'python_setup_py'
[1.194s] Level 1:colcon.colcon_core.package_identification:_identify(go2/sim/unitree_robots/h1/assets) by extensions ['ignore', 'ignore_ament_install']
[1.194s] Level 1:colcon.colcon_core.package_identification:_identify(go2/sim/unitree_robots/h1/assets) by extension 'ignore'
[1.194s] Level 1:colcon.colcon_core.package_identification:_identify(go2/sim/unitree_robots/h1/assets) by extension 'ignore_ament_install'
[1.194s] Level 1:colcon.colcon_core.package_identification:_identify(go2/sim/unitree_robots/h1/assets) by extensions ['colcon_pkg']
[1.194s] Level 1:colcon.colcon_core.package_identification:_identify(go2/sim/unitree_robots/h1/assets) by extension 'colcon_pkg'
[1.194s] Level 1:colcon.colcon_core.package_identification:_identify(go2/sim/unitree_robots/h1/assets) by extensions ['colcon_meta']
[1.194s] Level 1:colcon.colcon_core.package_identification:_identify(go2/sim/unitree_robots/h1/assets) by extension 'colcon_meta'
[1.195s] Level 1:colcon.colcon_core.package_identification:_identify(go2/sim/unitree_robots/h1/assets) by extensions ['ros']
[1.195s] Level 1:colcon.colcon_core.package_identification:_identify(go2/sim/unitree_robots/h1/assets) by extension 'ros'
[1.195s] Level 1:colcon.colcon_core.package_identification:_identify(go2/sim/unitree_robots/h1/assets) by extensions ['cmake', 'python']
[1.195s] Level 1:colcon.colcon_core.package_identification:_identify(go2/sim/unitree_robots/h1/assets) by extension 'cmake'
[1.195s] Level 1:colcon.colcon_core.package_identification:_identify(go2/sim/unitree_robots/h1/assets) by extension 'python'
[1.195s] Level 1:colcon.colcon_core.package_identification:_identify(go2/sim/unitree_robots/h1/assets) by extensions ['python_setup_py']
[1.195s] Level 1:colcon.colcon_core.package_identification:_identify(go2/sim/unitree_robots/h1/assets) by extension 'python_setup_py'
[1.195s] Level 1:colcon.colcon_core.package_identification:_identify(go2/sim/unitree_robots/h1_2) by extensions ['ignore', 'ignore_ament_install']
[1.195s] Level 1:colcon.colcon_core.package_identification:_identify(go2/sim/unitree_robots/h1_2) by extension 'ignore'
[1.196s] Level 1:colcon.colcon_core.package_identification:_identify(go2/sim/unitree_robots/h1_2) by extension 'ignore_ament_install'
[1.196s] Level 1:colcon.colcon_core.package_identification:_identify(go2/sim/unitree_robots/h1_2) by extensions ['colcon_pkg']
[1.196s] Level 1:colcon.colcon_core.package_identification:_identify(go2/sim/unitree_robots/h1_2) by extension 'colcon_pkg'
[1.196s] Level 1:colcon.colcon_core.package_identification:_identify(go2/sim/unitree_robots/h1_2) by extensions ['colcon_meta']
[1.196s] Level 1:colcon.colcon_core.package_identification:_identify(go2/sim/unitree_robots/h1_2) by extension 'colcon_meta'
[1.196s] Level 1:colcon.colcon_core.package_identification:_identify(go2/sim/unitree_robots/h1_2) by extensions ['ros']
[1.196s] Level 1:colcon.colcon_core.package_identification:_identify(go2/sim/unitree_robots/h1_2) by extension 'ros'
[1.196s] Level 1:colcon.colcon_core.package_identification:_identify(go2/sim/unitree_robots/h1_2) by extensions ['cmake', 'python']
[1.196s] Level 1:colcon.colcon_core.package_identification:_identify(go2/sim/unitree_robots/h1_2) by extension 'cmake'
[1.196s] Level 1:colcon.colcon_core.package_identification:_identify(go2/sim/unitree_robots/h1_2) by extension 'python'
[1.196s] Level 1:colcon.colcon_core.package_identification:_identify(go2/sim/unitree_robots/h1_2) by extensions ['python_setup_py']
[1.196s] Level 1:colcon.colcon_core.package_identification:_identify(go2/sim/unitree_robots/h1_2) by extension 'python_setup_py'
[1.196s] Level 1:colcon.colcon_core.package_identification:_identify(go2/sim/unitree_robots/h1_2/meshes) by extensions ['ignore', 'ignore_ament_install']
[1.197s] Level 1:colcon.colcon_core.package_identification:_identify(go2/sim/unitree_robots/h1_2/meshes) by extension 'ignore'
[1.197s] Level 1:colcon.colcon_core.package_identification:_identify(go2/sim/unitree_robots/h1_2/meshes) by extension 'ignore_ament_install'
[1.197s] Level 1:colcon.colcon_core.package_identification:_identify(go2/sim/unitree_robots/h1_2/meshes) by extensions ['colcon_pkg']
[1.197s] Level 1:colcon.colcon_core.package_identification:_identify(go2/sim/unitree_robots/h1_2/meshes) by extension 'colcon_pkg'
[1.197s] Level 1:colcon.colcon_core.package_identification:_identify(go2/sim/unitree_robots/h1_2/meshes) by extensions ['colcon_meta']
[1.197s] Level 1:colcon.colcon_core.package_identification:_identify(go2/sim/unitree_robots/h1_2/meshes) by extension 'colcon_meta'
[1.197s] Level 1:colcon.colcon_core.package_identification:_identify(go2/sim/unitree_robots/h1_2/meshes) by extensions ['ros']
[1.197s] Level 1:colcon.colcon_core.package_identification:_identify(go2/sim/unitree_robots/h1_2/meshes) by extension 'ros'
[1.197s] Level 1:colcon.colcon_core.package_identification:_identify(go2/sim/unitree_robots/h1_2/meshes) by extensions ['cmake', 'python']
[1.197s] Level 1:colcon.colcon_core.package_identification:_identify(go2/sim/unitree_robots/h1_2/meshes) by extension 'cmake'
[1.197s] Level 1:colcon.colcon_core.package_identification:_identify(go2/sim/unitree_robots/h1_2/meshes) by extension 'python'
[1.197s] Level 1:colcon.colcon_core.package_identification:_identify(go2/sim/unitree_robots/h1_2/meshes) by extensions ['python_setup_py']
[1.197s] Level 1:colcon.colcon_core.package_identification:_identify(go2/sim/unitree_robots/h1_2/meshes) by extension 'python_setup_py'
[1.197s] Level 1:colcon.colcon_core.package_identification:_identify(install) by extensions ['ignore', 'ignore_ament_install']
[1.198s] Level 1:colcon.colcon_core.package_identification:_identify(install) by extension 'ignore'
[1.198s] Level 1:colcon.colcon_core.package_identification:_identify(install) ignored
[1.198s] Level 1:colcon.colcon_core.package_identification:_identify(log) by extensions ['ignore', 'ignore_ament_install']
[1.198s] Level 1:colcon.colcon_core.package_identification:_identify(log) by extension 'ignore'
[1.198s] Level 1:colcon.colcon_core.package_identification:_identify(log) ignored
[1.199s] Level 1:colcon.colcon_core.package_identification:_identify(src) by extensions ['ignore', 'ignore_ament_install']
[1.199s] Level 1:colcon.colcon_core.package_identification:_identify(src) by extension 'ignore'
[1.199s] Level 1:colcon.colcon_core.package_identification:_identify(src) by extension 'ignore_ament_install'
[1.199s] Level 1:colcon.colcon_core.package_identification:_identify(src) by extensions ['colcon_pkg']
[1.199s] Level 1:colcon.colcon_core.package_identification:_identify(src) by extension 'colcon_pkg'
[1.199s] Level 1:colcon.colcon_core.package_identification:_identify(src) by extensions ['colcon_meta']
[1.199s] Level 1:colcon.colcon_core.package_identification:_identify(src) by extension 'colcon_meta'
[1.199s] Level 1:colcon.colcon_core.package_identification:_identify(src) by extensions ['ros']
[1.199s] Level 1:colcon.colcon_core.package_identification:_identify(src) by extension 'ros'
[1.199s] Level 1:colcon.colcon_core.package_identification:_identify(src) by extensions ['cmake', 'python']
[1.199s] Level 1:colcon.colcon_core.package_identification:_identify(src) by extension 'cmake'
[1.199s] Level 1:colcon.colcon_core.package_identification:_identify(src) by extension 'python'
[1.199s] Level 1:colcon.colcon_core.package_identification:_identify(src) by extensions ['python_setup_py']
[1.199s] Level 1:colcon.colcon_core.package_identification:_identify(src) by extension 'python_setup_py'
[1.200s] Level 1:colcon.colcon_core.package_identification:_identify(src/build) by extensions ['ignore', 'ignore_ament_install']
[1.200s] Level 1:colcon.colcon_core.package_identification:_identify(src/build) by extension 'ignore'
[1.200s] Level 1:colcon.colcon_core.package_identification:_identify(src/build) ignored
[1.200s] Level 1:colcon.colcon_core.package_identification:_identify(src/go2_ros2_bridge) by extensions ['ignore', 'ignore_ament_install']
[1.200s] Level 1:colcon.colcon_core.package_identification:_identify(src/go2_ros2_bridge) by extension 'ignore'
[1.200s] Level 1:colcon.colcon_core.package_identification:_identify(src/go2_ros2_bridge) by extension 'ignore_ament_install'
[1.201s] Level 1:colcon.colcon_core.package_identification:_identify(src/go2_ros2_bridge) by extensions ['colcon_pkg']
[1.201s] Level 1:colcon.colcon_core.package_identification:_identify(src/go2_ros2_bridge) by extension 'colcon_pkg'
[1.201s] Level 1:colcon.colcon_core.package_identification:_identify(src/go2_ros2_bridge) by extensions ['colcon_meta']
[1.201s] Level 1:colcon.colcon_core.package_identification:_identify(src/go2_ros2_bridge) by extension 'colcon_meta'
[1.201s] Level 1:colcon.colcon_core.package_identification:_identify(src/go2_ros2_bridge) by extensions ['ros']
[1.201s] Level 1:colcon.colcon_core.package_identification:_identify(src/go2_ros2_bridge) by extension 'ros'
[1.202s] DEBUG:colcon.colcon_core.package_identification:Failed to parse potential ROS package manifest in'src/go2_ros2_bridge': Error(s) in package 'src/go2_ros2_bridge/package.xml':
Invalid email "melodse@local" for person "melodse"
[1.202s] Level 1:colcon.colcon_core.package_identification:_identify(src/go2_ros2_bridge) by extensions ['cmake', 'python']
[1.202s] Level 1:colcon.colcon_core.package_identification:_identify(src/go2_ros2_bridge) by extension 'cmake'
[1.202s] Level 1:colcon.colcon_core.package_identification:_identify(src/go2_ros2_bridge) by extension 'python'
[1.202s] DEBUG:colcon.colcon_core.package_identification:Python package in 'src/go2_ros2_bridge' passes arguments to the setup() function which requires a different identification extension than 'python'
[1.202s] Level 1:colcon.colcon_core.package_identification:_identify(src/go2_ros2_bridge) by extensions ['python_setup_py']
[1.202s] Level 1:colcon.colcon_core.package_identification:_identify(src/go2_ros2_bridge) by extension 'python_setup_py'
[1.610s] DEBUG:colcon.colcon_core.package_identification:Package 'src/go2_ros2_bridge' with type 'python' and name 'go2_ros2_bridge'
[1.621s] Level 1:colcon.colcon_core.package_identification:_identify(src/install) by extensions ['ignore', 'ignore_ament_install']
[1.621s] Level 1:colcon.colcon_core.package_identification:_identify(src/install) by extension 'ignore'
[1.621s] Level 1:colcon.colcon_core.package_identification:_identify(src/install) ignored
[1.622s] Level 1:colcon.colcon_core.package_identification:_identify(src/log) by extensions ['ignore', 'ignore_ament_install']
[1.623s] Level 1:colcon.colcon_core.package_identification:_identify(src/log) by extension 'ignore'
[1.623s] Level 1:colcon.colcon_core.package_identification:_identify(src/log) ignored
[1.623s] Level 1:colcon.colcon_core.package_discovery:discover_packages(recursive) using defaults
[1.624s] Level 1:colcon.colcon_core.package_discovery:discover_packages(ignore) discover
[1.624s] Level 1:colcon.colcon_core.package_discovery:discover_packages(ignore) using defaults
[1.624s] Level 1:colcon.colcon_core.package_discovery:discover_packages(path) discover
[1.624s] Level 1:colcon.colcon_core.package_discovery:discover_packages(path) using defaults
[1.689s] INFO:colcon.colcon_metadata.metadata.colcon_pkg:Updating descriptor of package 'go2/sim/unitree_description-master' from colcon.pkg: {'hooks': ['share/unitree_description/hook/ament_prefix_path.dsv', 'share/unitree_description/hook/python_path.dsv']}
[1.692s] INFO:colcon.colcon_core.package_selection:Skipping not selected package 'slam_example' in 'g1/scripts/navigation/obstacle_avoidance/slam_sdk_example/example'
[1.692s] INFO:colcon.colcon_core.package_selection:Skipping not selected package 'tx_lidar' in 'g1/scripts/sensors/manual_streaming'
[1.692s] INFO:colcon.colcon_core.package_selection:Skipping not selected package 'unitree_description' in 'go2/sim/unitree_description-master'
[1.692s] INFO:colcon.colcon_core.package_selection:Skipping not selected package 'g1_description' in 'g1/sim/G1_rviz_simulation-main/G1_rviz_simulation-main'
[1.694s] Level 1:colcon.colcon_core.package_discovery:discover_packages(prefix_path) check parameters
[1.694s] Level 1:colcon.colcon_core.package_discovery:discover_packages(prefix_path) discover
[1.706s] DEBUG:colcon.colcon_installed_package_information.package_discovery:Found 1 installed packages in /home/melodse/ros2_ws/install
[1.707s] DEBUG:colcon.colcon_installed_package_information.package_discovery:Found 3 installed packages in /home/melodse/ef_ws/install
[1.713s] DEBUG:colcon.colcon_installed_package_information.package_discovery:Found 423 installed packages in /opt/ros/jazzy
[1.715s] Level 1:colcon.colcon_core.package_discovery:discover_packages(prefix_path) using defaults
[2.054s] Level 5:colcon.colcon_core.verb:set package 'go2_ros2_bridge' build argument 'cmake_args' from command line to 'None'
[2.055s] Level 5:colcon.colcon_core.verb:set package 'go2_ros2_bridge' build argument 'cmake_target' from command line to 'None'
[2.055s] Level 5:colcon.colcon_core.verb:set package 'go2_ros2_bridge' build argument 'cmake_target_skip_unavailable' from command line to 'False'
[2.055s] Level 5:colcon.colcon_core.verb:set package 'go2_ros2_bridge' build argument 'cmake_clean_cache' from command line to 'False'
[2.055s] Level 5:colcon.colcon_core.verb:set package 'go2_ros2_bridge' build argument 'cmake_clean_first' from command line to 'False'
[2.055s] Level 5:colcon.colcon_core.verb:set package 'go2_ros2_bridge' build argument 'cmake_force_configure' from command line to 'False'
[2.055s] Level 5:colcon.colcon_core.verb:set package 'go2_ros2_bridge' build argument 'ament_cmake_args' from command line to 'None'
[2.055s] Level 5:colcon.colcon_core.verb:set package 'go2_ros2_bridge' build argument 'catkin_cmake_args' from command line to 'None'
[2.055s] Level 5:colcon.colcon_core.verb:set package 'go2_ros2_bridge' build argument 'catkin_skip_building_tests' from command line to 'False'
[2.055s] DEBUG:colcon.colcon_core.verb:Building package 'go2_ros2_bridge' with the following arguments: {'ament_cmake_args': None, 'build_base': '/home/melodse/ef_ws/build/go2_ros2_bridge', 'catkin_cmake_args': None, 'catkin_skip_building_tests': False, 'cmake_args': None, 'cmake_clean_cache': False, 'cmake_clean_first': False, 'cmake_force_configure': False, 'cmake_target': None, 'cmake_target_skip_unavailable': False, 'install_base': '/home/melodse/ef_ws/install/go2_ros2_bridge', 'merge_install': False, 'path': '/home/melodse/ef_ws/src/go2_ros2_bridge', 'symlink_install': True, 'test_result_base': None}
[2.055s] INFO:colcon.colcon_core.executor:Executing jobs using 'parallel' executor
[2.056s] DEBUG:colcon.colcon_parallel_executor.executor.parallel:run_until_complete
[2.057s] INFO:colcon.colcon_core.task.python.build:Building Python package in '/home/melodse/ef_ws/src/go2_ros2_bridge'
[2.069s] INFO:colcon.colcon_core.plugin_system:Skipping extension 'colcon_core.shell.bat': Not used on non-Windows systems
[2.070s] INFO:colcon.colcon_core.shell:Skip shell extension 'powershell' for command environment: Not usable outside of PowerShell
[2.070s] DEBUG:colcon.colcon_core.shell:Skip shell extension 'dsv' for command environment
[4.130s] DEBUG:colcon.colcon_core.task.python.build:While undoing a previous installation files outside the Python library path are being ignored: /home/melodse/ef_ws/install/go2_ros2_bridge/share/ament_index/resource_index/packages/go2_ros2_bridge
[4.131s] DEBUG:colcon.colcon_core.task.python.build:While undoing a previous installation files outside the Python library path are being ignored: /home/melodse/ef_ws/install/go2_ros2_bridge/share/{package_name}/package.xml
[4.131s] DEBUG:colcon.colcon_core.task.python.build:While undoing a previous installation files outside the Python library path are being ignored: /home/melodse/ef_ws/install/go2_ros2_bridge/share/{package_name}/launch/go2_state_bridge.launch.py
[4.131s] DEBUG:colcon.colcon_core.task.python.build:While undoing a previous installation files outside the Python library path are being ignored: /home/melodse/ef_ws/install/go2_ros2_bridge/lib/go2_ros2_bridge/go2_state_bridge
[4.134s] DEBUG:colcon.colcon_core.event_handler.log_command:Invoking command in '/home/melodse/ef_ws/build/go2_ros2_bridge': PYTHONPATH=/home/melodse/ef_ws/build/go2_ros2_bridge/prefix_override:/usr/lib/python3/dist-packages/colcon_core/task/python/colcon_distutils_commands:/home/melodse/ef_ws/install/go2_ros2_bridge/lib/python3.12/site-packages:${PYTHONPATH} /usr/bin/python3 -W ignore:setup.py install is deprecated -W ignore:easy_install command is deprecated setup.py develop --editable --build-directory /home/melodse/ef_ws/build/go2_ros2_bridge/build --no-deps symlink_data --force
[5.174s] Level 1:colcon.colcon_core.shell:create_environment_hook('go2_ros2_bridge', 'pythonpath_develop')
[5.174s] DEBUG:colcon.colcon_core.event_handler.log_command:Invoked command in '/home/melodse/ef_ws/build/go2_ros2_bridge' returned '0': PYTHONPATH=/home/melodse/ef_ws/build/go2_ros2_bridge/prefix_override:/usr/lib/python3/dist-packages/colcon_core/task/python/colcon_distutils_commands:/home/melodse/ef_ws/install/go2_ros2_bridge/lib/python3.12/site-packages:${PYTHONPATH} /usr/bin/python3 -W ignore:setup.py install is deprecated -W ignore:easy_install command is deprecated setup.py develop --editable --build-directory /home/melodse/ef_ws/build/go2_ros2_bridge/build --no-deps symlink_data --force
[5.174s] INFO:colcon.colcon_core.shell:Creating environment hook '/home/melodse/ef_ws/build/go2_ros2_bridge/share/go2_ros2_bridge/hook/pythonpath_develop.ps1'
[5.179s] INFO:colcon.colcon_core.shell:Creating environment descriptor '/home/melodse/ef_ws/build/go2_ros2_bridge/share/go2_ros2_bridge/hook/pythonpath_develop.dsv'
[5.180s] INFO:colcon.colcon_core.shell:Creating environment hook '/home/melodse/ef_ws/build/go2_ros2_bridge/share/go2_ros2_bridge/hook/pythonpath_develop.sh'
[5.204s] Level 1:colcon.colcon_core.environment:checking '/home/melodse/ef_ws/install/go2_ros2_bridge' for CMake module files
[5.206s] Level 1:colcon.colcon_core.environment:checking '/home/melodse/ef_ws/install/go2_ros2_bridge' for CMake config files
[5.209s] Level 1:colcon.colcon_core.environment:checking '/home/melodse/ef_ws/install/go2_ros2_bridge/lib'
[5.209s] Level 1:colcon.colcon_core.environment:checking '/home/melodse/ef_ws/install/go2_ros2_bridge/bin'
[5.209s] Level 1:colcon.colcon_core.environment:checking '/home/melodse/ef_ws/install/go2_ros2_bridge/lib/pkgconfig/go2_ros2_bridge.pc'
[5.210s] Level 1:colcon.colcon_core.environment:checking '/home/melodse/ef_ws/install/go2_ros2_bridge/lib/python3.12/site-packages'
[5.210s] Level 1:colcon.colcon_core.shell:create_environment_hook('go2_ros2_bridge', 'pythonpath')
[5.210s] INFO:colcon.colcon_core.shell:Creating environment hook '/home/melodse/ef_ws/install/go2_ros2_bridge/share/go2_ros2_bridge/hook/pythonpath.ps1'
[5.210s] INFO:colcon.colcon_core.shell:Creating environment descriptor '/home/melodse/ef_ws/install/go2_ros2_bridge/share/go2_ros2_bridge/hook/pythonpath.dsv'
[5.211s] INFO:colcon.colcon_core.shell:Creating environment hook '/home/melodse/ef_ws/install/go2_ros2_bridge/share/go2_ros2_bridge/hook/pythonpath.sh'
[5.213s] Level 1:colcon.colcon_core.environment:checking '/home/melodse/ef_ws/install/go2_ros2_bridge/bin'
[5.214s] Level 1:colcon.colcon_core.environment:create_environment_scripts_only(go2_ros2_bridge)
[5.214s] INFO:colcon.colcon_core.shell:Creating package script '/home/melodse/ef_ws/install/go2_ros2_bridge/share/go2_ros2_bridge/package.ps1'
[5.216s] INFO:colcon.colcon_core.shell:Creating package descriptor '/home/melodse/ef_ws/install/go2_ros2_bridge/share/go2_ros2_bridge/package.dsv'
[5.217s] INFO:colcon.colcon_core.shell:Creating package script '/home/melodse/ef_ws/install/go2_ros2_bridge/share/go2_ros2_bridge/package.sh'
[5.219s] INFO:colcon.colcon_core.shell:Creating package script '/home/melodse/ef_ws/install/go2_ros2_bridge/share/go2_ros2_bridge/package.bash'
[5.220s] INFO:colcon.colcon_core.shell:Creating package script '/home/melodse/ef_ws/install/go2_ros2_bridge/share/go2_ros2_bridge/package.zsh'
[5.221s] Level 1:colcon.colcon_core.environment:create_file_with_runtime_dependencies(/home/melodse/ef_ws/install/go2_ros2_bridge/share/colcon-core/packages/go2_ros2_bridge)
[5.222s] DEBUG:colcon.colcon_parallel_executor.executor.parallel:closing loop
[5.222s] DEBUG:colcon.colcon_parallel_executor.executor.parallel:loop closed
[5.222s] DEBUG:colcon.colcon_parallel_executor.executor.parallel:run_until_complete finished with '0'
[5.222s] DEBUG:colcon.colcon_core.event_reactor:joining thread
[5.241s] INFO:colcon.colcon_core.plugin_system:Skipping extension 'colcon_notification.desktop_notification.terminal_notifier': Not used on non-Darwin systems
[5.241s] INFO:colcon.colcon_core.plugin_system:Skipping extension 'colcon_notification.desktop_notification.win32': Not used on non-Windows systems
[5.242s] INFO:colcon.colcon_notification.desktop_notification:Sending desktop notification using 'notify2'
[5.242s] DEBUG:colcon.colcon_notification.desktop_notification.notify2:Failed to initialize notify2: org.freedesktop.DBus.Error.AccessDenied: Failed to connect to socket /run/user/1000/bus: Operation not permitted
[5.242s] DEBUG:colcon.colcon_core.event_reactor:joined thread
[5.242s] INFO:colcon.colcon_core.shell:Creating prefix script '/home/melodse/ef_ws/install/local_setup.ps1'
[5.244s] INFO:colcon.colcon_core.shell:Creating prefix util module '/home/melodse/ef_ws/install/_local_setup_util_ps1.py'
[5.245s] INFO:colcon.colcon_core.shell:Creating prefix chain script '/home/melodse/ef_ws/install/setup.ps1'
[5.248s] INFO:colcon.colcon_core.shell:Creating prefix script '/home/melodse/ef_ws/install/local_setup.sh'
[5.249s] INFO:colcon.colcon_core.shell:Creating prefix util module '/home/melodse/ef_ws/install/_local_setup_util_sh.py'
[5.250s] INFO:colcon.colcon_core.shell:Creating prefix chain script '/home/melodse/ef_ws/install/setup.sh'
[5.251s] INFO:colcon.colcon_core.shell:Creating prefix script '/home/melodse/ef_ws/install/local_setup.bash'
[5.252s] INFO:colcon.colcon_core.shell:Creating prefix chain script '/home/melodse/ef_ws/install/setup.bash'
[5.254s] INFO:colcon.colcon_core.shell:Creating prefix script '/home/melodse/ef_ws/install/local_setup.zsh'
[5.255s] INFO:colcon.colcon_core.shell:Creating prefix chain script '/home/melodse/ef_ws/install/setup.zsh'
