[0.167s] DEBUG:colcon:Command line arguments: ['/usr/bin/colcon', 'build', '--packages-select', 'g1_description']
[0.167s] DEBUG:colcon:Parsed command line arguments: Namespace(log_base=None, log_level=None, verb_name='build', build_base='build', install_base='install', merge_install=False, symlink_install=False, test_result_base=None, continue_on_error=False, executor='parallel', parallel_workers=12, event_handlers=None, ignore_user_meta=False, metas=['./colcon.meta'], base_paths=['.'], packages_ignore=None, packages_ignore_regex=None, paths=None, packages_up_to=None, packages_up_to_regex=None, packages_above=None, packages_above_and_dependencies=None, packages_above_depth=None, packages_select_by_dep=None, packages_skip_by_dep=None, packages_skip_up_to=None, packages_select_build_failed=False, packages_skip_build_finished=False, packages_select_test_failures=False, packages_skip_test_passed=False, packages_select=['g1_description'], packages_skip=None, packages_select_regex=None, packages_skip_regex=None, packages_start=None, packages_end=None, allow_overriding=[], cmake_args=None, cmake_target=None, cmake_target_skip_unavailable=False, cmake_clean_cache=False, cmake_clean_first=False, cmake_force_configure=False, ament_cmake_args=None, catkin_cmake_args=None, catkin_skip_building_tests=False, mixin_files=None, mixin=None, verb_parser=<colcon_mixin.mixin.mixin_argument.MixinArgumentDecorator object at 0x767a47bbcc80>, verb_extension=<colcon_core.verb.build.BuildVerb object at 0x767a47ae1460>, main=<bound method BuildVerb.main of <colcon_core.verb.build.BuildVerb object at 0x767a47ae1460>>, mixin_verb=('build',))
[0.203s] Level 1:colcon.colcon_core.package_discovery:discover_packages(colcon_meta) check parameters
[0.203s] Level 1:colcon.colcon_core.package_discovery:discover_packages(recursive) check parameters
[0.203s] Level 1:colcon.colcon_core.package_discovery:discover_packages(ignore) check parameters
[0.204s] Level 1:colcon.colcon_core.package_discovery:discover_packages(path) check parameters
[0.204s] Level 1:colcon.colcon_core.package_discovery:discover_packages(colcon_meta) discover
[0.204s] Level 1:colcon.colcon_core.package_discovery:discover_packages(recursive) discover
[0.204s] INFO:colcon.colcon_core.package_discovery:Crawling recursively for packages in '/home/melodse/ef_ws'
[0.204s] Level 1:colcon.colcon_core.package_identification:_identify(.) by extensions ['ignore', 'ignore_ament_install']
[0.204s] Level 1:colcon.colcon_core.package_identification:_identify(.) by extension 'ignore'
[0.204s] Level 1:colcon.colcon_core.package_identification:_identify(.) by extension 'ignore_ament_install'
[0.204s] Level 1:colcon.colcon_core.package_identification:_identify(.) by extensions ['colcon_pkg']
[0.204s] Level 1:colcon.colcon_core.package_identification:_identify(.) by extension 'colcon_pkg'
[0.204s] Level 1:colcon.colcon_core.package_identification:_identify(.) by extensions ['colcon_meta']
[0.204s] Level 1:colcon.colcon_core.package_identification:_identify(.) by extension 'colcon_meta'
[0.204s] Level 1:colcon.colcon_core.package_identification:_identify(.) by extensions ['ros']
[0.204s] Level 1:colcon.colcon_core.package_identification:_identify(.) by extension 'ros'
[0.229s] Level 1:colcon.colcon_core.package_identification:_identify(.) by extensions ['cmake', 'python']
[0.229s] Level 1:colcon.colcon_core.package_identification:_identify(.) by extension 'cmake'
[0.229s] Level 1:colcon.colcon_core.package_identification:_identify(.) by extension 'python'
[0.229s] Level 1:colcon.colcon_core.package_identification:_identify(.) by extensions ['python_setup_py']
[0.229s] Level 1:colcon.colcon_core.package_identification:_identify(.) by extension 'python_setup_py'
[0.230s] Level 1:colcon.colcon_core.package_identification:_identify(build) by extensions ['ignore', 'ignore_ament_install']
[0.230s] Level 1:colcon.colcon_core.package_identification:_identify(build) by extension 'ignore'
[0.230s] Level 1:colcon.colcon_core.package_identification:_identify(build) ignored
[0.230s] Level 1:colcon.colcon_core.package_identification:_identify(dev) by extensions ['ignore', 'ignore_ament_install']
[0.230s] Level 1:colcon.colcon_core.package_identification:_identify(dev) by extension 'ignore'
[0.230s] Level 1:colcon.colcon_core.package_identification:_identify(dev) by extension 'ignore_ament_install'
[0.230s] Level 1:colcon.colcon_core.package_identification:_identify(dev) by extensions ['colcon_pkg']
[0.230s] Level 1:colcon.colcon_core.package_identification:_identify(dev) by extension 'colcon_pkg'
[0.230s] Level 1:colcon.colcon_core.package_identification:_identify(dev) by extensions ['colcon_meta']
[0.230s] Level 1:colcon.colcon_core.package_identification:_identify(dev) by extension 'colcon_meta'
[0.230s] Level 1:colcon.colcon_core.package_identification:_identify(dev) by extensions ['ros']
[0.230s] Level 1:colcon.colcon_core.package_identification:_identify(dev) by extension 'ros'
[0.230s] Level 1:colcon.colcon_core.package_identification:_identify(dev) by extensions ['cmake', 'python']
[0.230s] Level 1:colcon.colcon_core.package_identification:_identify(dev) by extension 'cmake'
[0.230s] Level 1:colcon.colcon_core.package_identification:_identify(dev) by extension 'python'
[0.230s] Level 1:colcon.colcon_core.package_identification:_identify(dev) by extensions ['python_setup_py']
[0.230s] Level 1:colcon.colcon_core.package_identification:_identify(dev) by extension 'python_setup_py'
[0.230s] Level 1:colcon.colcon_core.package_identification:_identify(g1) by extensions ['ignore', 'ignore_ament_install']
[0.230s] Level 1:colcon.colcon_core.package_identification:_identify(g1) by extension 'ignore'
[0.230s] Level 1:colcon.colcon_core.package_identification:_identify(g1) by extension 'ignore_ament_install'
[0.230s] Level 1:colcon.colcon_core.package_identification:_identify(g1) by extensions ['colcon_pkg']
[0.230s] Level 1:colcon.colcon_core.package_identification:_identify(g1) by extension 'colcon_pkg'
[0.230s] Level 1:colcon.colcon_core.package_identification:_identify(g1) by extensions ['colcon_meta']
[0.230s] Level 1:colcon.colcon_core.package_identification:_identify(g1) by extension 'colcon_meta'
[0.230s] Level 1:colcon.colcon_core.package_identification:_identify(g1) by extensions ['ros']
[0.231s] Level 1:colcon.colcon_core.package_identification:_identify(g1) by extension 'ros'
[0.231s] Level 1:colcon.colcon_core.package_identification:_identify(g1) by extensions ['cmake', 'python']
[0.231s] Level 1:colcon.colcon_core.package_identification:_identify(g1) by extension 'cmake'
[0.231s] Level 1:colcon.colcon_core.package_identification:_identify(g1) by extension 'python'
[0.231s] Level 1:colcon.colcon_core.package_identification:_identify(g1) by extensions ['python_setup_py']
[0.231s] Level 1:colcon.colcon_core.package_identification:_identify(g1) by extension 'python_setup_py'
[0.231s] Level 1:colcon.colcon_core.package_identification:_identify(g1/dashboards) by extensions ['ignore', 'ignore_ament_install']
[0.231s] Level 1:colcon.colcon_core.package_identification:_identify(g1/dashboards) by extension 'ignore'
[0.231s] Level 1:colcon.colcon_core.package_identification:_identify(g1/dashboards) by extension 'ignore_ament_install'
[0.231s] Level 1:colcon.colcon_core.package_identification:_identify(g1/dashboards) by extensions ['colcon_pkg']
[0.231s] Level 1:colcon.colcon_core.package_identification:_identify(g1/dashboards) by extension 'colcon_pkg'
[0.231s] Level 1:colcon.colcon_core.package_identification:_identify(g1/dashboards) by extensions ['colcon_meta']
[0.231s] Level 1:colcon.colcon_core.package_identification:_identify(g1/dashboards) by extension 'colcon_meta'
[0.231s] Level 1:colcon.colcon_core.package_identification:_identify(g1/dashboards) by extensions ['ros']
[0.231s] Level 1:colcon.colcon_core.package_identification:_identify(g1/dashboards) by extension 'ros'
[0.231s] Level 1:colcon.colcon_core.package_identification:_identify(g1/dashboards) by extensions ['cmake', 'python']
[0.231s] Level 1:colcon.colcon_core.package_identification:_identify(g1/dashboards) by extension 'cmake'
[0.231s] Level 1:colcon.colcon_core.package_identification:_identify(g1/dashboards) by extension 'python'
[0.231s] Level 1:colcon.colcon_core.package_identification:_identify(g1/dashboards) by extensions ['python_setup_py']
[0.231s] Level 1:colcon.colcon_core.package_identification:_identify(g1/dashboards) by extension 'python_setup_py'
[0.231s] Level 1:colcon.colcon_core.package_identification:_identify(g1/docs) by extensions ['ignore', 'ignore_ament_install']
[0.231s] Level 1:colcon.colcon_core.package_identification:_identify(g1/docs) by extension 'ignore'
[0.231s] Level 1:colcon.colcon_core.package_identification:_identify(g1/docs) by extension 'ignore_ament_install'
[0.231s] Level 1:colcon.colcon_core.package_identification:_identify(g1/docs) by extensions ['colcon_pkg']
[0.231s] Level 1:colcon.colcon_core.package_identification:_identify(g1/docs) by extension 'colcon_pkg'
[0.231s] Level 1:colcon.colcon_core.package_identification:_identify(g1/docs) by extensions ['colcon_meta']
[0.231s] Level 1:colcon.colcon_core.package_identification:_identify(g1/docs) by extension 'colcon_meta'
[0.231s] Level 1:colcon.colcon_core.package_identification:_identify(g1/docs) by extensions ['ros']
[0.231s] Level 1:colcon.colcon_core.package_identification:_identify(g1/docs) by extension 'ros'
[0.232s] Level 1:colcon.colcon_core.package_identification:_identify(g1/docs) by extensions ['cmake', 'python']
[0.232s] Level 1:colcon.colcon_core.package_identification:_identify(g1/docs) by extension 'cmake'
[0.232s] Level 1:colcon.colcon_core.package_identification:_identify(g1/docs) by extension 'python'
[0.232s] Level 1:colcon.colcon_core.package_identification:_identify(g1/docs) by extensions ['python_setup_py']
[0.232s] Level 1:colcon.colcon_core.package_identification:_identify(g1/docs) by extension 'python_setup_py'
[0.232s] Level 1:colcon.colcon_core.package_identification:_identify(g1/edge_runtime) by extensions ['ignore', 'ignore_ament_install']
[0.232s] Level 1:colcon.colcon_core.package_identification:_identify(g1/edge_runtime) by extension 'ignore'
[0.232s] Level 1:colcon.colcon_core.package_identification:_identify(g1/edge_runtime) by extension 'ignore_ament_install'
[0.232s] Level 1:colcon.colcon_core.package_identification:_identify(g1/edge_runtime) by extensions ['colcon_pkg']
[0.232s] Level 1:colcon.colcon_core.package_identification:_identify(g1/edge_runtime) by extension 'colcon_pkg'
[0.232s] Level 1:colcon.colcon_core.package_identification:_identify(g1/edge_runtime) by extensions ['colcon_meta']
[0.232s] Level 1:colcon.colcon_core.package_identification:_identify(g1/edge_runtime) by extension 'colcon_meta'
[0.232s] Level 1:colcon.colcon_core.package_identification:_identify(g1/edge_runtime) by extensions ['ros']
[0.232s] Level 1:colcon.colcon_core.package_identification:_identify(g1/edge_runtime) by extension 'ros'
[0.232s] Level 1:colcon.colcon_core.package_identification:_identify(g1/edge_runtime) by extensions ['cmake', 'python']
[0.232s] Level 1:colcon.colcon_core.package_identification:_identify(g1/edge_runtime) by extension 'cmake'
[0.232s] Level 1:colcon.colcon_core.package_identification:_identify(g1/edge_runtime) by extension 'python'
[0.232s] Level 1:colcon.colcon_core.package_identification:_identify(g1/edge_runtime) by extensions ['python_setup_py']
[0.232s] Level 1:colcon.colcon_core.package_identification:_identify(g1/edge_runtime) by extension 'python_setup_py'
[0.232s] Level 1:colcon.colcon_core.package_identification:_identify(g1/edge_runtime/config) by extensions ['ignore', 'ignore_ament_install']
[0.232s] Level 1:colcon.colcon_core.package_identification:_identify(g1/edge_runtime/config) by extension 'ignore'
[0.232s] Level 1:colcon.colcon_core.package_identification:_identify(g1/edge_runtime/config) by extension 'ignore_ament_install'
[0.232s] Level 1:colcon.colcon_core.package_identification:_identify(g1/edge_runtime/config) by extensions ['colcon_pkg']
[0.232s] Level 1:colcon.colcon_core.package_identification:_identify(g1/edge_runtime/config) by extension 'colcon_pkg'
[0.232s] Level 1:colcon.colcon_core.package_identification:_identify(g1/edge_runtime/config) by extensions ['colcon_meta']
[0.232s] Level 1:colcon.colcon_core.package_identification:_identify(g1/edge_runtime/config) by extension 'colcon_meta'
[0.232s] Level 1:colcon.colcon_core.package_identification:_identify(g1/edge_runtime/config) by extensions ['ros']
[0.232s] Level 1:colcon.colcon_core.package_identification:_identify(g1/edge_runtime/config) by extension 'ros'
[0.232s] Level 1:colcon.colcon_core.package_identification:_identify(g1/edge_runtime/config) by extensions ['cmake', 'python']
[0.232s] Level 1:colcon.colcon_core.package_identification:_identify(g1/edge_runtime/config) by extension 'cmake'
[0.232s] Level 1:colcon.colcon_core.package_identification:_identify(g1/edge_runtime/config) by extension 'python'
[0.232s] Level 1:colcon.colcon_core.package_identification:_identify(g1/edge_runtime/config) by extensions ['python_setup_py']
[0.233s] Level 1:colcon.colcon_core.package_identification:_identify(g1/edge_runtime/config) by extension 'python_setup_py'
[0.233s] Level 1:colcon.colcon_core.package_identification:_identify(g1/edge_runtime/device_identity) by extensions ['ignore', 'ignore_ament_install']
[0.233s] Level 1:colcon.colcon_core.package_identification:_identify(g1/edge_runtime/device_identity) by extension 'ignore'
[0.233s] Level 1:colcon.colcon_core.package_identification:_identify(g1/edge_runtime/device_identity) by extension 'ignore_ament_install'
[0.233s] Level 1:colcon.colcon_core.package_identification:_identify(g1/edge_runtime/device_identity) by extensions ['colcon_pkg']
[0.233s] Level 1:colcon.colcon_core.package_identification:_identify(g1/edge_runtime/device_identity) by extension 'colcon_pkg'
[0.233s] Level 1:colcon.colcon_core.package_identification:_identify(g1/edge_runtime/device_identity) by extensions ['colcon_meta']
[0.233s] Level 1:colcon.colcon_core.package_identification:_identify(g1/edge_runtime/device_identity) by extension 'colcon_meta'
[0.233s] Level 1:colcon.colcon_core.package_identification:_identify(g1/edge_runtime/device_identity) by extensions ['ros']
[0.233s] Level 1:colcon.colcon_core.package_identification:_identify(g1/edge_runtime/device_identity) by extension 'ros'
[0.233s] Level 1:colcon.colcon_core.package_identification:_identify(g1/edge_runtime/device_identity) by extensions ['cmake', 'python']
[0.233s] Level 1:colcon.colcon_core.package_identification:_identify(g1/edge_runtime/device_identity) by extension 'cmake'
[0.233s] Level 1:colcon.colcon_core.package_identification:_identify(g1/edge_runtime/device_identity) by extension 'python'
[0.233s] Level 1:colcon.colcon_core.package_identification:_identify(g1/edge_runtime/device_identity) by extensions ['python_setup_py']
[0.233s] Level 1:colcon.colcon_core.package_identification:_identify(g1/edge_runtime/device_identity) by extension 'python_setup_py'
[0.233s] Level 1:colcon.colcon_core.package_identification:_identify(g1/edge_runtime/gateway) by extensions ['ignore', 'ignore_ament_install']
[0.233s] Level 1:colcon.colcon_core.package_identification:_identify(g1/edge_runtime/gateway) by extension 'ignore'
[0.233s] Level 1:colcon.colcon_core.package_identification:_identify(g1/edge_runtime/gateway) by extension 'ignore_ament_install'
[0.233s] Level 1:colcon.colcon_core.package_identification:_identify(g1/edge_runtime/gateway) by extensions ['colcon_pkg']
[0.233s] Level 1:colcon.colcon_core.package_identification:_identify(g1/edge_runtime/gateway) by extension 'colcon_pkg'
[0.233s] Level 1:colcon.colcon_core.package_identification:_identify(g1/edge_runtime/gateway) by extensions ['colcon_meta']
[0.233s] Level 1:colcon.colcon_core.package_identification:_identify(g1/edge_runtime/gateway) by extension 'colcon_meta'
[0.233s] Level 1:colcon.colcon_core.package_identification:_identify(g1/edge_runtime/gateway) by extensions ['ros']
[0.233s] Level 1:colcon.colcon_core.package_identification:_identify(g1/edge_runtime/gateway) by extension 'ros'
[0.233s] Level 1:colcon.colcon_core.package_identification:_identify(g1/edge_runtime/gateway) by extensions ['cmake', 'python']
[0.233s] Level 1:colcon.colcon_core.package_identification:_identify(g1/edge_runtime/gateway) by extension 'cmake'
[0.233s] Level 1:colcon.colcon_core.package_identification:_identify(g1/edge_runtime/gateway) by extension 'python'
[0.233s] Level 1:colcon.colcon_core.package_identification:_identify(g1/edge_runtime/gateway) by extensions ['python_setup_py']
[0.233s] Level 1:colcon.colcon_core.package_identification:_identify(g1/edge_runtime/gateway) by extension 'python_setup_py'
[0.233s] Level 1:colcon.colcon_core.package_identification:_identify(g1/edge_runtime/skills) by extensions ['ignore', 'ignore_ament_install']
[0.233s] Level 1:colcon.colcon_core.package_identification:_identify(g1/edge_runtime/skills) by extension 'ignore'
[0.233s] Level 1:colcon.colcon_core.package_identification:_identify(g1/edge_runtime/skills) by extension 'ignore_ament_install'
[0.234s] Level 1:colcon.colcon_core.package_identification:_identify(g1/edge_runtime/skills) by extensions ['colcon_pkg']
[0.234s] Level 1:colcon.colcon_core.package_identification:_identify(g1/edge_runtime/skills) by extension 'colcon_pkg'
[0.234s] Level 1:colcon.colcon_core.package_identification:_identify(g1/edge_runtime/skills) by extensions ['colcon_meta']
[0.234s] Level 1:colcon.colcon_core.package_identification:_identify(g1/edge_runtime/skills) by extension 'colcon_meta'
[0.234s] Level 1:colcon.colcon_core.package_identification:_identify(g1/edge_runtime/skills) by extensions ['ros']
[0.234s] Level 1:colcon.colcon_core.package_identification:_identify(g1/edge_runtime/skills) by extension 'ros'
[0.234s] Level 1:colcon.colcon_core.package_identification:_identify(g1/edge_runtime/skills) by extensions ['cmake', 'python']
[0.234s] Level 1:colcon.colcon_core.package_identification:_identify(g1/edge_runtime/skills) by extension 'cmake'
[0.234s] Level 1:colcon.colcon_core.package_identification:_identify(g1/edge_runtime/skills) by extension 'python'
[0.234s] Level 1:colcon.colcon_core.package_identification:_identify(g1/edge_runtime/skills) by extensions ['python_setup_py']
[0.234s] Level 1:colcon.colcon_core.package_identification:_identify(g1/edge_runtime/skills) by extension 'python_setup_py'
[0.234s] Level 1:colcon.colcon_core.package_identification:_identify(g1/edge_runtime/telemetry) by extensions ['ignore', 'ignore_ament_install']
[0.234s] Level 1:colcon.colcon_core.package_identification:_identify(g1/edge_runtime/telemetry) by extension 'ignore'
[0.234s] Level 1:colcon.colcon_core.package_identification:_identify(g1/edge_runtime/telemetry) by extension 'ignore_ament_install'
[0.234s] Level 1:colcon.colcon_core.package_identification:_identify(g1/edge_runtime/telemetry) by extensions ['colcon_pkg']
[0.234s] Level 1:colcon.colcon_core.package_identification:_identify(g1/edge_runtime/telemetry) by extension 'colcon_pkg'
[0.234s] Level 1:colcon.colcon_core.package_identification:_identify(g1/edge_runtime/telemetry) by extensions ['colcon_meta']
[0.234s] Level 1:colcon.colcon_core.package_identification:_identify(g1/edge_runtime/telemetry) by extension 'colcon_meta'
[0.234s] Level 1:colcon.colcon_core.package_identification:_identify(g1/edge_runtime/telemetry) by extensions ['ros']
[0.234s] Level 1:colcon.colcon_core.package_identification:_identify(g1/edge_runtime/telemetry) by extension 'ros'
[0.234s] Level 1:colcon.colcon_core.package_identification:_identify(g1/edge_runtime/telemetry) by extensions ['cmake', 'python']
[0.234s] Level 1:colcon.colcon_core.package_identification:_identify(g1/edge_runtime/telemetry) by extension 'cmake'
[0.234s] Level 1:colcon.colcon_core.package_identification:_identify(g1/edge_runtime/telemetry) by extension 'python'
[0.234s] Level 1:colcon.colcon_core.package_identification:_identify(g1/edge_runtime/telemetry) by extensions ['python_setup_py']
[0.234s] Level 1:colcon.colcon_core.package_identification:_identify(g1/edge_runtime/telemetry) by extension 'python_setup_py'
[0.234s] Level 1:colcon.colcon_core.package_identification:_identify(g1/modules) by extensions ['ignore', 'ignore_ament_install']
[0.234s] Level 1:colcon.colcon_core.package_identification:_identify(g1/modules) by extension 'ignore'
[0.234s] Level 1:colcon.colcon_core.package_identification:_identify(g1/modules) by extension 'ignore_ament_install'
[0.234s] Level 1:colcon.colcon_core.package_identification:_identify(g1/modules) by extensions ['colcon_pkg']
[0.234s] Level 1:colcon.colcon_core.package_identification:_identify(g1/modules) by extension 'colcon_pkg'
[0.234s] Level 1:colcon.colcon_core.package_identification:_identify(g1/modules) by extensions ['colcon_meta']
[0.234s] Level 1:colcon.colcon_core.package_identification:_identify(g1/modules) by extension 'colcon_meta'
[0.234s] Level 1:colcon.colcon_core.package_identification:_identify(g1/modules) by extensions ['ros']
[0.234s] Level 1:colcon.colcon_core.package_identification:_identify(g1/modules) by extension 'ros'
[0.235s] Level 1:colcon.colcon_core.package_identification:_identify(g1/modules) by extensions ['cmake', 'python']
[0.235s] Level 1:colcon.colcon_core.package_identification:_identify(g1/modules) by extension 'cmake'
[0.235s] Level 1:colcon.colcon_core.package_identification:_identify(g1/modules) by extension 'python'
[0.235s] Level 1:colcon.colcon_core.package_identification:_identify(g1/modules) by extensions ['python_setup_py']
[0.235s] Level 1:colcon.colcon_core.package_identification:_identify(g1/modules) by extension 'python_setup_py'
[0.235s] Level 1:colcon.colcon_core.package_identification:_identify(g1/scripts) by extensions ['ignore', 'ignore_ament_install']
[0.235s] Level 1:colcon.colcon_core.package_identification:_identify(g1/scripts) by extension 'ignore'
[0.235s] Level 1:colcon.colcon_core.package_identification:_identify(g1/scripts) by extension 'ignore_ament_install'
[0.235s] Level 1:colcon.colcon_core.package_identification:_identify(g1/scripts) by extensions ['colcon_pkg']
[0.235s] Level 1:colcon.colcon_core.package_identification:_identify(g1/scripts) by extension 'colcon_pkg'
[0.235s] Level 1:colcon.colcon_core.package_identification:_identify(g1/scripts) by extensions ['colcon_meta']
[0.235s] Level 1:colcon.colcon_core.package_identification:_identify(g1/scripts) by extension 'colcon_meta'
[0.235s] Level 1:colcon.colcon_core.package_identification:_identify(g1/scripts) by extensions ['ros']
[0.235s] Level 1:colcon.colcon_core.package_identification:_identify(g1/scripts) by extension 'ros'
[0.235s] Level 1:colcon.colcon_core.package_identification:_identify(g1/scripts) by extensions ['cmake', 'python']
[0.235s] Level 1:colcon.colcon_core.package_identification:_identify(g1/scripts) by extension 'cmake'
[0.235s] Level 1:colcon.colcon_core.package_identification:_identify(g1/scripts) by extension 'python'
[0.235s] Level 1:colcon.colcon_core.package_identification:_identify(g1/scripts) by extensions ['python_setup_py']
[0.235s] Level 1:colcon.colcon_core.package_identification:_identify(g1/scripts) by extension 'python_setup_py'
[0.235s] Level 1:colcon.colcon_core.package_identification:_identify(g1/scripts/arm_motion) by extensions ['ignore', 'ignore_ament_install']
[0.235s] Level 1:colcon.colcon_core.package_identification:_identify(g1/scripts/arm_motion) by extension 'ignore'
[0.235s] Level 1:colcon.colcon_core.package_identification:_identify(g1/scripts/arm_motion) by extension 'ignore_ament_install'
[0.235s] Level 1:colcon.colcon_core.package_identification:_identify(g1/scripts/arm_motion) by extensions ['colcon_pkg']
[0.235s] Level 1:colcon.colcon_core.package_identification:_identify(g1/scripts/arm_motion) by extension 'colcon_pkg'
[0.235s] Level 1:colcon.colcon_core.package_identification:_identify(g1/scripts/arm_motion) by extensions ['colcon_meta']
[0.235s] Level 1:colcon.colcon_core.package_identification:_identify(g1/scripts/arm_motion) by extension 'colcon_meta'
[0.235s] Level 1:colcon.colcon_core.package_identification:_identify(g1/scripts/arm_motion) by extensions ['ros']
[0.235s] Level 1:colcon.colcon_core.package_identification:_identify(g1/scripts/arm_motion) by extension 'ros'
[0.235s] Level 1:colcon.colcon_core.package_identification:_identify(g1/scripts/arm_motion) by extensions ['cmake', 'python']
[0.235s] Level 1:colcon.colcon_core.package_identification:_identify(g1/scripts/arm_motion) by extension 'cmake'
[0.236s] Level 1:colcon.colcon_core.package_identification:_identify(g1/scripts/arm_motion) by extension 'python'
[0.236s] Level 1:colcon.colcon_core.package_identification:_identify(g1/scripts/arm_motion) by extensions ['python_setup_py']
[0.236s] Level 1:colcon.colcon_core.package_identification:_identify(g1/scripts/arm_motion) by extension 'python_setup_py'
[0.236s] Level 1:colcon.colcon_core.package_identification:_identify(g1/scripts/arm_motion/pbd) by extensions ['ignore', 'ignore_ament_install']
[0.236s] Level 1:colcon.colcon_core.package_identification:_identify(g1/scripts/arm_motion/pbd) by extension 'ignore'
[0.236s] Level 1:colcon.colcon_core.package_identification:_identify(g1/scripts/arm_motion/pbd) by extension 'ignore_ament_install'
[0.236s] Level 1:colcon.colcon_core.package_identification:_identify(g1/scripts/arm_motion/pbd) by extensions ['colcon_pkg']
[0.236s] Level 1:colcon.colcon_core.package_identification:_identify(g1/scripts/arm_motion/pbd) by extension 'colcon_pkg'
[0.236s] Level 1:colcon.colcon_core.package_identification:_identify(g1/scripts/arm_motion/pbd) by extensions ['colcon_meta']
[0.236s] Level 1:colcon.colcon_core.package_identification:_identify(g1/scripts/arm_motion/pbd) by extension 'colcon_meta'
[0.236s] Level 1:colcon.colcon_core.package_identification:_identify(g1/scripts/arm_motion/pbd) by extensions ['ros']
[0.236s] Level 1:colcon.colcon_core.package_identification:_identify(g1/scripts/arm_motion/pbd) by extension 'ros'
[0.236s] Level 1:colcon.colcon_core.package_identification:_identify(g1/scripts/arm_motion/pbd) by extensions ['cmake', 'python']
[0.236s] Level 1:colcon.colcon_core.package_identification:_identify(g1/scripts/arm_motion/pbd) by extension 'cmake'
[0.236s] Level 1:colcon.colcon_core.package_identification:_identify(g1/scripts/arm_motion/pbd) by extension 'python'
[0.236s] Level 1:colcon.colcon_core.package_identification:_identify(g1/scripts/arm_motion/pbd) by extensions ['python_setup_py']
[0.236s] Level 1:colcon.colcon_core.package_identification:_identify(g1/scripts/arm_motion/pbd) by extension 'python_setup_py'
[0.236s] Level 1:colcon.colcon_core.package_identification:_identify(g1/scripts/arm_motion/pbd/motion_databse) by extensions ['ignore', 'ignore_ament_install']
[0.236s] Level 1:colcon.colcon_core.package_identification:_identify(g1/scripts/arm_motion/pbd/motion_databse) by extension 'ignore'
[0.236s] Level 1:colcon.colcon_core.package_identification:_identify(g1/scripts/arm_motion/pbd/motion_databse) by extension 'ignore_ament_install'
[0.236s] Level 1:colcon.colcon_core.package_identification:_identify(g1/scripts/arm_motion/pbd/motion_databse) by extensions ['colcon_pkg']
[0.236s] Level 1:colcon.colcon_core.package_identification:_identify(g1/scripts/arm_motion/pbd/motion_databse) by extension 'colcon_pkg'
[0.236s] Level 1:colcon.colcon_core.package_identification:_identify(g1/scripts/arm_motion/pbd/motion_databse) by extensions ['colcon_meta']
[0.236s] Level 1:colcon.colcon_core.package_identification:_identify(g1/scripts/arm_motion/pbd/motion_databse) by extension 'colcon_meta'
[0.236s] Level 1:colcon.colcon_core.package_identification:_identify(g1/scripts/arm_motion/pbd/motion_databse) by extensions ['ros']
[0.236s] Level 1:colcon.colcon_core.package_identification:_identify(g1/scripts/arm_motion/pbd/motion_databse) by extension 'ros'
[0.236s] Level 1:colcon.colcon_core.package_identification:_identify(g1/scripts/arm_motion/pbd/motion_databse) by extensions ['cmake', 'python']
[0.236s] Level 1:colcon.colcon_core.package_identification:_identify(g1/scripts/arm_motion/pbd/motion_databse) by extension 'cmake'
[0.236s] Level 1:colcon.colcon_core.package_identification:_identify(g1/scripts/arm_motion/pbd/motion_databse) by extension 'python'
[0.236s] Level 1:colcon.colcon_core.package_identification:_identify(g1/scripts/arm_motion/pbd/motion_databse) by extensions ['python_setup_py']
[0.236s] Level 1:colcon.colcon_core.package_identification:_identify(g1/scripts/arm_motion/pbd/motion_databse) by extension 'python_setup_py'
[0.237s] Level 1:colcon.colcon_core.package_identification:_identify(g1/scripts/arm_motion/pbd/safety) by extensions ['ignore', 'ignore_ament_install']
[0.237s] Level 1:colcon.colcon_core.package_identification:_identify(g1/scripts/arm_motion/pbd/safety) by extension 'ignore'
[0.237s] Level 1:colcon.colcon_core.package_identification:_identify(g1/scripts/arm_motion/pbd/safety) by extension 'ignore_ament_install'
[0.237s] Level 1:colcon.colcon_core.package_identification:_identify(g1/scripts/arm_motion/pbd/safety) by extensions ['colcon_pkg']
[0.237s] Level 1:colcon.colcon_core.package_identification:_identify(g1/scripts/arm_motion/pbd/safety) by extension 'colcon_pkg'
[0.237s] Level 1:colcon.colcon_core.package_identification:_identify(g1/scripts/arm_motion/pbd/safety) by extensions ['colcon_meta']
[0.237s] Level 1:colcon.colcon_core.package_identification:_identify(g1/scripts/arm_motion/pbd/safety) by extension 'colcon_meta'
[0.237s] Level 1:colcon.colcon_core.package_identification:_identify(g1/scripts/arm_motion/pbd/safety) by extensions ['ros']
[0.237s] Level 1:colcon.colcon_core.package_identification:_identify(g1/scripts/arm_motion/pbd/safety) by extension 'ros'
[0.237s] Level 1:colcon.colcon_core.package_identification:_identify(g1/scripts/arm_motion/pbd/safety) by extensions ['cmake', 'python']
[0.237s] Level 1:colcon.colcon_core.package_identification:_identify(g1/scripts/arm_motion/pbd/safety) by extension 'cmake'
[0.237s] Level 1:colcon.colcon_core.package_identification:_identify(g1/scripts/arm_motion/pbd/safety) by extension 'python'
[0.237s] Level 1:colcon.colcon_core.package_identification:_identify(g1/scripts/arm_motion/pbd/safety) by extensions ['python_setup_py']
[0.237s] Level 1:colcon.colcon_core.package_identification:_identify(g1/scripts/arm_motion/pbd/safety) by extension 'python_setup_py'
[0.237s] Level 1:colcon.colcon_core.package_identification:_identify(g1/scripts/arm_motion/safety) by extensions ['ignore', 'ignore_ament_install']
[0.237s] Level 1:colcon.colcon_core.package_identification:_identify(g1/scripts/arm_motion/safety) by extension 'ignore'
[0.237s] Level 1:colcon.colcon_core.package_identification:_identify(g1/scripts/arm_motion/safety) by extension 'ignore_ament_install'
[0.237s] Level 1:colcon.colcon_core.package_identification:_identify(g1/scripts/arm_motion/safety) by extensions ['colcon_pkg']
[0.237s] Level 1:colcon.colcon_core.package_identification:_identify(g1/scripts/arm_motion/safety) by extension 'colcon_pkg'
[0.237s] Level 1:colcon.colcon_core.package_identification:_identify(g1/scripts/arm_motion/safety) by extensions ['colcon_meta']
[0.237s] Level 1:colcon.colcon_core.package_identification:_identify(g1/scripts/arm_motion/safety) by extension 'colcon_meta'
[0.237s] Level 1:colcon.colcon_core.package_identification:_identify(g1/scripts/arm_motion/safety) by extensions ['ros']
[0.237s] Level 1:colcon.colcon_core.package_identification:_identify(g1/scripts/arm_motion/safety) by extension 'ros'
[0.237s] Level 1:colcon.colcon_core.package_identification:_identify(g1/scripts/arm_motion/safety) by extensions ['cmake', 'python']
[0.237s] Level 1:colcon.colcon_core.package_identification:_identify(g1/scripts/arm_motion/safety) by extension 'cmake'
[0.237s] Level 1:colcon.colcon_core.package_identification:_identify(g1/scripts/arm_motion/safety) by extension 'python'
[0.237s] Level 1:colcon.colcon_core.package_identification:_identify(g1/scripts/arm_motion/safety) by extensions ['python_setup_py']
[0.237s] Level 1:colcon.colcon_core.package_identification:_identify(g1/scripts/arm_motion/safety) by extension 'python_setup_py'
[0.237s] Level 1:colcon.colcon_core.package_identification:_identify(g1/scripts/basic) by extensions ['ignore', 'ignore_ament_install']
[0.238s] Level 1:colcon.colcon_core.package_identification:_identify(g1/scripts/basic) by extension 'ignore'
[0.238s] Level 1:colcon.colcon_core.package_identification:_identify(g1/scripts/basic) by extension 'ignore_ament_install'
[0.238s] Level 1:colcon.colcon_core.package_identification:_identify(g1/scripts/basic) by extensions ['colcon_pkg']
[0.238s] Level 1:colcon.colcon_core.package_identification:_identify(g1/scripts/basic) by extension 'colcon_pkg'
[0.238s] Level 1:colcon.colcon_core.package_identification:_identify(g1/scripts/basic) by extensions ['colcon_meta']
[0.238s] Level 1:colcon.colcon_core.package_identification:_identify(g1/scripts/basic) by extension 'colcon_meta'
[0.238s] Level 1:colcon.colcon_core.package_identification:_identify(g1/scripts/basic) by extensions ['ros']
[0.238s] Level 1:colcon.colcon_core.package_identification:_identify(g1/scripts/basic) by extension 'ros'
[0.238s] Level 1:colcon.colcon_core.package_identification:_identify(g1/scripts/basic) by extensions ['cmake', 'python']
[0.238s] Level 1:colcon.colcon_core.package_identification:_identify(g1/scripts/basic) by extension 'cmake'
[0.238s] Level 1:colcon.colcon_core.package_identification:_identify(g1/scripts/basic) by extension 'python'
[0.238s] Level 1:colcon.colcon_core.package_identification:_identify(g1/scripts/basic) by extensions ['python_setup_py']
[0.238s] Level 1:colcon.colcon_core.package_identification:_identify(g1/scripts/basic) by extension 'python_setup_py'
[0.238s] Level 1:colcon.colcon_core.package_identification:_identify(g1/scripts/basic/audio) by extensions ['ignore', 'ignore_ament_install']
[0.238s] Level 1:colcon.colcon_core.package_identification:_identify(g1/scripts/basic/audio) by extension 'ignore'
[0.238s] Level 1:colcon.colcon_core.package_identification:_identify(g1/scripts/basic/audio) by extension 'ignore_ament_install'
[0.238s] Level 1:colcon.colcon_core.package_identification:_identify(g1/scripts/basic/audio) by extensions ['colcon_pkg']
[0.238s] Level 1:colcon.colcon_core.package_identification:_identify(g1/scripts/basic/audio) by extension 'colcon_pkg'
[0.238s] Level 1:colcon.colcon_core.package_identification:_identify(g1/scripts/basic/audio) by extensions ['colcon_meta']
[0.238s] Level 1:colcon.colcon_core.package_identification:_identify(g1/scripts/basic/audio) by extension 'colcon_meta'
[0.238s] Level 1:colcon.colcon_core.package_identification:_identify(g1/scripts/basic/audio) by extensions ['ros']
[0.238s] Level 1:colcon.colcon_core.package_identification:_identify(g1/scripts/basic/audio) by extension 'ros'
[0.238s] Level 1:colcon.colcon_core.package_identification:_identify(g1/scripts/basic/audio) by extensions ['cmake', 'python']
[0.238s] Level 1:colcon.colcon_core.package_identification:_identify(g1/scripts/basic/audio) by extension 'cmake'
[0.238s] Level 1:colcon.colcon_core.package_identification:_identify(g1/scripts/basic/audio) by extension 'python'
[0.238s] Level 1:colcon.colcon_core.package_identification:_identify(g1/scripts/basic/audio) by extensions ['python_setup_py']
[0.238s] Level 1:colcon.colcon_core.package_identification:_identify(g1/scripts/basic/audio) by extension 'python_setup_py'
[0.238s] Level 1:colcon.colcon_core.package_identification:_identify(g1/scripts/basic/headlight_client) by extensions ['ignore', 'ignore_ament_install']
[0.238s] Level 1:colcon.colcon_core.package_identification:_identify(g1/scripts/basic/headlight_client) by extension 'ignore'
[0.238s] Level 1:colcon.colcon_core.package_identification:_identify(g1/scripts/basic/headlight_client) by extension 'ignore_ament_install'
[0.239s] Level 1:colcon.colcon_core.package_identification:_identify(g1/scripts/basic/headlight_client) by extensions ['colcon_pkg']
[0.239s] Level 1:colcon.colcon_core.package_identification:_identify(g1/scripts/basic/headlight_client) by extension 'colcon_pkg'
[0.239s] Level 1:colcon.colcon_core.package_identification:_identify(g1/scripts/basic/headlight_client) by extensions ['colcon_meta']
[0.239s] Level 1:colcon.colcon_core.package_identification:_identify(g1/scripts/basic/headlight_client) by extension 'colcon_meta'
[0.239s] Level 1:colcon.colcon_core.package_identification:_identify(g1/scripts/basic/headlight_client) by extensions ['ros']
[0.239s] Level 1:colcon.colcon_core.package_identification:_identify(g1/scripts/basic/headlight_client) by extension 'ros'
[0.239s] Level 1:colcon.colcon_core.package_identification:_identify(g1/scripts/basic/headlight_client) by extensions ['cmake', 'python']
[0.239s] Level 1:colcon.colcon_core.package_identification:_identify(g1/scripts/basic/headlight_client) by extension 'cmake'
[0.239s] Level 1:colcon.colcon_core.package_identification:_identify(g1/scripts/basic/headlight_client) by extension 'python'
[0.239s] Level 1:colcon.colcon_core.package_identification:_identify(g1/scripts/basic/headlight_client) by extensions ['python_setup_py']
[0.239s] Level 1:colcon.colcon_core.package_identification:_identify(g1/scripts/basic/headlight_client) by extension 'python_setup_py'
[0.239s] Level 1:colcon.colcon_core.package_identification:_identify(g1/scripts/basic/safety) by extensions ['ignore', 'ignore_ament_install']
[0.239s] Level 1:colcon.colcon_core.package_identification:_identify(g1/scripts/basic/safety) by extension 'ignore'
[0.239s] Level 1:colcon.colcon_core.package_identification:_identify(g1/scripts/basic/safety) by extension 'ignore_ament_install'
[0.239s] Level 1:colcon.colcon_core.package_identification:_identify(g1/scripts/basic/safety) by extensions ['colcon_pkg']
[0.239s] Level 1:colcon.colcon_core.package_identification:_identify(g1/scripts/basic/safety) by extension 'colcon_pkg'
[0.239s] Level 1:colcon.colcon_core.package_identification:_identify(g1/scripts/basic/safety) by extensions ['colcon_meta']
[0.239s] Level 1:colcon.colcon_core.package_identification:_identify(g1/scripts/basic/safety) by extension 'colcon_meta'
[0.239s] Level 1:colcon.colcon_core.package_identification:_identify(g1/scripts/basic/safety) by extensions ['ros']
[0.239s] Level 1:colcon.colcon_core.package_identification:_identify(g1/scripts/basic/safety) by extension 'ros'
[0.239s] Level 1:colcon.colcon_core.package_identification:_identify(g1/scripts/basic/safety) by extensions ['cmake', 'python']
[0.239s] Level 1:colcon.colcon_core.package_identification:_identify(g1/scripts/basic/safety) by extension 'cmake'
[0.239s] Level 1:colcon.colcon_core.package_identification:_identify(g1/scripts/basic/safety) by extension 'python'
[0.239s] Level 1:colcon.colcon_core.package_identification:_identify(g1/scripts/basic/safety) by extensions ['python_setup_py']
[0.239s] Level 1:colcon.colcon_core.package_identification:_identify(g1/scripts/basic/safety) by extension 'python_setup_py'
[0.239s] Level 1:colcon.colcon_core.package_identification:_identify(g1/scripts/dev) by extensions ['ignore', 'ignore_ament_install']
[0.239s] Level 1:colcon.colcon_core.package_identification:_identify(g1/scripts/dev) by extension 'ignore'
[0.239s] Level 1:colcon.colcon_core.package_identification:_identify(g1/scripts/dev) by extension 'ignore_ament_install'
[0.239s] Level 1:colcon.colcon_core.package_identification:_identify(g1/scripts/dev) by extensions ['colcon_pkg']
[0.239s] Level 1:colcon.colcon_core.package_identification:_identify(g1/scripts/dev) by extension 'colcon_pkg'
[0.239s] Level 1:colcon.colcon_core.package_identification:_identify(g1/scripts/dev) by extensions ['colcon_meta']
[0.239s] Level 1:colcon.colcon_core.package_identification:_identify(g1/scripts/dev) by extension 'colcon_meta'
[0.239s] Level 1:colcon.colcon_core.package_identification:_identify(g1/scripts/dev) by extensions ['ros']
[0.239s] Level 1:colcon.colcon_core.package_identification:_identify(g1/scripts/dev) by extension 'ros'
[0.240s] Level 1:colcon.colcon_core.package_identification:_identify(g1/scripts/dev) by extensions ['cmake', 'python']
[0.240s] Level 1:colcon.colcon_core.package_identification:_identify(g1/scripts/dev) by extension 'cmake'
[0.240s] Level 1:colcon.colcon_core.package_identification:_identify(g1/scripts/dev) by extension 'python'
[0.240s] Level 1:colcon.colcon_core.package_identification:_identify(g1/scripts/dev) by extensions ['python_setup_py']
[0.240s] Level 1:colcon.colcon_core.package_identification:_identify(g1/scripts/dev) by extension 'python_setup_py'
[0.240s] Level 1:colcon.colcon_core.package_identification:_identify(g1/scripts/dev/VLA) by extensions ['ignore', 'ignore_ament_install']
[0.240s] Level 1:colcon.colcon_core.package_identification:_identify(g1/scripts/dev/VLA) by extension 'ignore'
[0.240s] Level 1:colcon.colcon_core.package_identification:_identify(g1/scripts/dev/VLA) by extension 'ignore_ament_install'
[0.240s] Level 1:colcon.colcon_core.package_identification:_identify(g1/scripts/dev/VLA) by extensions ['colcon_pkg']
[0.240s] Level 1:colcon.colcon_core.package_identification:_identify(g1/scripts/dev/VLA) by extension 'colcon_pkg'
[0.240s] Level 1:colcon.colcon_core.package_identification:_identify(g1/scripts/dev/VLA) by extensions ['colcon_meta']
[0.240s] Level 1:colcon.colcon_core.package_identification:_identify(g1/scripts/dev/VLA) by extension 'colcon_meta'
[0.240s] Level 1:colcon.colcon_core.package_identification:_identify(g1/scripts/dev/VLA) by extensions ['ros']
[0.240s] Level 1:colcon.colcon_core.package_identification:_identify(g1/scripts/dev/VLA) by extension 'ros'
[0.240s] Level 1:colcon.colcon_core.package_identification:_identify(g1/scripts/dev/VLA) by extensions ['cmake', 'python']
[0.240s] Level 1:colcon.colcon_core.package_identification:_identify(g1/scripts/dev/VLA) by extension 'cmake'
[0.240s] Level 1:colcon.colcon_core.package_identification:_identify(g1/scripts/dev/VLA) by extension 'python'
[0.240s] Level 1:colcon.colcon_core.package_identification:_identify(g1/scripts/dev/VLA) by extensions ['python_setup_py']
[0.240s] Level 1:colcon.colcon_core.package_identification:_identify(g1/scripts/dev/VLA) by extension 'python_setup_py'
[0.240s] Level 1:colcon.colcon_core.package_identification:_identify(g1/scripts/dev/VLA/stack2) by extensions ['ignore', 'ignore_ament_install']
[0.240s] Level 1:colcon.colcon_core.package_identification:_identify(g1/scripts/dev/VLA/stack2) by extension 'ignore'
[0.240s] Level 1:colcon.colcon_core.package_identification:_identify(g1/scripts/dev/VLA/stack2) by extension 'ignore_ament_install'
[0.240s] Level 1:colcon.colcon_core.package_identification:_identify(g1/scripts/dev/VLA/stack2) by extensions ['colcon_pkg']
[0.240s] Level 1:colcon.colcon_core.package_identification:_identify(g1/scripts/dev/VLA/stack2) by extension 'colcon_pkg'
[0.240s] Level 1:colcon.colcon_core.package_identification:_identify(g1/scripts/dev/VLA/stack2) by extensions ['colcon_meta']
[0.240s] Level 1:colcon.colcon_core.package_identification:_identify(g1/scripts/dev/VLA/stack2) by extension 'colcon_meta'
[0.240s] Level 1:colcon.colcon_core.package_identification:_identify(g1/scripts/dev/VLA/stack2) by extensions ['ros']
[0.240s] Level 1:colcon.colcon_core.package_identification:_identify(g1/scripts/dev/VLA/stack2) by extension 'ros'
[0.240s] Level 1:colcon.colcon_core.package_identification:_identify(g1/scripts/dev/VLA/stack2) by extensions ['cmake', 'python']
[0.240s] Level 1:colcon.colcon_core.package_identification:_identify(g1/scripts/dev/VLA/stack2) by extension 'cmake'
[0.240s] Level 1:colcon.colcon_core.package_identification:_identify(g1/scripts/dev/VLA/stack2) by extension 'python'
[0.240s] Level 1:colcon.colcon_core.package_identification:_identify(g1/scripts/dev/VLA/stack2) by extensions ['python_setup_py']
[0.241s] Level 1:colcon.colcon_core.package_identification:_identify(g1/scripts/dev/VLA/stack2) by extension 'python_setup_py'
[0.241s] Level 1:colcon.colcon_core.package_identification:_identify(g1/scripts/dev/VLA/stack_1) by extensions ['ignore', 'ignore_ament_install']
[0.241s] Level 1:colcon.colcon_core.package_identification:_identify(g1/scripts/dev/VLA/stack_1) by extension 'ignore'
[0.241s] Level 1:colcon.colcon_core.package_identification:_identify(g1/scripts/dev/VLA/stack_1) by extension 'ignore_ament_install'
[0.241s] Level 1:colcon.colcon_core.package_identification:_identify(g1/scripts/dev/VLA/stack_1) by extensions ['colcon_pkg']
[0.241s] Level 1:colcon.colcon_core.package_identification:_identify(g1/scripts/dev/VLA/stack_1) by extension 'colcon_pkg'
[0.241s] Level 1:colcon.colcon_core.package_identification:_identify(g1/scripts/dev/VLA/stack_1) by extensions ['colcon_meta']
[0.241s] Level 1:colcon.colcon_core.package_identification:_identify(g1/scripts/dev/VLA/stack_1) by extension 'colcon_meta'
[0.241s] Level 1:colcon.colcon_core.package_identification:_identify(g1/scripts/dev/VLA/stack_1) by extensions ['ros']
[0.241s] Level 1:colcon.colcon_core.package_identification:_identify(g1/scripts/dev/VLA/stack_1) by extension 'ros'
[0.241s] Level 1:colcon.colcon_core.package_identification:_identify(g1/scripts/dev/VLA/stack_1) by extensions ['cmake', 'python']
[0.241s] Level 1:colcon.colcon_core.package_identification:_identify(g1/scripts/dev/VLA/stack_1) by extension 'cmake'
[0.241s] Level 1:colcon.colcon_core.package_identification:_identify(g1/scripts/dev/VLA/stack_1) by extension 'python'
[0.241s] Level 1:colcon.colcon_core.package_identification:_identify(g1/scripts/dev/VLA/stack_1) by extensions ['python_setup_py']
[0.241s] Level 1:colcon.colcon_core.package_identification:_identify(g1/scripts/dev/VLA/stack_1) by extension 'python_setup_py'
[0.241s] Level 1:colcon.colcon_core.package_identification:_identify(g1/scripts/dev/imitation) by extensions ['ignore', 'ignore_ament_install']
[0.241s] Level 1:colcon.colcon_core.package_identification:_identify(g1/scripts/dev/imitation) by extension 'ignore'
[0.241s] Level 1:colcon.colcon_core.package_identification:_identify(g1/scripts/dev/imitation) by extension 'ignore_ament_install'
[0.241s] Level 1:colcon.colcon_core.package_identification:_identify(g1/scripts/dev/imitation) by extensions ['colcon_pkg']
[0.241s] Level 1:colcon.colcon_core.package_identification:_identify(g1/scripts/dev/imitation) by extension 'colcon_pkg'
[0.241s] Level 1:colcon.colcon_core.package_identification:_identify(g1/scripts/dev/imitation) by extensions ['colcon_meta']
[0.241s] Level 1:colcon.colcon_core.package_identification:_identify(g1/scripts/dev/imitation) by extension 'colcon_meta'
[0.241s] Level 1:colcon.colcon_core.package_identification:_identify(g1/scripts/dev/imitation) by extensions ['ros']
[0.241s] Level 1:colcon.colcon_core.package_identification:_identify(g1/scripts/dev/imitation) by extension 'ros'
[0.241s] Level 1:colcon.colcon_core.package_identification:_identify(g1/scripts/dev/imitation) by extensions ['cmake', 'python']
[0.241s] Level 1:colcon.colcon_core.package_identification:_identify(g1/scripts/dev/imitation) by extension 'cmake'
[0.241s] Level 1:colcon.colcon_core.package_identification:_identify(g1/scripts/dev/imitation) by extension 'python'
[0.241s] Level 1:colcon.colcon_core.package_identification:_identify(g1/scripts/dev/imitation) by extensions ['python_setup_py']
[0.241s] Level 1:colcon.colcon_core.package_identification:_identify(g1/scripts/dev/imitation) by extension 'python_setup_py'
[0.241s] Level 1:colcon.colcon_core.package_identification:_identify(g1/scripts/dev/imitation/stack_1) by extensions ['ignore', 'ignore_ament_install']
[0.242s] Level 1:colcon.colcon_core.package_identification:_identify(g1/scripts/dev/imitation/stack_1) by extension 'ignore'
[0.242s] Level 1:colcon.colcon_core.package_identification:_identify(g1/scripts/dev/imitation/stack_1) by extension 'ignore_ament_install'
[0.242s] Level 1:colcon.colcon_core.package_identification:_identify(g1/scripts/dev/imitation/stack_1) by extensions ['colcon_pkg']
[0.242s] Level 1:colcon.colcon_core.package_identification:_identify(g1/scripts/dev/imitation/stack_1) by extension 'colcon_pkg'
[0.242s] Level 1:colcon.colcon_core.package_identification:_identify(g1/scripts/dev/imitation/stack_1) by extensions ['colcon_meta']
[0.242s] Level 1:colcon.colcon_core.package_identification:_identify(g1/scripts/dev/imitation/stack_1) by extension 'colcon_meta'
[0.242s] Level 1:colcon.colcon_core.package_identification:_identify(g1/scripts/dev/imitation/stack_1) by extensions ['ros']
[0.242s] Level 1:colcon.colcon_core.package_identification:_identify(g1/scripts/dev/imitation/stack_1) by extension 'ros'
[0.242s] Level 1:colcon.colcon_core.package_identification:_identify(g1/scripts/dev/imitation/stack_1) by extensions ['cmake', 'python']
[0.242s] Level 1:colcon.colcon_core.package_identification:_identify(g1/scripts/dev/imitation/stack_1) by extension 'cmake'
[0.242s] Level 1:colcon.colcon_core.package_identification:_identify(g1/scripts/dev/imitation/stack_1) by extension 'python'
[0.242s] Level 1:colcon.colcon_core.package_identification:_identify(g1/scripts/dev/imitation/stack_1) by extensions ['python_setup_py']
[0.242s] Level 1:colcon.colcon_core.package_identification:_identify(g1/scripts/dev/imitation/stack_1) by extension 'python_setup_py'
[0.242s] Level 1:colcon.colcon_core.package_identification:_identify(g1/scripts/ef_ws) by extensions ['ignore', 'ignore_ament_install']
[0.242s] Level 1:colcon.colcon_core.package_identification:_identify(g1/scripts/ef_ws) by extension 'ignore'
[0.242s] Level 1:colcon.colcon_core.package_identification:_identify(g1/scripts/ef_ws) by extension 'ignore_ament_install'
[0.242s] Level 1:colcon.colcon_core.package_identification:_identify(g1/scripts/ef_ws) by extensions ['colcon_pkg']
[0.242s] Level 1:colcon.colcon_core.package_identification:_identify(g1/scripts/ef_ws) by extension 'colcon_pkg'
[0.242s] Level 1:colcon.colcon_core.package_identification:_identify(g1/scripts/ef_ws) by extensions ['colcon_meta']
[0.242s] Level 1:colcon.colcon_core.package_identification:_identify(g1/scripts/ef_ws) by extension 'colcon_meta'
[0.242s] Level 1:colcon.colcon_core.package_identification:_identify(g1/scripts/ef_ws) by extensions ['ros']
[0.242s] Level 1:colcon.colcon_core.package_identification:_identify(g1/scripts/ef_ws) by extension 'ros'
[0.242s] Level 1:colcon.colcon_core.package_identification:_identify(g1/scripts/ef_ws) by extensions ['cmake', 'python']
[0.242s] Level 1:colcon.colcon_core.package_identification:_identify(g1/scripts/ef_ws) by extension 'cmake'
[0.242s] Level 1:colcon.colcon_core.package_identification:_identify(g1/scripts/ef_ws) by extension 'python'
[0.242s] Level 1:colcon.colcon_core.package_identification:_identify(g1/scripts/ef_ws) by extensions ['python_setup_py']
[0.242s] Level 1:colcon.colcon_core.package_identification:_identify(g1/scripts/ef_ws) by extension 'python_setup_py'
[0.242s] Level 1:colcon.colcon_core.package_identification:_identify(g1/scripts/navigation) by extensions ['ignore', 'ignore_ament_install']
[0.242s] Level 1:colcon.colcon_core.package_identification:_identify(g1/scripts/navigation) by extension 'ignore'
[0.242s] Level 1:colcon.colcon_core.package_identification:_identify(g1/scripts/navigation) by extension 'ignore_ament_install'
[0.243s] Level 1:colcon.colcon_core.package_identification:_identify(g1/scripts/navigation) by extensions ['colcon_pkg']
[0.243s] Level 1:colcon.colcon_core.package_identification:_identify(g1/scripts/navigation) by extension 'colcon_pkg'
[0.243s] Level 1:colcon.colcon_core.package_identification:_identify(g1/scripts/navigation) by extensions ['colcon_meta']
[0.243s] Level 1:colcon.colcon_core.package_identification:_identify(g1/scripts/navigation) by extension 'colcon_meta'
[0.243s] Level 1:colcon.colcon_core.package_identification:_identify(g1/scripts/navigation) by extensions ['ros']
[0.243s] Level 1:colcon.colcon_core.package_identification:_identify(g1/scripts/navigation) by extension 'ros'
[0.243s] Level 1:colcon.colcon_core.package_identification:_identify(g1/scripts/navigation) by extensions ['cmake', 'python']
[0.243s] Level 1:colcon.colcon_core.package_identification:_identify(g1/scripts/navigation) by extension 'cmake'
[0.243s] Level 1:colcon.colcon_core.package_identification:_identify(g1/scripts/navigation) by extension 'python'
[0.243s] Level 1:colcon.colcon_core.package_identification:_identify(g1/scripts/navigation) by extensions ['python_setup_py']
[0.243s] Level 1:colcon.colcon_core.package_identification:_identify(g1/scripts/navigation) by extension 'python_setup_py'
[0.243s] Level 1:colcon.colcon_core.package_identification:_identify(g1/scripts/navigation/obstacle_avoidance) by extensions ['ignore', 'ignore_ament_install']
[0.243s] Level 1:colcon.colcon_core.package_identification:_identify(g1/scripts/navigation/obstacle_avoidance) by extension 'ignore'
[0.243s] Level 1:colcon.colcon_core.package_identification:_identify(g1/scripts/navigation/obstacle_avoidance) by extension 'ignore_ament_install'
[0.243s] Level 1:colcon.colcon_core.package_identification:_identify(g1/scripts/navigation/obstacle_avoidance) by extensions ['colcon_pkg']
[0.243s] Level 1:colcon.colcon_core.package_identification:_identify(g1/scripts/navigation/obstacle_avoidance) by extension 'colcon_pkg'
[0.243s] Level 1:colcon.colcon_core.package_identification:_identify(g1/scripts/navigation/obstacle_avoidance) by extensions ['colcon_meta']
[0.243s] Level 1:colcon.colcon_core.package_identification:_identify(g1/scripts/navigation/obstacle_avoidance) by extension 'colcon_meta'
[0.243s] Level 1:colcon.colcon_core.package_identification:_identify(g1/scripts/navigation/obstacle_avoidance) by extensions ['ros']
[0.243s] Level 1:colcon.colcon_core.package_identification:_identify(g1/scripts/navigation/obstacle_avoidance) by extension 'ros'
[0.243s] Level 1:colcon.colcon_core.package_identification:_identify(g1/scripts/navigation/obstacle_avoidance) by extensions ['cmake', 'python']
[0.243s] Level 1:colcon.colcon_core.package_identification:_identify(g1/scripts/navigation/obstacle_avoidance) by extension 'cmake'
[0.243s] Level 1:colcon.colcon_core.package_identification:_identify(g1/scripts/navigation/obstacle_avoidance) by extension 'python'
[0.243s] Level 1:colcon.colcon_core.package_identification:_identify(g1/scripts/navigation/obstacle_avoidance) by extensions ['python_setup_py']
[0.243s] Level 1:colcon.colcon_core.package_identification:_identify(g1/scripts/navigation/obstacle_avoidance) by extension 'python_setup_py'
[0.243s] Level 1:colcon.colcon_core.package_identification:_identify(g1/scripts/navigation/obstacle_avoidance/maps) by extensions ['ignore', 'ignore_ament_install']
[0.243s] Level 1:colcon.colcon_core.package_identification:_identify(g1/scripts/navigation/obstacle_avoidance/maps) by extension 'ignore'
[0.243s] Level 1:colcon.colcon_core.package_identification:_identify(g1/scripts/navigation/obstacle_avoidance/maps) by extension 'ignore_ament_install'
[0.243s] Level 1:colcon.colcon_core.package_identification:_identify(g1/scripts/navigation/obstacle_avoidance/maps) by extensions ['colcon_pkg']
[0.244s] Level 1:colcon.colcon_core.package_identification:_identify(g1/scripts/navigation/obstacle_avoidance/maps) by extension 'colcon_pkg'
[0.244s] Level 1:colcon.colcon_core.package_identification:_identify(g1/scripts/navigation/obstacle_avoidance/maps) by extensions ['colcon_meta']
[0.244s] Level 1:colcon.colcon_core.package_identification:_identify(g1/scripts/navigation/obstacle_avoidance/maps) by extension 'colcon_meta'
[0.244s] Level 1:colcon.colcon_core.package_identification:_identify(g1/scripts/navigation/obstacle_avoidance/maps) by extensions ['ros']
[0.244s] Level 1:colcon.colcon_core.package_identification:_identify(g1/scripts/navigation/obstacle_avoidance/maps) by extension 'ros'
[0.244s] Level 1:colcon.colcon_core.package_identification:_identify(g1/scripts/navigation/obstacle_avoidance/maps) by extensions ['cmake', 'python']
[0.244s] Level 1:colcon.colcon_core.package_identification:_identify(g1/scripts/navigation/obstacle_avoidance/maps) by extension 'cmake'
[0.244s] Level 1:colcon.colcon_core.package_identification:_identify(g1/scripts/navigation/obstacle_avoidance/maps) by extension 'python'
[0.244s] Level 1:colcon.colcon_core.package_identification:_identify(g1/scripts/navigation/obstacle_avoidance/maps) by extensions ['python_setup_py']
[0.244s] Level 1:colcon.colcon_core.package_identification:_identify(g1/scripts/navigation/obstacle_avoidance/maps) by extension 'python_setup_py'
[0.244s] Level 1:colcon.colcon_core.package_identification:_identify(g1/scripts/navigation/obstacle_avoidance/safety) by extensions ['ignore', 'ignore_ament_install']
[0.244s] Level 1:colcon.colcon_core.package_identification:_identify(g1/scripts/navigation/obstacle_avoidance/safety) by extension 'ignore'
[0.244s] Level 1:colcon.colcon_core.package_identification:_identify(g1/scripts/navigation/obstacle_avoidance/safety) by extension 'ignore_ament_install'
[0.244s] Level 1:colcon.colcon_core.package_identification:_identify(g1/scripts/navigation/obstacle_avoidance/safety) by extensions ['colcon_pkg']
[0.244s] Level 1:colcon.colcon_core.package_identification:_identify(g1/scripts/navigation/obstacle_avoidance/safety) by extension 'colcon_pkg'
[0.244s] Level 1:colcon.colcon_core.package_identification:_identify(g1/scripts/navigation/obstacle_avoidance/safety) by extensions ['colcon_meta']
[0.244s] Level 1:colcon.colcon_core.package_identification:_identify(g1/scripts/navigation/obstacle_avoidance/safety) by extension 'colcon_meta'
[0.244s] Level 1:colcon.colcon_core.package_identification:_identify(g1/scripts/navigation/obstacle_avoidance/safety) by extensions ['ros']
[0.244s] Level 1:colcon.colcon_core.package_identification:_identify(g1/scripts/navigation/obstacle_avoidance/safety) by extension 'ros'
[0.244s] Level 1:colcon.colcon_core.package_identification:_identify(g1/scripts/navigation/obstacle_avoidance/safety) by extensions ['cmake', 'python']
[0.244s] Level 1:colcon.colcon_core.package_identification:_identify(g1/scripts/navigation/obstacle_avoidance/safety) by extension 'cmake'
[0.244s] Level 1:colcon.colcon_core.package_identification:_identify(g1/scripts/navigation/obstacle_avoidance/safety) by extension 'python'
[0.244s] Level 1:colcon.colcon_core.package_identification:_identify(g1/scripts/navigation/obstacle_avoidance/safety) by extensions ['python_setup_py']
[0.244s] Level 1:colcon.colcon_core.package_identification:_identify(g1/scripts/navigation/obstacle_avoidance/safety) by extension 'python_setup_py'
[0.244s] Level 1:colcon.colcon_core.package_identification:_identify(g1/scripts/navigation/obstacle_avoidance/slam_sdk_example) by extensions ['ignore', 'ignore_ament_install']
[0.244s] Level 1:colcon.colcon_core.package_identification:_identify(g1/scripts/navigation/obstacle_avoidance/slam_sdk_example) by extension 'ignore'
[0.244s] Level 1:colcon.colcon_core.package_identification:_identify(g1/scripts/navigation/obstacle_avoidance/slam_sdk_example) by extension 'ignore_ament_install'
[0.244s] Level 1:colcon.colcon_core.package_identification:_identify(g1/scripts/navigation/obstacle_avoidance/slam_sdk_example) by extensions ['colcon_pkg']
[0.244s] Level 1:colcon.colcon_core.package_identification:_identify(g1/scripts/navigation/obstacle_avoidance/slam_sdk_example) by extension 'colcon_pkg'
[0.244s] Level 1:colcon.colcon_core.package_identification:_identify(g1/scripts/navigation/obstacle_avoidance/slam_sdk_example) by extensions ['colcon_meta']
[0.245s] Level 1:colcon.colcon_core.package_identification:_identify(g1/scripts/navigation/obstacle_avoidance/slam_sdk_example) by extension 'colcon_meta'
[0.245s] Level 1:colcon.colcon_core.package_identification:_identify(g1/scripts/navigation/obstacle_avoidance/slam_sdk_example) by extensions ['ros']
[0.245s] Level 1:colcon.colcon_core.package_identification:_identify(g1/scripts/navigation/obstacle_avoidance/slam_sdk_example) by extension 'ros'
[0.245s] Level 1:colcon.colcon_core.package_identification:_identify(g1/scripts/navigation/obstacle_avoidance/slam_sdk_example) by extensions ['cmake', 'python']
[0.245s] Level 1:colcon.colcon_core.package_identification:_identify(g1/scripts/navigation/obstacle_avoidance/slam_sdk_example) by extension 'cmake'
[0.245s] Level 1:colcon.colcon_core.package_identification:_identify(g1/scripts/navigation/obstacle_avoidance/slam_sdk_example) by extension 'python'
[0.245s] Level 1:colcon.colcon_core.package_identification:_identify(g1/scripts/navigation/obstacle_avoidance/slam_sdk_example) by extensions ['python_setup_py']
[0.245s] Level 1:colcon.colcon_core.package_identification:_identify(g1/scripts/navigation/obstacle_avoidance/slam_sdk_example) by extension 'python_setup_py'
[0.245s] Level 1:colcon.colcon_core.package_identification:_identify(g1/scripts/navigation/obstacle_avoidance/slam_sdk_example/example) by extensions ['ignore', 'ignore_ament_install']
[0.245s] Level 1:colcon.colcon_core.package_identification:_identify(g1/scripts/navigation/obstacle_avoidance/slam_sdk_example/example) by extension 'ignore'
[0.245s] Level 1:colcon.colcon_core.package_identification:_identify(g1/scripts/navigation/obstacle_avoidance/slam_sdk_example/example) by extension 'ignore_ament_install'
[0.245s] Level 1:colcon.colcon_core.package_identification:_identify(g1/scripts/navigation/obstacle_avoidance/slam_sdk_example/example) by extensions ['colcon_pkg']
[0.245s] Level 1:colcon.colcon_core.package_identification:_identify(g1/scripts/navigation/obstacle_avoidance/slam_sdk_example/example) by extension 'colcon_pkg'
[0.245s] Level 1:colcon.colcon_core.package_identification:_identify(g1/scripts/navigation/obstacle_avoidance/slam_sdk_example/example) by extensions ['colcon_meta']
[0.245s] Level 1:colcon.colcon_core.package_identification:_identify(g1/scripts/navigation/obstacle_avoidance/slam_sdk_example/example) by extension 'colcon_meta'
[0.245s] Level 1:colcon.colcon_core.package_identification:_identify(g1/scripts/navigation/obstacle_avoidance/slam_sdk_example/example) by extensions ['ros']
[0.245s] Level 1:colcon.colcon_core.package_identification:_identify(g1/scripts/navigation/obstacle_avoidance/slam_sdk_example/example) by extension 'ros'
[0.245s] Level 1:colcon.colcon_core.package_identification:_identify(g1/scripts/navigation/obstacle_avoidance/slam_sdk_example/example) by extensions ['cmake', 'python']
[0.245s] Level 1:colcon.colcon_core.package_identification:_identify(g1/scripts/navigation/obstacle_avoidance/slam_sdk_example/example) by extension 'cmake'
[0.246s] Level 1:colcon.colcon_core.package_identification:_identify(g1/scripts/navigation/obstacle_avoidance/slam_sdk_example/example) by extension 'python'
[0.246s] DEBUG:colcon.colcon_core.package_identification:Package 'g1/scripts/navigation/obstacle_avoidance/slam_sdk_example/example' with type 'cmake' and name 'slam_example'
[0.246s] Level 1:colcon.colcon_core.package_identification:_identify(g1/scripts/navigation/obstacle_avoidance/slam_sdk_example/rviz2) by extensions ['ignore', 'ignore_ament_install']
[0.246s] Level 1:colcon.colcon_core.package_identification:_identify(g1/scripts/navigation/obstacle_avoidance/slam_sdk_example/rviz2) by extension 'ignore'
[0.246s] Level 1:colcon.colcon_core.package_identification:_identify(g1/scripts/navigation/obstacle_avoidance/slam_sdk_example/rviz2) by extension 'ignore_ament_install'
[0.247s] Level 1:colcon.colcon_core.package_identification:_identify(g1/scripts/navigation/obstacle_avoidance/slam_sdk_example/rviz2) by extensions ['colcon_pkg']
[0.247s] Level 1:colcon.colcon_core.package_identification:_identify(g1/scripts/navigation/obstacle_avoidance/slam_sdk_example/rviz2) by extension 'colcon_pkg'
[0.247s] Level 1:colcon.colcon_core.package_identification:_identify(g1/scripts/navigation/obstacle_avoidance/slam_sdk_example/rviz2) by extensions ['colcon_meta']
[0.247s] Level 1:colcon.colcon_core.package_identification:_identify(g1/scripts/navigation/obstacle_avoidance/slam_sdk_example/rviz2) by extension 'colcon_meta'
[0.247s] Level 1:colcon.colcon_core.package_identification:_identify(g1/scripts/navigation/obstacle_avoidance/slam_sdk_example/rviz2) by extensions ['ros']
[0.247s] Level 1:colcon.colcon_core.package_identification:_identify(g1/scripts/navigation/obstacle_avoidance/slam_sdk_example/rviz2) by extension 'ros'
[0.247s] Level 1:colcon.colcon_core.package_identification:_identify(g1/scripts/navigation/obstacle_avoidance/slam_sdk_example/rviz2) by extensions ['cmake', 'python']
[0.247s] Level 1:colcon.colcon_core.package_identification:_identify(g1/scripts/navigation/obstacle_avoidance/slam_sdk_example/rviz2) by extension 'cmake'
[0.247s] Level 1:colcon.colcon_core.package_identification:_identify(g1/scripts/navigation/obstacle_avoidance/slam_sdk_example/rviz2) by extension 'python'
[0.247s] Level 1:colcon.colcon_core.package_identification:_identify(g1/scripts/navigation/obstacle_avoidance/slam_sdk_example/rviz2) by extensions ['python_setup_py']
[0.247s] Level 1:colcon.colcon_core.package_identification:_identify(g1/scripts/navigation/obstacle_avoidance/slam_sdk_example/rviz2) by extension 'python_setup_py'
[0.247s] Level 1:colcon.colcon_core.package_identification:_identify(g1/scripts/navigation/slam) by extensions ['ignore', 'ignore_ament_install']
[0.247s] Level 1:colcon.colcon_core.package_identification:_identify(g1/scripts/navigation/slam) by extension 'ignore'
[0.247s] Level 1:colcon.colcon_core.package_identification:_identify(g1/scripts/navigation/slam) by extension 'ignore_ament_install'
[0.247s] Level 1:colcon.colcon_core.package_identification:_identify(g1/scripts/navigation/slam) by extensions ['colcon_pkg']
[0.247s] Level 1:colcon.colcon_core.package_identification:_identify(g1/scripts/navigation/slam) by extension 'colcon_pkg'
[0.247s] Level 1:colcon.colcon_core.package_identification:_identify(g1/scripts/navigation/slam) by extensions ['colcon_meta']
[0.247s] Level 1:colcon.colcon_core.package_identification:_identify(g1/scripts/navigation/slam) by extension 'colcon_meta'
[0.247s] Level 1:colcon.colcon_core.package_identification:_identify(g1/scripts/navigation/slam) by extensions ['ros']
[0.247s] Level 1:colcon.colcon_core.package_identification:_identify(g1/scripts/navigation/slam) by extension 'ros'
[0.247s] Level 1:colcon.colcon_core.package_identification:_identify(g1/scripts/navigation/slam) by extensions ['cmake', 'python']
[0.247s] Level 1:colcon.colcon_core.package_identification:_identify(g1/scripts/navigation/slam) by extension 'cmake'
[0.247s] Level 1:colcon.colcon_core.package_identification:_identify(g1/scripts/navigation/slam) by extension 'python'
[0.247s] Level 1:colcon.colcon_core.package_identification:_identify(g1/scripts/navigation/slam) by extensions ['python_setup_py']
[0.247s] Level 1:colcon.colcon_core.package_identification:_identify(g1/scripts/navigation/slam) by extension 'python_setup_py'
[0.247s] Level 1:colcon.colcon_core.package_identification:_identify(g1/scripts/navigation/slam/logs) by extensions ['ignore', 'ignore_ament_install']
[0.247s] Level 1:colcon.colcon_core.package_identification:_identify(g1/scripts/navigation/slam/logs) by extension 'ignore'
[0.247s] Level 1:colcon.colcon_core.package_identification:_identify(g1/scripts/navigation/slam/logs) by extension 'ignore_ament_install'
[0.248s] Level 1:colcon.colcon_core.package_identification:_identify(g1/scripts/navigation/slam/logs) by extensions ['colcon_pkg']
[0.248s] Level 1:colcon.colcon_core.package_identification:_identify(g1/scripts/navigation/slam/logs) by extension 'colcon_pkg'
[0.248s] Level 1:colcon.colcon_core.package_identification:_identify(g1/scripts/navigation/slam/logs) by extensions ['colcon_meta']
[0.248s] Level 1:colcon.colcon_core.package_identification:_identify(g1/scripts/navigation/slam/logs) by extension 'colcon_meta'
[0.248s] Level 1:colcon.colcon_core.package_identification:_identify(g1/scripts/navigation/slam/logs) by extensions ['ros']
[0.248s] Level 1:colcon.colcon_core.package_identification:_identify(g1/scripts/navigation/slam/logs) by extension 'ros'
[0.248s] Level 1:colcon.colcon_core.package_identification:_identify(g1/scripts/navigation/slam/logs) by extensions ['cmake', 'python']
[0.248s] Level 1:colcon.colcon_core.package_identification:_identify(g1/scripts/navigation/slam/logs) by extension 'cmake'
[0.248s] Level 1:colcon.colcon_core.package_identification:_identify(g1/scripts/navigation/slam/logs) by extension 'python'
[0.248s] Level 1:colcon.colcon_core.package_identification:_identify(g1/scripts/navigation/slam/logs) by extensions ['python_setup_py']
[0.248s] Level 1:colcon.colcon_core.package_identification:_identify(g1/scripts/navigation/slam/logs) by extension 'python_setup_py'
[0.248s] Level 1:colcon.colcon_core.package_identification:_identify(g1/scripts/navigation/slam/maps) by extensions ['ignore', 'ignore_ament_install']
[0.248s] Level 1:colcon.colcon_core.package_identification:_identify(g1/scripts/navigation/slam/maps) by extension 'ignore'
[0.248s] Level 1:colcon.colcon_core.package_identification:_identify(g1/scripts/navigation/slam/maps) by extension 'ignore_ament_install'
[0.248s] Level 1:colcon.colcon_core.package_identification:_identify(g1/scripts/navigation/slam/maps) by extensions ['colcon_pkg']
[0.248s] Level 1:colcon.colcon_core.package_identification:_identify(g1/scripts/navigation/slam/maps) by extension 'colcon_pkg'
[0.248s] Level 1:colcon.colcon_core.package_identification:_identify(g1/scripts/navigation/slam/maps) by extensions ['colcon_meta']
[0.248s] Level 1:colcon.colcon_core.package_identification:_identify(g1/scripts/navigation/slam/maps) by extension 'colcon_meta'
[0.248s] Level 1:colcon.colcon_core.package_identification:_identify(g1/scripts/navigation/slam/maps) by extensions ['ros']
[0.248s] Level 1:colcon.colcon_core.package_identification:_identify(g1/scripts/navigation/slam/maps) by extension 'ros'
[0.248s] Level 1:colcon.colcon_core.package_identification:_identify(g1/scripts/navigation/slam/maps) by extensions ['cmake', 'python']
[0.248s] Level 1:colcon.colcon_core.package_identification:_identify(g1/scripts/navigation/slam/maps) by extension 'cmake'
[0.248s] Level 1:colcon.colcon_core.package_identification:_identify(g1/scripts/navigation/slam/maps) by extension 'python'
[0.248s] Level 1:colcon.colcon_core.package_identification:_identify(g1/scripts/navigation/slam/maps) by extensions ['python_setup_py']
[0.248s] Level 1:colcon.colcon_core.package_identification:_identify(g1/scripts/navigation/slam/maps) by extension 'python_setup_py'
[0.248s] Level 1:colcon.colcon_core.package_identification:_identify(g1/scripts/obj_detection) by extensions ['ignore', 'ignore_ament_install']
[0.248s] Level 1:colcon.colcon_core.package_identification:_identify(g1/scripts/obj_detection) by extension 'ignore'
[0.248s] Level 1:colcon.colcon_core.package_identification:_identify(g1/scripts/obj_detection) by extension 'ignore_ament_install'
[0.248s] Level 1:colcon.colcon_core.package_identification:_identify(g1/scripts/obj_detection) by extensions ['colcon_pkg']
[0.248s] Level 1:colcon.colcon_core.package_identification:_identify(g1/scripts/obj_detection) by extension 'colcon_pkg'
[0.248s] Level 1:colcon.colcon_core.package_identification:_identify(g1/scripts/obj_detection) by extensions ['colcon_meta']
[0.248s] Level 1:colcon.colcon_core.package_identification:_identify(g1/scripts/obj_detection) by extension 'colcon_meta'
[0.249s] Level 1:colcon.colcon_core.package_identification:_identify(g1/scripts/obj_detection) by extensions ['ros']
[0.249s] Level 1:colcon.colcon_core.package_identification:_identify(g1/scripts/obj_detection) by extension 'ros'
[0.249s] Level 1:colcon.colcon_core.package_identification:_identify(g1/scripts/obj_detection) by extensions ['cmake', 'python']
[0.249s] Level 1:colcon.colcon_core.package_identification:_identify(g1/scripts/obj_detection) by extension 'cmake'
[0.249s] Level 1:colcon.colcon_core.package_identification:_identify(g1/scripts/obj_detection) by extension 'python'
[0.249s] Level 1:colcon.colcon_core.package_identification:_identify(g1/scripts/obj_detection) by extensions ['python_setup_py']
[0.249s] Level 1:colcon.colcon_core.package_identification:_identify(g1/scripts/obj_detection) by extension 'python_setup_py'
[0.249s] Level 1:colcon.colcon_core.package_identification:_identify(g1/scripts/sensors) by extensions ['ignore', 'ignore_ament_install']
[0.249s] Level 1:colcon.colcon_core.package_identification:_identify(g1/scripts/sensors) by extension 'ignore'
[0.249s] Level 1:colcon.colcon_core.package_identification:_identify(g1/scripts/sensors) by extension 'ignore_ament_install'
[0.249s] Level 1:colcon.colcon_core.package_identification:_identify(g1/scripts/sensors) by extensions ['colcon_pkg']
[0.249s] Level 1:colcon.colcon_core.package_identification:_identify(g1/scripts/sensors) by extension 'colcon_pkg'
[0.249s] Level 1:colcon.colcon_core.package_identification:_identify(g1/scripts/sensors) by extensions ['colcon_meta']
[0.249s] Level 1:colcon.colcon_core.package_identification:_identify(g1/scripts/sensors) by extension 'colcon_meta'
[0.249s] Level 1:colcon.colcon_core.package_identification:_identify(g1/scripts/sensors) by extensions ['ros']
[0.249s] Level 1:colcon.colcon_core.package_identification:_identify(g1/scripts/sensors) by extension 'ros'
[0.249s] Level 1:colcon.colcon_core.package_identification:_identify(g1/scripts/sensors) by extensions ['cmake', 'python']
[0.249s] Level 1:colcon.colcon_core.package_identification:_identify(g1/scripts/sensors) by extension 'cmake'
[0.249s] Level 1:colcon.colcon_core.package_identification:_identify(g1/scripts/sensors) by extension 'python'
[0.249s] Level 1:colcon.colcon_core.package_identification:_identify(g1/scripts/sensors) by extensions ['python_setup_py']
[0.249s] Level 1:colcon.colcon_core.package_identification:_identify(g1/scripts/sensors) by extension 'python_setup_py'
[0.249s] Level 1:colcon.colcon_core.package_identification:_identify(g1/scripts/sensors/manual_streaming) by extensions ['ignore', 'ignore_ament_install']
[0.249s] Level 1:colcon.colcon_core.package_identification:_identify(g1/scripts/sensors/manual_streaming) by extension 'ignore'
[0.249s] Level 1:colcon.colcon_core.package_identification:_identify(g1/scripts/sensors/manual_streaming) by extension 'ignore_ament_install'
[0.249s] Level 1:colcon.colcon_core.package_identification:_identify(g1/scripts/sensors/manual_streaming) by extensions ['colcon_pkg']
[0.249s] Level 1:colcon.colcon_core.package_identification:_identify(g1/scripts/sensors/manual_streaming) by extension 'colcon_pkg'
[0.249s] Level 1:colcon.colcon_core.package_identification:_identify(g1/scripts/sensors/manual_streaming) by extensions ['colcon_meta']
[0.249s] Level 1:colcon.colcon_core.package_identification:_identify(g1/scripts/sensors/manual_streaming) by extension 'colcon_meta'
[0.249s] Level 1:colcon.colcon_core.package_identification:_identify(g1/scripts/sensors/manual_streaming) by extensions ['ros']
[0.249s] Level 1:colcon.colcon_core.package_identification:_identify(g1/scripts/sensors/manual_streaming) by extension 'ros'
[0.249s] Level 1:colcon.colcon_core.package_identification:_identify(g1/scripts/sensors/manual_streaming) by extensions ['cmake', 'python']
[0.249s] Level 1:colcon.colcon_core.package_identification:_identify(g1/scripts/sensors/manual_streaming) by extension 'cmake'
[0.250s] Level 1:colcon.colcon_core.package_identification:_identify(g1/scripts/sensors/manual_streaming) by extension 'python'
[0.250s] DEBUG:colcon.colcon_core.package_identification:Package 'g1/scripts/sensors/manual_streaming' with type 'cmake' and name 'tx_lidar'
[0.250s] Level 1:colcon.colcon_core.package_identification:_identify(g1/scripts/troubleshooting) by extensions ['ignore', 'ignore_ament_install']
[0.250s] Level 1:colcon.colcon_core.package_identification:_identify(g1/scripts/troubleshooting) by extension 'ignore'
[0.250s] Level 1:colcon.colcon_core.package_identification:_identify(g1/scripts/troubleshooting) by extension 'ignore_ament_install'
[0.250s] Level 1:colcon.colcon_core.package_identification:_identify(g1/scripts/troubleshooting) by extensions ['colcon_pkg']
[0.250s] Level 1:colcon.colcon_core.package_identification:_identify(g1/scripts/troubleshooting) by extension 'colcon_pkg'
[0.250s] Level 1:colcon.colcon_core.package_identification:_identify(g1/scripts/troubleshooting) by extensions ['colcon_meta']
[0.250s] Level 1:colcon.colcon_core.package_identification:_identify(g1/scripts/troubleshooting) by extension 'colcon_meta'
[0.250s] Level 1:colcon.colcon_core.package_identification:_identify(g1/scripts/troubleshooting) by extensions ['ros']
[0.250s] Level 1:colcon.colcon_core.package_identification:_identify(g1/scripts/troubleshooting) by extension 'ros'
[0.250s] Level 1:colcon.colcon_core.package_identification:_identify(g1/scripts/troubleshooting) by extensions ['cmake', 'python']
[0.250s] Level 1:colcon.colcon_core.package_identification:_identify(g1/scripts/troubleshooting) by extension 'cmake'
[0.250s] Level 1:colcon.colcon_core.package_identification:_identify(g1/scripts/troubleshooting) by extension 'python'
[0.250s] Level 1:colcon.colcon_core.package_identification:_identify(g1/scripts/troubleshooting) by extensions ['python_setup_py']
[0.250s] Level 1:colcon.colcon_core.package_identification:_identify(g1/scripts/troubleshooting) by extension 'python_setup_py'
[0.250s] Level 1:colcon.colcon_core.package_identification:_identify(g1/scripts/unifolm-vla_g1-main) by extensions ['ignore', 'ignore_ament_install']
[0.250s] Level 1:colcon.colcon_core.package_identification:_identify(g1/scripts/unifolm-vla_g1-main) by extension 'ignore'
[0.250s] Level 1:colcon.colcon_core.package_identification:_identify(g1/scripts/unifolm-vla_g1-main) by extension 'ignore_ament_install'
[0.250s] Level 1:colcon.colcon_core.package_identification:_identify(g1/scripts/unifolm-vla_g1-main) by extensions ['colcon_pkg']
[0.250s] Level 1:colcon.colcon_core.package_identification:_identify(g1/scripts/unifolm-vla_g1-main) by extension 'colcon_pkg'
[0.250s] Level 1:colcon.colcon_core.package_identification:_identify(g1/scripts/unifolm-vla_g1-main) by extensions ['colcon_meta']
[0.250s] Level 1:colcon.colcon_core.package_identification:_identify(g1/scripts/unifolm-vla_g1-main) by extension 'colcon_meta'
[0.250s] Level 1:colcon.colcon_core.package_identification:_identify(g1/scripts/unifolm-vla_g1-main) by extensions ['ros']
[0.250s] Level 1:colcon.colcon_core.package_identification:_identify(g1/scripts/unifolm-vla_g1-main) by extension 'ros'
[0.251s] Level 1:colcon.colcon_core.package_identification:_identify(g1/scripts/unifolm-vla_g1-main) by extensions ['cmake', 'python']
[0.251s] Level 1:colcon.colcon_core.package_identification:_identify(g1/scripts/unifolm-vla_g1-main) by extension 'cmake'
[0.251s] Level 1:colcon.colcon_core.package_identification:_identify(g1/scripts/unifolm-vla_g1-main) by extension 'python'
[0.251s] Level 1:colcon.colcon_core.package_identification:_identify(g1/scripts/unifolm-vla_g1-main) by extensions ['python_setup_py']
[0.251s] Level 1:colcon.colcon_core.package_identification:_identify(g1/scripts/unifolm-vla_g1-main) by extension 'python_setup_py'
[0.251s] Level 1:colcon.colcon_core.package_identification:_identify(g1/scripts/unifolm-vla_g1-main/assets) by extensions ['ignore', 'ignore_ament_install']
[0.251s] Level 1:colcon.colcon_core.package_identification:_identify(g1/scripts/unifolm-vla_g1-main/assets) by extension 'ignore'
[0.251s] Level 1:colcon.colcon_core.package_identification:_identify(g1/scripts/unifolm-vla_g1-main/assets) by extension 'ignore_ament_install'
[0.251s] Level 1:colcon.colcon_core.package_identification:_identify(g1/scripts/unifolm-vla_g1-main/assets) by extensions ['colcon_pkg']
[0.251s] Level 1:colcon.colcon_core.package_identification:_identify(g1/scripts/unifolm-vla_g1-main/assets) by extension 'colcon_pkg'
[0.251s] Level 1:colcon.colcon_core.package_identification:_identify(g1/scripts/unifolm-vla_g1-main/assets) by extensions ['colcon_meta']
[0.251s] Level 1:colcon.colcon_core.package_identification:_identify(g1/scripts/unifolm-vla_g1-main/assets) by extension 'colcon_meta'
[0.251s] Level 1:colcon.colcon_core.package_identification:_identify(g1/scripts/unifolm-vla_g1-main/assets) by extensions ['ros']
[0.251s] Level 1:colcon.colcon_core.package_identification:_identify(g1/scripts/unifolm-vla_g1-main/assets) by extension 'ros'
[0.251s] Level 1:colcon.colcon_core.package_identification:_identify(g1/scripts/unifolm-vla_g1-main/assets) by extensions ['cmake', 'python']
[0.251s] Level 1:colcon.colcon_core.package_identification:_identify(g1/scripts/unifolm-vla_g1-main/assets) by extension 'cmake'
[0.251s] Level 1:colcon.colcon_core.package_identification:_identify(g1/scripts/unifolm-vla_g1-main/assets) by extension 'python'
[0.251s] Level 1:colcon.colcon_core.package_identification:_identify(g1/scripts/unifolm-vla_g1-main/assets) by extensions ['python_setup_py']
[0.251s] Level 1:colcon.colcon_core.package_identification:_identify(g1/scripts/unifolm-vla_g1-main/assets) by extension 'python_setup_py'
[0.251s] Level 1:colcon.colcon_core.package_identification:_identify(g1/scripts/unifolm-vla_g1-main/assets/gif) by extensions ['ignore', 'ignore_ament_install']
[0.251s] Level 1:colcon.colcon_core.package_identification:_identify(g1/scripts/unifolm-vla_g1-main/assets/gif) by extension 'ignore'
[0.251s] Level 1:colcon.colcon_core.package_identification:_identify(g1/scripts/unifolm-vla_g1-main/assets/gif) by extension 'ignore_ament_install'
[0.251s] Level 1:colcon.colcon_core.package_identification:_identify(g1/scripts/unifolm-vla_g1-main/assets/gif) by extensions ['colcon_pkg']
[0.251s] Level 1:colcon.colcon_core.package_identification:_identify(g1/scripts/unifolm-vla_g1-main/assets/gif) by extension 'colcon_pkg'
[0.251s] Level 1:colcon.colcon_core.package_identification:_identify(g1/scripts/unifolm-vla_g1-main/assets/gif) by extensions ['colcon_meta']
[0.251s] Level 1:colcon.colcon_core.package_identification:_identify(g1/scripts/unifolm-vla_g1-main/assets/gif) by extension 'colcon_meta'
[0.251s] Level 1:colcon.colcon_core.package_identification:_identify(g1/scripts/unifolm-vla_g1-main/assets/gif) by extensions ['ros']
[0.251s] Level 1:colcon.colcon_core.package_identification:_identify(g1/scripts/unifolm-vla_g1-main/assets/gif) by extension 'ros'
[0.251s] Level 1:colcon.colcon_core.package_identification:_identify(g1/scripts/unifolm-vla_g1-main/assets/gif) by extensions ['cmake', 'python']
[0.251s] Level 1:colcon.colcon_core.package_identification:_identify(g1/scripts/unifolm-vla_g1-main/assets/gif) by extension 'cmake'
[0.251s] Level 1:colcon.colcon_core.package_identification:_identify(g1/scripts/unifolm-vla_g1-main/assets/gif) by extension 'python'
[0.252s] Level 1:colcon.colcon_core.package_identification:_identify(g1/scripts/unifolm-vla_g1-main/assets/gif) by extensions ['python_setup_py']
[0.252s] Level 1:colcon.colcon_core.package_identification:_identify(g1/scripts/unifolm-vla_g1-main/assets/gif) by extension 'python_setup_py'
[0.252s] Level 1:colcon.colcon_core.package_identification:_identify(g1/scripts/unifolm-vla_g1-main/deployment) by extensions ['ignore', 'ignore_ament_install']
[0.252s] Level 1:colcon.colcon_core.package_identification:_identify(g1/scripts/unifolm-vla_g1-main/deployment) by extension 'ignore'
[0.252s] Level 1:colcon.colcon_core.package_identification:_identify(g1/scripts/unifolm-vla_g1-main/deployment) by extension 'ignore_ament_install'
[0.252s] Level 1:colcon.colcon_core.package_identification:_identify(g1/scripts/unifolm-vla_g1-main/deployment) by extensions ['colcon_pkg']
[0.252s] Level 1:colcon.colcon_core.package_identification:_identify(g1/scripts/unifolm-vla_g1-main/deployment) by extension 'colcon_pkg'
[0.252s] Level 1:colcon.colcon_core.package_identification:_identify(g1/scripts/unifolm-vla_g1-main/deployment) by extensions ['colcon_meta']
[0.252s] Level 1:colcon.colcon_core.package_identification:_identify(g1/scripts/unifolm-vla_g1-main/deployment) by extension 'colcon_meta'
[0.252s] Level 1:colcon.colcon_core.package_identification:_identify(g1/scripts/unifolm-vla_g1-main/deployment) by extensions ['ros']
[0.252s] Level 1:colcon.colcon_core.package_identification:_identify(g1/scripts/unifolm-vla_g1-main/deployment) by extension 'ros'
[0.252s] Level 1:colcon.colcon_core.package_identification:_identify(g1/scripts/unifolm-vla_g1-main/deployment) by extensions ['cmake', 'python']
[0.252s] Level 1:colcon.colcon_core.package_identification:_identify(g1/scripts/unifolm-vla_g1-main/deployment) by extension 'cmake'
[0.252s] Level 1:colcon.colcon_core.package_identification:_identify(g1/scripts/unifolm-vla_g1-main/deployment) by extension 'python'
[0.252s] Level 1:colcon.colcon_core.package_identification:_identify(g1/scripts/unifolm-vla_g1-main/deployment) by extensions ['python_setup_py']
[0.252s] Level 1:colcon.colcon_core.package_identification:_identify(g1/scripts/unifolm-vla_g1-main/deployment) by extension 'python_setup_py'
[0.252s] Level 1:colcon.colcon_core.package_identification:_identify(g1/scripts/unifolm-vla_g1-main/deployment/model_server) by extensions ['ignore', 'ignore_ament_install']
[0.252s] Level 1:colcon.colcon_core.package_identification:_identify(g1/scripts/unifolm-vla_g1-main/deployment/model_server) by extension 'ignore'
[0.252s] Level 1:colcon.colcon_core.package_identification:_identify(g1/scripts/unifolm-vla_g1-main/deployment/model_server) by extension 'ignore_ament_install'
[0.252s] Level 1:colcon.colcon_core.package_identification:_identify(g1/scripts/unifolm-vla_g1-main/deployment/model_server) by extensions ['colcon_pkg']
[0.252s] Level 1:colcon.colcon_core.package_identification:_identify(g1/scripts/unifolm-vla_g1-main/deployment/model_server) by extension 'colcon_pkg'
[0.252s] Level 1:colcon.colcon_core.package_identification:_identify(g1/scripts/unifolm-vla_g1-main/deployment/model_server) by extensions ['colcon_meta']
[0.252s] Level 1:colcon.colcon_core.package_identification:_identify(g1/scripts/unifolm-vla_g1-main/deployment/model_server) by extension 'colcon_meta'
[0.252s] Level 1:colcon.colcon_core.package_identification:_identify(g1/scripts/unifolm-vla_g1-main/deployment/model_server) by extensions ['ros']
[0.252s] Level 1:colcon.colcon_core.package_identification:_identify(g1/scripts/unifolm-vla_g1-main/deployment/model_server) by extension 'ros'
[0.252s] Level 1:colcon.colcon_core.package_identification:_identify(g1/scripts/unifolm-vla_g1-main/deployment/model_server) by extensions ['cmake', 'python']
[0.252s] Level 1:colcon.colcon_core.package_identification:_identify(g1/scripts/unifolm-vla_g1-main/deployment/model_server) by extension 'cmake'
[0.252s] Level 1:colcon.colcon_core.package_identification:_identify(g1/scripts/unifolm-vla_g1-main/deployment/model_server) by extension 'python'
[0.252s] Level 1:colcon.colcon_core.package_identification:_identify(g1/scripts/unifolm-vla_g1-main/deployment/model_server) by extensions ['python_setup_py']
[0.252s] Level 1:colcon.colcon_core.package_identification:_identify(g1/scripts/unifolm-vla_g1-main/deployment/model_server) by extension 'python_setup_py'
[0.252s] Level 1:colcon.colcon_core.package_identification:_identify(g1/scripts/unifolm-vla_g1-main/experiments) by extensions ['ignore', 'ignore_ament_install']
[0.253s] Level 1:colcon.colcon_core.package_identification:_identify(g1/scripts/unifolm-vla_g1-main/experiments) by extension 'ignore'
[0.253s] Level 1:colcon.colcon_core.package_identification:_identify(g1/scripts/unifolm-vla_g1-main/experiments) by extension 'ignore_ament_install'
[0.253s] Level 1:colcon.colcon_core.package_identification:_identify(g1/scripts/unifolm-vla_g1-main/experiments) by extensions ['colcon_pkg']
[0.253s] Level 1:colcon.colcon_core.package_identification:_identify(g1/scripts/unifolm-vla_g1-main/experiments) by extension 'colcon_pkg'
[0.253s] Level 1:colcon.colcon_core.package_identification:_identify(g1/scripts/unifolm-vla_g1-main/experiments) by extensions ['colcon_meta']
[0.253s] Level 1:colcon.colcon_core.package_identification:_identify(g1/scripts/unifolm-vla_g1-main/experiments) by extension 'colcon_meta'
[0.253s] Level 1:colcon.colcon_core.package_identification:_identify(g1/scripts/unifolm-vla_g1-main/experiments) by extensions ['ros']
[0.253s] Level 1:colcon.colcon_core.package_identification:_identify(g1/scripts/unifolm-vla_g1-main/experiments) by extension 'ros'
[0.253s] Level 1:colcon.colcon_core.package_identification:_identify(g1/scripts/unifolm-vla_g1-main/experiments) by extensions ['cmake', 'python']
[0.253s] Level 1:colcon.colcon_core.package_identification:_identify(g1/scripts/unifolm-vla_g1-main/experiments) by extension 'cmake'
[0.253s] Level 1:colcon.colcon_core.package_identification:_identify(g1/scripts/unifolm-vla_g1-main/experiments) by extension 'python'
[0.253s] Level 1:colcon.colcon_core.package_identification:_identify(g1/scripts/unifolm-vla_g1-main/experiments) by extensions ['python_setup_py']
[0.253s] Level 1:colcon.colcon_core.package_identification:_identify(g1/scripts/unifolm-vla_g1-main/experiments) by extension 'python_setup_py'
[0.253s] Level 1:colcon.colcon_core.package_identification:_identify(g1/scripts/unifolm-vla_g1-main/experiments/LIBERO) by extensions ['ignore', 'ignore_ament_install']
[0.253s] Level 1:colcon.colcon_core.package_identification:_identify(g1/scripts/unifolm-vla_g1-main/experiments/LIBERO) by extension 'ignore'
[0.253s] Level 1:colcon.colcon_core.package_identification:_identify(g1/scripts/unifolm-vla_g1-main/experiments/LIBERO) by extension 'ignore_ament_install'
[0.253s] Level 1:colcon.colcon_core.package_identification:_identify(g1/scripts/unifolm-vla_g1-main/experiments/LIBERO) by extensions ['colcon_pkg']
[0.253s] Level 1:colcon.colcon_core.package_identification:_identify(g1/scripts/unifolm-vla_g1-main/experiments/LIBERO) by extension 'colcon_pkg'
[0.253s] Level 1:colcon.colcon_core.package_identification:_identify(g1/scripts/unifolm-vla_g1-main/experiments/LIBERO) by extensions ['colcon_meta']
[0.253s] Level 1:colcon.colcon_core.package_identification:_identify(g1/scripts/unifolm-vla_g1-main/experiments/LIBERO) by extension 'colcon_meta'
[0.253s] Level 1:colcon.colcon_core.package_identification:_identify(g1/scripts/unifolm-vla_g1-main/experiments/LIBERO) by extensions ['ros']
[0.253s] Level 1:colcon.colcon_core.package_identification:_identify(g1/scripts/unifolm-vla_g1-main/experiments/LIBERO) by extension 'ros'
[0.253s] Level 1:colcon.colcon_core.package_identification:_identify(g1/scripts/unifolm-vla_g1-main/experiments/LIBERO) by extensions ['cmake', 'python']
[0.253s] Level 1:colcon.colcon_core.package_identification:_identify(g1/scripts/unifolm-vla_g1-main/experiments/LIBERO) by extension 'cmake'
[0.253s] Level 1:colcon.colcon_core.package_identification:_identify(g1/scripts/unifolm-vla_g1-main/experiments/LIBERO) by extension 'python'
[0.253s] Level 1:colcon.colcon_core.package_identification:_identify(g1/scripts/unifolm-vla_g1-main/experiments/LIBERO) by extensions ['python_setup_py']
[0.253s] Level 1:colcon.colcon_core.package_identification:_identify(g1/scripts/unifolm-vla_g1-main/experiments/LIBERO) by extension 'python_setup_py'
[0.253s] Level 1:colcon.colcon_core.package_identification:_identify(g1/scripts/unifolm-vla_g1-main/experiments/logs) by extensions ['ignore', 'ignore_ament_install']
[0.253s] Level 1:colcon.colcon_core.package_identification:_identify(g1/scripts/unifolm-vla_g1-main/experiments/logs) by extension 'ignore'
[0.253s] Level 1:colcon.colcon_core.package_identification:_identify(g1/scripts/unifolm-vla_g1-main/experiments/logs) by extension 'ignore_ament_install'
[0.253s] Level 1:colcon.colcon_core.package_identification:_identify(g1/scripts/unifolm-vla_g1-main/experiments/logs) by extensions ['colcon_pkg']
[0.254s] Level 1:colcon.colcon_core.package_identification:_identify(g1/scripts/unifolm-vla_g1-main/experiments/logs) by extension 'colcon_pkg'
[0.254s] Level 1:colcon.colcon_core.package_identification:_identify(g1/scripts/unifolm-vla_g1-main/experiments/logs) by extensions ['colcon_meta']
[0.254s] Level 1:colcon.colcon_core.package_identification:_identify(g1/scripts/unifolm-vla_g1-main/experiments/logs) by extension 'colcon_meta'
[0.254s] Level 1:colcon.colcon_core.package_identification:_identify(g1/scripts/unifolm-vla_g1-main/experiments/logs) by extensions ['ros']
[0.254s] Level 1:colcon.colcon_core.package_identification:_identify(g1/scripts/unifolm-vla_g1-main/experiments/logs) by extension 'ros'
[0.254s] Level 1:colcon.colcon_core.package_identification:_identify(g1/scripts/unifolm-vla_g1-main/experiments/logs) by extensions ['cmake', 'python']
[0.254s] Level 1:colcon.colcon_core.package_identification:_identify(g1/scripts/unifolm-vla_g1-main/experiments/logs) by extension 'cmake'
[0.254s] Level 1:colcon.colcon_core.package_identification:_identify(g1/scripts/unifolm-vla_g1-main/experiments/logs) by extension 'python'
[0.254s] Level 1:colcon.colcon_core.package_identification:_identify(g1/scripts/unifolm-vla_g1-main/experiments/logs) by extensions ['python_setup_py']
[0.254s] Level 1:colcon.colcon_core.package_identification:_identify(g1/scripts/unifolm-vla_g1-main/experiments/logs) by extension 'python_setup_py'
[0.254s] Level 1:colcon.colcon_core.package_identification:_identify(g1/scripts/unifolm-vla_g1-main/prepare_data) by extensions ['ignore', 'ignore_ament_install']
[0.254s] Level 1:colcon.colcon_core.package_identification:_identify(g1/scripts/unifolm-vla_g1-main/prepare_data) by extension 'ignore'
[0.254s] Level 1:colcon.colcon_core.package_identification:_identify(g1/scripts/unifolm-vla_g1-main/prepare_data) by extension 'ignore_ament_install'
[0.254s] Level 1:colcon.colcon_core.package_identification:_identify(g1/scripts/unifolm-vla_g1-main/prepare_data) by extensions ['colcon_pkg']
[0.254s] Level 1:colcon.colcon_core.package_identification:_identify(g1/scripts/unifolm-vla_g1-main/prepare_data) by extension 'colcon_pkg'
[0.254s] Level 1:colcon.colcon_core.package_identification:_identify(g1/scripts/unifolm-vla_g1-main/prepare_data) by extensions ['colcon_meta']
[0.254s] Level 1:colcon.colcon_core.package_identification:_identify(g1/scripts/unifolm-vla_g1-main/prepare_data) by extension 'colcon_meta'
[0.254s] Level 1:colcon.colcon_core.package_identification:_identify(g1/scripts/unifolm-vla_g1-main/prepare_data) by extensions ['ros']
[0.254s] Level 1:colcon.colcon_core.package_identification:_identify(g1/scripts/unifolm-vla_g1-main/prepare_data) by extension 'ros'
[0.254s] Level 1:colcon.colcon_core.package_identification:_identify(g1/scripts/unifolm-vla_g1-main/prepare_data) by extensions ['cmake', 'python']
[0.254s] Level 1:colcon.colcon_core.package_identification:_identify(g1/scripts/unifolm-vla_g1-main/prepare_data) by extension 'cmake'
[0.254s] Level 1:colcon.colcon_core.package_identification:_identify(g1/scripts/unifolm-vla_g1-main/prepare_data) by extension 'python'
[0.254s] Level 1:colcon.colcon_core.package_identification:_identify(g1/scripts/unifolm-vla_g1-main/prepare_data) by extensions ['python_setup_py']
[0.254s] Level 1:colcon.colcon_core.package_identification:_identify(g1/scripts/unifolm-vla_g1-main/prepare_data) by extension 'python_setup_py'
[0.254s] Level 1:colcon.colcon_core.package_identification:_identify(g1/scripts/unifolm-vla_g1-main/prepare_data/hdf5_to_rlds) by extensions ['ignore', 'ignore_ament_install']
[0.254s] Level 1:colcon.colcon_core.package_identification:_identify(g1/scripts/unifolm-vla_g1-main/prepare_data/hdf5_to_rlds) by extension 'ignore'
[0.254s] Level 1:colcon.colcon_core.package_identification:_identify(g1/scripts/unifolm-vla_g1-main/prepare_data/hdf5_to_rlds) by extension 'ignore_ament_install'
[0.254s] Level 1:colcon.colcon_core.package_identification:_identify(g1/scripts/unifolm-vla_g1-main/prepare_data/hdf5_to_rlds) by extensions ['colcon_pkg']
[0.254s] Level 1:colcon.colcon_core.package_identification:_identify(g1/scripts/unifolm-vla_g1-main/prepare_data/hdf5_to_rlds) by extension 'colcon_pkg'
[0.254s] Level 1:colcon.colcon_core.package_identification:_identify(g1/scripts/unifolm-vla_g1-main/prepare_data/hdf5_to_rlds) by extensions ['colcon_meta']
[0.254s] Level 1:colcon.colcon_core.package_identification:_identify(g1/scripts/unifolm-vla_g1-main/prepare_data/hdf5_to_rlds) by extension 'colcon_meta'
[0.254s] Level 1:colcon.colcon_core.package_identification:_identify(g1/scripts/unifolm-vla_g1-main/prepare_data/hdf5_to_rlds) by extensions ['ros']
[0.255s] Level 1:colcon.colcon_core.package_identification:_identify(g1/scripts/unifolm-vla_g1-main/prepare_data/hdf5_to_rlds) by extension 'ros'
[0.255s] Level 1:colcon.colcon_core.package_identification:_identify(g1/scripts/unifolm-vla_g1-main/prepare_data/hdf5_to_rlds) by extensions ['cmake', 'python']
[0.255s] Level 1:colcon.colcon_core.package_identification:_identify(g1/scripts/unifolm-vla_g1-main/prepare_data/hdf5_to_rlds) by extension 'cmake'
[0.255s] Level 1:colcon.colcon_core.package_identification:_identify(g1/scripts/unifolm-vla_g1-main/prepare_data/hdf5_to_rlds) by extension 'python'
[0.255s] Level 1:colcon.colcon_core.package_identification:_identify(g1/scripts/unifolm-vla_g1-main/prepare_data/hdf5_to_rlds) by extensions ['python_setup_py']
[0.255s] Level 1:colcon.colcon_core.package_identification:_identify(g1/scripts/unifolm-vla_g1-main/prepare_data/hdf5_to_rlds) by extension 'python_setup_py'
[0.255s] Level 1:colcon.colcon_core.package_identification:_identify(g1/scripts/unifolm-vla_g1-main/prepare_data/hdf5_to_rlds/rlds_dataset) by extensions ['ignore', 'ignore_ament_install']
[0.255s] Level 1:colcon.colcon_core.package_identification:_identify(g1/scripts/unifolm-vla_g1-main/prepare_data/hdf5_to_rlds/rlds_dataset) by extension 'ignore'
[0.255s] Level 1:colcon.colcon_core.package_identification:_identify(g1/scripts/unifolm-vla_g1-main/prepare_data/hdf5_to_rlds/rlds_dataset) by extension 'ignore_ament_install'
[0.255s] Level 1:colcon.colcon_core.package_identification:_identify(g1/scripts/unifolm-vla_g1-main/prepare_data/hdf5_to_rlds/rlds_dataset) by extensions ['colcon_pkg']
[0.255s] Level 1:colcon.colcon_core.package_identification:_identify(g1/scripts/unifolm-vla_g1-main/prepare_data/hdf5_to_rlds/rlds_dataset) by extension 'colcon_pkg'
[0.255s] Level 1:colcon.colcon_core.package_identification:_identify(g1/scripts/unifolm-vla_g1-main/prepare_data/hdf5_to_rlds/rlds_dataset) by extensions ['colcon_meta']
[0.255s] Level 1:colcon.colcon_core.package_identification:_identify(g1/scripts/unifolm-vla_g1-main/prepare_data/hdf5_to_rlds/rlds_dataset) by extension 'colcon_meta'
[0.255s] Level 1:colcon.colcon_core.package_identification:_identify(g1/scripts/unifolm-vla_g1-main/prepare_data/hdf5_to_rlds/rlds_dataset) by extensions ['ros']
[0.255s] Level 1:colcon.colcon_core.package_identification:_identify(g1/scripts/unifolm-vla_g1-main/prepare_data/hdf5_to_rlds/rlds_dataset) by extension 'ros'
[0.255s] Level 1:colcon.colcon_core.package_identification:_identify(g1/scripts/unifolm-vla_g1-main/prepare_data/hdf5_to_rlds/rlds_dataset) by extensions ['cmake', 'python']
[0.255s] Level 1:colcon.colcon_core.package_identification:_identify(g1/scripts/unifolm-vla_g1-main/prepare_data/hdf5_to_rlds/rlds_dataset) by extension 'cmake'
[0.255s] Level 1:colcon.colcon_core.package_identification:_identify(g1/scripts/unifolm-vla_g1-main/prepare_data/hdf5_to_rlds/rlds_dataset) by extension 'python'
[0.255s] Level 1:colcon.colcon_core.package_identification:_identify(g1/scripts/unifolm-vla_g1-main/prepare_data/hdf5_to_rlds/rlds_dataset) by extensions ['python_setup_py']
[0.255s] Level 1:colcon.colcon_core.package_identification:_identify(g1/scripts/unifolm-vla_g1-main/prepare_data/hdf5_to_rlds/rlds_dataset) by extension 'python_setup_py'
[0.255s] Level 1:colcon.colcon_core.package_identification:_identify(g1/scripts/unifolm-vla_g1-main/scripts) by extensions ['ignore', 'ignore_ament_install']
[0.255s] Level 1:colcon.colcon_core.package_identification:_identify(g1/scripts/unifolm-vla_g1-main/scripts) by extension 'ignore'
[0.255s] Level 1:colcon.colcon_core.package_identification:_identify(g1/scripts/unifolm-vla_g1-main/scripts) by extension 'ignore_ament_install'
[0.255s] Level 1:colcon.colcon_core.package_identification:_identify(g1/scripts/unifolm-vla_g1-main/scripts) by extensions ['colcon_pkg']
[0.255s] Level 1:colcon.colcon_core.package_identification:_identify(g1/scripts/unifolm-vla_g1-main/scripts) by extension 'colcon_pkg'
[0.255s] Level 1:colcon.colcon_core.package_identification:_identify(g1/scripts/unifolm-vla_g1-main/scripts) by extensions ['colcon_meta']
[0.255s] Level 1:colcon.colcon_core.package_identification:_identify(g1/scripts/unifolm-vla_g1-main/scripts) by extension 'colcon_meta'
[0.255s] Level 1:colcon.colcon_core.package_identification:_identify(g1/scripts/unifolm-vla_g1-main/scripts) by extensions ['ros']
[0.255s] Level 1:colcon.colcon_core.package_identification:_identify(g1/scripts/unifolm-vla_g1-main/scripts) by extension 'ros'
[0.256s] Level 1:colcon.colcon_core.package_identification:_identify(g1/scripts/unifolm-vla_g1-main/scripts) by extensions ['cmake', 'python']
[0.256s] Level 1:colcon.colcon_core.package_identification:_identify(g1/scripts/unifolm-vla_g1-main/scripts) by extension 'cmake'
[0.256s] Level 1:colcon.colcon_core.package_identification:_identify(g1/scripts/unifolm-vla_g1-main/scripts) by extension 'python'
[0.256s] Level 1:colcon.colcon_core.package_identification:_identify(g1/scripts/unifolm-vla_g1-main/scripts) by extensions ['python_setup_py']
[0.256s] Level 1:colcon.colcon_core.package_identification:_identify(g1/scripts/unifolm-vla_g1-main/scripts) by extension 'python_setup_py'
[0.256s] Level 1:colcon.colcon_core.package_identification:_identify(g1/scripts/unifolm-vla_g1-main/scripts/eval_scripts) by extensions ['ignore', 'ignore_ament_install']
[0.256s] Level 1:colcon.colcon_core.package_identification:_identify(g1/scripts/unifolm-vla_g1-main/scripts/eval_scripts) by extension 'ignore'
[0.256s] Level 1:colcon.colcon_core.package_identification:_identify(g1/scripts/unifolm-vla_g1-main/scripts/eval_scripts) by extension 'ignore_ament_install'
[0.256s] Level 1:colcon.colcon_core.package_identification:_identify(g1/scripts/unifolm-vla_g1-main/scripts/eval_scripts) by extensions ['colcon_pkg']
[0.256s] Level 1:colcon.colcon_core.package_identification:_identify(g1/scripts/unifolm-vla_g1-main/scripts/eval_scripts) by extension 'colcon_pkg'
[0.256s] Level 1:colcon.colcon_core.package_identification:_identify(g1/scripts/unifolm-vla_g1-main/scripts/eval_scripts) by extensions ['colcon_meta']
[0.256s] Level 1:colcon.colcon_core.package_identification:_identify(g1/scripts/unifolm-vla_g1-main/scripts/eval_scripts) by extension 'colcon_meta'
[0.256s] Level 1:colcon.colcon_core.package_identification:_identify(g1/scripts/unifolm-vla_g1-main/scripts/eval_scripts) by extensions ['ros']
[0.256s] Level 1:colcon.colcon_core.package_identification:_identify(g1/scripts/unifolm-vla_g1-main/scripts/eval_scripts) by extension 'ros'
[0.256s] Level 1:colcon.colcon_core.package_identification:_identify(g1/scripts/unifolm-vla_g1-main/scripts/eval_scripts) by extensions ['cmake', 'python']
[0.256s] Level 1:colcon.colcon_core.package_identification:_identify(g1/scripts/unifolm-vla_g1-main/scripts/eval_scripts) by extension 'cmake'
[0.256s] Level 1:colcon.colcon_core.package_identification:_identify(g1/scripts/unifolm-vla_g1-main/scripts/eval_scripts) by extension 'python'
[0.256s] Level 1:colcon.colcon_core.package_identification:_identify(g1/scripts/unifolm-vla_g1-main/scripts/eval_scripts) by extensions ['python_setup_py']
[0.256s] Level 1:colcon.colcon_core.package_identification:_identify(g1/scripts/unifolm-vla_g1-main/scripts/eval_scripts) by extension 'python_setup_py'
[0.256s] Level 1:colcon.colcon_core.package_identification:_identify(g1/scripts/unifolm-vla_g1-main/scripts/run_scripts) by extensions ['ignore', 'ignore_ament_install']
[0.256s] Level 1:colcon.colcon_core.package_identification:_identify(g1/scripts/unifolm-vla_g1-main/scripts/run_scripts) by extension 'ignore'
[0.256s] Level 1:colcon.colcon_core.package_identification:_identify(g1/scripts/unifolm-vla_g1-main/scripts/run_scripts) by extension 'ignore_ament_install'
[0.256s] Level 1:colcon.colcon_core.package_identification:_identify(g1/scripts/unifolm-vla_g1-main/scripts/run_scripts) by extensions ['colcon_pkg']
[0.256s] Level 1:colcon.colcon_core.package_identification:_identify(g1/scripts/unifolm-vla_g1-main/scripts/run_scripts) by extension 'colcon_pkg'
[0.256s] Level 1:colcon.colcon_core.package_identification:_identify(g1/scripts/unifolm-vla_g1-main/scripts/run_scripts) by extensions ['colcon_meta']
[0.256s] Level 1:colcon.colcon_core.package_identification:_identify(g1/scripts/unifolm-vla_g1-main/scripts/run_scripts) by extension 'colcon_meta'
[0.256s] Level 1:colcon.colcon_core.package_identification:_identify(g1/scripts/unifolm-vla_g1-main/scripts/run_scripts) by extensions ['ros']
[0.256s] Level 1:colcon.colcon_core.package_identification:_identify(g1/scripts/unifolm-vla_g1-main/scripts/run_scripts) by extension 'ros'
[0.256s] Level 1:colcon.colcon_core.package_identification:_identify(g1/scripts/unifolm-vla_g1-main/scripts/run_scripts) by extensions ['cmake', 'python']
[0.256s] Level 1:colcon.colcon_core.package_identification:_identify(g1/scripts/unifolm-vla_g1-main/scripts/run_scripts) by extension 'cmake'
[0.256s] Level 1:colcon.colcon_core.package_identification:_identify(g1/scripts/unifolm-vla_g1-main/scripts/run_scripts) by extension 'python'
[0.256s] Level 1:colcon.colcon_core.package_identification:_identify(g1/scripts/unifolm-vla_g1-main/scripts/run_scripts) by extensions ['python_setup_py']
[0.257s] Level 1:colcon.colcon_core.package_identification:_identify(g1/scripts/unifolm-vla_g1-main/scripts/run_scripts) by extension 'python_setup_py'
[0.257s] Level 1:colcon.colcon_core.package_identification:_identify(g1/scripts/unifolm-vla_g1-main/src) by extensions ['ignore', 'ignore_ament_install']
[0.257s] Level 1:colcon.colcon_core.package_identification:_identify(g1/scripts/unifolm-vla_g1-main/src) by extension 'ignore'
[0.257s] Level 1:colcon.colcon_core.package_identification:_identify(g1/scripts/unifolm-vla_g1-main/src) by extension 'ignore_ament_install'
[0.257s] Level 1:colcon.colcon_core.package_identification:_identify(g1/scripts/unifolm-vla_g1-main/src) by extensions ['colcon_pkg']
[0.257s] Level 1:colcon.colcon_core.package_identification:_identify(g1/scripts/unifolm-vla_g1-main/src) by extension 'colcon_pkg'
[0.257s] Level 1:colcon.colcon_core.package_identification:_identify(g1/scripts/unifolm-vla_g1-main/src) by extensions ['colcon_meta']
[0.257s] Level 1:colcon.colcon_core.package_identification:_identify(g1/scripts/unifolm-vla_g1-main/src) by extension 'colcon_meta'
[0.257s] Level 1:colcon.colcon_core.package_identification:_identify(g1/scripts/unifolm-vla_g1-main/src) by extensions ['ros']
[0.257s] Level 1:colcon.colcon_core.package_identification:_identify(g1/scripts/unifolm-vla_g1-main/src) by extension 'ros'
[0.257s] Level 1:colcon.colcon_core.package_identification:_identify(g1/scripts/unifolm-vla_g1-main/src) by extensions ['cmake', 'python']
[0.257s] Level 1:colcon.colcon_core.package_identification:_identify(g1/scripts/unifolm-vla_g1-main/src) by extension 'cmake'
[0.257s] Level 1:colcon.colcon_core.package_identification:_identify(g1/scripts/unifolm-vla_g1-main/src) by extension 'python'
[0.257s] Level 1:colcon.colcon_core.package_identification:_identify(g1/scripts/unifolm-vla_g1-main/src) by extensions ['python_setup_py']
[0.257s] Level 1:colcon.colcon_core.package_identification:_identify(g1/scripts/unifolm-vla_g1-main/src) by extension 'python_setup_py'
[0.257s] Level 1:colcon.colcon_core.package_identification:_identify(g1/scripts/unifolm-vla_g1-main/src/unifolm_vla) by extensions ['ignore', 'ignore_ament_install']
[0.257s] Level 1:colcon.colcon_core.package_identification:_identify(g1/scripts/unifolm-vla_g1-main/src/unifolm_vla) by extension 'ignore'
[0.257s] Level 1:colcon.colcon_core.package_identification:_identify(g1/scripts/unifolm-vla_g1-main/src/unifolm_vla) by extension 'ignore_ament_install'
[0.257s] Level 1:colcon.colcon_core.package_identification:_identify(g1/scripts/unifolm-vla_g1-main/src/unifolm_vla) by extensions ['colcon_pkg']
[0.257s] Level 1:colcon.colcon_core.package_identification:_identify(g1/scripts/unifolm-vla_g1-main/src/unifolm_vla) by extension 'colcon_pkg'
[0.257s] Level 1:colcon.colcon_core.package_identification:_identify(g1/scripts/unifolm-vla_g1-main/src/unifolm_vla) by extensions ['colcon_meta']
[0.257s] Level 1:colcon.colcon_core.package_identification:_identify(g1/scripts/unifolm-vla_g1-main/src/unifolm_vla) by extension 'colcon_meta'
[0.257s] Level 1:colcon.colcon_core.package_identification:_identify(g1/scripts/unifolm-vla_g1-main/src/unifolm_vla) by extensions ['ros']
[0.257s] Level 1:colcon.colcon_core.package_identification:_identify(g1/scripts/unifolm-vla_g1-main/src/unifolm_vla) by extension 'ros'
[0.257s] Level 1:colcon.colcon_core.package_identification:_identify(g1/scripts/unifolm-vla_g1-main/src/unifolm_vla) by extensions ['cmake', 'python']
[0.257s] Level 1:colcon.colcon_core.package_identification:_identify(g1/scripts/unifolm-vla_g1-main/src/unifolm_vla) by extension 'cmake'
[0.257s] Level 1:colcon.colcon_core.package_identification:_identify(g1/scripts/unifolm-vla_g1-main/src/unifolm_vla) by extension 'python'
[0.257s] Level 1:colcon.colcon_core.package_identification:_identify(g1/scripts/unifolm-vla_g1-main/src/unifolm_vla) by extensions ['python_setup_py']
[0.257s] Level 1:colcon.colcon_core.package_identification:_identify(g1/scripts/unifolm-vla_g1-main/src/unifolm_vla) by extension 'python_setup_py'
[0.258s] Level 1:colcon.colcon_core.package_identification:_identify(g1/scripts/unifolm-vla_g1-main/src/unifolm_vla/config) by extensions ['ignore', 'ignore_ament_install']
[0.258s] Level 1:colcon.colcon_core.package_identification:_identify(g1/scripts/unifolm-vla_g1-main/src/unifolm_vla/config) by extension 'ignore'
[0.258s] Level 1:colcon.colcon_core.package_identification:_identify(g1/scripts/unifolm-vla_g1-main/src/unifolm_vla/config) by extension 'ignore_ament_install'
[0.258s] Level 1:colcon.colcon_core.package_identification:_identify(g1/scripts/unifolm-vla_g1-main/src/unifolm_vla/config) by extensions ['colcon_pkg']
[0.258s] Level 1:colcon.colcon_core.package_identification:_identify(g1/scripts/unifolm-vla_g1-main/src/unifolm_vla/config) by extension 'colcon_pkg'
[0.258s] Level 1:colcon.colcon_core.package_identification:_identify(g1/scripts/unifolm-vla_g1-main/src/unifolm_vla/config) by extensions ['colcon_meta']
[0.258s] Level 1:colcon.colcon_core.package_identification:_identify(g1/scripts/unifolm-vla_g1-main/src/unifolm_vla/config) by extension 'colcon_meta'
[0.258s] Level 1:colcon.colcon_core.package_identification:_identify(g1/scripts/unifolm-vla_g1-main/src/unifolm_vla/config) by extensions ['ros']
[0.258s] Level 1:colcon.colcon_core.package_identification:_identify(g1/scripts/unifolm-vla_g1-main/src/unifolm_vla/config) by extension 'ros'
[0.258s] Level 1:colcon.colcon_core.package_identification:_identify(g1/scripts/unifolm-vla_g1-main/src/unifolm_vla/config) by extensions ['cmake', 'python']
[0.258s] Level 1:colcon.colcon_core.package_identification:_identify(g1/scripts/unifolm-vla_g1-main/src/unifolm_vla/config) by extension 'cmake'
[0.258s] Level 1:colcon.colcon_core.package_identification:_identify(g1/scripts/unifolm-vla_g1-main/src/unifolm_vla/config) by extension 'python'
[0.258s] Level 1:colcon.colcon_core.package_identification:_identify(g1/scripts/unifolm-vla_g1-main/src/unifolm_vla/config) by extensions ['python_setup_py']
[0.258s] Level 1:colcon.colcon_core.package_identification:_identify(g1/scripts/unifolm-vla_g1-main/src/unifolm_vla/config) by extension 'python_setup_py'
[0.258s] Level 1:colcon.colcon_core.package_identification:_identify(g1/scripts/unifolm-vla_g1-main/src/unifolm_vla/config/deepseeds) by extensions ['ignore', 'ignore_ament_install']
[0.258s] Level 1:colcon.colcon_core.package_identification:_identify(g1/scripts/unifolm-vla_g1-main/src/unifolm_vla/config/deepseeds) by extension 'ignore'
[0.258s] Level 1:colcon.colcon_core.package_identification:_identify(g1/scripts/unifolm-vla_g1-main/src/unifolm_vla/config/deepseeds) by extension 'ignore_ament_install'
[0.258s] Level 1:colcon.colcon_core.package_identification:_identify(g1/scripts/unifolm-vla_g1-main/src/unifolm_vla/config/deepseeds) by extensions ['colcon_pkg']
[0.258s] Level 1:colcon.colcon_core.package_identification:_identify(g1/scripts/unifolm-vla_g1-main/src/unifolm_vla/config/deepseeds) by extension 'colcon_pkg'
[0.258s] Level 1:colcon.colcon_core.package_identification:_identify(g1/scripts/unifolm-vla_g1-main/src/unifolm_vla/config/deepseeds) by extensions ['colcon_meta']
[0.258s] Level 1:colcon.colcon_core.package_identification:_identify(g1/scripts/unifolm-vla_g1-main/src/unifolm_vla/config/deepseeds) by extension 'colcon_meta'
[0.258s] Level 1:colcon.colcon_core.package_identification:_identify(g1/scripts/unifolm-vla_g1-main/src/unifolm_vla/config/deepseeds) by extensions ['ros']
[0.258s] Level 1:colcon.colcon_core.package_identification:_identify(g1/scripts/unifolm-vla_g1-main/src/unifolm_vla/config/deepseeds) by extension 'ros'
[0.258s] Level 1:colcon.colcon_core.package_identification:_identify(g1/scripts/unifolm-vla_g1-main/src/unifolm_vla/config/deepseeds) by extensions ['cmake', 'python']
[0.258s] Level 1:colcon.colcon_core.package_identification:_identify(g1/scripts/unifolm-vla_g1-main/src/unifolm_vla/config/deepseeds) by extension 'cmake'
[0.258s] Level 1:colcon.colcon_core.package_identification:_identify(g1/scripts/unifolm-vla_g1-main/src/unifolm_vla/config/deepseeds) by extension 'python'
[0.258s] Level 1:colcon.colcon_core.package_identification:_identify(g1/scripts/unifolm-vla_g1-main/src/unifolm_vla/config/deepseeds) by extensions ['python_setup_py']
[0.259s] Level 1:colcon.colcon_core.package_identification:_identify(g1/scripts/unifolm-vla_g1-main/src/unifolm_vla/config/deepseeds) by extension 'python_setup_py'
[0.259s] Level 1:colcon.colcon_core.package_identification:_identify(g1/scripts/unifolm-vla_g1-main/src/unifolm_vla/config/training) by extensions ['ignore', 'ignore_ament_install']
[0.259s] Level 1:colcon.colcon_core.package_identification:_identify(g1/scripts/unifolm-vla_g1-main/src/unifolm_vla/config/training) by extension 'ignore'
[0.259s] Level 1:colcon.colcon_core.package_identification:_identify(g1/scripts/unifolm-vla_g1-main/src/unifolm_vla/config/training) by extension 'ignore_ament_install'
[0.259s] Level 1:colcon.colcon_core.package_identification:_identify(g1/scripts/unifolm-vla_g1-main/src/unifolm_vla/config/training) by extensions ['colcon_pkg']
[0.259s] Level 1:colcon.colcon_core.package_identification:_identify(g1/scripts/unifolm-vla_g1-main/src/unifolm_vla/config/training) by extension 'colcon_pkg'
[0.259s] Level 1:colcon.colcon_core.package_identification:_identify(g1/scripts/unifolm-vla_g1-main/src/unifolm_vla/config/training) by extensions ['colcon_meta']
[0.259s] Level 1:colcon.colcon_core.package_identification:_identify(g1/scripts/unifolm-vla_g1-main/src/unifolm_vla/config/training) by extension 'colcon_meta'
[0.259s] Level 1:colcon.colcon_core.package_identification:_identify(g1/scripts/unifolm-vla_g1-main/src/unifolm_vla/config/training) by extensions ['ros']
[0.259s] Level 1:colcon.colcon_core.package_identification:_identify(g1/scripts/unifolm-vla_g1-main/src/unifolm_vla/config/training) by extension 'ros'
[0.259s] Level 1:colcon.colcon_core.package_identification:_identify(g1/scripts/unifolm-vla_g1-main/src/unifolm_vla/config/training) by extensions ['cmake', 'python']
[0.259s] Level 1:colcon.colcon_core.package_identification:_identify(g1/scripts/unifolm-vla_g1-main/src/unifolm_vla/config/training) by extension 'cmake'
[0.259s] Level 1:colcon.colcon_core.package_identification:_identify(g1/scripts/unifolm-vla_g1-main/src/unifolm_vla/config/training) by extension 'python'
[0.259s] Level 1:colcon.colcon_core.package_identification:_identify(g1/scripts/unifolm-vla_g1-main/src/unifolm_vla/config/training) by extensions ['python_setup_py']
[0.259s] Level 1:colcon.colcon_core.package_identification:_identify(g1/scripts/unifolm-vla_g1-main/src/unifolm_vla/config/training) by extension 'python_setup_py'
[0.259s] Level 1:colcon.colcon_core.package_identification:_identify(g1/scripts/unifolm-vla_g1-main/src/unifolm_vla/model) by extensions ['ignore', 'ignore_ament_install']
[0.259s] Level 1:colcon.colcon_core.package_identification:_identify(g1/scripts/unifolm-vla_g1-main/src/unifolm_vla/model) by extension 'ignore'
[0.259s] Level 1:colcon.colcon_core.package_identification:_identify(g1/scripts/unifolm-vla_g1-main/src/unifolm_vla/model) by extension 'ignore_ament_install'
[0.259s] Level 1:colcon.colcon_core.package_identification:_identify(g1/scripts/unifolm-vla_g1-main/src/unifolm_vla/model) by extensions ['colcon_pkg']
[0.259s] Level 1:colcon.colcon_core.package_identification:_identify(g1/scripts/unifolm-vla_g1-main/src/unifolm_vla/model) by extension 'colcon_pkg'
[0.259s] Level 1:colcon.colcon_core.package_identification:_identify(g1/scripts/unifolm-vla_g1-main/src/unifolm_vla/model) by extensions ['colcon_meta']
[0.259s] Level 1:colcon.colcon_core.package_identification:_identify(g1/scripts/unifolm-vla_g1-main/src/unifolm_vla/model) by extension 'colcon_meta'
[0.259s] Level 1:colcon.colcon_core.package_identification:_identify(g1/scripts/unifolm-vla_g1-main/src/unifolm_vla/model) by extensions ['ros']
[0.259s] Level 1:colcon.colcon_core.package_identification:_identify(g1/scripts/unifolm-vla_g1-main/src/unifolm_vla/model) by extension 'ros'
[0.259s] Level 1:colcon.colcon_core.package_identification:_identify(g1/scripts/unifolm-vla_g1-main/src/unifolm_vla/model) by extensions ['cmake', 'python']
[0.259s] Level 1:colcon.colcon_core.package_identification:_identify(g1/scripts/unifolm-vla_g1-main/src/unifolm_vla/model) by extension 'cmake'
[0.259s] Level 1:colcon.colcon_core.package_identification:_identify(g1/scripts/unifolm-vla_g1-main/src/unifolm_vla/model) by extension 'python'
[0.260s] Level 1:colcon.colcon_core.package_identification:_identify(g1/scripts/unifolm-vla_g1-main/src/unifolm_vla/model) by extensions ['python_setup_py']
[0.260s] Level 1:colcon.colcon_core.package_identification:_identify(g1/scripts/unifolm-vla_g1-main/src/unifolm_vla/model) by extension 'python_setup_py'
[0.260s] Level 1:colcon.colcon_core.package_identification:_identify(g1/scripts/unifolm-vla_g1-main/src/unifolm_vla/model/framework) by extensions ['ignore', 'ignore_ament_install']
[0.260s] Level 1:colcon.colcon_core.package_identification:_identify(g1/scripts/unifolm-vla_g1-main/src/unifolm_vla/model/framework) by extension 'ignore'
[0.260s] Level 1:colcon.colcon_core.package_identification:_identify(g1/scripts/unifolm-vla_g1-main/src/unifolm_vla/model/framework) by extension 'ignore_ament_install'
[0.260s] Level 1:colcon.colcon_core.package_identification:_identify(g1/scripts/unifolm-vla_g1-main/src/unifolm_vla/model/framework) by extensions ['colcon_pkg']
[0.260s] Level 1:colcon.colcon_core.package_identification:_identify(g1/scripts/unifolm-vla_g1-main/src/unifolm_vla/model/framework) by extension 'colcon_pkg'
[0.260s] Level 1:colcon.colcon_core.package_identification:_identify(g1/scripts/unifolm-vla_g1-main/src/unifolm_vla/model/framework) by extensions ['colcon_meta']
[0.260s] Level 1:colcon.colcon_core.package_identification:_identify(g1/scripts/unifolm-vla_g1-main/src/unifolm_vla/model/framework) by extension 'colcon_meta'
[0.260s] Level 1:colcon.colcon_core.package_identification:_identify(g1/scripts/unifolm-vla_g1-main/src/unifolm_vla/model/framework) by extensions ['ros']
[0.260s] Level 1:colcon.colcon_core.package_identification:_identify(g1/scripts/unifolm-vla_g1-main/src/unifolm_vla/model/framework) by extension 'ros'
[0.260s] Level 1:colcon.colcon_core.package_identification:_identify(g1/scripts/unifolm-vla_g1-main/src/unifolm_vla/model/framework) by extensions ['cmake', 'python']
[0.260s] Level 1:colcon.colcon_core.package_identification:_identify(g1/scripts/unifolm-vla_g1-main/src/unifolm_vla/model/framework) by extension 'cmake'
[0.260s] Level 1:colcon.colcon_core.package_identification:_identify(g1/scripts/unifolm-vla_g1-main/src/unifolm_vla/model/framework) by extension 'python'
[0.260s] Level 1:colcon.colcon_core.package_identification:_identify(g1/scripts/unifolm-vla_g1-main/src/unifolm_vla/model/framework) by extensions ['python_setup_py']
[0.260s] Level 1:colcon.colcon_core.package_identification:_identify(g1/scripts/unifolm-vla_g1-main/src/unifolm_vla/model/framework) by extension 'python_setup_py'
[0.260s] Level 1:colcon.colcon_core.package_identification:_identify(g1/scripts/unifolm-vla_g1-main/src/unifolm_vla/model/modules) by extensions ['ignore', 'ignore_ament_install']
[0.260s] Level 1:colcon.colcon_core.package_identification:_identify(g1/scripts/unifolm-vla_g1-main/src/unifolm_vla/model/modules) by extension 'ignore'
[0.260s] Level 1:colcon.colcon_core.package_identification:_identify(g1/scripts/unifolm-vla_g1-main/src/unifolm_vla/model/modules) by extension 'ignore_ament_install'
[0.260s] Level 1:colcon.colcon_core.package_identification:_identify(g1/scripts/unifolm-vla_g1-main/src/unifolm_vla/model/modules) by extensions ['colcon_pkg']
[0.260s] Level 1:colcon.colcon_core.package_identification:_identify(g1/scripts/unifolm-vla_g1-main/src/unifolm_vla/model/modules) by extension 'colcon_pkg'
[0.260s] Level 1:colcon.colcon_core.package_identification:_identify(g1/scripts/unifolm-vla_g1-main/src/unifolm_vla/model/modules) by extensions ['colcon_meta']
[0.260s] Level 1:colcon.colcon_core.package_identification:_identify(g1/scripts/unifolm-vla_g1-main/src/unifolm_vla/model/modules) by extension 'colcon_meta'
[0.260s] Level 1:colcon.colcon_core.package_identification:_identify(g1/scripts/unifolm-vla_g1-main/src/unifolm_vla/model/modules) by extensions ['ros']
[0.260s] Level 1:colcon.colcon_core.package_identification:_identify(g1/scripts/unifolm-vla_g1-main/src/unifolm_vla/model/modules) by extension 'ros'
[0.260s] Level 1:colcon.colcon_core.package_identification:_identify(g1/scripts/unifolm-vla_g1-main/src/unifolm_vla/model/modules) by extensions ['cmake', 'python']
[0.260s] Level 1:colcon.colcon_core.package_identification:_identify(g1/scripts/unifolm-vla_g1-main/src/unifolm_vla/model/modules) by extension 'cmake'
[0.260s] Level 1:colcon.colcon_core.package_identification:_identify(g1/scripts/unifolm-vla_g1-main/src/unifolm_vla/model/modules) by extension 'python'
[0.261s] Level 1:colcon.colcon_core.package_identification:_identify(g1/scripts/unifolm-vla_g1-main/src/unifolm_vla/model/modules) by extensions ['python_setup_py']
[0.261s] Level 1:colcon.colcon_core.package_identification:_identify(g1/scripts/unifolm-vla_g1-main/src/unifolm_vla/model/modules) by extension 'python_setup_py'
[0.261s] Level 1:colcon.colcon_core.package_identification:_identify(g1/scripts/unifolm-vla_g1-main/src/unifolm_vla/model/modules/action_model) by extensions ['ignore', 'ignore_ament_install']
[0.261s] Level 1:colcon.colcon_core.package_identification:_identify(g1/scripts/unifolm-vla_g1-main/src/unifolm_vla/model/modules/action_model) by extension 'ignore'
[0.261s] Level 1:colcon.colcon_core.package_identification:_identify(g1/scripts/unifolm-vla_g1-main/src/unifolm_vla/model/modules/action_model) by extension 'ignore_ament_install'
[0.261s] Level 1:colcon.colcon_core.package_identification:_identify(g1/scripts/unifolm-vla_g1-main/src/unifolm_vla/model/modules/action_model) by extensions ['colcon_pkg']
[0.261s] Level 1:colcon.colcon_core.package_identification:_identify(g1/scripts/unifolm-vla_g1-main/src/unifolm_vla/model/modules/action_model) by extension 'colcon_pkg'
[0.261s] Level 1:colcon.colcon_core.package_identification:_identify(g1/scripts/unifolm-vla_g1-main/src/unifolm_vla/model/modules/action_model) by extensions ['colcon_meta']
[0.261s] Level 1:colcon.colcon_core.package_identification:_identify(g1/scripts/unifolm-vla_g1-main/src/unifolm_vla/model/modules/action_model) by extension 'colcon_meta'
[0.261s] Level 1:colcon.colcon_core.package_identification:_identify(g1/scripts/unifolm-vla_g1-main/src/unifolm_vla/model/modules/action_model) by extensions ['ros']
[0.261s] Level 1:colcon.colcon_core.package_identification:_identify(g1/scripts/unifolm-vla_g1-main/src/unifolm_vla/model/modules/action_model) by extension 'ros'
[0.261s] Level 1:colcon.colcon_core.package_identification:_identify(g1/scripts/unifolm-vla_g1-main/src/unifolm_vla/model/modules/action_model) by extensions ['cmake', 'python']
[0.261s] Level 1:colcon.colcon_core.package_identification:_identify(g1/scripts/unifolm-vla_g1-main/src/unifolm_vla/model/modules/action_model) by extension 'cmake'
[0.261s] Level 1:colcon.colcon_core.package_identification:_identify(g1/scripts/unifolm-vla_g1-main/src/unifolm_vla/model/modules/action_model) by extension 'python'
[0.261s] Level 1:colcon.colcon_core.package_identification:_identify(g1/scripts/unifolm-vla_g1-main/src/unifolm_vla/model/modules/action_model) by extensions ['python_setup_py']
[0.261s] Level 1:colcon.colcon_core.package_identification:_identify(g1/scripts/unifolm-vla_g1-main/src/unifolm_vla/model/modules/action_model) by extension 'python_setup_py'
[0.261s] Level 1:colcon.colcon_core.package_identification:_identify(g1/scripts/unifolm-vla_g1-main/src/unifolm_vla/model/modules/action_model/flow_matching_modules) by extensions ['ignore', 'ignore_ament_install']
[0.261s] Level 1:colcon.colcon_core.package_identification:_identify(g1/scripts/unifolm-vla_g1-main/src/unifolm_vla/model/modules/action_model/flow_matching_modules) by extension 'ignore'
[0.261s] Level 1:colcon.colcon_core.package_identification:_identify(g1/scripts/unifolm-vla_g1-main/src/unifolm_vla/model/modules/action_model/flow_matching_modules) by extension 'ignore_ament_install'
[0.261s] Level 1:colcon.colcon_core.package_identification:_identify(g1/scripts/unifolm-vla_g1-main/src/unifolm_vla/model/modules/action_model/flow_matching_modules) by extensions ['colcon_pkg']
[0.261s] Level 1:colcon.colcon_core.package_identification:_identify(g1/scripts/unifolm-vla_g1-main/src/unifolm_vla/model/modules/action_model/flow_matching_modules) by extension 'colcon_pkg'
[0.261s] Level 1:colcon.colcon_core.package_identification:_identify(g1/scripts/unifolm-vla_g1-main/src/unifolm_vla/model/modules/action_model/flow_matching_modules) by extensions ['colcon_meta']
[0.261s] Level 1:colcon.colcon_core.package_identification:_identify(g1/scripts/unifolm-vla_g1-main/src/unifolm_vla/model/modules/action_model/flow_matching_modules) by extension 'colcon_meta'
[0.261s] Level 1:colcon.colcon_core.package_identification:_identify(g1/scripts/unifolm-vla_g1-main/src/unifolm_vla/model/modules/action_model/flow_matching_modules) by extensions ['ros']
[0.261s] Level 1:colcon.colcon_core.package_identification:_identify(g1/scripts/unifolm-vla_g1-main/src/unifolm_vla/model/modules/action_model/flow_matching_modules) by extension 'ros'
[0.261s] Level 1:colcon.colcon_core.package_identification:_identify(g1/scripts/unifolm-vla_g1-main/src/unifolm_vla/model/modules/action_model/flow_matching_modules) by extensions ['cmake', 'python']
[0.261s] Level 1:colcon.colcon_core.package_identification:_identify(g1/scripts/unifolm-vla_g1-main/src/unifolm_vla/model/modules/action_model/flow_matching_modules) by extension 'cmake'
[0.261s] Level 1:colcon.colcon_core.package_identification:_identify(g1/scripts/unifolm-vla_g1-main/src/unifolm_vla/model/modules/action_model/flow_matching_modules) by extension 'python'
[0.261s] Level 1:colcon.colcon_core.package_identification:_identify(g1/scripts/unifolm-vla_g1-main/src/unifolm_vla/model/modules/action_model/flow_matching_modules) by extensions ['python_setup_py']
[0.261s] Level 1:colcon.colcon_core.package_identification:_identify(g1/scripts/unifolm-vla_g1-main/src/unifolm_vla/model/modules/action_model/flow_matching_modules) by extension 'python_setup_py'
[0.262s] Level 1:colcon.colcon_core.package_identification:_identify(g1/scripts/unifolm-vla_g1-main/src/unifolm_vla/model/modules/vlm) by extensions ['ignore', 'ignore_ament_install']
[0.262s] Level 1:colcon.colcon_core.package_identification:_identify(g1/scripts/unifolm-vla_g1-main/src/unifolm_vla/model/modules/vlm) by extension 'ignore'
[0.262s] Level 1:colcon.colcon_core.package_identification:_identify(g1/scripts/unifolm-vla_g1-main/src/unifolm_vla/model/modules/vlm) by extension 'ignore_ament_install'
[0.262s] Level 1:colcon.colcon_core.package_identification:_identify(g1/scripts/unifolm-vla_g1-main/src/unifolm_vla/model/modules/vlm) by extensions ['colcon_pkg']
[0.262s] Level 1:colcon.colcon_core.package_identification:_identify(g1/scripts/unifolm-vla_g1-main/src/unifolm_vla/model/modules/vlm) by extension 'colcon_pkg'
[0.262s] Level 1:colcon.colcon_core.package_identification:_identify(g1/scripts/unifolm-vla_g1-main/src/unifolm_vla/model/modules/vlm) by extensions ['colcon_meta']
[0.262s] Level 1:colcon.colcon_core.package_identification:_identify(g1/scripts/unifolm-vla_g1-main/src/unifolm_vla/model/modules/vlm) by extension 'colcon_meta'
[0.262s] Level 1:colcon.colcon_core.package_identification:_identify(g1/scripts/unifolm-vla_g1-main/src/unifolm_vla/model/modules/vlm) by extensions ['ros']
[0.262s] Level 1:colcon.colcon_core.package_identification:_identify(g1/scripts/unifolm-vla_g1-main/src/unifolm_vla/model/modules/vlm) by extension 'ros'
[0.262s] Level 1:colcon.colcon_core.package_identification:_identify(g1/scripts/unifolm-vla_g1-main/src/unifolm_vla/model/modules/vlm) by extensions ['cmake', 'python']
[0.262s] Level 1:colcon.colcon_core.package_identification:_identify(g1/scripts/unifolm-vla_g1-main/src/unifolm_vla/model/modules/vlm) by extension 'cmake'
[0.262s] Level 1:colcon.colcon_core.package_identification:_identify(g1/scripts/unifolm-vla_g1-main/src/unifolm_vla/model/modules/vlm) by extension 'python'
[0.262s] Level 1:colcon.colcon_core.package_identification:_identify(g1/scripts/unifolm-vla_g1-main/src/unifolm_vla/model/modules/vlm) by extensions ['python_setup_py']
[0.262s] Level 1:colcon.colcon_core.package_identification:_identify(g1/scripts/unifolm-vla_g1-main/src/unifolm_vla/model/modules/vlm) by extension 'python_setup_py'
[0.262s] Level 1:colcon.colcon_core.package_identification:_identify(g1/scripts/unifolm-vla_g1-main/src/unifolm_vla/model/utils) by extensions ['ignore', 'ignore_ament_install']
[0.262s] Level 1:colcon.colcon_core.package_identification:_identify(g1/scripts/unifolm-vla_g1-main/src/unifolm_vla/model/utils) by extension 'ignore'
[0.262s] Level 1:colcon.colcon_core.package_identification:_identify(g1/scripts/unifolm-vla_g1-main/src/unifolm_vla/model/utils) by extension 'ignore_ament_install'
[0.262s] Level 1:colcon.colcon_core.package_identification:_identify(g1/scripts/unifolm-vla_g1-main/src/unifolm_vla/model/utils) by extensions ['colcon_pkg']
[0.262s] Level 1:colcon.colcon_core.package_identification:_identify(g1/scripts/unifolm-vla_g1-main/src/unifolm_vla/model/utils) by extension 'colcon_pkg'
[0.262s] Level 1:colcon.colcon_core.package_identification:_identify(g1/scripts/unifolm-vla_g1-main/src/unifolm_vla/model/utils) by extensions ['colcon_meta']
[0.262s] Level 1:colcon.colcon_core.package_identification:_identify(g1/scripts/unifolm-vla_g1-main/src/unifolm_vla/model/utils) by extension 'colcon_meta'
[0.262s] Level 1:colcon.colcon_core.package_identification:_identify(g1/scripts/unifolm-vla_g1-main/src/unifolm_vla/model/utils) by extensions ['ros']
[0.262s] Level 1:colcon.colcon_core.package_identification:_identify(g1/scripts/unifolm-vla_g1-main/src/unifolm_vla/model/utils) by extension 'ros'
[0.262s] Level 1:colcon.colcon_core.package_identification:_identify(g1/scripts/unifolm-vla_g1-main/src/unifolm_vla/model/utils) by extensions ['cmake', 'python']
[0.262s] Level 1:colcon.colcon_core.package_identification:_identify(g1/scripts/unifolm-vla_g1-main/src/unifolm_vla/model/utils) by extension 'cmake'
[0.262s] Level 1:colcon.colcon_core.package_identification:_identify(g1/scripts/unifolm-vla_g1-main/src/unifolm_vla/model/utils) by extension 'python'
[0.262s] Level 1:colcon.colcon_core.package_identification:_identify(g1/scripts/unifolm-vla_g1-main/src/unifolm_vla/model/utils) by extensions ['python_setup_py']
[0.262s] Level 1:colcon.colcon_core.package_identification:_identify(g1/scripts/unifolm-vla_g1-main/src/unifolm_vla/model/utils) by extension 'python_setup_py'
[0.263s] Level 1:colcon.colcon_core.package_identification:_identify(g1/scripts/unifolm-vla_g1-main/src/unifolm_vla/rlds_dataloader) by extensions ['ignore', 'ignore_ament_install']
[0.263s] Level 1:colcon.colcon_core.package_identification:_identify(g1/scripts/unifolm-vla_g1-main/src/unifolm_vla/rlds_dataloader) by extension 'ignore'
[0.263s] Level 1:colcon.colcon_core.package_identification:_identify(g1/scripts/unifolm-vla_g1-main/src/unifolm_vla/rlds_dataloader) by extension 'ignore_ament_install'
[0.263s] Level 1:colcon.colcon_core.package_identification:_identify(g1/scripts/unifolm-vla_g1-main/src/unifolm_vla/rlds_dataloader) by extensions ['colcon_pkg']
[0.263s] Level 1:colcon.colcon_core.package_identification:_identify(g1/scripts/unifolm-vla_g1-main/src/unifolm_vla/rlds_dataloader) by extension 'colcon_pkg'
[0.263s] Level 1:colcon.colcon_core.package_identification:_identify(g1/scripts/unifolm-vla_g1-main/src/unifolm_vla/rlds_dataloader) by extensions ['colcon_meta']
[0.263s] Level 1:colcon.colcon_core.package_identification:_identify(g1/scripts/unifolm-vla_g1-main/src/unifolm_vla/rlds_dataloader) by extension 'colcon_meta'
[0.263s] Level 1:colcon.colcon_core.package_identification:_identify(g1/scripts/unifolm-vla_g1-main/src/unifolm_vla/rlds_dataloader) by extensions ['ros']
[0.263s] Level 1:colcon.colcon_core.package_identification:_identify(g1/scripts/unifolm-vla_g1-main/src/unifolm_vla/rlds_dataloader) by extension 'ros'
[0.263s] Level 1:colcon.colcon_core.package_identification:_identify(g1/scripts/unifolm-vla_g1-main/src/unifolm_vla/rlds_dataloader) by extensions ['cmake', 'python']
[0.263s] Level 1:colcon.colcon_core.package_identification:_identify(g1/scripts/unifolm-vla_g1-main/src/unifolm_vla/rlds_dataloader) by extension 'cmake'
[0.263s] Level 1:colcon.colcon_core.package_identification:_identify(g1/scripts/unifolm-vla_g1-main/src/unifolm_vla/rlds_dataloader) by extension 'python'
[0.263s] Level 1:colcon.colcon_core.package_identification:_identify(g1/scripts/unifolm-vla_g1-main/src/unifolm_vla/rlds_dataloader) by extensions ['python_setup_py']
[0.263s] Level 1:colcon.colcon_core.package_identification:_identify(g1/scripts/unifolm-vla_g1-main/src/unifolm_vla/rlds_dataloader) by extension 'python_setup_py'
[0.263s] Level 1:colcon.colcon_core.package_identification:_identify(g1/scripts/unifolm-vla_g1-main/src/unifolm_vla/rlds_dataloader/datasets) by extensions ['ignore', 'ignore_ament_install']
[0.263s] Level 1:colcon.colcon_core.package_identification:_identify(g1/scripts/unifolm-vla_g1-main/src/unifolm_vla/rlds_dataloader/datasets) by extension 'ignore'
[0.264s] Level 1:colcon.colcon_core.package_identification:_identify(g1/scripts/unifolm-vla_g1-main/src/unifolm_vla/rlds_dataloader/datasets) by extension 'ignore_ament_install'
[0.264s] Level 1:colcon.colcon_core.package_identification:_identify(g1/scripts/unifolm-vla_g1-main/src/unifolm_vla/rlds_dataloader/datasets) by extensions ['colcon_pkg']
[0.264s] Level 1:colcon.colcon_core.package_identification:_identify(g1/scripts/unifolm-vla_g1-main/src/unifolm_vla/rlds_dataloader/datasets) by extension 'colcon_pkg'
[0.264s] Level 1:colcon.colcon_core.package_identification:_identify(g1/scripts/unifolm-vla_g1-main/src/unifolm_vla/rlds_dataloader/datasets) by extensions ['colcon_meta']
[0.264s] Level 1:colcon.colcon_core.package_identification:_identify(g1/scripts/unifolm-vla_g1-main/src/unifolm_vla/rlds_dataloader/datasets) by extension 'colcon_meta'
[0.264s] Level 1:colcon.colcon_core.package_identification:_identify(g1/scripts/unifolm-vla_g1-main/src/unifolm_vla/rlds_dataloader/datasets) by extensions ['ros']
[0.264s] Level 1:colcon.colcon_core.package_identification:_identify(g1/scripts/unifolm-vla_g1-main/src/unifolm_vla/rlds_dataloader/datasets) by extension 'ros'
[0.264s] Level 1:colcon.colcon_core.package_identification:_identify(g1/scripts/unifolm-vla_g1-main/src/unifolm_vla/rlds_dataloader/datasets) by extensions ['cmake', 'python']
[0.264s] Level 1:colcon.colcon_core.package_identification:_identify(g1/scripts/unifolm-vla_g1-main/src/unifolm_vla/rlds_dataloader/datasets) by extension 'cmake'
[0.264s] Level 1:colcon.colcon_core.package_identification:_identify(g1/scripts/unifolm-vla_g1-main/src/unifolm_vla/rlds_dataloader/datasets) by extension 'python'
[0.264s] Level 1:colcon.colcon_core.package_identification:_identify(g1/scripts/unifolm-vla_g1-main/src/unifolm_vla/rlds_dataloader/datasets) by extensions ['python_setup_py']
[0.264s] Level 1:colcon.colcon_core.package_identification:_identify(g1/scripts/unifolm-vla_g1-main/src/unifolm_vla/rlds_dataloader/datasets) by extension 'python_setup_py'
[0.264s] Level 1:colcon.colcon_core.package_identification:_identify(g1/scripts/unifolm-vla_g1-main/src/unifolm_vla/rlds_dataloader/datasets/rlds) by extensions ['ignore', 'ignore_ament_install']
[0.264s] Level 1:colcon.colcon_core.package_identification:_identify(g1/scripts/unifolm-vla_g1-main/src/unifolm_vla/rlds_dataloader/datasets/rlds) by extension 'ignore'
[0.264s] Level 1:colcon.colcon_core.package_identification:_identify(g1/scripts/unifolm-vla_g1-main/src/unifolm_vla/rlds_dataloader/datasets/rlds) by extension 'ignore_ament_install'
[0.264s] Level 1:colcon.colcon_core.package_identification:_identify(g1/scripts/unifolm-vla_g1-main/src/unifolm_vla/rlds_dataloader/datasets/rlds) by extensions ['colcon_pkg']
[0.264s] Level 1:colcon.colcon_core.package_identification:_identify(g1/scripts/unifolm-vla_g1-main/src/unifolm_vla/rlds_dataloader/datasets/rlds) by extension 'colcon_pkg'
[0.264s] Level 1:colcon.colcon_core.package_identification:_identify(g1/scripts/unifolm-vla_g1-main/src/unifolm_vla/rlds_dataloader/datasets/rlds) by extensions ['colcon_meta']
[0.264s] Level 1:colcon.colcon_core.package_identification:_identify(g1/scripts/unifolm-vla_g1-main/src/unifolm_vla/rlds_dataloader/datasets/rlds) by extension 'colcon_meta'
[0.264s] Level 1:colcon.colcon_core.package_identification:_identify(g1/scripts/unifolm-vla_g1-main/src/unifolm_vla/rlds_dataloader/datasets/rlds) by extensions ['ros']
[0.264s] Level 1:colcon.colcon_core.package_identification:_identify(g1/scripts/unifolm-vla_g1-main/src/unifolm_vla/rlds_dataloader/datasets/rlds) by extension 'ros'
[0.264s] Level 1:colcon.colcon_core.package_identification:_identify(g1/scripts/unifolm-vla_g1-main/src/unifolm_vla/rlds_dataloader/datasets/rlds) by extensions ['cmake', 'python']
[0.265s] Level 1:colcon.colcon_core.package_identification:_identify(g1/scripts/unifolm-vla_g1-main/src/unifolm_vla/rlds_dataloader/datasets/rlds) by extension 'cmake'
[0.265s] Level 1:colcon.colcon_core.package_identification:_identify(g1/scripts/unifolm-vla_g1-main/src/unifolm_vla/rlds_dataloader/datasets/rlds) by extension 'python'
[0.265s] Level 1:colcon.colcon_core.package_identification:_identify(g1/scripts/unifolm-vla_g1-main/src/unifolm_vla/rlds_dataloader/datasets/rlds) by extensions ['python_setup_py']
[0.265s] Level 1:colcon.colcon_core.package_identification:_identify(g1/scripts/unifolm-vla_g1-main/src/unifolm_vla/rlds_dataloader/datasets/rlds) by extension 'python_setup_py'
[0.265s] Level 1:colcon.colcon_core.package_identification:_identify(g1/scripts/unifolm-vla_g1-main/src/unifolm_vla/rlds_dataloader/datasets/rlds/oxe) by extensions ['ignore', 'ignore_ament_install']
[0.265s] Level 1:colcon.colcon_core.package_identification:_identify(g1/scripts/unifolm-vla_g1-main/src/unifolm_vla/rlds_dataloader/datasets/rlds/oxe) by extension 'ignore'
[0.265s] Level 1:colcon.colcon_core.package_identification:_identify(g1/scripts/unifolm-vla_g1-main/src/unifolm_vla/rlds_dataloader/datasets/rlds/oxe) by extension 'ignore_ament_install'
[0.265s] Level 1:colcon.colcon_core.package_identification:_identify(g1/scripts/unifolm-vla_g1-main/src/unifolm_vla/rlds_dataloader/datasets/rlds/oxe) by extensions ['colcon_pkg']
[0.265s] Level 1:colcon.colcon_core.package_identification:_identify(g1/scripts/unifolm-vla_g1-main/src/unifolm_vla/rlds_dataloader/datasets/rlds/oxe) by extension 'colcon_pkg'
[0.265s] Level 1:colcon.colcon_core.package_identification:_identify(g1/scripts/unifolm-vla_g1-main/src/unifolm_vla/rlds_dataloader/datasets/rlds/oxe) by extensions ['colcon_meta']
[0.265s] Level 1:colcon.colcon_core.package_identification:_identify(g1/scripts/unifolm-vla_g1-main/src/unifolm_vla/rlds_dataloader/datasets/rlds/oxe) by extension 'colcon_meta'
[0.265s] Level 1:colcon.colcon_core.package_identification:_identify(g1/scripts/unifolm-vla_g1-main/src/unifolm_vla/rlds_dataloader/datasets/rlds/oxe) by extensions ['ros']
[0.265s] Level 1:colcon.colcon_core.package_identification:_identify(g1/scripts/unifolm-vla_g1-main/src/unifolm_vla/rlds_dataloader/datasets/rlds/oxe) by extension 'ros'
[0.265s] Level 1:colcon.colcon_core.package_identification:_identify(g1/scripts/unifolm-vla_g1-main/src/unifolm_vla/rlds_dataloader/datasets/rlds/oxe) by extensions ['cmake', 'python']
[0.265s] Level 1:colcon.colcon_core.package_identification:_identify(g1/scripts/unifolm-vla_g1-main/src/unifolm_vla/rlds_dataloader/datasets/rlds/oxe) by extension 'cmake'
[0.265s] Level 1:colcon.colcon_core.package_identification:_identify(g1/scripts/unifolm-vla_g1-main/src/unifolm_vla/rlds_dataloader/datasets/rlds/oxe) by extension 'python'
[0.265s] Level 1:colcon.colcon_core.package_identification:_identify(g1/scripts/unifolm-vla_g1-main/src/unifolm_vla/rlds_dataloader/datasets/rlds/oxe) by extensions ['python_setup_py']
[0.265s] Level 1:colcon.colcon_core.package_identification:_identify(g1/scripts/unifolm-vla_g1-main/src/unifolm_vla/rlds_dataloader/datasets/rlds/oxe) by extension 'python_setup_py'
[0.266s] Level 1:colcon.colcon_core.package_identification:_identify(g1/scripts/unifolm-vla_g1-main/src/unifolm_vla/rlds_dataloader/datasets/rlds/oxe/utils) by extensions ['ignore', 'ignore_ament_install']
[0.266s] Level 1:colcon.colcon_core.package_identification:_identify(g1/scripts/unifolm-vla_g1-main/src/unifolm_vla/rlds_dataloader/datasets/rlds/oxe/utils) by extension 'ignore'
[0.266s] Level 1:colcon.colcon_core.package_identification:_identify(g1/scripts/unifolm-vla_g1-main/src/unifolm_vla/rlds_dataloader/datasets/rlds/oxe/utils) by extension 'ignore_ament_install'
[0.266s] Level 1:colcon.colcon_core.package_identification:_identify(g1/scripts/unifolm-vla_g1-main/src/unifolm_vla/rlds_dataloader/datasets/rlds/oxe/utils) by extensions ['colcon_pkg']
[0.266s] Level 1:colcon.colcon_core.package_identification:_identify(g1/scripts/unifolm-vla_g1-main/src/unifolm_vla/rlds_dataloader/datasets/rlds/oxe/utils) by extension 'colcon_pkg'
[0.266s] Level 1:colcon.colcon_core.package_identification:_identify(g1/scripts/unifolm-vla_g1-main/src/unifolm_vla/rlds_dataloader/datasets/rlds/oxe/utils) by extensions ['colcon_meta']
[0.266s] Level 1:colcon.colcon_core.package_identification:_identify(g1/scripts/unifolm-vla_g1-main/src/unifolm_vla/rlds_dataloader/datasets/rlds/oxe/utils) by extension 'colcon_meta'
[0.266s] Level 1:colcon.colcon_core.package_identification:_identify(g1/scripts/unifolm-vla_g1-main/src/unifolm_vla/rlds_dataloader/datasets/rlds/oxe/utils) by extensions ['ros']
[0.266s] Level 1:colcon.colcon_core.package_identification:_identify(g1/scripts/unifolm-vla_g1-main/src/unifolm_vla/rlds_dataloader/datasets/rlds/oxe/utils) by extension 'ros'
[0.266s] Level 1:colcon.colcon_core.package_identification:_identify(g1/scripts/unifolm-vla_g1-main/src/unifolm_vla/rlds_dataloader/datasets/rlds/oxe/utils) by extensions ['cmake', 'python']
[0.266s] Level 1:colcon.colcon_core.package_identification:_identify(g1/scripts/unifolm-vla_g1-main/src/unifolm_vla/rlds_dataloader/datasets/rlds/oxe/utils) by extension 'cmake'
[0.266s] Level 1:colcon.colcon_core.package_identification:_identify(g1/scripts/unifolm-vla_g1-main/src/unifolm_vla/rlds_dataloader/datasets/rlds/oxe/utils) by extension 'python'
[0.266s] Level 1:colcon.colcon_core.package_identification:_identify(g1/scripts/unifolm-vla_g1-main/src/unifolm_vla/rlds_dataloader/datasets/rlds/oxe/utils) by extensions ['python_setup_py']
[0.266s] Level 1:colcon.colcon_core.package_identification:_identify(g1/scripts/unifolm-vla_g1-main/src/unifolm_vla/rlds_dataloader/datasets/rlds/oxe/utils) by extension 'python_setup_py'
[0.266s] Level 1:colcon.colcon_core.package_identification:_identify(g1/scripts/unifolm-vla_g1-main/src/unifolm_vla/rlds_dataloader/datasets/rlds/utils) by extensions ['ignore', 'ignore_ament_install']
[0.266s] Level 1:colcon.colcon_core.package_identification:_identify(g1/scripts/unifolm-vla_g1-main/src/unifolm_vla/rlds_dataloader/datasets/rlds/utils) by extension 'ignore'
[0.266s] Level 1:colcon.colcon_core.package_identification:_identify(g1/scripts/unifolm-vla_g1-main/src/unifolm_vla/rlds_dataloader/datasets/rlds/utils) by extension 'ignore_ament_install'
[0.266s] Level 1:colcon.colcon_core.package_identification:_identify(g1/scripts/unifolm-vla_g1-main/src/unifolm_vla/rlds_dataloader/datasets/rlds/utils) by extensions ['colcon_pkg']
[0.266s] Level 1:colcon.colcon_core.package_identification:_identify(g1/scripts/unifolm-vla_g1-main/src/unifolm_vla/rlds_dataloader/datasets/rlds/utils) by extension 'colcon_pkg'
[0.266s] Level 1:colcon.colcon_core.package_identification:_identify(g1/scripts/unifolm-vla_g1-main/src/unifolm_vla/rlds_dataloader/datasets/rlds/utils) by extensions ['colcon_meta']
[0.266s] Level 1:colcon.colcon_core.package_identification:_identify(g1/scripts/unifolm-vla_g1-main/src/unifolm_vla/rlds_dataloader/datasets/rlds/utils) by extension 'colcon_meta'
[0.266s] Level 1:colcon.colcon_core.package_identification:_identify(g1/scripts/unifolm-vla_g1-main/src/unifolm_vla/rlds_dataloader/datasets/rlds/utils) by extensions ['ros']
[0.266s] Level 1:colcon.colcon_core.package_identification:_identify(g1/scripts/unifolm-vla_g1-main/src/unifolm_vla/rlds_dataloader/datasets/rlds/utils) by extension 'ros'
[0.266s] Level 1:colcon.colcon_core.package_identification:_identify(g1/scripts/unifolm-vla_g1-main/src/unifolm_vla/rlds_dataloader/datasets/rlds/utils) by extensions ['cmake', 'python']
[0.266s] Level 1:colcon.colcon_core.package_identification:_identify(g1/scripts/unifolm-vla_g1-main/src/unifolm_vla/rlds_dataloader/datasets/rlds/utils) by extension 'cmake'
[0.266s] Level 1:colcon.colcon_core.package_identification:_identify(g1/scripts/unifolm-vla_g1-main/src/unifolm_vla/rlds_dataloader/datasets/rlds/utils) by extension 'python'
[0.267s] Level 1:colcon.colcon_core.package_identification:_identify(g1/scripts/unifolm-vla_g1-main/src/unifolm_vla/rlds_dataloader/datasets/rlds/utils) by extensions ['python_setup_py']
[0.267s] Level 1:colcon.colcon_core.package_identification:_identify(g1/scripts/unifolm-vla_g1-main/src/unifolm_vla/rlds_dataloader/datasets/rlds/utils) by extension 'python_setup_py'
[0.267s] Level 1:colcon.colcon_core.package_identification:_identify(g1/scripts/unifolm-vla_g1-main/src/unifolm_vla/training) by extensions ['ignore', 'ignore_ament_install']
[0.267s] Level 1:colcon.colcon_core.package_identification:_identify(g1/scripts/unifolm-vla_g1-main/src/unifolm_vla/training) by extension 'ignore'
[0.267s] Level 1:colcon.colcon_core.package_identification:_identify(g1/scripts/unifolm-vla_g1-main/src/unifolm_vla/training) by extension 'ignore_ament_install'
[0.267s] Level 1:colcon.colcon_core.package_identification:_identify(g1/scripts/unifolm-vla_g1-main/src/unifolm_vla/training) by extensions ['colcon_pkg']
[0.267s] Level 1:colcon.colcon_core.package_identification:_identify(g1/scripts/unifolm-vla_g1-main/src/unifolm_vla/training) by extension 'colcon_pkg'
[0.267s] Level 1:colcon.colcon_core.package_identification:_identify(g1/scripts/unifolm-vla_g1-main/src/unifolm_vla/training) by extensions ['colcon_meta']
[0.267s] Level 1:colcon.colcon_core.package_identification:_identify(g1/scripts/unifolm-vla_g1-main/src/unifolm_vla/training) by extension 'colcon_meta'
[0.267s] Level 1:colcon.colcon_core.package_identification:_identify(g1/scripts/unifolm-vla_g1-main/src/unifolm_vla/training) by extensions ['ros']
[0.267s] Level 1:colcon.colcon_core.package_identification:_identify(g1/scripts/unifolm-vla_g1-main/src/unifolm_vla/training) by extension 'ros'
[0.267s] Level 1:colcon.colcon_core.package_identification:_identify(g1/scripts/unifolm-vla_g1-main/src/unifolm_vla/training) by extensions ['cmake', 'python']
[0.267s] Level 1:colcon.colcon_core.package_identification:_identify(g1/scripts/unifolm-vla_g1-main/src/unifolm_vla/training) by extension 'cmake'
[0.267s] Level 1:colcon.colcon_core.package_identification:_identify(g1/scripts/unifolm-vla_g1-main/src/unifolm_vla/training) by extension 'python'
[0.267s] Level 1:colcon.colcon_core.package_identification:_identify(g1/scripts/unifolm-vla_g1-main/src/unifolm_vla/training) by extensions ['python_setup_py']
[0.267s] Level 1:colcon.colcon_core.package_identification:_identify(g1/scripts/unifolm-vla_g1-main/src/unifolm_vla/training) by extension 'python_setup_py'
[0.267s] Level 1:colcon.colcon_core.package_identification:_identify(g1/scripts/unifolm-vla_g1-main/src/unifolm_vla/training/trainer_utils) by extensions ['ignore', 'ignore_ament_install']
[0.267s] Level 1:colcon.colcon_core.package_identification:_identify(g1/scripts/unifolm-vla_g1-main/src/unifolm_vla/training/trainer_utils) by extension 'ignore'
[0.267s] Level 1:colcon.colcon_core.package_identification:_identify(g1/scripts/unifolm-vla_g1-main/src/unifolm_vla/training/trainer_utils) by extension 'ignore_ament_install'
[0.267s] Level 1:colcon.colcon_core.package_identification:_identify(g1/scripts/unifolm-vla_g1-main/src/unifolm_vla/training/trainer_utils) by extensions ['colcon_pkg']
[0.267s] Level 1:colcon.colcon_core.package_identification:_identify(g1/scripts/unifolm-vla_g1-main/src/unifolm_vla/training/trainer_utils) by extension 'colcon_pkg'
[0.267s] Level 1:colcon.colcon_core.package_identification:_identify(g1/scripts/unifolm-vla_g1-main/src/unifolm_vla/training/trainer_utils) by extensions ['colcon_meta']
[0.267s] Level 1:colcon.colcon_core.package_identification:_identify(g1/scripts/unifolm-vla_g1-main/src/unifolm_vla/training/trainer_utils) by extension 'colcon_meta'
[0.267s] Level 1:colcon.colcon_core.package_identification:_identify(g1/scripts/unifolm-vla_g1-main/src/unifolm_vla/training/trainer_utils) by extensions ['ros']
[0.267s] Level 1:colcon.colcon_core.package_identification:_identify(g1/scripts/unifolm-vla_g1-main/src/unifolm_vla/training/trainer_utils) by extension 'ros'
[0.267s] Level 1:colcon.colcon_core.package_identification:_identify(g1/scripts/unifolm-vla_g1-main/src/unifolm_vla/training/trainer_utils) by extensions ['cmake', 'python']
[0.268s] Level 1:colcon.colcon_core.package_identification:_identify(g1/scripts/unifolm-vla_g1-main/src/unifolm_vla/training/trainer_utils) by extension 'cmake'
[0.268s] Level 1:colcon.colcon_core.package_identification:_identify(g1/scripts/unifolm-vla_g1-main/src/unifolm_vla/training/trainer_utils) by extension 'python'
[0.268s] Level 1:colcon.colcon_core.package_identification:_identify(g1/scripts/unifolm-vla_g1-main/src/unifolm_vla/training/trainer_utils) by extensions ['python_setup_py']
[0.268s] Level 1:colcon.colcon_core.package_identification:_identify(g1/scripts/unifolm-vla_g1-main/src/unifolm_vla/training/trainer_utils) by extension 'python_setup_py'
[0.268s] Level 1:colcon.colcon_core.package_identification:_identify(g1/scripts/usecases) by extensions ['ignore', 'ignore_ament_install']
[0.268s] Level 1:colcon.colcon_core.package_identification:_identify(g1/scripts/usecases) by extension 'ignore'
[0.268s] Level 1:colcon.colcon_core.package_identification:_identify(g1/scripts/usecases) by extension 'ignore_ament_install'
[0.268s] Level 1:colcon.colcon_core.package_identification:_identify(g1/scripts/usecases) by extensions ['colcon_pkg']
[0.268s] Level 1:colcon.colcon_core.package_identification:_identify(g1/scripts/usecases) by extension 'colcon_pkg'
[0.268s] Level 1:colcon.colcon_core.package_identification:_identify(g1/scripts/usecases) by extensions ['colcon_meta']
[0.268s] Level 1:colcon.colcon_core.package_identification:_identify(g1/scripts/usecases) by extension 'colcon_meta'
[0.268s] Level 1:colcon.colcon_core.package_identification:_identify(g1/scripts/usecases) by extensions ['ros']
[0.268s] Level 1:colcon.colcon_core.package_identification:_identify(g1/scripts/usecases) by extension 'ros'
[0.268s] Level 1:colcon.colcon_core.package_identification:_identify(g1/scripts/usecases) by extensions ['cmake', 'python']
[0.268s] Level 1:colcon.colcon_core.package_identification:_identify(g1/scripts/usecases) by extension 'cmake'
[0.268s] Level 1:colcon.colcon_core.package_identification:_identify(g1/scripts/usecases) by extension 'python'
[0.268s] Level 1:colcon.colcon_core.package_identification:_identify(g1/scripts/usecases) by extensions ['python_setup_py']
[0.268s] Level 1:colcon.colcon_core.package_identification:_identify(g1/scripts/usecases) by extension 'python_setup_py'
[0.268s] Level 1:colcon.colcon_core.package_identification:_identify(g1/scripts/usecases/boxing_bag_hunt) by extensions ['ignore', 'ignore_ament_install']
[0.268s] Level 1:colcon.colcon_core.package_identification:_identify(g1/scripts/usecases/boxing_bag_hunt) by extension 'ignore'
[0.268s] Level 1:colcon.colcon_core.package_identification:_identify(g1/scripts/usecases/boxing_bag_hunt) by extension 'ignore_ament_install'
[0.268s] Level 1:colcon.colcon_core.package_identification:_identify(g1/scripts/usecases/boxing_bag_hunt) by extensions ['colcon_pkg']
[0.268s] Level 1:colcon.colcon_core.package_identification:_identify(g1/scripts/usecases/boxing_bag_hunt) by extension 'colcon_pkg'
[0.268s] Level 1:colcon.colcon_core.package_identification:_identify(g1/scripts/usecases/boxing_bag_hunt) by extensions ['colcon_meta']
[0.268s] Level 1:colcon.colcon_core.package_identification:_identify(g1/scripts/usecases/boxing_bag_hunt) by extension 'colcon_meta'
[0.268s] Level 1:colcon.colcon_core.package_identification:_identify(g1/scripts/usecases/boxing_bag_hunt) by extensions ['ros']
[0.268s] Level 1:colcon.colcon_core.package_identification:_identify(g1/scripts/usecases/boxing_bag_hunt) by extension 'ros'
[0.268s] Level 1:colcon.colcon_core.package_identification:_identify(g1/scripts/usecases/boxing_bag_hunt) by extensions ['cmake', 'python']
[0.268s] Level 1:colcon.colcon_core.package_identification:_identify(g1/scripts/usecases/boxing_bag_hunt) by extension 'cmake'
[0.268s] Level 1:colcon.colcon_core.package_identification:_identify(g1/scripts/usecases/boxing_bag_hunt) by extension 'python'
[0.268s] Level 1:colcon.colcon_core.package_identification:_identify(g1/scripts/usecases/boxing_bag_hunt) by extensions ['python_setup_py']
[0.268s] Level 1:colcon.colcon_core.package_identification:_identify(g1/scripts/usecases/boxing_bag_hunt) by extension 'python_setup_py'
[0.269s] Level 1:colcon.colcon_core.package_identification:_identify(g1/sim) by extensions ['ignore', 'ignore_ament_install']
[0.269s] Level 1:colcon.colcon_core.package_identification:_identify(g1/sim) by extension 'ignore'
[0.269s] Level 1:colcon.colcon_core.package_identification:_identify(g1/sim) by extension 'ignore_ament_install'
[0.269s] Level 1:colcon.colcon_core.package_identification:_identify(g1/sim) by extensions ['colcon_pkg']
[0.269s] Level 1:colcon.colcon_core.package_identification:_identify(g1/sim) by extension 'colcon_pkg'
[0.269s] Level 1:colcon.colcon_core.package_identification:_identify(g1/sim) by extensions ['colcon_meta']
[0.269s] Level 1:colcon.colcon_core.package_identification:_identify(g1/sim) by extension 'colcon_meta'
[0.269s] Level 1:colcon.colcon_core.package_identification:_identify(g1/sim) by extensions ['ros']
[0.269s] Level 1:colcon.colcon_core.package_identification:_identify(g1/sim) by extension 'ros'
[0.269s] Level 1:colcon.colcon_core.package_identification:_identify(g1/sim) by extensions ['cmake', 'python']
[0.269s] Level 1:colcon.colcon_core.package_identification:_identify(g1/sim) by extension 'cmake'
[0.269s] Level 1:colcon.colcon_core.package_identification:_identify(g1/sim) by extension 'python'
[0.269s] Level 1:colcon.colcon_core.package_identification:_identify(g1/sim) by extensions ['python_setup_py']
[0.269s] Level 1:colcon.colcon_core.package_identification:_identify(g1/sim) by extension 'python_setup_py'
[0.269s] Level 1:colcon.colcon_core.package_identification:_identify(g1/sim/G1_rviz_simulation-main) by extensions ['ignore', 'ignore_ament_install']
[0.269s] Level 1:colcon.colcon_core.package_identification:_identify(g1/sim/G1_rviz_simulation-main) by extension 'ignore'
[0.269s] Level 1:colcon.colcon_core.package_identification:_identify(g1/sim/G1_rviz_simulation-main) by extension 'ignore_ament_install'
[0.269s] Level 1:colcon.colcon_core.package_identification:_identify(g1/sim/G1_rviz_simulation-main) by extensions ['colcon_pkg']
[0.269s] Level 1:colcon.colcon_core.package_identification:_identify(g1/sim/G1_rviz_simulation-main) by extension 'colcon_pkg'
[0.269s] Level 1:colcon.colcon_core.package_identification:_identify(g1/sim/G1_rviz_simulation-main) by extensions ['colcon_meta']
[0.269s] Level 1:colcon.colcon_core.package_identification:_identify(g1/sim/G1_rviz_simulation-main) by extension 'colcon_meta'
[0.269s] Level 1:colcon.colcon_core.package_identification:_identify(g1/sim/G1_rviz_simulation-main) by extensions ['ros']
[0.269s] Level 1:colcon.colcon_core.package_identification:_identify(g1/sim/G1_rviz_simulation-main) by extension 'ros'
[0.269s] Level 1:colcon.colcon_core.package_identification:_identify(g1/sim/G1_rviz_simulation-main) by extensions ['cmake', 'python']
[0.269s] Level 1:colcon.colcon_core.package_identification:_identify(g1/sim/G1_rviz_simulation-main) by extension 'cmake'
[0.269s] Level 1:colcon.colcon_core.package_identification:_identify(g1/sim/G1_rviz_simulation-main) by extension 'python'
[0.269s] Level 1:colcon.colcon_core.package_identification:_identify(g1/sim/G1_rviz_simulation-main) by extensions ['python_setup_py']
[0.269s] Level 1:colcon.colcon_core.package_identification:_identify(g1/sim/G1_rviz_simulation-main) by extension 'python_setup_py'
[0.269s] Level 1:colcon.colcon_core.package_identification:_identify(g1/sim/G1_rviz_simulation-main/G1_rviz_simulation-main) by extensions ['ignore', 'ignore_ament_install']
[0.269s] Level 1:colcon.colcon_core.package_identification:_identify(g1/sim/G1_rviz_simulation-main/G1_rviz_simulation-main) by extension 'ignore'
[0.269s] Level 1:colcon.colcon_core.package_identification:_identify(g1/sim/G1_rviz_simulation-main/G1_rviz_simulation-main) by extension 'ignore_ament_install'
[0.270s] Level 1:colcon.colcon_core.package_identification:_identify(g1/sim/G1_rviz_simulation-main/G1_rviz_simulation-main) by extensions ['colcon_pkg']
[0.270s] Level 1:colcon.colcon_core.package_identification:_identify(g1/sim/G1_rviz_simulation-main/G1_rviz_simulation-main) by extension 'colcon_pkg'
[0.270s] Level 1:colcon.colcon_core.package_identification:_identify(g1/sim/G1_rviz_simulation-main/G1_rviz_simulation-main) by extensions ['colcon_meta']
[0.270s] Level 1:colcon.colcon_core.package_identification:_identify(g1/sim/G1_rviz_simulation-main/G1_rviz_simulation-main) by extension 'colcon_meta'
[0.270s] Level 1:colcon.colcon_core.package_identification:_identify(g1/sim/G1_rviz_simulation-main/G1_rviz_simulation-main) by extensions ['ros']
[0.270s] Level 1:colcon.colcon_core.package_identification:_identify(g1/sim/G1_rviz_simulation-main/G1_rviz_simulation-main) by extension 'ros'
[0.272s] DEBUG:colcon.colcon_core.package_identification:Package 'g1/sim/G1_rviz_simulation-main/G1_rviz_simulation-main' with type 'ros.ament_python' and name 'g1_description'
[0.272s] Level 1:colcon.colcon_core.package_identification:_identify(g1/sim/mujoco) by extensions ['ignore', 'ignore_ament_install']
[0.272s] Level 1:colcon.colcon_core.package_identification:_identify(g1/sim/mujoco) by extension 'ignore'
[0.272s] Level 1:colcon.colcon_core.package_identification:_identify(g1/sim/mujoco) by extension 'ignore_ament_install'
[0.272s] Level 1:colcon.colcon_core.package_identification:_identify(g1/sim/mujoco) by extensions ['colcon_pkg']
[0.272s] Level 1:colcon.colcon_core.package_identification:_identify(g1/sim/mujoco) by extension 'colcon_pkg'
[0.272s] Level 1:colcon.colcon_core.package_identification:_identify(g1/sim/mujoco) by extensions ['colcon_meta']
[0.272s] Level 1:colcon.colcon_core.package_identification:_identify(g1/sim/mujoco) by extension 'colcon_meta'
[0.272s] Level 1:colcon.colcon_core.package_identification:_identify(g1/sim/mujoco) by extensions ['ros']
[0.272s] Level 1:colcon.colcon_core.package_identification:_identify(g1/sim/mujoco) by extension 'ros'
[0.272s] Level 1:colcon.colcon_core.package_identification:_identify(g1/sim/mujoco) by extensions ['cmake', 'python']
[0.272s] Level 1:colcon.colcon_core.package_identification:_identify(g1/sim/mujoco) by extension 'cmake'
[0.272s] Level 1:colcon.colcon_core.package_identification:_identify(g1/sim/mujoco) by extension 'python'
[0.272s] Level 1:colcon.colcon_core.package_identification:_identify(g1/sim/mujoco) by extensions ['python_setup_py']
[0.272s] Level 1:colcon.colcon_core.package_identification:_identify(g1/sim/mujoco) by extension 'python_setup_py'
[0.272s] Level 1:colcon.colcon_core.package_identification:_identify(g1/sim/mujoco/COM_viz) by extensions ['ignore', 'ignore_ament_install']
[0.273s] Level 1:colcon.colcon_core.package_identification:_identify(g1/sim/mujoco/COM_viz) by extension 'ignore'
[0.273s] Level 1:colcon.colcon_core.package_identification:_identify(g1/sim/mujoco/COM_viz) by extension 'ignore_ament_install'
[0.273s] Level 1:colcon.colcon_core.package_identification:_identify(g1/sim/mujoco/COM_viz) by extensions ['colcon_pkg']
[0.273s] Level 1:colcon.colcon_core.package_identification:_identify(g1/sim/mujoco/COM_viz) by extension 'colcon_pkg'
[0.273s] Level 1:colcon.colcon_core.package_identification:_identify(g1/sim/mujoco/COM_viz) by extensions ['colcon_meta']
[0.273s] Level 1:colcon.colcon_core.package_identification:_identify(g1/sim/mujoco/COM_viz) by extension 'colcon_meta'
[0.273s] Level 1:colcon.colcon_core.package_identification:_identify(g1/sim/mujoco/COM_viz) by extensions ['ros']
[0.273s] Level 1:colcon.colcon_core.package_identification:_identify(g1/sim/mujoco/COM_viz) by extension 'ros'
[0.273s] Level 1:colcon.colcon_core.package_identification:_identify(g1/sim/mujoco/COM_viz) by extensions ['cmake', 'python']
[0.273s] Level 1:colcon.colcon_core.package_identification:_identify(g1/sim/mujoco/COM_viz) by extension 'cmake'
[0.273s] Level 1:colcon.colcon_core.package_identification:_identify(g1/sim/mujoco/COM_viz) by extension 'python'
[0.273s] Level 1:colcon.colcon_core.package_identification:_identify(g1/sim/mujoco/COM_viz) by extensions ['python_setup_py']
[0.273s] Level 1:colcon.colcon_core.package_identification:_identify(g1/sim/mujoco/COM_viz) by extension 'python_setup_py'
[0.273s] Level 1:colcon.colcon_core.package_identification:_identify(g1/sim/mujoco/scripts) by extensions ['ignore', 'ignore_ament_install']
[0.273s] Level 1:colcon.colcon_core.package_identification:_identify(g1/sim/mujoco/scripts) by extension 'ignore'
[0.273s] Level 1:colcon.colcon_core.package_identification:_identify(g1/sim/mujoco/scripts) by extension 'ignore_ament_install'
[0.273s] Level 1:colcon.colcon_core.package_identification:_identify(g1/sim/mujoco/scripts) by extensions ['colcon_pkg']
[0.273s] Level 1:colcon.colcon_core.package_identification:_identify(g1/sim/mujoco/scripts) by extension 'colcon_pkg'
[0.273s] Level 1:colcon.colcon_core.package_identification:_identify(g1/sim/mujoco/scripts) by extensions ['colcon_meta']
[0.273s] Level 1:colcon.colcon_core.package_identification:_identify(g1/sim/mujoco/scripts) by extension 'colcon_meta'
[0.273s] Level 1:colcon.colcon_core.package_identification:_identify(g1/sim/mujoco/scripts) by extensions ['ros']
[0.273s] Level 1:colcon.colcon_core.package_identification:_identify(g1/sim/mujoco/scripts) by extension 'ros'
[0.273s] Level 1:colcon.colcon_core.package_identification:_identify(g1/sim/mujoco/scripts) by extensions ['cmake', 'python']
[0.273s] Level 1:colcon.colcon_core.package_identification:_identify(g1/sim/mujoco/scripts) by extension 'cmake'
[0.273s] Level 1:colcon.colcon_core.package_identification:_identify(g1/sim/mujoco/scripts) by extension 'python'
[0.273s] Level 1:colcon.colcon_core.package_identification:_identify(g1/sim/mujoco/scripts) by extensions ['python_setup_py']
[0.273s] Level 1:colcon.colcon_core.package_identification:_identify(g1/sim/mujoco/scripts) by extension 'python_setup_py'
[0.273s] Level 1:colcon.colcon_core.package_identification:_identify(g1/sim/unitree_robots) by extensions ['ignore', 'ignore_ament_install']
[0.274s] Level 1:colcon.colcon_core.package_identification:_identify(g1/sim/unitree_robots) by extension 'ignore'
[0.274s] Level 1:colcon.colcon_core.package_identification:_identify(g1/sim/unitree_robots) by extension 'ignore_ament_install'
[0.274s] Level 1:colcon.colcon_core.package_identification:_identify(g1/sim/unitree_robots) by extensions ['colcon_pkg']
[0.274s] Level 1:colcon.colcon_core.package_identification:_identify(g1/sim/unitree_robots) by extension 'colcon_pkg'
[0.274s] Level 1:colcon.colcon_core.package_identification:_identify(g1/sim/unitree_robots) by extensions ['colcon_meta']
[0.274s] Level 1:colcon.colcon_core.package_identification:_identify(g1/sim/unitree_robots) by extension 'colcon_meta'
[0.274s] Level 1:colcon.colcon_core.package_identification:_identify(g1/sim/unitree_robots) by extensions ['ros']
[0.274s] Level 1:colcon.colcon_core.package_identification:_identify(g1/sim/unitree_robots) by extension 'ros'
[0.274s] Level 1:colcon.colcon_core.package_identification:_identify(g1/sim/unitree_robots) by extensions ['cmake', 'python']
[0.274s] Level 1:colcon.colcon_core.package_identification:_identify(g1/sim/unitree_robots) by extension 'cmake'
[0.274s] Level 1:colcon.colcon_core.package_identification:_identify(g1/sim/unitree_robots) by extension 'python'
[0.274s] Level 1:colcon.colcon_core.package_identification:_identify(g1/sim/unitree_robots) by extensions ['python_setup_py']
[0.274s] Level 1:colcon.colcon_core.package_identification:_identify(g1/sim/unitree_robots) by extension 'python_setup_py'
[0.274s] Level 1:colcon.colcon_core.package_identification:_identify(g1/sim/unitree_robots/b2) by extensions ['ignore', 'ignore_ament_install']
[0.274s] Level 1:colcon.colcon_core.package_identification:_identify(g1/sim/unitree_robots/b2) by extension 'ignore'
[0.274s] Level 1:colcon.colcon_core.package_identification:_identify(g1/sim/unitree_robots/b2) by extension 'ignore_ament_install'
[0.274s] Level 1:colcon.colcon_core.package_identification:_identify(g1/sim/unitree_robots/b2) by extensions ['colcon_pkg']
[0.274s] Level 1:colcon.colcon_core.package_identification:_identify(g1/sim/unitree_robots/b2) by extension 'colcon_pkg'
[0.274s] Level 1:colcon.colcon_core.package_identification:_identify(g1/sim/unitree_robots/b2) by extensions ['colcon_meta']
[0.274s] Level 1:colcon.colcon_core.package_identification:_identify(g1/sim/unitree_robots/b2) by extension 'colcon_meta'
[0.274s] Level 1:colcon.colcon_core.package_identification:_identify(g1/sim/unitree_robots/b2) by extensions ['ros']
[0.274s] Level 1:colcon.colcon_core.package_identification:_identify(g1/sim/unitree_robots/b2) by extension 'ros'
[0.275s] Level 1:colcon.colcon_core.package_identification:_identify(g1/sim/unitree_robots/b2) by extensions ['cmake', 'python']
[0.275s] Level 1:colcon.colcon_core.package_identification:_identify(g1/sim/unitree_robots/b2) by extension 'cmake'
[0.275s] Level 1:colcon.colcon_core.package_identification:_identify(g1/sim/unitree_robots/b2) by extension 'python'
[0.275s] Level 1:colcon.colcon_core.package_identification:_identify(g1/sim/unitree_robots/b2) by extensions ['python_setup_py']
[0.275s] Level 1:colcon.colcon_core.package_identification:_identify(g1/sim/unitree_robots/b2) by extension 'python_setup_py'
[0.275s] Level 1:colcon.colcon_core.package_identification:_identify(g1/sim/unitree_robots/b2/assets) by extensions ['ignore', 'ignore_ament_install']
[0.275s] Level 1:colcon.colcon_core.package_identification:_identify(g1/sim/unitree_robots/b2/assets) by extension 'ignore'
[0.275s] Level 1:colcon.colcon_core.package_identification:_identify(g1/sim/unitree_robots/b2/assets) by extension 'ignore_ament_install'
[0.275s] Level 1:colcon.colcon_core.package_identification:_identify(g1/sim/unitree_robots/b2/assets) by extensions ['colcon_pkg']
[0.275s] Level 1:colcon.colcon_core.package_identification:_identify(g1/sim/unitree_robots/b2/assets) by extension 'colcon_pkg'
[0.275s] Level 1:colcon.colcon_core.package_identification:_identify(g1/sim/unitree_robots/b2/assets) by extensions ['colcon_meta']
[0.275s] Level 1:colcon.colcon_core.package_identification:_identify(g1/sim/unitree_robots/b2/assets) by extension 'colcon_meta'
[0.275s] Level 1:colcon.colcon_core.package_identification:_identify(g1/sim/unitree_robots/b2/assets) by extensions ['ros']
[0.275s] Level 1:colcon.colcon_core.package_identification:_identify(g1/sim/unitree_robots/b2/assets) by extension 'ros'
[0.275s] Level 1:colcon.colcon_core.package_identification:_identify(g1/sim/unitree_robots/b2/assets) by extensions ['cmake', 'python']
[0.275s] Level 1:colcon.colcon_core.package_identification:_identify(g1/sim/unitree_robots/b2/assets) by extension 'cmake'
[0.275s] Level 1:colcon.colcon_core.package_identification:_identify(g1/sim/unitree_robots/b2/assets) by extension 'python'
[0.275s] Level 1:colcon.colcon_core.package_identification:_identify(g1/sim/unitree_robots/b2/assets) by extensions ['python_setup_py']
[0.275s] Level 1:colcon.colcon_core.package_identification:_identify(g1/sim/unitree_robots/b2/assets) by extension 'python_setup_py'
[0.275s] Level 1:colcon.colcon_core.package_identification:_identify(g1/sim/unitree_robots/b2w) by extensions ['ignore', 'ignore_ament_install']
[0.275s] Level 1:colcon.colcon_core.package_identification:_identify(g1/sim/unitree_robots/b2w) by extension 'ignore'
[0.276s] Level 1:colcon.colcon_core.package_identification:_identify(g1/sim/unitree_robots/b2w) by extension 'ignore_ament_install'
[0.276s] Level 1:colcon.colcon_core.package_identification:_identify(g1/sim/unitree_robots/b2w) by extensions ['colcon_pkg']
[0.276s] Level 1:colcon.colcon_core.package_identification:_identify(g1/sim/unitree_robots/b2w) by extension 'colcon_pkg'
[0.276s] Level 1:colcon.colcon_core.package_identification:_identify(g1/sim/unitree_robots/b2w) by extensions ['colcon_meta']
[0.276s] Level 1:colcon.colcon_core.package_identification:_identify(g1/sim/unitree_robots/b2w) by extension 'colcon_meta'
[0.276s] Level 1:colcon.colcon_core.package_identification:_identify(g1/sim/unitree_robots/b2w) by extensions ['ros']
[0.276s] Level 1:colcon.colcon_core.package_identification:_identify(g1/sim/unitree_robots/b2w) by extension 'ros'
[0.276s] Level 1:colcon.colcon_core.package_identification:_identify(g1/sim/unitree_robots/b2w) by extensions ['cmake', 'python']
[0.276s] Level 1:colcon.colcon_core.package_identification:_identify(g1/sim/unitree_robots/b2w) by extension 'cmake'
[0.276s] Level 1:colcon.colcon_core.package_identification:_identify(g1/sim/unitree_robots/b2w) by extension 'python'
[0.276s] Level 1:colcon.colcon_core.package_identification:_identify(g1/sim/unitree_robots/b2w) by extensions ['python_setup_py']
[0.276s] Level 1:colcon.colcon_core.package_identification:_identify(g1/sim/unitree_robots/b2w) by extension 'python_setup_py'
[0.276s] Level 1:colcon.colcon_core.package_identification:_identify(g1/sim/unitree_robots/b2w/assets) by extensions ['ignore', 'ignore_ament_install']
[0.276s] Level 1:colcon.colcon_core.package_identification:_identify(g1/sim/unitree_robots/b2w/assets) by extension 'ignore'
[0.276s] Level 1:colcon.colcon_core.package_identification:_identify(g1/sim/unitree_robots/b2w/assets) by extension 'ignore_ament_install'
[0.276s] Level 1:colcon.colcon_core.package_identification:_identify(g1/sim/unitree_robots/b2w/assets) by extensions ['colcon_pkg']
[0.276s] Level 1:colcon.colcon_core.package_identification:_identify(g1/sim/unitree_robots/b2w/assets) by extension 'colcon_pkg'
[0.276s] Level 1:colcon.colcon_core.package_identification:_identify(g1/sim/unitree_robots/b2w/assets) by extensions ['colcon_meta']
[0.276s] Level 1:colcon.colcon_core.package_identification:_identify(g1/sim/unitree_robots/b2w/assets) by extension 'colcon_meta'
[0.276s] Level 1:colcon.colcon_core.package_identification:_identify(g1/sim/unitree_robots/b2w/assets) by extensions ['ros']
[0.276s] Level 1:colcon.colcon_core.package_identification:_identify(g1/sim/unitree_robots/b2w/assets) by extension 'ros'
[0.276s] Level 1:colcon.colcon_core.package_identification:_identify(g1/sim/unitree_robots/b2w/assets) by extensions ['cmake', 'python']
[0.276s] Level 1:colcon.colcon_core.package_identification:_identify(g1/sim/unitree_robots/b2w/assets) by extension 'cmake'
[0.276s] Level 1:colcon.colcon_core.package_identification:_identify(g1/sim/unitree_robots/b2w/assets) by extension 'python'
[0.277s] Level 1:colcon.colcon_core.package_identification:_identify(g1/sim/unitree_robots/b2w/assets) by extensions ['python_setup_py']
[0.277s] Level 1:colcon.colcon_core.package_identification:_identify(g1/sim/unitree_robots/b2w/assets) by extension 'python_setup_py'
[0.277s] Level 1:colcon.colcon_core.package_identification:_identify(g1/sim/unitree_robots/g1) by extensions ['ignore', 'ignore_ament_install']
[0.277s] Level 1:colcon.colcon_core.package_identification:_identify(g1/sim/unitree_robots/g1) by extension 'ignore'
[0.277s] Level 1:colcon.colcon_core.package_identification:_identify(g1/sim/unitree_robots/g1) by extension 'ignore_ament_install'
[0.277s] Level 1:colcon.colcon_core.package_identification:_identify(g1/sim/unitree_robots/g1) by extensions ['colcon_pkg']
[0.277s] Level 1:colcon.colcon_core.package_identification:_identify(g1/sim/unitree_robots/g1) by extension 'colcon_pkg'
[0.277s] Level 1:colcon.colcon_core.package_identification:_identify(g1/sim/unitree_robots/g1) by extensions ['colcon_meta']
[0.277s] Level 1:colcon.colcon_core.package_identification:_identify(g1/sim/unitree_robots/g1) by extension 'colcon_meta'
[0.277s] Level 1:colcon.colcon_core.package_identification:_identify(g1/sim/unitree_robots/g1) by extensions ['ros']
[0.277s] Level 1:colcon.colcon_core.package_identification:_identify(g1/sim/unitree_robots/g1) by extension 'ros'
[0.277s] Level 1:colcon.colcon_core.package_identification:_identify(g1/sim/unitree_robots/g1) by extensions ['cmake', 'python']
[0.277s] Level 1:colcon.colcon_core.package_identification:_identify(g1/sim/unitree_robots/g1) by extension 'cmake'
[0.277s] Level 1:colcon.colcon_core.package_identification:_identify(g1/sim/unitree_robots/g1) by extension 'python'
[0.277s] Level 1:colcon.colcon_core.package_identification:_identify(g1/sim/unitree_robots/g1) by extensions ['python_setup_py']
[0.277s] Level 1:colcon.colcon_core.package_identification:_identify(g1/sim/unitree_robots/g1) by extension 'python_setup_py'
[0.277s] Level 1:colcon.colcon_core.package_identification:_identify(g1/sim/unitree_robots/g1/images) by extensions ['ignore', 'ignore_ament_install']
[0.277s] Level 1:colcon.colcon_core.package_identification:_identify(g1/sim/unitree_robots/g1/images) by extension 'ignore'
[0.277s] Level 1:colcon.colcon_core.package_identification:_identify(g1/sim/unitree_robots/g1/images) by extension 'ignore_ament_install'
[0.277s] Level 1:colcon.colcon_core.package_identification:_identify(g1/sim/unitree_robots/g1/images) by extensions ['colcon_pkg']
[0.278s] Level 1:colcon.colcon_core.package_identification:_identify(g1/sim/unitree_robots/g1/images) by extension 'colcon_pkg'
[0.278s] Level 1:colcon.colcon_core.package_identification:_identify(g1/sim/unitree_robots/g1/images) by extensions ['colcon_meta']
[0.278s] Level 1:colcon.colcon_core.package_identification:_identify(g1/sim/unitree_robots/g1/images) by extension 'colcon_meta'
[0.278s] Level 1:colcon.colcon_core.package_identification:_identify(g1/sim/unitree_robots/g1/images) by extensions ['ros']
[0.278s] Level 1:colcon.colcon_core.package_identification:_identify(g1/sim/unitree_robots/g1/images) by extension 'ros'
[0.278s] Level 1:colcon.colcon_core.package_identification:_identify(g1/sim/unitree_robots/g1/images) by extensions ['cmake', 'python']
[0.278s] Level 1:colcon.colcon_core.package_identification:_identify(g1/sim/unitree_robots/g1/images) by extension 'cmake'
[0.278s] Level 1:colcon.colcon_core.package_identification:_identify(g1/sim/unitree_robots/g1/images) by extension 'python'
[0.278s] Level 1:colcon.colcon_core.package_identification:_identify(g1/sim/unitree_robots/g1/images) by extensions ['python_setup_py']
[0.278s] Level 1:colcon.colcon_core.package_identification:_identify(g1/sim/unitree_robots/g1/images) by extension 'python_setup_py'
[0.278s] Level 1:colcon.colcon_core.package_identification:_identify(g1/sim/unitree_robots/g1/meshes) by extensions ['ignore', 'ignore_ament_install']
[0.278s] Level 1:colcon.colcon_core.package_identification:_identify(g1/sim/unitree_robots/g1/meshes) by extension 'ignore'
[0.278s] Level 1:colcon.colcon_core.package_identification:_identify(g1/sim/unitree_robots/g1/meshes) by extension 'ignore_ament_install'
[0.278s] Level 1:colcon.colcon_core.package_identification:_identify(g1/sim/unitree_robots/g1/meshes) by extensions ['colcon_pkg']
[0.278s] Level 1:colcon.colcon_core.package_identification:_identify(g1/sim/unitree_robots/g1/meshes) by extension 'colcon_pkg'
[0.278s] Level 1:colcon.colcon_core.package_identification:_identify(g1/sim/unitree_robots/g1/meshes) by extensions ['colcon_meta']
[0.278s] Level 1:colcon.colcon_core.package_identification:_identify(g1/sim/unitree_robots/g1/meshes) by extension 'colcon_meta'
[0.278s] Level 1:colcon.colcon_core.package_identification:_identify(g1/sim/unitree_robots/g1/meshes) by extensions ['ros']
[0.278s] Level 1:colcon.colcon_core.package_identification:_identify(g1/sim/unitree_robots/g1/meshes) by extension 'ros'
[0.279s] Level 1:colcon.colcon_core.package_identification:_identify(g1/sim/unitree_robots/g1/meshes) by extensions ['cmake', 'python']
[0.279s] Level 1:colcon.colcon_core.package_identification:_identify(g1/sim/unitree_robots/g1/meshes) by extension 'cmake'
[0.279s] Level 1:colcon.colcon_core.package_identification:_identify(g1/sim/unitree_robots/g1/meshes) by extension 'python'
[0.279s] Level 1:colcon.colcon_core.package_identification:_identify(g1/sim/unitree_robots/g1/meshes) by extensions ['python_setup_py']
[0.279s] Level 1:colcon.colcon_core.package_identification:_identify(g1/sim/unitree_robots/g1/meshes) by extension 'python_setup_py'
[0.279s] Level 1:colcon.colcon_core.package_identification:_identify(g1/sim/unitree_robots/go2) by extensions ['ignore', 'ignore_ament_install']
[0.279s] Level 1:colcon.colcon_core.package_identification:_identify(g1/sim/unitree_robots/go2) by extension 'ignore'
[0.279s] Level 1:colcon.colcon_core.package_identification:_identify(g1/sim/unitree_robots/go2) by extension 'ignore_ament_install'
[0.279s] Level 1:colcon.colcon_core.package_identification:_identify(g1/sim/unitree_robots/go2) by extensions ['colcon_pkg']
[0.279s] Level 1:colcon.colcon_core.package_identification:_identify(g1/sim/unitree_robots/go2) by extension 'colcon_pkg'
[0.279s] Level 1:colcon.colcon_core.package_identification:_identify(g1/sim/unitree_robots/go2) by extensions ['colcon_meta']
[0.279s] Level 1:colcon.colcon_core.package_identification:_identify(g1/sim/unitree_robots/go2) by extension 'colcon_meta'
[0.279s] Level 1:colcon.colcon_core.package_identification:_identify(g1/sim/unitree_robots/go2) by extensions ['ros']
[0.279s] Level 1:colcon.colcon_core.package_identification:_identify(g1/sim/unitree_robots/go2) by extension 'ros'
[0.279s] Level 1:colcon.colcon_core.package_identification:_identify(g1/sim/unitree_robots/go2) by extensions ['cmake', 'python']
[0.279s] Level 1:colcon.colcon_core.package_identification:_identify(g1/sim/unitree_robots/go2) by extension 'cmake'
[0.279s] Level 1:colcon.colcon_core.package_identification:_identify(g1/sim/unitree_robots/go2) by extension 'python'
[0.279s] Level 1:colcon.colcon_core.package_identification:_identify(g1/sim/unitree_robots/go2) by extensions ['python_setup_py']
[0.279s] Level 1:colcon.colcon_core.package_identification:_identify(g1/sim/unitree_robots/go2) by extension 'python_setup_py'
[0.280s] Level 1:colcon.colcon_core.package_identification:_identify(g1/sim/unitree_robots/go2/assets) by extensions ['ignore', 'ignore_ament_install']
[0.280s] Level 1:colcon.colcon_core.package_identification:_identify(g1/sim/unitree_robots/go2/assets) by extension 'ignore'
[0.280s] Level 1:colcon.colcon_core.package_identification:_identify(g1/sim/unitree_robots/go2/assets) by extension 'ignore_ament_install'
[0.280s] Level 1:colcon.colcon_core.package_identification:_identify(g1/sim/unitree_robots/go2/assets) by extensions ['colcon_pkg']
[0.280s] Level 1:colcon.colcon_core.package_identification:_identify(g1/sim/unitree_robots/go2/assets) by extension 'colcon_pkg'
[0.280s] Level 1:colcon.colcon_core.package_identification:_identify(g1/sim/unitree_robots/go2/assets) by extensions ['colcon_meta']
[0.280s] Level 1:colcon.colcon_core.package_identification:_identify(g1/sim/unitree_robots/go2/assets) by extension 'colcon_meta'
[0.280s] Level 1:colcon.colcon_core.package_identification:_identify(g1/sim/unitree_robots/go2/assets) by extensions ['ros']
[0.280s] Level 1:colcon.colcon_core.package_identification:_identify(g1/sim/unitree_robots/go2/assets) by extension 'ros'
[0.280s] Level 1:colcon.colcon_core.package_identification:_identify(g1/sim/unitree_robots/go2/assets) by extensions ['cmake', 'python']
[0.280s] Level 1:colcon.colcon_core.package_identification:_identify(g1/sim/unitree_robots/go2/assets) by extension 'cmake'
[0.280s] Level 1:colcon.colcon_core.package_identification:_identify(g1/sim/unitree_robots/go2/assets) by extension 'python'
[0.280s] Level 1:colcon.colcon_core.package_identification:_identify(g1/sim/unitree_robots/go2/assets) by extensions ['python_setup_py']
[0.280s] Level 1:colcon.colcon_core.package_identification:_identify(g1/sim/unitree_robots/go2/assets) by extension 'python_setup_py'
[0.280s] Level 1:colcon.colcon_core.package_identification:_identify(g1/sim/unitree_robots/go2w) by extensions ['ignore', 'ignore_ament_install']
[0.280s] Level 1:colcon.colcon_core.package_identification:_identify(g1/sim/unitree_robots/go2w) by extension 'ignore'
[0.280s] Level 1:colcon.colcon_core.package_identification:_identify(g1/sim/unitree_robots/go2w) by extension 'ignore_ament_install'
[0.280s] Level 1:colcon.colcon_core.package_identification:_identify(g1/sim/unitree_robots/go2w) by extensions ['colcon_pkg']
[0.280s] Level 1:colcon.colcon_core.package_identification:_identify(g1/sim/unitree_robots/go2w) by extension 'colcon_pkg'
[0.281s] Level 1:colcon.colcon_core.package_identification:_identify(g1/sim/unitree_robots/go2w) by extensions ['colcon_meta']
[0.281s] Level 1:colcon.colcon_core.package_identification:_identify(g1/sim/unitree_robots/go2w) by extension 'colcon_meta'
[0.281s] Level 1:colcon.colcon_core.package_identification:_identify(g1/sim/unitree_robots/go2w) by extensions ['ros']
[0.281s] Level 1:colcon.colcon_core.package_identification:_identify(g1/sim/unitree_robots/go2w) by extension 'ros'
[0.281s] Level 1:colcon.colcon_core.package_identification:_identify(g1/sim/unitree_robots/go2w) by extensions ['cmake', 'python']
[0.281s] Level 1:colcon.colcon_core.package_identification:_identify(g1/sim/unitree_robots/go2w) by extension 'cmake'
[0.281s] Level 1:colcon.colcon_core.package_identification:_identify(g1/sim/unitree_robots/go2w) by extension 'python'
[0.281s] Level 1:colcon.colcon_core.package_identification:_identify(g1/sim/unitree_robots/go2w) by extensions ['python_setup_py']
[0.281s] Level 1:colcon.colcon_core.package_identification:_identify(g1/sim/unitree_robots/go2w) by extension 'python_setup_py'
[0.281s] Level 1:colcon.colcon_core.package_identification:_identify(g1/sim/unitree_robots/go2w/assets) by extensions ['ignore', 'ignore_ament_install']
[0.281s] Level 1:colcon.colcon_core.package_identification:_identify(g1/sim/unitree_robots/go2w/assets) by extension 'ignore'
[0.281s] Level 1:colcon.colcon_core.package_identification:_identify(g1/sim/unitree_robots/go2w/assets) by extension 'ignore_ament_install'
[0.281s] Level 1:colcon.colcon_core.package_identification:_identify(g1/sim/unitree_robots/go2w/assets) by extensions ['colcon_pkg']
[0.281s] Level 1:colcon.colcon_core.package_identification:_identify(g1/sim/unitree_robots/go2w/assets) by extension 'colcon_pkg'
[0.281s] Level 1:colcon.colcon_core.package_identification:_identify(g1/sim/unitree_robots/go2w/assets) by extensions ['colcon_meta']
[0.281s] Level 1:colcon.colcon_core.package_identification:_identify(g1/sim/unitree_robots/go2w/assets) by extension 'colcon_meta'
[0.281s] Level 1:colcon.colcon_core.package_identification:_identify(g1/sim/unitree_robots/go2w/assets) by extensions ['ros']
[0.281s] Level 1:colcon.colcon_core.package_identification:_identify(g1/sim/unitree_robots/go2w/assets) by extension 'ros'
[0.281s] Level 1:colcon.colcon_core.package_identification:_identify(g1/sim/unitree_robots/go2w/assets) by extensions ['cmake', 'python']
[0.281s] Level 1:colcon.colcon_core.package_identification:_identify(g1/sim/unitree_robots/go2w/assets) by extension 'cmake'
[0.281s] Level 1:colcon.colcon_core.package_identification:_identify(g1/sim/unitree_robots/go2w/assets) by extension 'python'
[0.281s] Level 1:colcon.colcon_core.package_identification:_identify(g1/sim/unitree_robots/go2w/assets) by extensions ['python_setup_py']
[0.282s] Level 1:colcon.colcon_core.package_identification:_identify(g1/sim/unitree_robots/go2w/assets) by extension 'python_setup_py'
[0.282s] Level 1:colcon.colcon_core.package_identification:_identify(g1/sim/unitree_robots/h1) by extensions ['ignore', 'ignore_ament_install']
[0.282s] Level 1:colcon.colcon_core.package_identification:_identify(g1/sim/unitree_robots/h1) by extension 'ignore'
[0.282s] Level 1:colcon.colcon_core.package_identification:_identify(g1/sim/unitree_robots/h1) by extension 'ignore_ament_install'
[0.282s] Level 1:colcon.colcon_core.package_identification:_identify(g1/sim/unitree_robots/h1) by extensions ['colcon_pkg']
[0.282s] Level 1:colcon.colcon_core.package_identification:_identify(g1/sim/unitree_robots/h1) by extension 'colcon_pkg'
[0.282s] Level 1:colcon.colcon_core.package_identification:_identify(g1/sim/unitree_robots/h1) by extensions ['colcon_meta']
[0.282s] Level 1:colcon.colcon_core.package_identification:_identify(g1/sim/unitree_robots/h1) by extension 'colcon_meta'
[0.282s] Level 1:colcon.colcon_core.package_identification:_identify(g1/sim/unitree_robots/h1) by extensions ['ros']
[0.282s] Level 1:colcon.colcon_core.package_identification:_identify(g1/sim/unitree_robots/h1) by extension 'ros'
[0.282s] Level 1:colcon.colcon_core.package_identification:_identify(g1/sim/unitree_robots/h1) by extensions ['cmake', 'python']
[0.282s] Level 1:colcon.colcon_core.package_identification:_identify(g1/sim/unitree_robots/h1) by extension 'cmake'
[0.282s] Level 1:colcon.colcon_core.package_identification:_identify(g1/sim/unitree_robots/h1) by extension 'python'
[0.282s] Level 1:colcon.colcon_core.package_identification:_identify(g1/sim/unitree_robots/h1) by extensions ['python_setup_py']
[0.282s] Level 1:colcon.colcon_core.package_identification:_identify(g1/sim/unitree_robots/h1) by extension 'python_setup_py'
[0.282s] Level 1:colcon.colcon_core.package_identification:_identify(g1/sim/unitree_robots/h1/assets) by extensions ['ignore', 'ignore_ament_install']
[0.282s] Level 1:colcon.colcon_core.package_identification:_identify(g1/sim/unitree_robots/h1/assets) by extension 'ignore'
[0.282s] Level 1:colcon.colcon_core.package_identification:_identify(g1/sim/unitree_robots/h1/assets) by extension 'ignore_ament_install'
[0.282s] Level 1:colcon.colcon_core.package_identification:_identify(g1/sim/unitree_robots/h1/assets) by extensions ['colcon_pkg']
[0.282s] Level 1:colcon.colcon_core.package_identification:_identify(g1/sim/unitree_robots/h1/assets) by extension 'colcon_pkg'
[0.282s] Level 1:colcon.colcon_core.package_identification:_identify(g1/sim/unitree_robots/h1/assets) by extensions ['colcon_meta']
[0.282s] Level 1:colcon.colcon_core.package_identification:_identify(g1/sim/unitree_robots/h1/assets) by extension 'colcon_meta'
[0.283s] Level 1:colcon.colcon_core.package_identification:_identify(g1/sim/unitree_robots/h1/assets) by extensions ['ros']
[0.283s] Level 1:colcon.colcon_core.package_identification:_identify(g1/sim/unitree_robots/h1/assets) by extension 'ros'
[0.283s] Level 1:colcon.colcon_core.package_identification:_identify(g1/sim/unitree_robots/h1/assets) by extensions ['cmake', 'python']
[0.283s] Level 1:colcon.colcon_core.package_identification:_identify(g1/sim/unitree_robots/h1/assets) by extension 'cmake'
[0.283s] Level 1:colcon.colcon_core.package_identification:_identify(g1/sim/unitree_robots/h1/assets) by extension 'python'
[0.283s] Level 1:colcon.colcon_core.package_identification:_identify(g1/sim/unitree_robots/h1/assets) by extensions ['python_setup_py']
[0.283s] Level 1:colcon.colcon_core.package_identification:_identify(g1/sim/unitree_robots/h1/assets) by extension 'python_setup_py'
[0.283s] Level 1:colcon.colcon_core.package_identification:_identify(g1/sim/unitree_robots/h1_2) by extensions ['ignore', 'ignore_ament_install']
[0.283s] Level 1:colcon.colcon_core.package_identification:_identify(g1/sim/unitree_robots/h1_2) by extension 'ignore'
[0.283s] Level 1:colcon.colcon_core.package_identification:_identify(g1/sim/unitree_robots/h1_2) by extension 'ignore_ament_install'
[0.283s] Level 1:colcon.colcon_core.package_identification:_identify(g1/sim/unitree_robots/h1_2) by extensions ['colcon_pkg']
[0.283s] Level 1:colcon.colcon_core.package_identification:_identify(g1/sim/unitree_robots/h1_2) by extension 'colcon_pkg'
[0.283s] Level 1:colcon.colcon_core.package_identification:_identify(g1/sim/unitree_robots/h1_2) by extensions ['colcon_meta']
[0.283s] Level 1:colcon.colcon_core.package_identification:_identify(g1/sim/unitree_robots/h1_2) by extension 'colcon_meta'
[0.283s] Level 1:colcon.colcon_core.package_identification:_identify(g1/sim/unitree_robots/h1_2) by extensions ['ros']
[0.283s] Level 1:colcon.colcon_core.package_identification:_identify(g1/sim/unitree_robots/h1_2) by extension 'ros'
[0.283s] Level 1:colcon.colcon_core.package_identification:_identify(g1/sim/unitree_robots/h1_2) by extensions ['cmake', 'python']
[0.283s] Level 1:colcon.colcon_core.package_identification:_identify(g1/sim/unitree_robots/h1_2) by extension 'cmake'
[0.283s] Level 1:colcon.colcon_core.package_identification:_identify(g1/sim/unitree_robots/h1_2) by extension 'python'
[0.283s] Level 1:colcon.colcon_core.package_identification:_identify(g1/sim/unitree_robots/h1_2) by extensions ['python_setup_py']
[0.283s] Level 1:colcon.colcon_core.package_identification:_identify(g1/sim/unitree_robots/h1_2) by extension 'python_setup_py'
[0.284s] Level 1:colcon.colcon_core.package_identification:_identify(g1/sim/unitree_robots/h1_2/meshes) by extensions ['ignore', 'ignore_ament_install']
[0.284s] Level 1:colcon.colcon_core.package_identification:_identify(g1/sim/unitree_robots/h1_2/meshes) by extension 'ignore'
[0.284s] Level 1:colcon.colcon_core.package_identification:_identify(g1/sim/unitree_robots/h1_2/meshes) by extension 'ignore_ament_install'
[0.284s] Level 1:colcon.colcon_core.package_identification:_identify(g1/sim/unitree_robots/h1_2/meshes) by extensions ['colcon_pkg']
[0.284s] Level 1:colcon.colcon_core.package_identification:_identify(g1/sim/unitree_robots/h1_2/meshes) by extension 'colcon_pkg'
[0.284s] Level 1:colcon.colcon_core.package_identification:_identify(g1/sim/unitree_robots/h1_2/meshes) by extensions ['colcon_meta']
[0.284s] Level 1:colcon.colcon_core.package_identification:_identify(g1/sim/unitree_robots/h1_2/meshes) by extension 'colcon_meta'
[0.284s] Level 1:colcon.colcon_core.package_identification:_identify(g1/sim/unitree_robots/h1_2/meshes) by extensions ['ros']
[0.284s] Level 1:colcon.colcon_core.package_identification:_identify(g1/sim/unitree_robots/h1_2/meshes) by extension 'ros'
[0.284s] Level 1:colcon.colcon_core.package_identification:_identify(g1/sim/unitree_robots/h1_2/meshes) by extensions ['cmake', 'python']
[0.284s] Level 1:colcon.colcon_core.package_identification:_identify(g1/sim/unitree_robots/h1_2/meshes) by extension 'cmake'
[0.284s] Level 1:colcon.colcon_core.package_identification:_identify(g1/sim/unitree_robots/h1_2/meshes) by extension 'python'
[0.284s] Level 1:colcon.colcon_core.package_identification:_identify(g1/sim/unitree_robots/h1_2/meshes) by extensions ['python_setup_py']
[0.284s] Level 1:colcon.colcon_core.package_identification:_identify(g1/sim/unitree_robots/h1_2/meshes) by extension 'python_setup_py'
[0.284s] Level 1:colcon.colcon_core.package_identification:_identify(go2) by extensions ['ignore', 'ignore_ament_install']
[0.284s] Level 1:colcon.colcon_core.package_identification:_identify(go2) by extension 'ignore'
[0.284s] Level 1:colcon.colcon_core.package_identification:_identify(go2) by extension 'ignore_ament_install'
[0.284s] Level 1:colcon.colcon_core.package_identification:_identify(go2) by extensions ['colcon_pkg']
[0.284s] Level 1:colcon.colcon_core.package_identification:_identify(go2) by extension 'colcon_pkg'
[0.284s] Level 1:colcon.colcon_core.package_identification:_identify(go2) by extensions ['colcon_meta']
[0.284s] Level 1:colcon.colcon_core.package_identification:_identify(go2) by extension 'colcon_meta'
[0.284s] Level 1:colcon.colcon_core.package_identification:_identify(go2) by extensions ['ros']
[0.284s] Level 1:colcon.colcon_core.package_identification:_identify(go2) by extension 'ros'
[0.285s] Level 1:colcon.colcon_core.package_identification:_identify(go2) by extensions ['cmake', 'python']
[0.285s] Level 1:colcon.colcon_core.package_identification:_identify(go2) by extension 'cmake'
[0.285s] Level 1:colcon.colcon_core.package_identification:_identify(go2) by extension 'python'
[0.285s] Level 1:colcon.colcon_core.package_identification:_identify(go2) by extensions ['python_setup_py']
[0.285s] Level 1:colcon.colcon_core.package_identification:_identify(go2) by extension 'python_setup_py'
[0.285s] Level 1:colcon.colcon_core.package_identification:_identify(go2/maps) by extensions ['ignore', 'ignore_ament_install']
[0.285s] Level 1:colcon.colcon_core.package_identification:_identify(go2/maps) by extension 'ignore'
[0.285s] Level 1:colcon.colcon_core.package_identification:_identify(go2/maps) by extension 'ignore_ament_install'
[0.285s] Level 1:colcon.colcon_core.package_identification:_identify(go2/maps) by extensions ['colcon_pkg']
[0.285s] Level 1:colcon.colcon_core.package_identification:_identify(go2/maps) by extension 'colcon_pkg'
[0.285s] Level 1:colcon.colcon_core.package_identification:_identify(go2/maps) by extensions ['colcon_meta']
[0.285s] Level 1:colcon.colcon_core.package_identification:_identify(go2/maps) by extension 'colcon_meta'
[0.285s] Level 1:colcon.colcon_core.package_identification:_identify(go2/maps) by extensions ['ros']
[0.285s] Level 1:colcon.colcon_core.package_identification:_identify(go2/maps) by extension 'ros'
[0.285s] Level 1:colcon.colcon_core.package_identification:_identify(go2/maps) by extensions ['cmake', 'python']
[0.285s] Level 1:colcon.colcon_core.package_identification:_identify(go2/maps) by extension 'cmake'
[0.285s] Level 1:colcon.colcon_core.package_identification:_identify(go2/maps) by extension 'python'
[0.285s] Level 1:colcon.colcon_core.package_identification:_identify(go2/maps) by extensions ['python_setup_py']
[0.286s] Level 1:colcon.colcon_core.package_identification:_identify(go2/maps) by extension 'python_setup_py'
[0.286s] Level 1:colcon.colcon_core.package_identification:_identify(go2/scripts) by extensions ['ignore', 'ignore_ament_install']
[0.286s] Level 1:colcon.colcon_core.package_identification:_identify(go2/scripts) by extension 'ignore'
[0.286s] Level 1:colcon.colcon_core.package_identification:_identify(go2/scripts) by extension 'ignore_ament_install'
[0.286s] Level 1:colcon.colcon_core.package_identification:_identify(go2/scripts) by extensions ['colcon_pkg']
[0.286s] Level 1:colcon.colcon_core.package_identification:_identify(go2/scripts) by extension 'colcon_pkg'
[0.286s] Level 1:colcon.colcon_core.package_identification:_identify(go2/scripts) by extensions ['colcon_meta']
[0.286s] Level 1:colcon.colcon_core.package_identification:_identify(go2/scripts) by extension 'colcon_meta'
[0.286s] Level 1:colcon.colcon_core.package_identification:_identify(go2/scripts) by extensions ['ros']
[0.286s] Level 1:colcon.colcon_core.package_identification:_identify(go2/scripts) by extension 'ros'
[0.286s] Level 1:colcon.colcon_core.package_identification:_identify(go2/scripts) by extensions ['cmake', 'python']
[0.286s] Level 1:colcon.colcon_core.package_identification:_identify(go2/scripts) by extension 'cmake'
[0.286s] Level 1:colcon.colcon_core.package_identification:_identify(go2/scripts) by extension 'python'
[0.286s] Level 1:colcon.colcon_core.package_identification:_identify(go2/scripts) by extensions ['python_setup_py']
[0.286s] Level 1:colcon.colcon_core.package_identification:_identify(go2/scripts) by extension 'python_setup_py'
[0.286s] Level 1:colcon.colcon_core.package_identification:_identify(go2/scripts/VLA) by extensions ['ignore', 'ignore_ament_install']
[0.287s] Level 1:colcon.colcon_core.package_identification:_identify(go2/scripts/VLA) by extension 'ignore'
[0.287s] Level 1:colcon.colcon_core.package_identification:_identify(go2/scripts/VLA) by extension 'ignore_ament_install'
[0.287s] Level 1:colcon.colcon_core.package_identification:_identify(go2/scripts/VLA) by extensions ['colcon_pkg']
[0.287s] Level 1:colcon.colcon_core.package_identification:_identify(go2/scripts/VLA) by extension 'colcon_pkg'
[0.287s] Level 1:colcon.colcon_core.package_identification:_identify(go2/scripts/VLA) by extensions ['colcon_meta']
[0.287s] Level 1:colcon.colcon_core.package_identification:_identify(go2/scripts/VLA) by extension 'colcon_meta'
[0.287s] Level 1:colcon.colcon_core.package_identification:_identify(go2/scripts/VLA) by extensions ['ros']
[0.287s] Level 1:colcon.colcon_core.package_identification:_identify(go2/scripts/VLA) by extension 'ros'
[0.287s] Level 1:colcon.colcon_core.package_identification:_identify(go2/scripts/VLA) by extensions ['cmake', 'python']
[0.287s] Level 1:colcon.colcon_core.package_identification:_identify(go2/scripts/VLA) by extension 'cmake'
[0.287s] Level 1:colcon.colcon_core.package_identification:_identify(go2/scripts/VLA) by extension 'python'
[0.287s] Level 1:colcon.colcon_core.package_identification:_identify(go2/scripts/VLA) by extensions ['python_setup_py']
[0.287s] Level 1:colcon.colcon_core.package_identification:_identify(go2/scripts/VLA) by extension 'python_setup_py'
[0.287s] Level 1:colcon.colcon_core.package_identification:_identify(go2/scripts/VLA/hf_vla) by extensions ['ignore', 'ignore_ament_install']
[0.288s] Level 1:colcon.colcon_core.package_identification:_identify(go2/scripts/VLA/hf_vla) by extension 'ignore'
[0.288s] Level 1:colcon.colcon_core.package_identification:_identify(go2/scripts/VLA/hf_vla) by extension 'ignore_ament_install'
[0.288s] Level 1:colcon.colcon_core.package_identification:_identify(go2/scripts/VLA/hf_vla) by extensions ['colcon_pkg']
[0.288s] Level 1:colcon.colcon_core.package_identification:_identify(go2/scripts/VLA/hf_vla) by extension 'colcon_pkg'
[0.288s] Level 1:colcon.colcon_core.package_identification:_identify(go2/scripts/VLA/hf_vla) by extensions ['colcon_meta']
[0.288s] Level 1:colcon.colcon_core.package_identification:_identify(go2/scripts/VLA/hf_vla) by extension 'colcon_meta'
[0.288s] Level 1:colcon.colcon_core.package_identification:_identify(go2/scripts/VLA/hf_vla) by extensions ['ros']
[0.288s] Level 1:colcon.colcon_core.package_identification:_identify(go2/scripts/VLA/hf_vla) by extension 'ros'
[0.288s] Level 1:colcon.colcon_core.package_identification:_identify(go2/scripts/VLA/hf_vla) by extensions ['cmake', 'python']
[0.288s] Level 1:colcon.colcon_core.package_identification:_identify(go2/scripts/VLA/hf_vla) by extension 'cmake'
[0.288s] Level 1:colcon.colcon_core.package_identification:_identify(go2/scripts/VLA/hf_vla) by extension 'python'
[0.288s] Level 1:colcon.colcon_core.package_identification:_identify(go2/scripts/VLA/hf_vla) by extensions ['python_setup_py']
[0.288s] Level 1:colcon.colcon_core.package_identification:_identify(go2/scripts/VLA/hf_vla) by extension 'python_setup_py'
[0.288s] Level 1:colcon.colcon_core.package_identification:_identify(go2/scripts/VLA/ollama_vla) by extensions ['ignore', 'ignore_ament_install']
[0.288s] Level 1:colcon.colcon_core.package_identification:_identify(go2/scripts/VLA/ollama_vla) by extension 'ignore'
[0.288s] Level 1:colcon.colcon_core.package_identification:_identify(go2/scripts/VLA/ollama_vla) by extension 'ignore_ament_install'
[0.289s] Level 1:colcon.colcon_core.package_identification:_identify(go2/scripts/VLA/ollama_vla) by extensions ['colcon_pkg']
[0.289s] Level 1:colcon.colcon_core.package_identification:_identify(go2/scripts/VLA/ollama_vla) by extension 'colcon_pkg'
[0.289s] Level 1:colcon.colcon_core.package_identification:_identify(go2/scripts/VLA/ollama_vla) by extensions ['colcon_meta']
[0.289s] Level 1:colcon.colcon_core.package_identification:_identify(go2/scripts/VLA/ollama_vla) by extension 'colcon_meta'
[0.289s] Level 1:colcon.colcon_core.package_identification:_identify(go2/scripts/VLA/ollama_vla) by extensions ['ros']
[0.289s] Level 1:colcon.colcon_core.package_identification:_identify(go2/scripts/VLA/ollama_vla) by extension 'ros'
[0.289s] Level 1:colcon.colcon_core.package_identification:_identify(go2/scripts/VLA/ollama_vla) by extensions ['cmake', 'python']
[0.289s] Level 1:colcon.colcon_core.package_identification:_identify(go2/scripts/VLA/ollama_vla) by extension 'cmake'
[0.289s] Level 1:colcon.colcon_core.package_identification:_identify(go2/scripts/VLA/ollama_vla) by extension 'python'
[0.289s] Level 1:colcon.colcon_core.package_identification:_identify(go2/scripts/VLA/ollama_vla) by extensions ['python_setup_py']
[0.289s] Level 1:colcon.colcon_core.package_identification:_identify(go2/scripts/VLA/ollama_vla) by extension 'python_setup_py'
[0.289s] Level 1:colcon.colcon_core.package_identification:_identify(go2/sim) by extensions ['ignore', 'ignore_ament_install']
[0.289s] Level 1:colcon.colcon_core.package_identification:_identify(go2/sim) by extension 'ignore'
[0.289s] Level 1:colcon.colcon_core.package_identification:_identify(go2/sim) by extension 'ignore_ament_install'
[0.289s] Level 1:colcon.colcon_core.package_identification:_identify(go2/sim) by extensions ['colcon_pkg']
[0.289s] Level 1:colcon.colcon_core.package_identification:_identify(go2/sim) by extension 'colcon_pkg'
[0.289s] Level 1:colcon.colcon_core.package_identification:_identify(go2/sim) by extensions ['colcon_meta']
[0.289s] Level 1:colcon.colcon_core.package_identification:_identify(go2/sim) by extension 'colcon_meta'
[0.289s] Level 1:colcon.colcon_core.package_identification:_identify(go2/sim) by extensions ['ros']
[0.289s] Level 1:colcon.colcon_core.package_identification:_identify(go2/sim) by extension 'ros'
[0.289s] Level 1:colcon.colcon_core.package_identification:_identify(go2/sim) by extensions ['cmake', 'python']
[0.290s] Level 1:colcon.colcon_core.package_identification:_identify(go2/sim) by extension 'cmake'
[0.290s] Level 1:colcon.colcon_core.package_identification:_identify(go2/sim) by extension 'python'
[0.290s] Level 1:colcon.colcon_core.package_identification:_identify(go2/sim) by extensions ['python_setup_py']
[0.290s] Level 1:colcon.colcon_core.package_identification:_identify(go2/sim) by extension 'python_setup_py'
[0.290s] Level 1:colcon.colcon_core.package_identification:_identify(go2/sim/mujoco) by extensions ['ignore', 'ignore_ament_install']
[0.290s] Level 1:colcon.colcon_core.package_identification:_identify(go2/sim/mujoco) by extension 'ignore'
[0.290s] Level 1:colcon.colcon_core.package_identification:_identify(go2/sim/mujoco) by extension 'ignore_ament_install'
[0.290s] Level 1:colcon.colcon_core.package_identification:_identify(go2/sim/mujoco) by extensions ['colcon_pkg']
[0.290s] Level 1:colcon.colcon_core.package_identification:_identify(go2/sim/mujoco) by extension 'colcon_pkg'
[0.290s] Level 1:colcon.colcon_core.package_identification:_identify(go2/sim/mujoco) by extensions ['colcon_meta']
[0.290s] Level 1:colcon.colcon_core.package_identification:_identify(go2/sim/mujoco) by extension 'colcon_meta'
[0.290s] Level 1:colcon.colcon_core.package_identification:_identify(go2/sim/mujoco) by extensions ['ros']
[0.290s] Level 1:colcon.colcon_core.package_identification:_identify(go2/sim/mujoco) by extension 'ros'
[0.290s] Level 1:colcon.colcon_core.package_identification:_identify(go2/sim/mujoco) by extensions ['cmake', 'python']
[0.290s] Level 1:colcon.colcon_core.package_identification:_identify(go2/sim/mujoco) by extension 'cmake'
[0.290s] Level 1:colcon.colcon_core.package_identification:_identify(go2/sim/mujoco) by extension 'python'
[0.290s] Level 1:colcon.colcon_core.package_identification:_identify(go2/sim/mujoco) by extensions ['python_setup_py']
[0.290s] Level 1:colcon.colcon_core.package_identification:_identify(go2/sim/mujoco) by extension 'python_setup_py'
[0.290s] Level 1:colcon.colcon_core.package_identification:_identify(go2/sim/mujoco/scripts) by extensions ['ignore', 'ignore_ament_install']
[0.291s] Level 1:colcon.colcon_core.package_identification:_identify(go2/sim/mujoco/scripts) by extension 'ignore'
[0.291s] Level 1:colcon.colcon_core.package_identification:_identify(go2/sim/mujoco/scripts) by extension 'ignore_ament_install'
[0.291s] Level 1:colcon.colcon_core.package_identification:_identify(go2/sim/mujoco/scripts) by extensions ['colcon_pkg']
[0.291s] Level 1:colcon.colcon_core.package_identification:_identify(go2/sim/mujoco/scripts) by extension 'colcon_pkg'
[0.291s] Level 1:colcon.colcon_core.package_identification:_identify(go2/sim/mujoco/scripts) by extensions ['colcon_meta']
[0.291s] Level 1:colcon.colcon_core.package_identification:_identify(go2/sim/mujoco/scripts) by extension 'colcon_meta'
[0.291s] Level 1:colcon.colcon_core.package_identification:_identify(go2/sim/mujoco/scripts) by extensions ['ros']
[0.291s] Level 1:colcon.colcon_core.package_identification:_identify(go2/sim/mujoco/scripts) by extension 'ros'
[0.291s] Level 1:colcon.colcon_core.package_identification:_identify(go2/sim/mujoco/scripts) by extensions ['cmake', 'python']
[0.291s] Level 1:colcon.colcon_core.package_identification:_identify(go2/sim/mujoco/scripts) by extension 'cmake'
[0.291s] Level 1:colcon.colcon_core.package_identification:_identify(go2/sim/mujoco/scripts) by extension 'python'
[0.291s] Level 1:colcon.colcon_core.package_identification:_identify(go2/sim/mujoco/scripts) by extensions ['python_setup_py']
[0.291s] Level 1:colcon.colcon_core.package_identification:_identify(go2/sim/mujoco/scripts) by extension 'python_setup_py'
[0.291s] Level 1:colcon.colcon_core.package_identification:_identify(go2/sim/unitree_description-master) by extensions ['ignore', 'ignore_ament_install']
[0.291s] Level 1:colcon.colcon_core.package_identification:_identify(go2/sim/unitree_description-master) by extension 'ignore'
[0.291s] Level 1:colcon.colcon_core.package_identification:_identify(go2/sim/unitree_description-master) by extension 'ignore_ament_install'
[0.291s] Level 1:colcon.colcon_core.package_identification:_identify(go2/sim/unitree_description-master) by extensions ['colcon_pkg']
[0.291s] Level 1:colcon.colcon_core.package_identification:_identify(go2/sim/unitree_description-master) by extension 'colcon_pkg'
[0.292s] Level 1:colcon.colcon_core.package_identification:_identify(go2/sim/unitree_description-master) by extensions ['colcon_meta']
[0.292s] Level 1:colcon.colcon_core.package_identification:_identify(go2/sim/unitree_description-master) by extension 'colcon_meta'
[0.292s] Level 1:colcon.colcon_core.package_identification:_identify(go2/sim/unitree_description-master) by extensions ['ros']
[0.292s] Level 1:colcon.colcon_core.package_identification:_identify(go2/sim/unitree_description-master) by extension 'ros'
[0.298s] DEBUG:colcon.colcon_core.package_identification:Package 'go2/sim/unitree_description-master' with type 'ros.cmake' and name 'unitree_description'
[0.298s] Level 1:colcon.colcon_core.package_identification:_identify(go2/sim/unitree_robots) by extensions ['ignore', 'ignore_ament_install']
[0.298s] Level 1:colcon.colcon_core.package_identification:_identify(go2/sim/unitree_robots) by extension 'ignore'
[0.298s] Level 1:colcon.colcon_core.package_identification:_identify(go2/sim/unitree_robots) by extension 'ignore_ament_install'
[0.298s] Level 1:colcon.colcon_core.package_identification:_identify(go2/sim/unitree_robots) by extensions ['colcon_pkg']
[0.299s] Level 1:colcon.colcon_core.package_identification:_identify(go2/sim/unitree_robots) by extension 'colcon_pkg'
[0.299s] Level 1:colcon.colcon_core.package_identification:_identify(go2/sim/unitree_robots) by extensions ['colcon_meta']
[0.299s] Level 1:colcon.colcon_core.package_identification:_identify(go2/sim/unitree_robots) by extension 'colcon_meta'
[0.299s] Level 1:colcon.colcon_core.package_identification:_identify(go2/sim/unitree_robots) by extensions ['ros']
[0.299s] Level 1:colcon.colcon_core.package_identification:_identify(go2/sim/unitree_robots) by extension 'ros'
[0.299s] Level 1:colcon.colcon_core.package_identification:_identify(go2/sim/unitree_robots) by extensions ['cmake', 'python']
[0.299s] Level 1:colcon.colcon_core.package_identification:_identify(go2/sim/unitree_robots) by extension 'cmake'
[0.299s] Level 1:colcon.colcon_core.package_identification:_identify(go2/sim/unitree_robots) by extension 'python'
[0.299s] Level 1:colcon.colcon_core.package_identification:_identify(go2/sim/unitree_robots) by extensions ['python_setup_py']
[0.299s] Level 1:colcon.colcon_core.package_identification:_identify(go2/sim/unitree_robots) by extension 'python_setup_py'
[0.299s] Level 1:colcon.colcon_core.package_identification:_identify(go2/sim/unitree_robots/b2) by extensions ['ignore', 'ignore_ament_install']
[0.299s] Level 1:colcon.colcon_core.package_identification:_identify(go2/sim/unitree_robots/b2) by extension 'ignore'
[0.299s] Level 1:colcon.colcon_core.package_identification:_identify(go2/sim/unitree_robots/b2) by extension 'ignore_ament_install'
[0.299s] Level 1:colcon.colcon_core.package_identification:_identify(go2/sim/unitree_robots/b2) by extensions ['colcon_pkg']
[0.299s] Level 1:colcon.colcon_core.package_identification:_identify(go2/sim/unitree_robots/b2) by extension 'colcon_pkg'
[0.299s] Level 1:colcon.colcon_core.package_identification:_identify(go2/sim/unitree_robots/b2) by extensions ['colcon_meta']
[0.299s] Level 1:colcon.colcon_core.package_identification:_identify(go2/sim/unitree_robots/b2) by extension 'colcon_meta'
[0.299s] Level 1:colcon.colcon_core.package_identification:_identify(go2/sim/unitree_robots/b2) by extensions ['ros']
[0.300s] Level 1:colcon.colcon_core.package_identification:_identify(go2/sim/unitree_robots/b2) by extension 'ros'
[0.300s] Level 1:colcon.colcon_core.package_identification:_identify(go2/sim/unitree_robots/b2) by extensions ['cmake', 'python']
[0.300s] Level 1:colcon.colcon_core.package_identification:_identify(go2/sim/unitree_robots/b2) by extension 'cmake'
[0.300s] Level 1:colcon.colcon_core.package_identification:_identify(go2/sim/unitree_robots/b2) by extension 'python'
[0.300s] Level 1:colcon.colcon_core.package_identification:_identify(go2/sim/unitree_robots/b2) by extensions ['python_setup_py']
[0.300s] Level 1:colcon.colcon_core.package_identification:_identify(go2/sim/unitree_robots/b2) by extension 'python_setup_py'
[0.300s] Level 1:colcon.colcon_core.package_identification:_identify(go2/sim/unitree_robots/b2/assets) by extensions ['ignore', 'ignore_ament_install']
[0.300s] Level 1:colcon.colcon_core.package_identification:_identify(go2/sim/unitree_robots/b2/assets) by extension 'ignore'
[0.300s] Level 1:colcon.colcon_core.package_identification:_identify(go2/sim/unitree_robots/b2/assets) by extension 'ignore_ament_install'
[0.300s] Level 1:colcon.colcon_core.package_identification:_identify(go2/sim/unitree_robots/b2/assets) by extensions ['colcon_pkg']
[0.300s] Level 1:colcon.colcon_core.package_identification:_identify(go2/sim/unitree_robots/b2/assets) by extension 'colcon_pkg'
[0.300s] Level 1:colcon.colcon_core.package_identification:_identify(go2/sim/unitree_robots/b2/assets) by extensions ['colcon_meta']
[0.300s] Level 1:colcon.colcon_core.package_identification:_identify(go2/sim/unitree_robots/b2/assets) by extension 'colcon_meta'
[0.300s] Level 1:colcon.colcon_core.package_identification:_identify(go2/sim/unitree_robots/b2/assets) by extensions ['ros']
[0.300s] Level 1:colcon.colcon_core.package_identification:_identify(go2/sim/unitree_robots/b2/assets) by extension 'ros'
[0.300s] Level 1:colcon.colcon_core.package_identification:_identify(go2/sim/unitree_robots/b2/assets) by extensions ['cmake', 'python']
[0.300s] Level 1:colcon.colcon_core.package_identification:_identify(go2/sim/unitree_robots/b2/assets) by extension 'cmake'
[0.300s] Level 1:colcon.colcon_core.package_identification:_identify(go2/sim/unitree_robots/b2/assets) by extension 'python'
[0.300s] Level 1:colcon.colcon_core.package_identification:_identify(go2/sim/unitree_robots/b2/assets) by extensions ['python_setup_py']
[0.300s] Level 1:colcon.colcon_core.package_identification:_identify(go2/sim/unitree_robots/b2/assets) by extension 'python_setup_py'
[0.301s] Level 1:colcon.colcon_core.package_identification:_identify(go2/sim/unitree_robots/b2w) by extensions ['ignore', 'ignore_ament_install']
[0.301s] Level 1:colcon.colcon_core.package_identification:_identify(go2/sim/unitree_robots/b2w) by extension 'ignore'
[0.301s] Level 1:colcon.colcon_core.package_identification:_identify(go2/sim/unitree_robots/b2w) by extension 'ignore_ament_install'
[0.301s] Level 1:colcon.colcon_core.package_identification:_identify(go2/sim/unitree_robots/b2w) by extensions ['colcon_pkg']
[0.301s] Level 1:colcon.colcon_core.package_identification:_identify(go2/sim/unitree_robots/b2w) by extension 'colcon_pkg'
[0.301s] Level 1:colcon.colcon_core.package_identification:_identify(go2/sim/unitree_robots/b2w) by extensions ['colcon_meta']
[0.301s] Level 1:colcon.colcon_core.package_identification:_identify(go2/sim/unitree_robots/b2w) by extension 'colcon_meta'
[0.301s] Level 1:colcon.colcon_core.package_identification:_identify(go2/sim/unitree_robots/b2w) by extensions ['ros']
[0.301s] Level 1:colcon.colcon_core.package_identification:_identify(go2/sim/unitree_robots/b2w) by extension 'ros'
[0.301s] Level 1:colcon.colcon_core.package_identification:_identify(go2/sim/unitree_robots/b2w) by extensions ['cmake', 'python']
[0.301s] Level 1:colcon.colcon_core.package_identification:_identify(go2/sim/unitree_robots/b2w) by extension 'cmake'
[0.301s] Level 1:colcon.colcon_core.package_identification:_identify(go2/sim/unitree_robots/b2w) by extension 'python'
[0.301s] Level 1:colcon.colcon_core.package_identification:_identify(go2/sim/unitree_robots/b2w) by extensions ['python_setup_py']
[0.301s] Level 1:colcon.colcon_core.package_identification:_identify(go2/sim/unitree_robots/b2w) by extension 'python_setup_py'
[0.301s] Level 1:colcon.colcon_core.package_identification:_identify(go2/sim/unitree_robots/b2w/assets) by extensions ['ignore', 'ignore_ament_install']
[0.301s] Level 1:colcon.colcon_core.package_identification:_identify(go2/sim/unitree_robots/b2w/assets) by extension 'ignore'
[0.301s] Level 1:colcon.colcon_core.package_identification:_identify(go2/sim/unitree_robots/b2w/assets) by extension 'ignore_ament_install'
[0.301s] Level 1:colcon.colcon_core.package_identification:_identify(go2/sim/unitree_robots/b2w/assets) by extensions ['colcon_pkg']
[0.301s] Level 1:colcon.colcon_core.package_identification:_identify(go2/sim/unitree_robots/b2w/assets) by extension 'colcon_pkg'
[0.301s] Level 1:colcon.colcon_core.package_identification:_identify(go2/sim/unitree_robots/b2w/assets) by extensions ['colcon_meta']
[0.301s] Level 1:colcon.colcon_core.package_identification:_identify(go2/sim/unitree_robots/b2w/assets) by extension 'colcon_meta'
[0.302s] Level 1:colcon.colcon_core.package_identification:_identify(go2/sim/unitree_robots/b2w/assets) by extensions ['ros']
[0.302s] Level 1:colcon.colcon_core.package_identification:_identify(go2/sim/unitree_robots/b2w/assets) by extension 'ros'
[0.302s] Level 1:colcon.colcon_core.package_identification:_identify(go2/sim/unitree_robots/b2w/assets) by extensions ['cmake', 'python']
[0.302s] Level 1:colcon.colcon_core.package_identification:_identify(go2/sim/unitree_robots/b2w/assets) by extension 'cmake'
[0.302s] Level 1:colcon.colcon_core.package_identification:_identify(go2/sim/unitree_robots/b2w/assets) by extension 'python'
[0.302s] Level 1:colcon.colcon_core.package_identification:_identify(go2/sim/unitree_robots/b2w/assets) by extensions ['python_setup_py']
[0.302s] Level 1:colcon.colcon_core.package_identification:_identify(go2/sim/unitree_robots/b2w/assets) by extension 'python_setup_py'
[0.302s] Level 1:colcon.colcon_core.package_identification:_identify(go2/sim/unitree_robots/g1) by extensions ['ignore', 'ignore_ament_install']
[0.302s] Level 1:colcon.colcon_core.package_identification:_identify(go2/sim/unitree_robots/g1) by extension 'ignore'
[0.302s] Level 1:colcon.colcon_core.package_identification:_identify(go2/sim/unitree_robots/g1) by extension 'ignore_ament_install'
[0.302s] Level 1:colcon.colcon_core.package_identification:_identify(go2/sim/unitree_robots/g1) by extensions ['colcon_pkg']
[0.302s] Level 1:colcon.colcon_core.package_identification:_identify(go2/sim/unitree_robots/g1) by extension 'colcon_pkg'
[0.302s] Level 1:colcon.colcon_core.package_identification:_identify(go2/sim/unitree_robots/g1) by extensions ['colcon_meta']
[0.302s] Level 1:colcon.colcon_core.package_identification:_identify(go2/sim/unitree_robots/g1) by extension 'colcon_meta'
[0.302s] Level 1:colcon.colcon_core.package_identification:_identify(go2/sim/unitree_robots/g1) by extensions ['ros']
[0.302s] Level 1:colcon.colcon_core.package_identification:_identify(go2/sim/unitree_robots/g1) by extension 'ros'
[0.302s] Level 1:colcon.colcon_core.package_identification:_identify(go2/sim/unitree_robots/g1) by extensions ['cmake', 'python']
[0.302s] Level 1:colcon.colcon_core.package_identification:_identify(go2/sim/unitree_robots/g1) by extension 'cmake'
[0.302s] Level 1:colcon.colcon_core.package_identification:_identify(go2/sim/unitree_robots/g1) by extension 'python'
[0.302s] Level 1:colcon.colcon_core.package_identification:_identify(go2/sim/unitree_robots/g1) by extensions ['python_setup_py']
[0.302s] Level 1:colcon.colcon_core.package_identification:_identify(go2/sim/unitree_robots/g1) by extension 'python_setup_py'
[0.302s] Level 1:colcon.colcon_core.package_identification:_identify(go2/sim/unitree_robots/g1/images) by extensions ['ignore', 'ignore_ament_install']
[0.303s] Level 1:colcon.colcon_core.package_identification:_identify(go2/sim/unitree_robots/g1/images) by extension 'ignore'
[0.303s] Level 1:colcon.colcon_core.package_identification:_identify(go2/sim/unitree_robots/g1/images) by extension 'ignore_ament_install'
[0.303s] Level 1:colcon.colcon_core.package_identification:_identify(go2/sim/unitree_robots/g1/images) by extensions ['colcon_pkg']
[0.303s] Level 1:colcon.colcon_core.package_identification:_identify(go2/sim/unitree_robots/g1/images) by extension 'colcon_pkg'
[0.303s] Level 1:colcon.colcon_core.package_identification:_identify(go2/sim/unitree_robots/g1/images) by extensions ['colcon_meta']
[0.303s] Level 1:colcon.colcon_core.package_identification:_identify(go2/sim/unitree_robots/g1/images) by extension 'colcon_meta'
[0.303s] Level 1:colcon.colcon_core.package_identification:_identify(go2/sim/unitree_robots/g1/images) by extensions ['ros']
[0.303s] Level 1:colcon.colcon_core.package_identification:_identify(go2/sim/unitree_robots/g1/images) by extension 'ros'
[0.303s] Level 1:colcon.colcon_core.package_identification:_identify(go2/sim/unitree_robots/g1/images) by extensions ['cmake', 'python']
[0.303s] Level 1:colcon.colcon_core.package_identification:_identify(go2/sim/unitree_robots/g1/images) by extension 'cmake'
[0.303s] Level 1:colcon.colcon_core.package_identification:_identify(go2/sim/unitree_robots/g1/images) by extension 'python'
[0.303s] Level 1:colcon.colcon_core.package_identification:_identify(go2/sim/unitree_robots/g1/images) by extensions ['python_setup_py']
[0.303s] Level 1:colcon.colcon_core.package_identification:_identify(go2/sim/unitree_robots/g1/images) by extension 'python_setup_py'
[0.303s] Level 1:colcon.colcon_core.package_identification:_identify(go2/sim/unitree_robots/g1/meshes) by extensions ['ignore', 'ignore_ament_install']
[0.303s] Level 1:colcon.colcon_core.package_identification:_identify(go2/sim/unitree_robots/g1/meshes) by extension 'ignore'
[0.303s] Level 1:colcon.colcon_core.package_identification:_identify(go2/sim/unitree_robots/g1/meshes) by extension 'ignore_ament_install'
[0.303s] Level 1:colcon.colcon_core.package_identification:_identify(go2/sim/unitree_robots/g1/meshes) by extensions ['colcon_pkg']
[0.303s] Level 1:colcon.colcon_core.package_identification:_identify(go2/sim/unitree_robots/g1/meshes) by extension 'colcon_pkg'
[0.303s] Level 1:colcon.colcon_core.package_identification:_identify(go2/sim/unitree_robots/g1/meshes) by extensions ['colcon_meta']
[0.303s] Level 1:colcon.colcon_core.package_identification:_identify(go2/sim/unitree_robots/g1/meshes) by extension 'colcon_meta'
[0.304s] Level 1:colcon.colcon_core.package_identification:_identify(go2/sim/unitree_robots/g1/meshes) by extensions ['ros']
[0.304s] Level 1:colcon.colcon_core.package_identification:_identify(go2/sim/unitree_robots/g1/meshes) by extension 'ros'
[0.304s] Level 1:colcon.colcon_core.package_identification:_identify(go2/sim/unitree_robots/g1/meshes) by extensions ['cmake', 'python']
[0.304s] Level 1:colcon.colcon_core.package_identification:_identify(go2/sim/unitree_robots/g1/meshes) by extension 'cmake'
[0.304s] Level 1:colcon.colcon_core.package_identification:_identify(go2/sim/unitree_robots/g1/meshes) by extension 'python'
[0.304s] Level 1:colcon.colcon_core.package_identification:_identify(go2/sim/unitree_robots/g1/meshes) by extensions ['python_setup_py']
[0.304s] Level 1:colcon.colcon_core.package_identification:_identify(go2/sim/unitree_robots/g1/meshes) by extension 'python_setup_py'
[0.304s] Level 1:colcon.colcon_core.package_identification:_identify(go2/sim/unitree_robots/go2) by extensions ['ignore', 'ignore_ament_install']
[0.304s] Level 1:colcon.colcon_core.package_identification:_identify(go2/sim/unitree_robots/go2) by extension 'ignore'
[0.304s] Level 1:colcon.colcon_core.package_identification:_identify(go2/sim/unitree_robots/go2) by extension 'ignore_ament_install'
[0.304s] Level 1:colcon.colcon_core.package_identification:_identify(go2/sim/unitree_robots/go2) by extensions ['colcon_pkg']
[0.304s] Level 1:colcon.colcon_core.package_identification:_identify(go2/sim/unitree_robots/go2) by extension 'colcon_pkg'
[0.304s] Level 1:colcon.colcon_core.package_identification:_identify(go2/sim/unitree_robots/go2) by extensions ['colcon_meta']
[0.304s] Level 1:colcon.colcon_core.package_identification:_identify(go2/sim/unitree_robots/go2) by extension 'colcon_meta'
[0.304s] Level 1:colcon.colcon_core.package_identification:_identify(go2/sim/unitree_robots/go2) by extensions ['ros']
[0.304s] Level 1:colcon.colcon_core.package_identification:_identify(go2/sim/unitree_robots/go2) by extension 'ros'
[0.304s] Level 1:colcon.colcon_core.package_identification:_identify(go2/sim/unitree_robots/go2) by extensions ['cmake', 'python']
[0.304s] Level 1:colcon.colcon_core.package_identification:_identify(go2/sim/unitree_robots/go2) by extension 'cmake'
[0.304s] Level 1:colcon.colcon_core.package_identification:_identify(go2/sim/unitree_robots/go2) by extension 'python'
[0.304s] Level 1:colcon.colcon_core.package_identification:_identify(go2/sim/unitree_robots/go2) by extensions ['python_setup_py']
[0.304s] Level 1:colcon.colcon_core.package_identification:_identify(go2/sim/unitree_robots/go2) by extension 'python_setup_py'
[0.305s] Level 1:colcon.colcon_core.package_identification:_identify(go2/sim/unitree_robots/go2/assets) by extensions ['ignore', 'ignore_ament_install']
[0.305s] Level 1:colcon.colcon_core.package_identification:_identify(go2/sim/unitree_robots/go2/assets) by extension 'ignore'
[0.305s] Level 1:colcon.colcon_core.package_identification:_identify(go2/sim/unitree_robots/go2/assets) by extension 'ignore_ament_install'
[0.305s] Level 1:colcon.colcon_core.package_identification:_identify(go2/sim/unitree_robots/go2/assets) by extensions ['colcon_pkg']
[0.305s] Level 1:colcon.colcon_core.package_identification:_identify(go2/sim/unitree_robots/go2/assets) by extension 'colcon_pkg'
[0.305s] Level 1:colcon.colcon_core.package_identification:_identify(go2/sim/unitree_robots/go2/assets) by extensions ['colcon_meta']
[0.305s] Level 1:colcon.colcon_core.package_identification:_identify(go2/sim/unitree_robots/go2/assets) by extension 'colcon_meta'
[0.305s] Level 1:colcon.colcon_core.package_identification:_identify(go2/sim/unitree_robots/go2/assets) by extensions ['ros']
[0.305s] Level 1:colcon.colcon_core.package_identification:_identify(go2/sim/unitree_robots/go2/assets) by extension 'ros'
[0.305s] Level 1:colcon.colcon_core.package_identification:_identify(go2/sim/unitree_robots/go2/assets) by extensions ['cmake', 'python']
[0.305s] Level 1:colcon.colcon_core.package_identification:_identify(go2/sim/unitree_robots/go2/assets) by extension 'cmake'
[0.305s] Level 1:colcon.colcon_core.package_identification:_identify(go2/sim/unitree_robots/go2/assets) by extension 'python'
[0.305s] Level 1:colcon.colcon_core.package_identification:_identify(go2/sim/unitree_robots/go2/assets) by extensions ['python_setup_py']
[0.305s] Level 1:colcon.colcon_core.package_identification:_identify(go2/sim/unitree_robots/go2/assets) by extension 'python_setup_py'
[0.305s] Level 1:colcon.colcon_core.package_identification:_identify(go2/sim/unitree_robots/go2w) by extensions ['ignore', 'ignore_ament_install']
[0.306s] Level 1:colcon.colcon_core.package_identification:_identify(go2/sim/unitree_robots/go2w) by extension 'ignore'
[0.306s] Level 1:colcon.colcon_core.package_identification:_identify(go2/sim/unitree_robots/go2w) by extension 'ignore_ament_install'
[0.306s] Level 1:colcon.colcon_core.package_identification:_identify(go2/sim/unitree_robots/go2w) by extensions ['colcon_pkg']
[0.306s] Level 1:colcon.colcon_core.package_identification:_identify(go2/sim/unitree_robots/go2w) by extension 'colcon_pkg'
[0.306s] Level 1:colcon.colcon_core.package_identification:_identify(go2/sim/unitree_robots/go2w) by extensions ['colcon_meta']
[0.306s] Level 1:colcon.colcon_core.package_identification:_identify(go2/sim/unitree_robots/go2w) by extension 'colcon_meta'
[0.306s] Level 1:colcon.colcon_core.package_identification:_identify(go2/sim/unitree_robots/go2w) by extensions ['ros']
[0.306s] Level 1:colcon.colcon_core.package_identification:_identify(go2/sim/unitree_robots/go2w) by extension 'ros'
[0.306s] Level 1:colcon.colcon_core.package_identification:_identify(go2/sim/unitree_robots/go2w) by extensions ['cmake', 'python']
[0.306s] Level 1:colcon.colcon_core.package_identification:_identify(go2/sim/unitree_robots/go2w) by extension 'cmake'
[0.306s] Level 1:colcon.colcon_core.package_identification:_identify(go2/sim/unitree_robots/go2w) by extension 'python'
[0.306s] Level 1:colcon.colcon_core.package_identification:_identify(go2/sim/unitree_robots/go2w) by extensions ['python_setup_py']
[0.306s] Level 1:colcon.colcon_core.package_identification:_identify(go2/sim/unitree_robots/go2w) by extension 'python_setup_py'
[0.306s] Level 1:colcon.colcon_core.package_identification:_identify(go2/sim/unitree_robots/go2w/assets) by extensions ['ignore', 'ignore_ament_install']
[0.306s] Level 1:colcon.colcon_core.package_identification:_identify(go2/sim/unitree_robots/go2w/assets) by extension 'ignore'
[0.306s] Level 1:colcon.colcon_core.package_identification:_identify(go2/sim/unitree_robots/go2w/assets) by extension 'ignore_ament_install'
[0.306s] Level 1:colcon.colcon_core.package_identification:_identify(go2/sim/unitree_robots/go2w/assets) by extensions ['colcon_pkg']
[0.306s] Level 1:colcon.colcon_core.package_identification:_identify(go2/sim/unitree_robots/go2w/assets) by extension 'colcon_pkg'
[0.306s] Level 1:colcon.colcon_core.package_identification:_identify(go2/sim/unitree_robots/go2w/assets) by extensions ['colcon_meta']
[0.306s] Level 1:colcon.colcon_core.package_identification:_identify(go2/sim/unitree_robots/go2w/assets) by extension 'colcon_meta'
[0.306s] Level 1:colcon.colcon_core.package_identification:_identify(go2/sim/unitree_robots/go2w/assets) by extensions ['ros']
[0.306s] Level 1:colcon.colcon_core.package_identification:_identify(go2/sim/unitree_robots/go2w/assets) by extension 'ros'
[0.307s] Level 1:colcon.colcon_core.package_identification:_identify(go2/sim/unitree_robots/go2w/assets) by extensions ['cmake', 'python']
[0.307s] Level 1:colcon.colcon_core.package_identification:_identify(go2/sim/unitree_robots/go2w/assets) by extension 'cmake'
[0.307s] Level 1:colcon.colcon_core.package_identification:_identify(go2/sim/unitree_robots/go2w/assets) by extension 'python'
[0.307s] Level 1:colcon.colcon_core.package_identification:_identify(go2/sim/unitree_robots/go2w/assets) by extensions ['python_setup_py']
[0.307s] Level 1:colcon.colcon_core.package_identification:_identify(go2/sim/unitree_robots/go2w/assets) by extension 'python_setup_py'
[0.307s] Level 1:colcon.colcon_core.package_identification:_identify(go2/sim/unitree_robots/h1) by extensions ['ignore', 'ignore_ament_install']
[0.307s] Level 1:colcon.colcon_core.package_identification:_identify(go2/sim/unitree_robots/h1) by extension 'ignore'
[0.307s] Level 1:colcon.colcon_core.package_identification:_identify(go2/sim/unitree_robots/h1) by extension 'ignore_ament_install'
[0.307s] Level 1:colcon.colcon_core.package_identification:_identify(go2/sim/unitree_robots/h1) by extensions ['colcon_pkg']
[0.307s] Level 1:colcon.colcon_core.package_identification:_identify(go2/sim/unitree_robots/h1) by extension 'colcon_pkg'
[0.307s] Level 1:colcon.colcon_core.package_identification:_identify(go2/sim/unitree_robots/h1) by extensions ['colcon_meta']
[0.307s] Level 1:colcon.colcon_core.package_identification:_identify(go2/sim/unitree_robots/h1) by extension 'colcon_meta'
[0.307s] Level 1:colcon.colcon_core.package_identification:_identify(go2/sim/unitree_robots/h1) by extensions ['ros']
[0.307s] Level 1:colcon.colcon_core.package_identification:_identify(go2/sim/unitree_robots/h1) by extension 'ros'
[0.307s] Level 1:colcon.colcon_core.package_identification:_identify(go2/sim/unitree_robots/h1) by extensions ['cmake', 'python']
[0.307s] Level 1:colcon.colcon_core.package_identification:_identify(go2/sim/unitree_robots/h1) by extension 'cmake'
[0.307s] Level 1:colcon.colcon_core.package_identification:_identify(go2/sim/unitree_robots/h1) by extension 'python'
[0.308s] Level 1:colcon.colcon_core.package_identification:_identify(go2/sim/unitree_robots/h1) by extensions ['python_setup_py']
[0.308s] Level 1:colcon.colcon_core.package_identification:_identify(go2/sim/unitree_robots/h1) by extension 'python_setup_py'
[0.308s] Level 1:colcon.colcon_core.package_identification:_identify(go2/sim/unitree_robots/h1/assets) by extensions ['ignore', 'ignore_ament_install']
[0.308s] Level 1:colcon.colcon_core.package_identification:_identify(go2/sim/unitree_robots/h1/assets) by extension 'ignore'
[0.308s] Level 1:colcon.colcon_core.package_identification:_identify(go2/sim/unitree_robots/h1/assets) by extension 'ignore_ament_install'
[0.308s] Level 1:colcon.colcon_core.package_identification:_identify(go2/sim/unitree_robots/h1/assets) by extensions ['colcon_pkg']
[0.308s] Level 1:colcon.colcon_core.package_identification:_identify(go2/sim/unitree_robots/h1/assets) by extension 'colcon_pkg'
[0.308s] Level 1:colcon.colcon_core.package_identification:_identify(go2/sim/unitree_robots/h1/assets) by extensions ['colcon_meta']
[0.308s] Level 1:colcon.colcon_core.package_identification:_identify(go2/sim/unitree_robots/h1/assets) by extension 'colcon_meta'
[0.308s] Level 1:colcon.colcon_core.package_identification:_identify(go2/sim/unitree_robots/h1/assets) by extensions ['ros']
[0.308s] Level 1:colcon.colcon_core.package_identification:_identify(go2/sim/unitree_robots/h1/assets) by extension 'ros'
[0.308s] Level 1:colcon.colcon_core.package_identification:_identify(go2/sim/unitree_robots/h1/assets) by extensions ['cmake', 'python']
[0.308s] Level 1:colcon.colcon_core.package_identification:_identify(go2/sim/unitree_robots/h1/assets) by extension 'cmake'
[0.308s] Level 1:colcon.colcon_core.package_identification:_identify(go2/sim/unitree_robots/h1/assets) by extension 'python'
[0.308s] Level 1:colcon.colcon_core.package_identification:_identify(go2/sim/unitree_robots/h1/assets) by extensions ['python_setup_py']
[0.308s] Level 1:colcon.colcon_core.package_identification:_identify(go2/sim/unitree_robots/h1/assets) by extension 'python_setup_py'
[0.308s] Level 1:colcon.colcon_core.package_identification:_identify(go2/sim/unitree_robots/h1_2) by extensions ['ignore', 'ignore_ament_install']
[0.308s] Level 1:colcon.colcon_core.package_identification:_identify(go2/sim/unitree_robots/h1_2) by extension 'ignore'
[0.308s] Level 1:colcon.colcon_core.package_identification:_identify(go2/sim/unitree_robots/h1_2) by extension 'ignore_ament_install'
[0.309s] Level 1:colcon.colcon_core.package_identification:_identify(go2/sim/unitree_robots/h1_2) by extensions ['colcon_pkg']
[0.309s] Level 1:colcon.colcon_core.package_identification:_identify(go2/sim/unitree_robots/h1_2) by extension 'colcon_pkg'
[0.309s] Level 1:colcon.colcon_core.package_identification:_identify(go2/sim/unitree_robots/h1_2) by extensions ['colcon_meta']
[0.309s] Level 1:colcon.colcon_core.package_identification:_identify(go2/sim/unitree_robots/h1_2) by extension 'colcon_meta'
[0.309s] Level 1:colcon.colcon_core.package_identification:_identify(go2/sim/unitree_robots/h1_2) by extensions ['ros']
[0.309s] Level 1:colcon.colcon_core.package_identification:_identify(go2/sim/unitree_robots/h1_2) by extension 'ros'
[0.309s] Level 1:colcon.colcon_core.package_identification:_identify(go2/sim/unitree_robots/h1_2) by extensions ['cmake', 'python']
[0.309s] Level 1:colcon.colcon_core.package_identification:_identify(go2/sim/unitree_robots/h1_2) by extension 'cmake'
[0.309s] Level 1:colcon.colcon_core.package_identification:_identify(go2/sim/unitree_robots/h1_2) by extension 'python'
[0.309s] Level 1:colcon.colcon_core.package_identification:_identify(go2/sim/unitree_robots/h1_2) by extensions ['python_setup_py']
[0.309s] Level 1:colcon.colcon_core.package_identification:_identify(go2/sim/unitree_robots/h1_2) by extension 'python_setup_py'
[0.309s] Level 1:colcon.colcon_core.package_identification:_identify(go2/sim/unitree_robots/h1_2/meshes) by extensions ['ignore', 'ignore_ament_install']
[0.309s] Level 1:colcon.colcon_core.package_identification:_identify(go2/sim/unitree_robots/h1_2/meshes) by extension 'ignore'
[0.309s] Level 1:colcon.colcon_core.package_identification:_identify(go2/sim/unitree_robots/h1_2/meshes) by extension 'ignore_ament_install'
[0.309s] Level 1:colcon.colcon_core.package_identification:_identify(go2/sim/unitree_robots/h1_2/meshes) by extensions ['colcon_pkg']
[0.309s] Level 1:colcon.colcon_core.package_identification:_identify(go2/sim/unitree_robots/h1_2/meshes) by extension 'colcon_pkg'
[0.309s] Level 1:colcon.colcon_core.package_identification:_identify(go2/sim/unitree_robots/h1_2/meshes) by extensions ['colcon_meta']
[0.309s] Level 1:colcon.colcon_core.package_identification:_identify(go2/sim/unitree_robots/h1_2/meshes) by extension 'colcon_meta'
[0.309s] Level 1:colcon.colcon_core.package_identification:_identify(go2/sim/unitree_robots/h1_2/meshes) by extensions ['ros']
[0.309s] Level 1:colcon.colcon_core.package_identification:_identify(go2/sim/unitree_robots/h1_2/meshes) by extension 'ros'
[0.309s] Level 1:colcon.colcon_core.package_identification:_identify(go2/sim/unitree_robots/h1_2/meshes) by extensions ['cmake', 'python']
[0.309s] Level 1:colcon.colcon_core.package_identification:_identify(go2/sim/unitree_robots/h1_2/meshes) by extension 'cmake'
[0.310s] Level 1:colcon.colcon_core.package_identification:_identify(go2/sim/unitree_robots/h1_2/meshes) by extension 'python'
[0.310s] Level 1:colcon.colcon_core.package_identification:_identify(go2/sim/unitree_robots/h1_2/meshes) by extensions ['python_setup_py']
[0.310s] Level 1:colcon.colcon_core.package_identification:_identify(go2/sim/unitree_robots/h1_2/meshes) by extension 'python_setup_py'
[0.310s] Level 1:colcon.colcon_core.package_identification:_identify(install) by extensions ['ignore', 'ignore_ament_install']
[0.310s] Level 1:colcon.colcon_core.package_identification:_identify(install) by extension 'ignore'
[0.310s] Level 1:colcon.colcon_core.package_identification:_identify(install) ignored
[0.310s] Level 1:colcon.colcon_core.package_identification:_identify(log) by extensions ['ignore', 'ignore_ament_install']
[0.310s] Level 1:colcon.colcon_core.package_identification:_identify(log) by extension 'ignore'
[0.310s] Level 1:colcon.colcon_core.package_identification:_identify(log) ignored
[0.310s] Level 1:colcon.colcon_core.package_identification:_identify(src) by extensions ['ignore', 'ignore_ament_install']
[0.310s] Level 1:colcon.colcon_core.package_identification:_identify(src) by extension 'ignore'
[0.310s] Level 1:colcon.colcon_core.package_identification:_identify(src) by extension 'ignore_ament_install'
[0.310s] Level 1:colcon.colcon_core.package_identification:_identify(src) by extensions ['colcon_pkg']
[0.310s] Level 1:colcon.colcon_core.package_identification:_identify(src) by extension 'colcon_pkg'
[0.310s] Level 1:colcon.colcon_core.package_identification:_identify(src) by extensions ['colcon_meta']
[0.310s] Level 1:colcon.colcon_core.package_identification:_identify(src) by extension 'colcon_meta'
[0.310s] Level 1:colcon.colcon_core.package_identification:_identify(src) by extensions ['ros']
[0.310s] Level 1:colcon.colcon_core.package_identification:_identify(src) by extension 'ros'
[0.310s] Level 1:colcon.colcon_core.package_identification:_identify(src) by extensions ['cmake', 'python']
[0.310s] Level 1:colcon.colcon_core.package_identification:_identify(src) by extension 'cmake'
[0.311s] Level 1:colcon.colcon_core.package_identification:_identify(src) by extension 'python'
[0.311s] Level 1:colcon.colcon_core.package_identification:_identify(src) by extensions ['python_setup_py']
[0.311s] Level 1:colcon.colcon_core.package_identification:_identify(src) by extension 'python_setup_py'
[0.311s] Level 1:colcon.colcon_core.package_identification:_identify(src/build) by extensions ['ignore', 'ignore_ament_install']
[0.311s] Level 1:colcon.colcon_core.package_identification:_identify(src/build) by extension 'ignore'
[0.311s] Level 1:colcon.colcon_core.package_identification:_identify(src/build) ignored
[0.311s] Level 1:colcon.colcon_core.package_identification:_identify(src/go2_ros2_bridge) by extensions ['ignore', 'ignore_ament_install']
[0.311s] Level 1:colcon.colcon_core.package_identification:_identify(src/go2_ros2_bridge) by extension 'ignore'
[0.311s] Level 1:colcon.colcon_core.package_identification:_identify(src/go2_ros2_bridge) by extension 'ignore_ament_install'
[0.311s] Level 1:colcon.colcon_core.package_identification:_identify(src/go2_ros2_bridge) by extensions ['colcon_pkg']
[0.311s] Level 1:colcon.colcon_core.package_identification:_identify(src/go2_ros2_bridge) by extension 'colcon_pkg'
[0.311s] Level 1:colcon.colcon_core.package_identification:_identify(src/go2_ros2_bridge) by extensions ['colcon_meta']
[0.311s] Level 1:colcon.colcon_core.package_identification:_identify(src/go2_ros2_bridge) by extension 'colcon_meta'
[0.311s] Level 1:colcon.colcon_core.package_identification:_identify(src/go2_ros2_bridge) by extensions ['ros']
[0.311s] Level 1:colcon.colcon_core.package_identification:_identify(src/go2_ros2_bridge) by extension 'ros'
[0.312s] DEBUG:colcon.colcon_core.package_identification:Failed to parse potential ROS package manifest in'src/go2_ros2_bridge': Error(s) in package 'src/go2_ros2_bridge/package.xml':
Invalid email "melodse@local" for person "melodse"
[0.312s] Level 1:colcon.colcon_core.package_identification:_identify(src/go2_ros2_bridge) by extensions ['cmake', 'python']
[0.312s] Level 1:colcon.colcon_core.package_identification:_identify(src/go2_ros2_bridge) by extension 'cmake'
[0.312s] Level 1:colcon.colcon_core.package_identification:_identify(src/go2_ros2_bridge) by extension 'python'
[0.312s] DEBUG:colcon.colcon_core.package_identification:Python package in 'src/go2_ros2_bridge' passes arguments to the setup() function which requires a different identification extension than 'python'
[0.312s] Level 1:colcon.colcon_core.package_identification:_identify(src/go2_ros2_bridge) by extensions ['python_setup_py']
[0.312s] Level 1:colcon.colcon_core.package_identification:_identify(src/go2_ros2_bridge) by extension 'python_setup_py'
[0.590s] DEBUG:colcon.colcon_core.package_identification:Package 'src/go2_ros2_bridge' with type 'python' and name 'go2_ros2_bridge'
[0.590s] Level 1:colcon.colcon_core.package_identification:_identify(src/install) by extensions ['ignore', 'ignore_ament_install']
[0.590s] Level 1:colcon.colcon_core.package_identification:_identify(src/install) by extension 'ignore'
[0.590s] Level 1:colcon.colcon_core.package_identification:_identify(src/install) ignored
[0.590s] Level 1:colcon.colcon_core.package_identification:_identify(src/log) by extensions ['ignore', 'ignore_ament_install']
[0.590s] Level 1:colcon.colcon_core.package_identification:_identify(src/log) by extension 'ignore'
[0.590s] Level 1:colcon.colcon_core.package_identification:_identify(src/log) ignored
[0.590s] Level 1:colcon.colcon_core.package_discovery:discover_packages(recursive) using defaults
[0.591s] Level 1:colcon.colcon_core.package_discovery:discover_packages(ignore) discover
[0.591s] Level 1:colcon.colcon_core.package_discovery:discover_packages(ignore) using defaults
[0.591s] Level 1:colcon.colcon_core.package_discovery:discover_packages(path) discover
[0.591s] Level 1:colcon.colcon_core.package_discovery:discover_packages(path) using defaults
[0.616s] INFO:colcon.colcon_metadata.metadata.colcon_pkg:Updating descriptor of package 'go2/sim/unitree_description-master' from colcon.pkg: {'hooks': ['share/unitree_description/hook/ament_prefix_path.dsv', 'share/unitree_description/hook/python_path.dsv']}
[0.618s] INFO:colcon.colcon_core.package_selection:Skipping not selected package 'go2_ros2_bridge' in 'src/go2_ros2_bridge'
[0.618s] INFO:colcon.colcon_core.package_selection:Skipping not selected package 'slam_example' in 'g1/scripts/navigation/obstacle_avoidance/slam_sdk_example/example'
[0.618s] INFO:colcon.colcon_core.package_selection:Skipping not selected package 'tx_lidar' in 'g1/scripts/sensors/manual_streaming'
[0.618s] INFO:colcon.colcon_core.package_selection:Skipping not selected package 'unitree_description' in 'go2/sim/unitree_description-master'
[0.619s] Level 1:colcon.colcon_core.package_discovery:discover_packages(prefix_path) check parameters
[0.619s] Level 1:colcon.colcon_core.package_discovery:discover_packages(prefix_path) discover
[0.621s] DEBUG:colcon.colcon_installed_package_information.package_discovery:Found 3 installed packages in /home/melodse/ef_ws/install
[0.622s] DEBUG:colcon.colcon_installed_package_information.package_discovery:Found 1 installed packages in /home/melodse/ros2_ws/install
[0.625s] DEBUG:colcon.colcon_installed_package_information.package_discovery:Found 423 installed packages in /opt/ros/jazzy
[0.627s] Level 1:colcon.colcon_core.package_discovery:discover_packages(prefix_path) using defaults
[0.683s] Level 5:colcon.colcon_core.verb:set package 'g1_description' build argument 'cmake_args' from command line to 'None'
[0.684s] Level 5:colcon.colcon_core.verb:set package 'g1_description' build argument 'cmake_target' from command line to 'None'
[0.684s] Level 5:colcon.colcon_core.verb:set package 'g1_description' build argument 'cmake_target_skip_unavailable' from command line to 'False'
[0.684s] Level 5:colcon.colcon_core.verb:set package 'g1_description' build argument 'cmake_clean_cache' from command line to 'False'
[0.684s] Level 5:colcon.colcon_core.verb:set package 'g1_description' build argument 'cmake_clean_first' from command line to 'False'
[0.684s] Level 5:colcon.colcon_core.verb:set package 'g1_description' build argument 'cmake_force_configure' from command line to 'False'
[0.684s] Level 5:colcon.colcon_core.verb:set package 'g1_description' build argument 'ament_cmake_args' from command line to 'None'
[0.684s] Level 5:colcon.colcon_core.verb:set package 'g1_description' build argument 'catkin_cmake_args' from command line to 'None'
[0.684s] Level 5:colcon.colcon_core.verb:set package 'g1_description' build argument 'catkin_skip_building_tests' from command line to 'False'
[0.684s] DEBUG:colcon.colcon_core.verb:Building package 'g1_description' with the following arguments: {'ament_cmake_args': None, 'build_base': '/home/melodse/ef_ws/build/g1_description', 'catkin_cmake_args': None, 'catkin_skip_building_tests': False, 'cmake_args': None, 'cmake_clean_cache': False, 'cmake_clean_first': False, 'cmake_force_configure': False, 'cmake_target': None, 'cmake_target_skip_unavailable': False, 'install_base': '/home/melodse/ef_ws/install/g1_description', 'merge_install': False, 'path': '/home/melodse/ef_ws/g1/sim/G1_rviz_simulation-main/G1_rviz_simulation-main', 'symlink_install': False, 'test_result_base': None}
[0.684s] INFO:colcon.colcon_core.executor:Executing jobs using 'parallel' executor
[0.686s] DEBUG:colcon.colcon_parallel_executor.executor.parallel:run_until_complete
[0.686s] INFO:colcon.colcon_ros.task.ament_python.build:Building ROS package in '/home/melodse/ef_ws/g1/sim/G1_rviz_simulation-main/G1_rviz_simulation-main' with build type 'ament_python'
[0.686s] Level 1:colcon.colcon_core.shell:create_environment_hook('g1_description', 'ament_prefix_path')
[0.689s] INFO:colcon.colcon_core.plugin_system:Skipping extension 'colcon_core.shell.bat': Not used on non-Windows systems
[0.690s] INFO:colcon.colcon_core.shell:Creating environment hook '/home/melodse/ef_ws/install/g1_description/share/g1_description/hook/ament_prefix_path.ps1'
[0.691s] INFO:colcon.colcon_core.shell:Creating environment descriptor '/home/melodse/ef_ws/install/g1_description/share/g1_description/hook/ament_prefix_path.dsv'
[0.691s] INFO:colcon.colcon_core.shell:Creating environment hook '/home/melodse/ef_ws/install/g1_description/share/g1_description/hook/ament_prefix_path.sh'
[0.692s] INFO:colcon.colcon_core.shell:Skip shell extension 'powershell' for command environment: Not usable outside of PowerShell
[0.692s] DEBUG:colcon.colcon_core.shell:Skip shell extension 'dsv' for command environment
[1.230s] INFO:colcon.colcon_core.task.python.build:Building Python package in '/home/melodse/ef_ws/g1/sim/G1_rviz_simulation-main/G1_rviz_simulation-main'
[1.230s] INFO:colcon.colcon_core.shell:Skip shell extension 'powershell' for command environment: Not usable outside of PowerShell
[1.230s] DEBUG:colcon.colcon_core.shell:Skip shell extension 'dsv' for command environment
[2.168s] DEBUG:colcon.colcon_core.event_handler.log_command:Invoking command in '/home/melodse/ef_ws/g1/sim/G1_rviz_simulation-main/G1_rviz_simulation-main': PYTHONPATH=/home/melodse/ef_ws/build/g1_description/prefix_override:/usr/lib/python3/dist-packages/colcon_core/task/python/colcon_distutils_commands:/home/melodse/ef_ws/install/g1_description/lib/python3.12/site-packages:/home/melodse/ef_ws/install/unitree_description/lib/python3.12/site-packages:/home/melodse/ef_ws/install/g1_description/lib/python3.12/site-packages:/home/melodse/ef_ws/install/go2_ros2_bridge/lib/python3.12/site-packages:/home/melodse/ros2_ws/install/unitree_description/lib/python3.12/site-packages:/opt/ros/jazzy/lib/python3.12/site-packages /usr/bin/python3 -W ignore:setup.py install is deprecated -W ignore:easy_install command is deprecated setup.py egg_info --egg-base ../../../../build/g1_description build --build-base /home/melodse/ef_ws/build/g1_description/build install --record /home/melodse/ef_ws/build/g1_description/install.log --single-version-externally-managed install_data
[3.463s] DEBUG:colcon.colcon_core.event_handler.log_command:Invoked command in '/home/melodse/ef_ws/g1/sim/G1_rviz_simulation-main/G1_rviz_simulation-main' returned '0': PYTHONPATH=/home/melodse/ef_ws/build/g1_description/prefix_override:/usr/lib/python3/dist-packages/colcon_core/task/python/colcon_distutils_commands:/home/melodse/ef_ws/install/g1_description/lib/python3.12/site-packages:/home/melodse/ef_ws/install/unitree_description/lib/python3.12/site-packages:/home/melodse/ef_ws/install/g1_description/lib/python3.12/site-packages:/home/melodse/ef_ws/install/go2_ros2_bridge/lib/python3.12/site-packages:/home/melodse/ros2_ws/install/unitree_description/lib/python3.12/site-packages:/opt/ros/jazzy/lib/python3.12/site-packages /usr/bin/python3 -W ignore:setup.py install is deprecated -W ignore:easy_install command is deprecated setup.py egg_info --egg-base ../../../../build/g1_description build --build-base /home/melodse/ef_ws/build/g1_description/build install --record /home/melodse/ef_ws/build/g1_description/install.log --single-version-externally-managed install_data
[3.465s] Level 1:colcon.colcon_core.environment:checking '/home/melodse/ef_ws/install/g1_description' for CMake module files
[3.467s] Level 1:colcon.colcon_core.environment:checking '/home/melodse/ef_ws/install/g1_description' for CMake config files
[3.470s] Level 1:colcon.colcon_core.environment:checking '/home/melodse/ef_ws/install/g1_description/lib'
[3.470s] Level 1:colcon.colcon_core.environment:checking '/home/melodse/ef_ws/install/g1_description/bin'
[3.470s] Level 1:colcon.colcon_core.environment:checking '/home/melodse/ef_ws/install/g1_description/lib/pkgconfig/g1_description.pc'
[3.470s] Level 1:colcon.colcon_core.environment:checking '/home/melodse/ef_ws/install/g1_description/lib/python3.12/site-packages'
[3.471s] Level 1:colcon.colcon_core.shell:create_environment_hook('g1_description', 'pythonpath')
[3.471s] INFO:colcon.colcon_core.shell:Creating environment hook '/home/melodse/ef_ws/install/g1_description/share/g1_description/hook/pythonpath.ps1'
[3.471s] INFO:colcon.colcon_core.shell:Creating environment descriptor '/home/melodse/ef_ws/install/g1_description/share/g1_description/hook/pythonpath.dsv'
[3.472s] INFO:colcon.colcon_core.shell:Creating environment hook '/home/melodse/ef_ws/install/g1_description/share/g1_description/hook/pythonpath.sh'
[3.472s] Level 1:colcon.colcon_core.environment:checking '/home/melodse/ef_ws/install/g1_description/bin'
[3.472s] Level 1:colcon.colcon_core.environment:create_environment_scripts_only(g1_description)
[3.473s] INFO:colcon.colcon_core.shell:Creating package script '/home/melodse/ef_ws/install/g1_description/share/g1_description/package.ps1'
[3.474s] INFO:colcon.colcon_core.shell:Creating package descriptor '/home/melodse/ef_ws/install/g1_description/share/g1_description/package.dsv'
[3.475s] INFO:colcon.colcon_core.shell:Creating package script '/home/melodse/ef_ws/install/g1_description/share/g1_description/package.sh'
[3.475s] INFO:colcon.colcon_core.shell:Creating package script '/home/melodse/ef_ws/install/g1_description/share/g1_description/package.bash'
[3.476s] INFO:colcon.colcon_core.shell:Creating package script '/home/melodse/ef_ws/install/g1_description/share/g1_description/package.zsh'
[3.477s] Level 1:colcon.colcon_core.environment:create_file_with_runtime_dependencies(/home/melodse/ef_ws/install/g1_description/share/colcon-core/packages/g1_description)
[3.477s] DEBUG:colcon.colcon_parallel_executor.executor.parallel:closing loop
[3.478s] DEBUG:colcon.colcon_parallel_executor.executor.parallel:loop closed
[3.479s] DEBUG:colcon.colcon_parallel_executor.executor.parallel:run_until_complete finished with '0'
[3.479s] DEBUG:colcon.colcon_core.event_reactor:joining thread
[3.488s] INFO:colcon.colcon_core.plugin_system:Skipping extension 'colcon_notification.desktop_notification.terminal_notifier': Not used on non-Darwin systems
[3.488s] INFO:colcon.colcon_core.plugin_system:Skipping extension 'colcon_notification.desktop_notification.win32': Not used on non-Windows systems
[3.488s] INFO:colcon.colcon_notification.desktop_notification:Sending desktop notification using 'notify2'
[3.490s] DEBUG:colcon.colcon_notification.desktop_notification.notify2:Failed to initialize notify2: org.freedesktop.DBus.Error.ServiceUnknown: The name org.freedesktop.Notifications was not provided by any .service files
[3.490s] DEBUG:colcon.colcon_core.event_reactor:joined thread
[3.491s] INFO:colcon.colcon_core.shell:Creating prefix script '/home/melodse/ef_ws/install/local_setup.ps1'
[3.492s] INFO:colcon.colcon_core.shell:Creating prefix util module '/home/melodse/ef_ws/install/_local_setup_util_ps1.py'
[3.493s] INFO:colcon.colcon_core.shell:Creating prefix chain script '/home/melodse/ef_ws/install/setup.ps1'
[3.495s] INFO:colcon.colcon_core.shell:Creating prefix script '/home/melodse/ef_ws/install/local_setup.sh'
[3.496s] INFO:colcon.colcon_core.shell:Creating prefix util module '/home/melodse/ef_ws/install/_local_setup_util_sh.py'
[3.497s] INFO:colcon.colcon_core.shell:Creating prefix chain script '/home/melodse/ef_ws/install/setup.sh'
[3.499s] INFO:colcon.colcon_core.shell:Creating prefix script '/home/melodse/ef_ws/install/local_setup.bash'
[3.499s] INFO:colcon.colcon_core.shell:Creating prefix chain script '/home/melodse/ef_ws/install/setup.bash'
[3.501s] INFO:colcon.colcon_core.shell:Creating prefix script '/home/melodse/ef_ws/install/local_setup.zsh'
[3.502s] INFO:colcon.colcon_core.shell:Creating prefix chain script '/home/melodse/ef_ws/install/setup.zsh'
