[0.413s] DEBUG:colcon:Command line arguments: ['/usr/bin/colcon', 'build', '--packages-select', 'g1_description']
[0.413s] DEBUG:colcon:Parsed command line arguments: Namespace(log_base=None, log_level=None, verb_name='build', build_base='build', install_base='install', merge_install=False, symlink_install=False, test_result_base=None, continue_on_error=False, executor='parallel', parallel_workers=12, event_handlers=None, ignore_user_meta=False, metas=['./colcon.meta'], base_paths=['.'], packages_ignore=None, packages_ignore_regex=None, paths=None, packages_up_to=None, packages_up_to_regex=None, packages_above=None, packages_above_and_dependencies=None, packages_above_depth=None, packages_select_by_dep=None, packages_skip_by_dep=None, packages_skip_up_to=None, packages_select_build_failed=False, packages_skip_build_finished=False, packages_select_test_failures=False, packages_skip_test_passed=False, packages_select=['g1_description'], packages_skip=None, packages_select_regex=None, packages_skip_regex=None, packages_start=None, packages_end=None, allow_overriding=[], cmake_args=None, cmake_target=None, cmake_target_skip_unavailable=False, cmake_clean_cache=False, cmake_clean_first=False, cmake_force_configure=False, ament_cmake_args=None, catkin_cmake_args=None, catkin_skip_building_tests=False, mixin_files=None, mixin=None, verb_parser=<colcon_mixin.mixin.mixin_argument.MixinArgumentDecorator object at 0x70ccaa8dcb00>, verb_extension=<colcon_core.verb.build.BuildVerb object at 0x70ccaa8011f0>, main=<bound method BuildVerb.main of <colcon_core.verb.build.BuildVerb object at 0x70ccaa8011f0>>, mixin_verb=('build',))
[0.467s] Level 1:colcon.colcon_core.package_discovery:discover_packages(colcon_meta) check parameters
[0.467s] Level 1:colcon.colcon_core.package_discovery:discover_packages(recursive) check parameters
[0.467s] Level 1:colcon.colcon_core.package_discovery:discover_packages(ignore) check parameters
[0.467s] Level 1:colcon.colcon_core.package_discovery:discover_packages(path) check parameters
[0.467s] Level 1:colcon.colcon_core.package_discovery:discover_packages(colcon_meta) discover
[0.467s] Level 1:colcon.colcon_core.package_discovery:discover_packages(recursive) discover
[0.467s] INFO:colcon.colcon_core.package_discovery:Crawling recursively for packages in '/home/melodse/ef_ws/g1'
[0.467s] Level 1:colcon.colcon_core.package_identification:_identify(.) by extensions ['ignore', 'ignore_ament_install']
[0.467s] Level 1:colcon.colcon_core.package_identification:_identify(.) by extension 'ignore'
[0.468s] Level 1:colcon.colcon_core.package_identification:_identify(.) by extension 'ignore_ament_install'
[0.468s] Level 1:colcon.colcon_core.package_identification:_identify(.) by extensions ['colcon_pkg']
[0.468s] Level 1:colcon.colcon_core.package_identification:_identify(.) by extension 'colcon_pkg'
[0.468s] Level 1:colcon.colcon_core.package_identification:_identify(.) by extensions ['colcon_meta']
[0.468s] Level 1:colcon.colcon_core.package_identification:_identify(.) by extension 'colcon_meta'
[0.468s] Level 1:colcon.colcon_core.package_identification:_identify(.) by extensions ['ros']
[0.468s] Level 1:colcon.colcon_core.package_identification:_identify(.) by extension 'ros'
[0.500s] Level 1:colcon.colcon_core.package_identification:_identify(.) by extensions ['cmake', 'python']
[0.500s] Level 1:colcon.colcon_core.package_identification:_identify(.) by extension 'cmake'
[0.500s] Level 1:colcon.colcon_core.package_identification:_identify(.) by extension 'python'
[0.500s] Level 1:colcon.colcon_core.package_identification:_identify(.) by extensions ['python_setup_py']
[0.500s] Level 1:colcon.colcon_core.package_identification:_identify(.) by extension 'python_setup_py'
[0.500s] Level 1:colcon.colcon_core.package_identification:_identify(build) by extensions ['ignore', 'ignore_ament_install']
[0.500s] Level 1:colcon.colcon_core.package_identification:_identify(build) by extension 'ignore'
[0.500s] Level 1:colcon.colcon_core.package_identification:_identify(build) ignored
[0.502s] Level 1:colcon.colcon_core.package_identification:_identify(dashboards) by extensions ['ignore', 'ignore_ament_install']
[0.503s] Level 1:colcon.colcon_core.package_identification:_identify(dashboards) by extension 'ignore'
[0.503s] Level 1:colcon.colcon_core.package_identification:_identify(dashboards) by extension 'ignore_ament_install'
[0.503s] Level 1:colcon.colcon_core.package_identification:_identify(dashboards) by extensions ['colcon_pkg']
[0.503s] Level 1:colcon.colcon_core.package_identification:_identify(dashboards) by extension 'colcon_pkg'
[0.503s] Level 1:colcon.colcon_core.package_identification:_identify(dashboards) by extensions ['colcon_meta']
[0.503s] Level 1:colcon.colcon_core.package_identification:_identify(dashboards) by extension 'colcon_meta'
[0.503s] Level 1:colcon.colcon_core.package_identification:_identify(dashboards) by extensions ['ros']
[0.503s] Level 1:colcon.colcon_core.package_identification:_identify(dashboards) by extension 'ros'
[0.503s] Level 1:colcon.colcon_core.package_identification:_identify(dashboards) by extensions ['cmake', 'python']
[0.503s] Level 1:colcon.colcon_core.package_identification:_identify(dashboards) by extension 'cmake'
[0.503s] Level 1:colcon.colcon_core.package_identification:_identify(dashboards) by extension 'python'
[0.503s] Level 1:colcon.colcon_core.package_identification:_identify(dashboards) by extensions ['python_setup_py']
[0.503s] Level 1:colcon.colcon_core.package_identification:_identify(dashboards) by extension 'python_setup_py'
[0.504s] Level 1:colcon.colcon_core.package_identification:_identify(docs) by extensions ['ignore', 'ignore_ament_install']
[0.504s] Level 1:colcon.colcon_core.package_identification:_identify(docs) by extension 'ignore'
[0.504s] Level 1:colcon.colcon_core.package_identification:_identify(docs) by extension 'ignore_ament_install'
[0.504s] Level 1:colcon.colcon_core.package_identification:_identify(docs) by extensions ['colcon_pkg']
[0.504s] Level 1:colcon.colcon_core.package_identification:_identify(docs) by extension 'colcon_pkg'
[0.504s] Level 1:colcon.colcon_core.package_identification:_identify(docs) by extensions ['colcon_meta']
[0.504s] Level 1:colcon.colcon_core.package_identification:_identify(docs) by extension 'colcon_meta'
[0.504s] Level 1:colcon.colcon_core.package_identification:_identify(docs) by extensions ['ros']
[0.504s] Level 1:colcon.colcon_core.package_identification:_identify(docs) by extension 'ros'
[0.505s] Level 1:colcon.colcon_core.package_identification:_identify(docs) by extensions ['cmake', 'python']
[0.505s] Level 1:colcon.colcon_core.package_identification:_identify(docs) by extension 'cmake'
[0.505s] Level 1:colcon.colcon_core.package_identification:_identify(docs) by extension 'python'
[0.505s] Level 1:colcon.colcon_core.package_identification:_identify(docs) by extensions ['python_setup_py']
[0.505s] Level 1:colcon.colcon_core.package_identification:_identify(docs) by extension 'python_setup_py'
[0.505s] Level 1:colcon.colcon_core.package_identification:_identify(edge_runtime) by extensions ['ignore', 'ignore_ament_install']
[0.505s] Level 1:colcon.colcon_core.package_identification:_identify(edge_runtime) by extension 'ignore'
[0.506s] Level 1:colcon.colcon_core.package_identification:_identify(edge_runtime) by extension 'ignore_ament_install'
[0.506s] Level 1:colcon.colcon_core.package_identification:_identify(edge_runtime) by extensions ['colcon_pkg']
[0.506s] Level 1:colcon.colcon_core.package_identification:_identify(edge_runtime) by extension 'colcon_pkg'
[0.506s] Level 1:colcon.colcon_core.package_identification:_identify(edge_runtime) by extensions ['colcon_meta']
[0.506s] Level 1:colcon.colcon_core.package_identification:_identify(edge_runtime) by extension 'colcon_meta'
[0.506s] Level 1:colcon.colcon_core.package_identification:_identify(edge_runtime) by extensions ['ros']
[0.506s] Level 1:colcon.colcon_core.package_identification:_identify(edge_runtime) by extension 'ros'
[0.506s] Level 1:colcon.colcon_core.package_identification:_identify(edge_runtime) by extensions ['cmake', 'python']
[0.506s] Level 1:colcon.colcon_core.package_identification:_identify(edge_runtime) by extension 'cmake'
[0.506s] Level 1:colcon.colcon_core.package_identification:_identify(edge_runtime) by extension 'python'
[0.506s] Level 1:colcon.colcon_core.package_identification:_identify(edge_runtime) by extensions ['python_setup_py']
[0.506s] Level 1:colcon.colcon_core.package_identification:_identify(edge_runtime) by extension 'python_setup_py'
[0.507s] Level 1:colcon.colcon_core.package_identification:_identify(edge_runtime/config) by extensions ['ignore', 'ignore_ament_install']
[0.507s] Level 1:colcon.colcon_core.package_identification:_identify(edge_runtime/config) by extension 'ignore'
[0.507s] Level 1:colcon.colcon_core.package_identification:_identify(edge_runtime/config) by extension 'ignore_ament_install'
[0.507s] Level 1:colcon.colcon_core.package_identification:_identify(edge_runtime/config) by extensions ['colcon_pkg']
[0.507s] Level 1:colcon.colcon_core.package_identification:_identify(edge_runtime/config) by extension 'colcon_pkg'
[0.507s] Level 1:colcon.colcon_core.package_identification:_identify(edge_runtime/config) by extensions ['colcon_meta']
[0.507s] Level 1:colcon.colcon_core.package_identification:_identify(edge_runtime/config) by extension 'colcon_meta'
[0.507s] Level 1:colcon.colcon_core.package_identification:_identify(edge_runtime/config) by extensions ['ros']
[0.507s] Level 1:colcon.colcon_core.package_identification:_identify(edge_runtime/config) by extension 'ros'
[0.507s] Level 1:colcon.colcon_core.package_identification:_identify(edge_runtime/config) by extensions ['cmake', 'python']
[0.507s] Level 1:colcon.colcon_core.package_identification:_identify(edge_runtime/config) by extension 'cmake'
[0.507s] Level 1:colcon.colcon_core.package_identification:_identify(edge_runtime/config) by extension 'python'
[0.507s] Level 1:colcon.colcon_core.package_identification:_identify(edge_runtime/config) by extensions ['python_setup_py']
[0.507s] Level 1:colcon.colcon_core.package_identification:_identify(edge_runtime/config) by extension 'python_setup_py'
[0.508s] Level 1:colcon.colcon_core.package_identification:_identify(edge_runtime/device_identity) by extensions ['ignore', 'ignore_ament_install']
[0.508s] Level 1:colcon.colcon_core.package_identification:_identify(edge_runtime/device_identity) by extension 'ignore'
[0.508s] Level 1:colcon.colcon_core.package_identification:_identify(edge_runtime/device_identity) by extension 'ignore_ament_install'
[0.508s] Level 1:colcon.colcon_core.package_identification:_identify(edge_runtime/device_identity) by extensions ['colcon_pkg']
[0.508s] Level 1:colcon.colcon_core.package_identification:_identify(edge_runtime/device_identity) by extension 'colcon_pkg'
[0.508s] Level 1:colcon.colcon_core.package_identification:_identify(edge_runtime/device_identity) by extensions ['colcon_meta']
[0.508s] Level 1:colcon.colcon_core.package_identification:_identify(edge_runtime/device_identity) by extension 'colcon_meta'
[0.508s] Level 1:colcon.colcon_core.package_identification:_identify(edge_runtime/device_identity) by extensions ['ros']
[0.508s] Level 1:colcon.colcon_core.package_identification:_identify(edge_runtime/device_identity) by extension 'ros'
[0.508s] Level 1:colcon.colcon_core.package_identification:_identify(edge_runtime/device_identity) by extensions ['cmake', 'python']
[0.508s] Level 1:colcon.colcon_core.package_identification:_identify(edge_runtime/device_identity) by extension 'cmake'
[0.508s] Level 1:colcon.colcon_core.package_identification:_identify(edge_runtime/device_identity) by extension 'python'
[0.508s] Level 1:colcon.colcon_core.package_identification:_identify(edge_runtime/device_identity) by extensions ['python_setup_py']
[0.508s] Level 1:colcon.colcon_core.package_identification:_identify(edge_runtime/device_identity) by extension 'python_setup_py'
[0.509s] Level 1:colcon.colcon_core.package_identification:_identify(edge_runtime/gateway) by extensions ['ignore', 'ignore_ament_install']
[0.509s] Level 1:colcon.colcon_core.package_identification:_identify(edge_runtime/gateway) by extension 'ignore'
[0.509s] Level 1:colcon.colcon_core.package_identification:_identify(edge_runtime/gateway) by extension 'ignore_ament_install'
[0.509s] Level 1:colcon.colcon_core.package_identification:_identify(edge_runtime/gateway) by extensions ['colcon_pkg']
[0.509s] Level 1:colcon.colcon_core.package_identification:_identify(edge_runtime/gateway) by extension 'colcon_pkg'
[0.509s] Level 1:colcon.colcon_core.package_identification:_identify(edge_runtime/gateway) by extensions ['colcon_meta']
[0.509s] Level 1:colcon.colcon_core.package_identification:_identify(edge_runtime/gateway) by extension 'colcon_meta'
[0.509s] Level 1:colcon.colcon_core.package_identification:_identify(edge_runtime/gateway) by extensions ['ros']
[0.509s] Level 1:colcon.colcon_core.package_identification:_identify(edge_runtime/gateway) by extension 'ros'
[0.509s] Level 1:colcon.colcon_core.package_identification:_identify(edge_runtime/gateway) by extensions ['cmake', 'python']
[0.509s] Level 1:colcon.colcon_core.package_identification:_identify(edge_runtime/gateway) by extension 'cmake'
[0.510s] Level 1:colcon.colcon_core.package_identification:_identify(edge_runtime/gateway) by extension 'python'
[0.510s] Level 1:colcon.colcon_core.package_identification:_identify(edge_runtime/gateway) by extensions ['python_setup_py']
[0.510s] Level 1:colcon.colcon_core.package_identification:_identify(edge_runtime/gateway) by extension 'python_setup_py'
[0.510s] Level 1:colcon.colcon_core.package_identification:_identify(edge_runtime/skills) by extensions ['ignore', 'ignore_ament_install']
[0.510s] Level 1:colcon.colcon_core.package_identification:_identify(edge_runtime/skills) by extension 'ignore'
[0.510s] Level 1:colcon.colcon_core.package_identification:_identify(edge_runtime/skills) by extension 'ignore_ament_install'
[0.510s] Level 1:colcon.colcon_core.package_identification:_identify(edge_runtime/skills) by extensions ['colcon_pkg']
[0.510s] Level 1:colcon.colcon_core.package_identification:_identify(edge_runtime/skills) by extension 'colcon_pkg'
[0.510s] Level 1:colcon.colcon_core.package_identification:_identify(edge_runtime/skills) by extensions ['colcon_meta']
[0.510s] Level 1:colcon.colcon_core.package_identification:_identify(edge_runtime/skills) by extension 'colcon_meta'
[0.510s] Level 1:colcon.colcon_core.package_identification:_identify(edge_runtime/skills) by extensions ['ros']
[0.510s] Level 1:colcon.colcon_core.package_identification:_identify(edge_runtime/skills) by extension 'ros'
[0.511s] Level 1:colcon.colcon_core.package_identification:_identify(edge_runtime/skills) by extensions ['cmake', 'python']
[0.511s] Level 1:colcon.colcon_core.package_identification:_identify(edge_runtime/skills) by extension 'cmake'
[0.511s] Level 1:colcon.colcon_core.package_identification:_identify(edge_runtime/skills) by extension 'python'
[0.511s] Level 1:colcon.colcon_core.package_identification:_identify(edge_runtime/skills) by extensions ['python_setup_py']
[0.511s] Level 1:colcon.colcon_core.package_identification:_identify(edge_runtime/skills) by extension 'python_setup_py'
[0.511s] Level 1:colcon.colcon_core.package_identification:_identify(edge_runtime/telemetry) by extensions ['ignore', 'ignore_ament_install']
[0.511s] Level 1:colcon.colcon_core.package_identification:_identify(edge_runtime/telemetry) by extension 'ignore'
[0.511s] Level 1:colcon.colcon_core.package_identification:_identify(edge_runtime/telemetry) by extension 'ignore_ament_install'
[0.511s] Level 1:colcon.colcon_core.package_identification:_identify(edge_runtime/telemetry) by extensions ['colcon_pkg']
[0.512s] Level 1:colcon.colcon_core.package_identification:_identify(edge_runtime/telemetry) by extension 'colcon_pkg'
[0.512s] Level 1:colcon.colcon_core.package_identification:_identify(edge_runtime/telemetry) by extensions ['colcon_meta']
[0.512s] Level 1:colcon.colcon_core.package_identification:_identify(edge_runtime/telemetry) by extension 'colcon_meta'
[0.512s] Level 1:colcon.colcon_core.package_identification:_identify(edge_runtime/telemetry) by extensions ['ros']
[0.512s] Level 1:colcon.colcon_core.package_identification:_identify(edge_runtime/telemetry) by extension 'ros'
[0.512s] Level 1:colcon.colcon_core.package_identification:_identify(edge_runtime/telemetry) by extensions ['cmake', 'python']
[0.512s] Level 1:colcon.colcon_core.package_identification:_identify(edge_runtime/telemetry) by extension 'cmake'
[0.512s] Level 1:colcon.colcon_core.package_identification:_identify(edge_runtime/telemetry) by extension 'python'
[0.512s] Level 1:colcon.colcon_core.package_identification:_identify(edge_runtime/telemetry) by extensions ['python_setup_py']
[0.512s] Level 1:colcon.colcon_core.package_identification:_identify(edge_runtime/telemetry) by extension 'python_setup_py'
[0.513s] Level 1:colcon.colcon_core.package_identification:_identify(foxy) by extensions ['ignore', 'ignore_ament_install']
[0.513s] Level 1:colcon.colcon_core.package_identification:_identify(foxy) by extension 'ignore'
[0.513s] Level 1:colcon.colcon_core.package_identification:_identify(foxy) by extension 'ignore_ament_install'
[0.513s] Level 1:colcon.colcon_core.package_identification:_identify(foxy) by extensions ['colcon_pkg']
[0.513s] Level 1:colcon.colcon_core.package_identification:_identify(foxy) by extension 'colcon_pkg'
[0.513s] Level 1:colcon.colcon_core.package_identification:_identify(foxy) by extensions ['colcon_meta']
[0.513s] Level 1:colcon.colcon_core.package_identification:_identify(foxy) by extension 'colcon_meta'
[0.513s] Level 1:colcon.colcon_core.package_identification:_identify(foxy) by extensions ['ros']
[0.513s] Level 1:colcon.colcon_core.package_identification:_identify(foxy) by extension 'ros'
[0.513s] Level 1:colcon.colcon_core.package_identification:_identify(foxy) by extensions ['cmake', 'python']
[0.513s] Level 1:colcon.colcon_core.package_identification:_identify(foxy) by extension 'cmake'
[0.513s] Level 1:colcon.colcon_core.package_identification:_identify(foxy) by extension 'python'
[0.513s] Level 1:colcon.colcon_core.package_identification:_identify(foxy) by extensions ['python_setup_py']
[0.513s] Level 1:colcon.colcon_core.package_identification:_identify(foxy) by extension 'python_setup_py'
[0.514s] Level 1:colcon.colcon_core.package_identification:_identify(g1_nav2) by extensions ['ignore', 'ignore_ament_install']
[0.514s] Level 1:colcon.colcon_core.package_identification:_identify(g1_nav2) by extension 'ignore'
[0.514s] Level 1:colcon.colcon_core.package_identification:_identify(g1_nav2) by extension 'ignore_ament_install'
[0.514s] Level 1:colcon.colcon_core.package_identification:_identify(g1_nav2) by extensions ['colcon_pkg']
[0.514s] Level 1:colcon.colcon_core.package_identification:_identify(g1_nav2) by extension 'colcon_pkg'
[0.514s] Level 1:colcon.colcon_core.package_identification:_identify(g1_nav2) by extensions ['colcon_meta']
[0.514s] Level 1:colcon.colcon_core.package_identification:_identify(g1_nav2) by extension 'colcon_meta'
[0.514s] Level 1:colcon.colcon_core.package_identification:_identify(g1_nav2) by extensions ['ros']
[0.514s] Level 1:colcon.colcon_core.package_identification:_identify(g1_nav2) by extension 'ros'
[0.514s] Level 1:colcon.colcon_core.package_identification:_identify(g1_nav2) by extensions ['cmake', 'python']
[0.514s] Level 1:colcon.colcon_core.package_identification:_identify(g1_nav2) by extension 'cmake'
[0.514s] Level 1:colcon.colcon_core.package_identification:_identify(g1_nav2) by extension 'python'
[0.515s] Level 1:colcon.colcon_core.package_identification:_identify(g1_nav2) by extensions ['python_setup_py']
[0.515s] Level 1:colcon.colcon_core.package_identification:_identify(g1_nav2) by extension 'python_setup_py'
[0.515s] Level 1:colcon.colcon_core.package_identification:_identify(g1_sport_mode_ros) by extensions ['ignore', 'ignore_ament_install']
[0.515s] Level 1:colcon.colcon_core.package_identification:_identify(g1_sport_mode_ros) by extension 'ignore'
[0.515s] Level 1:colcon.colcon_core.package_identification:_identify(g1_sport_mode_ros) by extension 'ignore_ament_install'
[0.515s] Level 1:colcon.colcon_core.package_identification:_identify(g1_sport_mode_ros) by extensions ['colcon_pkg']
[0.515s] Level 1:colcon.colcon_core.package_identification:_identify(g1_sport_mode_ros) by extension 'colcon_pkg'
[0.515s] Level 1:colcon.colcon_core.package_identification:_identify(g1_sport_mode_ros) by extensions ['colcon_meta']
[0.515s] Level 1:colcon.colcon_core.package_identification:_identify(g1_sport_mode_ros) by extension 'colcon_meta'
[0.516s] Level 1:colcon.colcon_core.package_identification:_identify(g1_sport_mode_ros) by extensions ['ros']
[0.516s] Level 1:colcon.colcon_core.package_identification:_identify(g1_sport_mode_ros) by extension 'ros'
[0.521s] DEBUG:colcon.colcon_core.package_identification:Package 'g1_sport_mode_ros' with type 'ros.ament_cmake' and name 'g1_sport_mode_ros'
[0.521s] Level 1:colcon.colcon_core.package_identification:_identify(install) by extensions ['ignore', 'ignore_ament_install']
[0.521s] Level 1:colcon.colcon_core.package_identification:_identify(install) by extension 'ignore'
[0.521s] Level 1:colcon.colcon_core.package_identification:_identify(install) ignored
[0.521s] Level 1:colcon.colcon_core.package_identification:_identify(log) by extensions ['ignore', 'ignore_ament_install']
[0.522s] Level 1:colcon.colcon_core.package_identification:_identify(log) by extension 'ignore'
[0.522s] Level 1:colcon.colcon_core.package_identification:_identify(log) ignored
[0.523s] Level 1:colcon.colcon_core.package_identification:_identify(modules) by extensions ['ignore', 'ignore_ament_install']
[0.524s] Level 1:colcon.colcon_core.package_identification:_identify(modules) by extension 'ignore'
[0.524s] Level 1:colcon.colcon_core.package_identification:_identify(modules) by extension 'ignore_ament_install'
[0.524s] Level 1:colcon.colcon_core.package_identification:_identify(modules) by extensions ['colcon_pkg']
[0.524s] Level 1:colcon.colcon_core.package_identification:_identify(modules) by extension 'colcon_pkg'
[0.524s] Level 1:colcon.colcon_core.package_identification:_identify(modules) by extensions ['colcon_meta']
[0.524s] Level 1:colcon.colcon_core.package_identification:_identify(modules) by extension 'colcon_meta'
[0.524s] Level 1:colcon.colcon_core.package_identification:_identify(modules) by extensions ['ros']
[0.524s] Level 1:colcon.colcon_core.package_identification:_identify(modules) by extension 'ros'
[0.524s] Level 1:colcon.colcon_core.package_identification:_identify(modules) by extensions ['cmake', 'python']
[0.524s] Level 1:colcon.colcon_core.package_identification:_identify(modules) by extension 'cmake'
[0.524s] Level 1:colcon.colcon_core.package_identification:_identify(modules) by extension 'python'
[0.524s] Level 1:colcon.colcon_core.package_identification:_identify(modules) by extensions ['python_setup_py']
[0.524s] Level 1:colcon.colcon_core.package_identification:_identify(modules) by extension 'python_setup_py'
[0.525s] Level 1:colcon.colcon_core.package_identification:_identify(modules/scripts) by extensions ['ignore', 'ignore_ament_install']
[0.525s] Level 1:colcon.colcon_core.package_identification:_identify(modules/scripts) by extension 'ignore'
[0.525s] Level 1:colcon.colcon_core.package_identification:_identify(modules/scripts) by extension 'ignore_ament_install'
[0.525s] Level 1:colcon.colcon_core.package_identification:_identify(modules/scripts) by extensions ['colcon_pkg']
[0.525s] Level 1:colcon.colcon_core.package_identification:_identify(modules/scripts) by extension 'colcon_pkg'
[0.525s] Level 1:colcon.colcon_core.package_identification:_identify(modules/scripts) by extensions ['colcon_meta']
[0.525s] Level 1:colcon.colcon_core.package_identification:_identify(modules/scripts) by extension 'colcon_meta'
[0.525s] Level 1:colcon.colcon_core.package_identification:_identify(modules/scripts) by extensions ['ros']
[0.525s] Level 1:colcon.colcon_core.package_identification:_identify(modules/scripts) by extension 'ros'
[0.525s] Level 1:colcon.colcon_core.package_identification:_identify(modules/scripts) by extensions ['cmake', 'python']
[0.525s] Level 1:colcon.colcon_core.package_identification:_identify(modules/scripts) by extension 'cmake'
[0.525s] Level 1:colcon.colcon_core.package_identification:_identify(modules/scripts) by extension 'python'
[0.525s] Level 1:colcon.colcon_core.package_identification:_identify(modules/scripts) by extensions ['python_setup_py']
[0.525s] Level 1:colcon.colcon_core.package_identification:_identify(modules/scripts) by extension 'python_setup_py'
[0.526s] Level 1:colcon.colcon_core.package_identification:_identify(modules/scripts/regression_arm_outputs) by extensions ['ignore', 'ignore_ament_install']
[0.526s] Level 1:colcon.colcon_core.package_identification:_identify(modules/scripts/regression_arm_outputs) by extension 'ignore'
[0.526s] Level 1:colcon.colcon_core.package_identification:_identify(modules/scripts/regression_arm_outputs) by extension 'ignore_ament_install'
[0.526s] Level 1:colcon.colcon_core.package_identification:_identify(modules/scripts/regression_arm_outputs) by extensions ['colcon_pkg']
[0.526s] Level 1:colcon.colcon_core.package_identification:_identify(modules/scripts/regression_arm_outputs) by extension 'colcon_pkg'
[0.526s] Level 1:colcon.colcon_core.package_identification:_identify(modules/scripts/regression_arm_outputs) by extensions ['colcon_meta']
[0.526s] Level 1:colcon.colcon_core.package_identification:_identify(modules/scripts/regression_arm_outputs) by extension 'colcon_meta'
[0.526s] Level 1:colcon.colcon_core.package_identification:_identify(modules/scripts/regression_arm_outputs) by extensions ['ros']
[0.526s] Level 1:colcon.colcon_core.package_identification:_identify(modules/scripts/regression_arm_outputs) by extension 'ros'
[0.526s] Level 1:colcon.colcon_core.package_identification:_identify(modules/scripts/regression_arm_outputs) by extensions ['cmake', 'python']
[0.526s] Level 1:colcon.colcon_core.package_identification:_identify(modules/scripts/regression_arm_outputs) by extension 'cmake'
[0.526s] Level 1:colcon.colcon_core.package_identification:_identify(modules/scripts/regression_arm_outputs) by extension 'python'
[0.527s] Level 1:colcon.colcon_core.package_identification:_identify(modules/scripts/regression_arm_outputs) by extensions ['python_setup_py']
[0.527s] Level 1:colcon.colcon_core.package_identification:_identify(modules/scripts/regression_arm_outputs) by extension 'python_setup_py'
[0.527s] Level 1:colcon.colcon_core.package_identification:_identify(noetic) by extensions ['ignore', 'ignore_ament_install']
[0.527s] Level 1:colcon.colcon_core.package_identification:_identify(noetic) by extension 'ignore'
[0.527s] Level 1:colcon.colcon_core.package_identification:_identify(noetic) by extension 'ignore_ament_install'
[0.527s] Level 1:colcon.colcon_core.package_identification:_identify(noetic) by extensions ['colcon_pkg']
[0.527s] Level 1:colcon.colcon_core.package_identification:_identify(noetic) by extension 'colcon_pkg'
[0.527s] Level 1:colcon.colcon_core.package_identification:_identify(noetic) by extensions ['colcon_meta']
[0.527s] Level 1:colcon.colcon_core.package_identification:_identify(noetic) by extension 'colcon_meta'
[0.528s] Level 1:colcon.colcon_core.package_identification:_identify(noetic) by extensions ['ros']
[0.528s] Level 1:colcon.colcon_core.package_identification:_identify(noetic) by extension 'ros'
[0.528s] Level 1:colcon.colcon_core.package_identification:_identify(noetic) by extensions ['cmake', 'python']
[0.528s] Level 1:colcon.colcon_core.package_identification:_identify(noetic) by extension 'cmake'
[0.528s] Level 1:colcon.colcon_core.package_identification:_identify(noetic) by extension 'python'
[0.528s] Level 1:colcon.colcon_core.package_identification:_identify(noetic) by extensions ['python_setup_py']
[0.528s] Level 1:colcon.colcon_core.package_identification:_identify(noetic) by extension 'python_setup_py'
[0.528s] Level 1:colcon.colcon_core.package_identification:_identify(scripts) by extensions ['ignore', 'ignore_ament_install']
[0.528s] Level 1:colcon.colcon_core.package_identification:_identify(scripts) by extension 'ignore'
[0.528s] Level 1:colcon.colcon_core.package_identification:_identify(scripts) by extension 'ignore_ament_install'
[0.528s] Level 1:colcon.colcon_core.package_identification:_identify(scripts) by extensions ['colcon_pkg']
[0.528s] Level 1:colcon.colcon_core.package_identification:_identify(scripts) by extension 'colcon_pkg'
[0.528s] Level 1:colcon.colcon_core.package_identification:_identify(scripts) by extensions ['colcon_meta']
[0.529s] Level 1:colcon.colcon_core.package_identification:_identify(scripts) by extension 'colcon_meta'
[0.529s] Level 1:colcon.colcon_core.package_identification:_identify(scripts) by extensions ['ros']
[0.529s] Level 1:colcon.colcon_core.package_identification:_identify(scripts) by extension 'ros'
[0.529s] Level 1:colcon.colcon_core.package_identification:_identify(scripts) by extensions ['cmake', 'python']
[0.529s] Level 1:colcon.colcon_core.package_identification:_identify(scripts) by extension 'cmake'
[0.529s] Level 1:colcon.colcon_core.package_identification:_identify(scripts) by extension 'python'
[0.529s] Level 1:colcon.colcon_core.package_identification:_identify(scripts) by extensions ['python_setup_py']
[0.529s] Level 1:colcon.colcon_core.package_identification:_identify(scripts) by extension 'python_setup_py'
[0.529s] Level 1:colcon.colcon_core.package_identification:_identify(scripts/arm_motion) by extensions ['ignore', 'ignore_ament_install']
[0.529s] Level 1:colcon.colcon_core.package_identification:_identify(scripts/arm_motion) by extension 'ignore'
[0.529s] Level 1:colcon.colcon_core.package_identification:_identify(scripts/arm_motion) by extension 'ignore_ament_install'
[0.530s] Level 1:colcon.colcon_core.package_identification:_identify(scripts/arm_motion) by extensions ['colcon_pkg']
[0.530s] Level 1:colcon.colcon_core.package_identification:_identify(scripts/arm_motion) by extension 'colcon_pkg'
[0.530s] Level 1:colcon.colcon_core.package_identification:_identify(scripts/arm_motion) by extensions ['colcon_meta']
[0.530s] Level 1:colcon.colcon_core.package_identification:_identify(scripts/arm_motion) by extension 'colcon_meta'
[0.530s] Level 1:colcon.colcon_core.package_identification:_identify(scripts/arm_motion) by extensions ['ros']
[0.530s] Level 1:colcon.colcon_core.package_identification:_identify(scripts/arm_motion) by extension 'ros'
[0.530s] Level 1:colcon.colcon_core.package_identification:_identify(scripts/arm_motion) by extensions ['cmake', 'python']
[0.530s] Level 1:colcon.colcon_core.package_identification:_identify(scripts/arm_motion) by extension 'cmake'
[0.530s] Level 1:colcon.colcon_core.package_identification:_identify(scripts/arm_motion) by extension 'python'
[0.530s] Level 1:colcon.colcon_core.package_identification:_identify(scripts/arm_motion) by extensions ['python_setup_py']
[0.530s] Level 1:colcon.colcon_core.package_identification:_identify(scripts/arm_motion) by extension 'python_setup_py'
[0.530s] Level 1:colcon.colcon_core.package_identification:_identify(scripts/arm_motion/pbd) by extensions ['ignore', 'ignore_ament_install']
[0.530s] Level 1:colcon.colcon_core.package_identification:_identify(scripts/arm_motion/pbd) by extension 'ignore'
[0.531s] Level 1:colcon.colcon_core.package_identification:_identify(scripts/arm_motion/pbd) by extension 'ignore_ament_install'
[0.531s] Level 1:colcon.colcon_core.package_identification:_identify(scripts/arm_motion/pbd) by extensions ['colcon_pkg']
[0.531s] Level 1:colcon.colcon_core.package_identification:_identify(scripts/arm_motion/pbd) by extension 'colcon_pkg'
[0.531s] Level 1:colcon.colcon_core.package_identification:_identify(scripts/arm_motion/pbd) by extensions ['colcon_meta']
[0.531s] Level 1:colcon.colcon_core.package_identification:_identify(scripts/arm_motion/pbd) by extension 'colcon_meta'
[0.531s] Level 1:colcon.colcon_core.package_identification:_identify(scripts/arm_motion/pbd) by extensions ['ros']
[0.531s] Level 1:colcon.colcon_core.package_identification:_identify(scripts/arm_motion/pbd) by extension 'ros'
[0.531s] Level 1:colcon.colcon_core.package_identification:_identify(scripts/arm_motion/pbd) by extensions ['cmake', 'python']
[0.531s] Level 1:colcon.colcon_core.package_identification:_identify(scripts/arm_motion/pbd) by extension 'cmake'
[0.531s] Level 1:colcon.colcon_core.package_identification:_identify(scripts/arm_motion/pbd) by extension 'python'
[0.531s] Level 1:colcon.colcon_core.package_identification:_identify(scripts/arm_motion/pbd) by extensions ['python_setup_py']
[0.531s] Level 1:colcon.colcon_core.package_identification:_identify(scripts/arm_motion/pbd) by extension 'python_setup_py'
[0.532s] Level 1:colcon.colcon_core.package_identification:_identify(scripts/arm_motion/pbd/motion_databse) by extensions ['ignore', 'ignore_ament_install']
[0.532s] Level 1:colcon.colcon_core.package_identification:_identify(scripts/arm_motion/pbd/motion_databse) by extension 'ignore'
[0.532s] Level 1:colcon.colcon_core.package_identification:_identify(scripts/arm_motion/pbd/motion_databse) by extension 'ignore_ament_install'
[0.532s] Level 1:colcon.colcon_core.package_identification:_identify(scripts/arm_motion/pbd/motion_databse) by extensions ['colcon_pkg']
[0.532s] Level 1:colcon.colcon_core.package_identification:_identify(scripts/arm_motion/pbd/motion_databse) by extension 'colcon_pkg'
[0.532s] Level 1:colcon.colcon_core.package_identification:_identify(scripts/arm_motion/pbd/motion_databse) by extensions ['colcon_meta']
[0.532s] Level 1:colcon.colcon_core.package_identification:_identify(scripts/arm_motion/pbd/motion_databse) by extension 'colcon_meta'
[0.532s] Level 1:colcon.colcon_core.package_identification:_identify(scripts/arm_motion/pbd/motion_databse) by extensions ['ros']
[0.532s] Level 1:colcon.colcon_core.package_identification:_identify(scripts/arm_motion/pbd/motion_databse) by extension 'ros'
[0.532s] Level 1:colcon.colcon_core.package_identification:_identify(scripts/arm_motion/pbd/motion_databse) by extensions ['cmake', 'python']
[0.532s] Level 1:colcon.colcon_core.package_identification:_identify(scripts/arm_motion/pbd/motion_databse) by extension 'cmake'
[0.532s] Level 1:colcon.colcon_core.package_identification:_identify(scripts/arm_motion/pbd/motion_databse) by extension 'python'
[0.532s] Level 1:colcon.colcon_core.package_identification:_identify(scripts/arm_motion/pbd/motion_databse) by extensions ['python_setup_py']
[0.532s] Level 1:colcon.colcon_core.package_identification:_identify(scripts/arm_motion/pbd/motion_databse) by extension 'python_setup_py'
[0.533s] Level 1:colcon.colcon_core.package_identification:_identify(scripts/arm_motion/pbd/safety) by extensions ['ignore', 'ignore_ament_install']
[0.533s] Level 1:colcon.colcon_core.package_identification:_identify(scripts/arm_motion/pbd/safety) by extension 'ignore'
[0.533s] Level 1:colcon.colcon_core.package_identification:_identify(scripts/arm_motion/pbd/safety) by extension 'ignore_ament_install'
[0.533s] Level 1:colcon.colcon_core.package_identification:_identify(scripts/arm_motion/pbd/safety) by extensions ['colcon_pkg']
[0.533s] Level 1:colcon.colcon_core.package_identification:_identify(scripts/arm_motion/pbd/safety) by extension 'colcon_pkg'
[0.533s] Level 1:colcon.colcon_core.package_identification:_identify(scripts/arm_motion/pbd/safety) by extensions ['colcon_meta']
[0.533s] Level 1:colcon.colcon_core.package_identification:_identify(scripts/arm_motion/pbd/safety) by extension 'colcon_meta'
[0.533s] Level 1:colcon.colcon_core.package_identification:_identify(scripts/arm_motion/pbd/safety) by extensions ['ros']
[0.533s] Level 1:colcon.colcon_core.package_identification:_identify(scripts/arm_motion/pbd/safety) by extension 'ros'
[0.533s] Level 1:colcon.colcon_core.package_identification:_identify(scripts/arm_motion/pbd/safety) by extensions ['cmake', 'python']
[0.533s] Level 1:colcon.colcon_core.package_identification:_identify(scripts/arm_motion/pbd/safety) by extension 'cmake'
[0.533s] Level 1:colcon.colcon_core.package_identification:_identify(scripts/arm_motion/pbd/safety) by extension 'python'
[0.533s] Level 1:colcon.colcon_core.package_identification:_identify(scripts/arm_motion/pbd/safety) by extensions ['python_setup_py']
[0.533s] Level 1:colcon.colcon_core.package_identification:_identify(scripts/arm_motion/pbd/safety) by extension 'python_setup_py'
[0.534s] Level 1:colcon.colcon_core.package_identification:_identify(scripts/arm_motion/safety) by extensions ['ignore', 'ignore_ament_install']
[0.534s] Level 1:colcon.colcon_core.package_identification:_identify(scripts/arm_motion/safety) by extension 'ignore'
[0.534s] Level 1:colcon.colcon_core.package_identification:_identify(scripts/arm_motion/safety) by extension 'ignore_ament_install'
[0.534s] Level 1:colcon.colcon_core.package_identification:_identify(scripts/arm_motion/safety) by extensions ['colcon_pkg']
[0.534s] Level 1:colcon.colcon_core.package_identification:_identify(scripts/arm_motion/safety) by extension 'colcon_pkg'
[0.534s] Level 1:colcon.colcon_core.package_identification:_identify(scripts/arm_motion/safety) by extensions ['colcon_meta']
[0.534s] Level 1:colcon.colcon_core.package_identification:_identify(scripts/arm_motion/safety) by extension 'colcon_meta'
[0.534s] Level 1:colcon.colcon_core.package_identification:_identify(scripts/arm_motion/safety) by extensions ['ros']
[0.534s] Level 1:colcon.colcon_core.package_identification:_identify(scripts/arm_motion/safety) by extension 'ros'
[0.534s] Level 1:colcon.colcon_core.package_identification:_identify(scripts/arm_motion/safety) by extensions ['cmake', 'python']
[0.534s] Level 1:colcon.colcon_core.package_identification:_identify(scripts/arm_motion/safety) by extension 'cmake'
[0.535s] Level 1:colcon.colcon_core.package_identification:_identify(scripts/arm_motion/safety) by extension 'python'
[0.535s] Level 1:colcon.colcon_core.package_identification:_identify(scripts/arm_motion/safety) by extensions ['python_setup_py']
[0.535s] Level 1:colcon.colcon_core.package_identification:_identify(scripts/arm_motion/safety) by extension 'python_setup_py'
[0.535s] Level 1:colcon.colcon_core.package_identification:_identify(scripts/basic) by extensions ['ignore', 'ignore_ament_install']
[0.535s] Level 1:colcon.colcon_core.package_identification:_identify(scripts/basic) by extension 'ignore'
[0.536s] Level 1:colcon.colcon_core.package_identification:_identify(scripts/basic) by extension 'ignore_ament_install'
[0.536s] Level 1:colcon.colcon_core.package_identification:_identify(scripts/basic) by extensions ['colcon_pkg']
[0.536s] Level 1:colcon.colcon_core.package_identification:_identify(scripts/basic) by extension 'colcon_pkg'
[0.536s] Level 1:colcon.colcon_core.package_identification:_identify(scripts/basic) by extensions ['colcon_meta']
[0.536s] Level 1:colcon.colcon_core.package_identification:_identify(scripts/basic) by extension 'colcon_meta'
[0.536s] Level 1:colcon.colcon_core.package_identification:_identify(scripts/basic) by extensions ['ros']
[0.536s] Level 1:colcon.colcon_core.package_identification:_identify(scripts/basic) by extension 'ros'
[0.536s] Level 1:colcon.colcon_core.package_identification:_identify(scripts/basic) by extensions ['cmake', 'python']
[0.536s] Level 1:colcon.colcon_core.package_identification:_identify(scripts/basic) by extension 'cmake'
[0.536s] Level 1:colcon.colcon_core.package_identification:_identify(scripts/basic) by extension 'python'
[0.536s] Level 1:colcon.colcon_core.package_identification:_identify(scripts/basic) by extensions ['python_setup_py']
[0.536s] Level 1:colcon.colcon_core.package_identification:_identify(scripts/basic) by extension 'python_setup_py'
[0.537s] Level 1:colcon.colcon_core.package_identification:_identify(scripts/basic/audio) by extensions ['ignore', 'ignore_ament_install']
[0.537s] Level 1:colcon.colcon_core.package_identification:_identify(scripts/basic/audio) by extension 'ignore'
[0.537s] Level 1:colcon.colcon_core.package_identification:_identify(scripts/basic/audio) by extension 'ignore_ament_install'
[0.537s] Level 1:colcon.colcon_core.package_identification:_identify(scripts/basic/audio) by extensions ['colcon_pkg']
[0.537s] Level 1:colcon.colcon_core.package_identification:_identify(scripts/basic/audio) by extension 'colcon_pkg'
[0.537s] Level 1:colcon.colcon_core.package_identification:_identify(scripts/basic/audio) by extensions ['colcon_meta']
[0.537s] Level 1:colcon.colcon_core.package_identification:_identify(scripts/basic/audio) by extension 'colcon_meta'
[0.537s] Level 1:colcon.colcon_core.package_identification:_identify(scripts/basic/audio) by extensions ['ros']
[0.537s] Level 1:colcon.colcon_core.package_identification:_identify(scripts/basic/audio) by extension 'ros'
[0.537s] Level 1:colcon.colcon_core.package_identification:_identify(scripts/basic/audio) by extensions ['cmake', 'python']
[0.537s] Level 1:colcon.colcon_core.package_identification:_identify(scripts/basic/audio) by extension 'cmake'
[0.537s] Level 1:colcon.colcon_core.package_identification:_identify(scripts/basic/audio) by extension 'python'
[0.537s] Level 1:colcon.colcon_core.package_identification:_identify(scripts/basic/audio) by extensions ['python_setup_py']
[0.537s] Level 1:colcon.colcon_core.package_identification:_identify(scripts/basic/audio) by extension 'python_setup_py'
[0.538s] Level 1:colcon.colcon_core.package_identification:_identify(scripts/basic/headlight_client) by extensions ['ignore', 'ignore_ament_install']
[0.538s] Level 1:colcon.colcon_core.package_identification:_identify(scripts/basic/headlight_client) by extension 'ignore'
[0.538s] Level 1:colcon.colcon_core.package_identification:_identify(scripts/basic/headlight_client) by extension 'ignore_ament_install'
[0.538s] Level 1:colcon.colcon_core.package_identification:_identify(scripts/basic/headlight_client) by extensions ['colcon_pkg']
[0.538s] Level 1:colcon.colcon_core.package_identification:_identify(scripts/basic/headlight_client) by extension 'colcon_pkg'
[0.538s] Level 1:colcon.colcon_core.package_identification:_identify(scripts/basic/headlight_client) by extensions ['colcon_meta']
[0.538s] Level 1:colcon.colcon_core.package_identification:_identify(scripts/basic/headlight_client) by extension 'colcon_meta'
[0.538s] Level 1:colcon.colcon_core.package_identification:_identify(scripts/basic/headlight_client) by extensions ['ros']
[0.538s] Level 1:colcon.colcon_core.package_identification:_identify(scripts/basic/headlight_client) by extension 'ros'
[0.538s] Level 1:colcon.colcon_core.package_identification:_identify(scripts/basic/headlight_client) by extensions ['cmake', 'python']
[0.538s] Level 1:colcon.colcon_core.package_identification:_identify(scripts/basic/headlight_client) by extension 'cmake'
[0.538s] Level 1:colcon.colcon_core.package_identification:_identify(scripts/basic/headlight_client) by extension 'python'
[0.538s] Level 1:colcon.colcon_core.package_identification:_identify(scripts/basic/headlight_client) by extensions ['python_setup_py']
[0.538s] Level 1:colcon.colcon_core.package_identification:_identify(scripts/basic/headlight_client) by extension 'python_setup_py'
[0.539s] Level 1:colcon.colcon_core.package_identification:_identify(scripts/basic/safety) by extensions ['ignore', 'ignore_ament_install']
[0.539s] Level 1:colcon.colcon_core.package_identification:_identify(scripts/basic/safety) by extension 'ignore'
[0.539s] Level 1:colcon.colcon_core.package_identification:_identify(scripts/basic/safety) by extension 'ignore_ament_install'
[0.539s] Level 1:colcon.colcon_core.package_identification:_identify(scripts/basic/safety) by extensions ['colcon_pkg']
[0.539s] Level 1:colcon.colcon_core.package_identification:_identify(scripts/basic/safety) by extension 'colcon_pkg'
[0.539s] Level 1:colcon.colcon_core.package_identification:_identify(scripts/basic/safety) by extensions ['colcon_meta']
[0.539s] Level 1:colcon.colcon_core.package_identification:_identify(scripts/basic/safety) by extension 'colcon_meta'
[0.539s] Level 1:colcon.colcon_core.package_identification:_identify(scripts/basic/safety) by extensions ['ros']
[0.539s] Level 1:colcon.colcon_core.package_identification:_identify(scripts/basic/safety) by extension 'ros'
[0.540s] Level 1:colcon.colcon_core.package_identification:_identify(scripts/basic/safety) by extensions ['cmake', 'python']
[0.540s] Level 1:colcon.colcon_core.package_identification:_identify(scripts/basic/safety) by extension 'cmake'
[0.540s] Level 1:colcon.colcon_core.package_identification:_identify(scripts/basic/safety) by extension 'python'
[0.540s] Level 1:colcon.colcon_core.package_identification:_identify(scripts/basic/safety) by extensions ['python_setup_py']
[0.540s] Level 1:colcon.colcon_core.package_identification:_identify(scripts/basic/safety) by extension 'python_setup_py'
[0.540s] Level 1:colcon.colcon_core.package_identification:_identify(scripts/dev) by extensions ['ignore', 'ignore_ament_install']
[0.540s] Level 1:colcon.colcon_core.package_identification:_identify(scripts/dev) by extension 'ignore'
[0.540s] Level 1:colcon.colcon_core.package_identification:_identify(scripts/dev) by extension 'ignore_ament_install'
[0.540s] Level 1:colcon.colcon_core.package_identification:_identify(scripts/dev) by extensions ['colcon_pkg']
[0.540s] Level 1:colcon.colcon_core.package_identification:_identify(scripts/dev) by extension 'colcon_pkg'
[0.540s] Level 1:colcon.colcon_core.package_identification:_identify(scripts/dev) by extensions ['colcon_meta']
[0.540s] Level 1:colcon.colcon_core.package_identification:_identify(scripts/dev) by extension 'colcon_meta'
[0.541s] Level 1:colcon.colcon_core.package_identification:_identify(scripts/dev) by extensions ['ros']
[0.541s] Level 1:colcon.colcon_core.package_identification:_identify(scripts/dev) by extension 'ros'
[0.541s] Level 1:colcon.colcon_core.package_identification:_identify(scripts/dev) by extensions ['cmake', 'python']
[0.541s] Level 1:colcon.colcon_core.package_identification:_identify(scripts/dev) by extension 'cmake'
[0.541s] Level 1:colcon.colcon_core.package_identification:_identify(scripts/dev) by extension 'python'
[0.541s] Level 1:colcon.colcon_core.package_identification:_identify(scripts/dev) by extensions ['python_setup_py']
[0.541s] Level 1:colcon.colcon_core.package_identification:_identify(scripts/dev) by extension 'python_setup_py'
[0.541s] Level 1:colcon.colcon_core.package_identification:_identify(scripts/dev/VLA) by extensions ['ignore', 'ignore_ament_install']
[0.541s] Level 1:colcon.colcon_core.package_identification:_identify(scripts/dev/VLA) by extension 'ignore'
[0.541s] Level 1:colcon.colcon_core.package_identification:_identify(scripts/dev/VLA) by extension 'ignore_ament_install'
[0.542s] Level 1:colcon.colcon_core.package_identification:_identify(scripts/dev/VLA) by extensions ['colcon_pkg']
[0.542s] Level 1:colcon.colcon_core.package_identification:_identify(scripts/dev/VLA) by extension 'colcon_pkg'
[0.542s] Level 1:colcon.colcon_core.package_identification:_identify(scripts/dev/VLA) by extensions ['colcon_meta']
[0.542s] Level 1:colcon.colcon_core.package_identification:_identify(scripts/dev/VLA) by extension 'colcon_meta'
[0.542s] Level 1:colcon.colcon_core.package_identification:_identify(scripts/dev/VLA) by extensions ['ros']
[0.542s] Level 1:colcon.colcon_core.package_identification:_identify(scripts/dev/VLA) by extension 'ros'
[0.542s] Level 1:colcon.colcon_core.package_identification:_identify(scripts/dev/VLA) by extensions ['cmake', 'python']
[0.542s] Level 1:colcon.colcon_core.package_identification:_identify(scripts/dev/VLA) by extension 'cmake'
[0.542s] Level 1:colcon.colcon_core.package_identification:_identify(scripts/dev/VLA) by extension 'python'
[0.542s] Level 1:colcon.colcon_core.package_identification:_identify(scripts/dev/VLA) by extensions ['python_setup_py']
[0.542s] Level 1:colcon.colcon_core.package_identification:_identify(scripts/dev/VLA) by extension 'python_setup_py'
[0.542s] Level 1:colcon.colcon_core.package_identification:_identify(scripts/dev/VLA/stack2) by extensions ['ignore', 'ignore_ament_install']
[0.542s] Level 1:colcon.colcon_core.package_identification:_identify(scripts/dev/VLA/stack2) by extension 'ignore'
[0.543s] Level 1:colcon.colcon_core.package_identification:_identify(scripts/dev/VLA/stack2) by extension 'ignore_ament_install'
[0.543s] Level 1:colcon.colcon_core.package_identification:_identify(scripts/dev/VLA/stack2) by extensions ['colcon_pkg']
[0.543s] Level 1:colcon.colcon_core.package_identification:_identify(scripts/dev/VLA/stack2) by extension 'colcon_pkg'
[0.543s] Level 1:colcon.colcon_core.package_identification:_identify(scripts/dev/VLA/stack2) by extensions ['colcon_meta']
[0.543s] Level 1:colcon.colcon_core.package_identification:_identify(scripts/dev/VLA/stack2) by extension 'colcon_meta'
[0.543s] Level 1:colcon.colcon_core.package_identification:_identify(scripts/dev/VLA/stack2) by extensions ['ros']
[0.543s] Level 1:colcon.colcon_core.package_identification:_identify(scripts/dev/VLA/stack2) by extension 'ros'
[0.543s] Level 1:colcon.colcon_core.package_identification:_identify(scripts/dev/VLA/stack2) by extensions ['cmake', 'python']
[0.543s] Level 1:colcon.colcon_core.package_identification:_identify(scripts/dev/VLA/stack2) by extension 'cmake'
[0.543s] Level 1:colcon.colcon_core.package_identification:_identify(scripts/dev/VLA/stack2) by extension 'python'
[0.543s] Level 1:colcon.colcon_core.package_identification:_identify(scripts/dev/VLA/stack2) by extensions ['python_setup_py']
[0.543s] Level 1:colcon.colcon_core.package_identification:_identify(scripts/dev/VLA/stack2) by extension 'python_setup_py'
[0.544s] Level 1:colcon.colcon_core.package_identification:_identify(scripts/dev/VLA/stack_1) by extensions ['ignore', 'ignore_ament_install']
[0.544s] Level 1:colcon.colcon_core.package_identification:_identify(scripts/dev/VLA/stack_1) by extension 'ignore'
[0.544s] Level 1:colcon.colcon_core.package_identification:_identify(scripts/dev/VLA/stack_1) by extension 'ignore_ament_install'
[0.544s] Level 1:colcon.colcon_core.package_identification:_identify(scripts/dev/VLA/stack_1) by extensions ['colcon_pkg']
[0.544s] Level 1:colcon.colcon_core.package_identification:_identify(scripts/dev/VLA/stack_1) by extension 'colcon_pkg'
[0.544s] Level 1:colcon.colcon_core.package_identification:_identify(scripts/dev/VLA/stack_1) by extensions ['colcon_meta']
[0.544s] Level 1:colcon.colcon_core.package_identification:_identify(scripts/dev/VLA/stack_1) by extension 'colcon_meta'
[0.544s] Level 1:colcon.colcon_core.package_identification:_identify(scripts/dev/VLA/stack_1) by extensions ['ros']
[0.544s] Level 1:colcon.colcon_core.package_identification:_identify(scripts/dev/VLA/stack_1) by extension 'ros'
[0.544s] Level 1:colcon.colcon_core.package_identification:_identify(scripts/dev/VLA/stack_1) by extensions ['cmake', 'python']
[0.544s] Level 1:colcon.colcon_core.package_identification:_identify(scripts/dev/VLA/stack_1) by extension 'cmake'
[0.544s] Level 1:colcon.colcon_core.package_identification:_identify(scripts/dev/VLA/stack_1) by extension 'python'
[0.544s] Level 1:colcon.colcon_core.package_identification:_identify(scripts/dev/VLA/stack_1) by extensions ['python_setup_py']
[0.544s] Level 1:colcon.colcon_core.package_identification:_identify(scripts/dev/VLA/stack_1) by extension 'python_setup_py'
[0.545s] Level 1:colcon.colcon_core.package_identification:_identify(scripts/dev/imitation) by extensions ['ignore', 'ignore_ament_install']
[0.545s] Level 1:colcon.colcon_core.package_identification:_identify(scripts/dev/imitation) by extension 'ignore'
[0.545s] Level 1:colcon.colcon_core.package_identification:_identify(scripts/dev/imitation) by extension 'ignore_ament_install'
[0.545s] Level 1:colcon.colcon_core.package_identification:_identify(scripts/dev/imitation) by extensions ['colcon_pkg']
[0.545s] Level 1:colcon.colcon_core.package_identification:_identify(scripts/dev/imitation) by extension 'colcon_pkg'
[0.545s] Level 1:colcon.colcon_core.package_identification:_identify(scripts/dev/imitation) by extensions ['colcon_meta']
[0.545s] Level 1:colcon.colcon_core.package_identification:_identify(scripts/dev/imitation) by extension 'colcon_meta'
[0.545s] Level 1:colcon.colcon_core.package_identification:_identify(scripts/dev/imitation) by extensions ['ros']
[0.545s] Level 1:colcon.colcon_core.package_identification:_identify(scripts/dev/imitation) by extension 'ros'
[0.545s] Level 1:colcon.colcon_core.package_identification:_identify(scripts/dev/imitation) by extensions ['cmake', 'python']
[0.545s] Level 1:colcon.colcon_core.package_identification:_identify(scripts/dev/imitation) by extension 'cmake'
[0.545s] Level 1:colcon.colcon_core.package_identification:_identify(scripts/dev/imitation) by extension 'python'
[0.545s] Level 1:colcon.colcon_core.package_identification:_identify(scripts/dev/imitation) by extensions ['python_setup_py']
[0.545s] Level 1:colcon.colcon_core.package_identification:_identify(scripts/dev/imitation) by extension 'python_setup_py'
[0.546s] Level 1:colcon.colcon_core.package_identification:_identify(scripts/dev/imitation/stack_1) by extensions ['ignore', 'ignore_ament_install']
[0.546s] Level 1:colcon.colcon_core.package_identification:_identify(scripts/dev/imitation/stack_1) by extension 'ignore'
[0.546s] Level 1:colcon.colcon_core.package_identification:_identify(scripts/dev/imitation/stack_1) by extension 'ignore_ament_install'
[0.546s] Level 1:colcon.colcon_core.package_identification:_identify(scripts/dev/imitation/stack_1) by extensions ['colcon_pkg']
[0.546s] Level 1:colcon.colcon_core.package_identification:_identify(scripts/dev/imitation/stack_1) by extension 'colcon_pkg'
[0.546s] Level 1:colcon.colcon_core.package_identification:_identify(scripts/dev/imitation/stack_1) by extensions ['colcon_meta']
[0.546s] Level 1:colcon.colcon_core.package_identification:_identify(scripts/dev/imitation/stack_1) by extension 'colcon_meta'
[0.546s] Level 1:colcon.colcon_core.package_identification:_identify(scripts/dev/imitation/stack_1) by extensions ['ros']
[0.546s] Level 1:colcon.colcon_core.package_identification:_identify(scripts/dev/imitation/stack_1) by extension 'ros'
[0.546s] Level 1:colcon.colcon_core.package_identification:_identify(scripts/dev/imitation/stack_1) by extensions ['cmake', 'python']
[0.546s] Level 1:colcon.colcon_core.package_identification:_identify(scripts/dev/imitation/stack_1) by extension 'cmake'
[0.546s] Level 1:colcon.colcon_core.package_identification:_identify(scripts/dev/imitation/stack_1) by extension 'python'
[0.546s] Level 1:colcon.colcon_core.package_identification:_identify(scripts/dev/imitation/stack_1) by extensions ['python_setup_py']
[0.546s] Level 1:colcon.colcon_core.package_identification:_identify(scripts/dev/imitation/stack_1) by extension 'python_setup_py'
[0.547s] Level 1:colcon.colcon_core.package_identification:_identify(scripts/dev/other) by extensions ['ignore', 'ignore_ament_install']
[0.547s] Level 1:colcon.colcon_core.package_identification:_identify(scripts/dev/other) by extension 'ignore'
[0.547s] Level 1:colcon.colcon_core.package_identification:_identify(scripts/dev/other) by extension 'ignore_ament_install'
[0.547s] Level 1:colcon.colcon_core.package_identification:_identify(scripts/dev/other) by extensions ['colcon_pkg']
[0.547s] Level 1:colcon.colcon_core.package_identification:_identify(scripts/dev/other) by extension 'colcon_pkg'
[0.547s] Level 1:colcon.colcon_core.package_identification:_identify(scripts/dev/other) by extensions ['colcon_meta']
[0.547s] Level 1:colcon.colcon_core.package_identification:_identify(scripts/dev/other) by extension 'colcon_meta'
[0.547s] Level 1:colcon.colcon_core.package_identification:_identify(scripts/dev/other) by extensions ['ros']
[0.547s] Level 1:colcon.colcon_core.package_identification:_identify(scripts/dev/other) by extension 'ros'
[0.547s] Level 1:colcon.colcon_core.package_identification:_identify(scripts/dev/other) by extensions ['cmake', 'python']
[0.548s] Level 1:colcon.colcon_core.package_identification:_identify(scripts/dev/other) by extension 'cmake'
[0.548s] Level 1:colcon.colcon_core.package_identification:_identify(scripts/dev/other) by extension 'python'
[0.548s] Level 1:colcon.colcon_core.package_identification:_identify(scripts/dev/other) by extensions ['python_setup_py']
[0.548s] Level 1:colcon.colcon_core.package_identification:_identify(scripts/dev/other) by extension 'python_setup_py'
[0.548s] Level 1:colcon.colcon_core.package_identification:_identify(scripts/dev/other/maps) by extensions ['ignore', 'ignore_ament_install']
[0.548s] Level 1:colcon.colcon_core.package_identification:_identify(scripts/dev/other/maps) by extension 'ignore'
[0.548s] Level 1:colcon.colcon_core.package_identification:_identify(scripts/dev/other/maps) by extension 'ignore_ament_install'
[0.548s] Level 1:colcon.colcon_core.package_identification:_identify(scripts/dev/other/maps) by extensions ['colcon_pkg']
[0.548s] Level 1:colcon.colcon_core.package_identification:_identify(scripts/dev/other/maps) by extension 'colcon_pkg'
[0.548s] Level 1:colcon.colcon_core.package_identification:_identify(scripts/dev/other/maps) by extensions ['colcon_meta']
[0.548s] Level 1:colcon.colcon_core.package_identification:_identify(scripts/dev/other/maps) by extension 'colcon_meta'
[0.549s] Level 1:colcon.colcon_core.package_identification:_identify(scripts/dev/other/maps) by extensions ['ros']
[0.549s] Level 1:colcon.colcon_core.package_identification:_identify(scripts/dev/other/maps) by extension 'ros'
[0.549s] Level 1:colcon.colcon_core.package_identification:_identify(scripts/dev/other/maps) by extensions ['cmake', 'python']
[0.549s] Level 1:colcon.colcon_core.package_identification:_identify(scripts/dev/other/maps) by extension 'cmake'
[0.549s] Level 1:colcon.colcon_core.package_identification:_identify(scripts/dev/other/maps) by extension 'python'
[0.549s] Level 1:colcon.colcon_core.package_identification:_identify(scripts/dev/other/maps) by extensions ['python_setup_py']
[0.549s] Level 1:colcon.colcon_core.package_identification:_identify(scripts/dev/other/maps) by extension 'python_setup_py'
[0.549s] Level 1:colcon.colcon_core.package_identification:_identify(scripts/navigation) by extensions ['ignore', 'ignore_ament_install']
[0.549s] Level 1:colcon.colcon_core.package_identification:_identify(scripts/navigation) by extension 'ignore'
[0.550s] Level 1:colcon.colcon_core.package_identification:_identify(scripts/navigation) by extension 'ignore_ament_install'
[0.550s] Level 1:colcon.colcon_core.package_identification:_identify(scripts/navigation) by extensions ['colcon_pkg']
[0.550s] Level 1:colcon.colcon_core.package_identification:_identify(scripts/navigation) by extension 'colcon_pkg'
[0.550s] Level 1:colcon.colcon_core.package_identification:_identify(scripts/navigation) by extensions ['colcon_meta']
[0.550s] Level 1:colcon.colcon_core.package_identification:_identify(scripts/navigation) by extension 'colcon_meta'
[0.550s] Level 1:colcon.colcon_core.package_identification:_identify(scripts/navigation) by extensions ['ros']
[0.550s] Level 1:colcon.colcon_core.package_identification:_identify(scripts/navigation) by extension 'ros'
[0.550s] Level 1:colcon.colcon_core.package_identification:_identify(scripts/navigation) by extensions ['cmake', 'python']
[0.550s] Level 1:colcon.colcon_core.package_identification:_identify(scripts/navigation) by extension 'cmake'
[0.550s] Level 1:colcon.colcon_core.package_identification:_identify(scripts/navigation) by extension 'python'
[0.550s] Level 1:colcon.colcon_core.package_identification:_identify(scripts/navigation) by extensions ['python_setup_py']
[0.550s] Level 1:colcon.colcon_core.package_identification:_identify(scripts/navigation) by extension 'python_setup_py'
[0.550s] Level 1:colcon.colcon_core.package_identification:_identify(scripts/navigation/obstacle_avoidance) by extensions ['ignore', 'ignore_ament_install']
[0.550s] Level 1:colcon.colcon_core.package_identification:_identify(scripts/navigation/obstacle_avoidance) by extension 'ignore'
[0.551s] Level 1:colcon.colcon_core.package_identification:_identify(scripts/navigation/obstacle_avoidance) by extension 'ignore_ament_install'
[0.551s] Level 1:colcon.colcon_core.package_identification:_identify(scripts/navigation/obstacle_avoidance) by extensions ['colcon_pkg']
[0.551s] Level 1:colcon.colcon_core.package_identification:_identify(scripts/navigation/obstacle_avoidance) by extension 'colcon_pkg'
[0.551s] Level 1:colcon.colcon_core.package_identification:_identify(scripts/navigation/obstacle_avoidance) by extensions ['colcon_meta']
[0.551s] Level 1:colcon.colcon_core.package_identification:_identify(scripts/navigation/obstacle_avoidance) by extension 'colcon_meta'
[0.551s] Level 1:colcon.colcon_core.package_identification:_identify(scripts/navigation/obstacle_avoidance) by extensions ['ros']
[0.551s] Level 1:colcon.colcon_core.package_identification:_identify(scripts/navigation/obstacle_avoidance) by extension 'ros'
[0.551s] Level 1:colcon.colcon_core.package_identification:_identify(scripts/navigation/obstacle_avoidance) by extensions ['cmake', 'python']
[0.551s] Level 1:colcon.colcon_core.package_identification:_identify(scripts/navigation/obstacle_avoidance) by extension 'cmake'
[0.551s] Level 1:colcon.colcon_core.package_identification:_identify(scripts/navigation/obstacle_avoidance) by extension 'python'
[0.551s] Level 1:colcon.colcon_core.package_identification:_identify(scripts/navigation/obstacle_avoidance) by extensions ['python_setup_py']
[0.551s] Level 1:colcon.colcon_core.package_identification:_identify(scripts/navigation/obstacle_avoidance) by extension 'python_setup_py'
[0.553s] Level 1:colcon.colcon_core.package_identification:_identify(scripts/navigation/obstacle_avoidance/maps) by extensions ['ignore', 'ignore_ament_install']
[0.553s] Level 1:colcon.colcon_core.package_identification:_identify(scripts/navigation/obstacle_avoidance/maps) by extension 'ignore'
[0.553s] Level 1:colcon.colcon_core.package_identification:_identify(scripts/navigation/obstacle_avoidance/maps) by extension 'ignore_ament_install'
[0.553s] Level 1:colcon.colcon_core.package_identification:_identify(scripts/navigation/obstacle_avoidance/maps) by extensions ['colcon_pkg']
[0.554s] Level 1:colcon.colcon_core.package_identification:_identify(scripts/navigation/obstacle_avoidance/maps) by extension 'colcon_pkg'
[0.554s] Level 1:colcon.colcon_core.package_identification:_identify(scripts/navigation/obstacle_avoidance/maps) by extensions ['colcon_meta']
[0.554s] Level 1:colcon.colcon_core.package_identification:_identify(scripts/navigation/obstacle_avoidance/maps) by extension 'colcon_meta'
[0.554s] Level 1:colcon.colcon_core.package_identification:_identify(scripts/navigation/obstacle_avoidance/maps) by extensions ['ros']
[0.554s] Level 1:colcon.colcon_core.package_identification:_identify(scripts/navigation/obstacle_avoidance/maps) by extension 'ros'
[0.554s] Level 1:colcon.colcon_core.package_identification:_identify(scripts/navigation/obstacle_avoidance/maps) by extensions ['cmake', 'python']
[0.554s] Level 1:colcon.colcon_core.package_identification:_identify(scripts/navigation/obstacle_avoidance/maps) by extension 'cmake'
[0.554s] Level 1:colcon.colcon_core.package_identification:_identify(scripts/navigation/obstacle_avoidance/maps) by extension 'python'
[0.554s] Level 1:colcon.colcon_core.package_identification:_identify(scripts/navigation/obstacle_avoidance/maps) by extensions ['python_setup_py']
[0.554s] Level 1:colcon.colcon_core.package_identification:_identify(scripts/navigation/obstacle_avoidance/maps) by extension 'python_setup_py'
[0.555s] Level 1:colcon.colcon_core.package_identification:_identify(scripts/navigation/obstacle_avoidance/safety) by extensions ['ignore', 'ignore_ament_install']
[0.555s] Level 1:colcon.colcon_core.package_identification:_identify(scripts/navigation/obstacle_avoidance/safety) by extension 'ignore'
[0.555s] Level 1:colcon.colcon_core.package_identification:_identify(scripts/navigation/obstacle_avoidance/safety) by extension 'ignore_ament_install'
[0.555s] Level 1:colcon.colcon_core.package_identification:_identify(scripts/navigation/obstacle_avoidance/safety) by extensions ['colcon_pkg']
[0.555s] Level 1:colcon.colcon_core.package_identification:_identify(scripts/navigation/obstacle_avoidance/safety) by extension 'colcon_pkg'
[0.555s] Level 1:colcon.colcon_core.package_identification:_identify(scripts/navigation/obstacle_avoidance/safety) by extensions ['colcon_meta']
[0.555s] Level 1:colcon.colcon_core.package_identification:_identify(scripts/navigation/obstacle_avoidance/safety) by extension 'colcon_meta'
[0.555s] Level 1:colcon.colcon_core.package_identification:_identify(scripts/navigation/obstacle_avoidance/safety) by extensions ['ros']
[0.555s] Level 1:colcon.colcon_core.package_identification:_identify(scripts/navigation/obstacle_avoidance/safety) by extension 'ros'
[0.555s] Level 1:colcon.colcon_core.package_identification:_identify(scripts/navigation/obstacle_avoidance/safety) by extensions ['cmake', 'python']
[0.555s] Level 1:colcon.colcon_core.package_identification:_identify(scripts/navigation/obstacle_avoidance/safety) by extension 'cmake'
[0.555s] Level 1:colcon.colcon_core.package_identification:_identify(scripts/navigation/obstacle_avoidance/safety) by extension 'python'
[0.556s] Level 1:colcon.colcon_core.package_identification:_identify(scripts/navigation/obstacle_avoidance/safety) by extensions ['python_setup_py']
[0.556s] Level 1:colcon.colcon_core.package_identification:_identify(scripts/navigation/obstacle_avoidance/safety) by extension 'python_setup_py'
[0.556s] Level 1:colcon.colcon_core.package_identification:_identify(scripts/navigation/obstacle_avoidance/slam_sdk_example) by extensions ['ignore', 'ignore_ament_install']
[0.556s] Level 1:colcon.colcon_core.package_identification:_identify(scripts/navigation/obstacle_avoidance/slam_sdk_example) by extension 'ignore'
[0.556s] Level 1:colcon.colcon_core.package_identification:_identify(scripts/navigation/obstacle_avoidance/slam_sdk_example) by extension 'ignore_ament_install'
[0.556s] Level 1:colcon.colcon_core.package_identification:_identify(scripts/navigation/obstacle_avoidance/slam_sdk_example) by extensions ['colcon_pkg']
[0.556s] Level 1:colcon.colcon_core.package_identification:_identify(scripts/navigation/obstacle_avoidance/slam_sdk_example) by extension 'colcon_pkg'
[0.556s] Level 1:colcon.colcon_core.package_identification:_identify(scripts/navigation/obstacle_avoidance/slam_sdk_example) by extensions ['colcon_meta']
[0.556s] Level 1:colcon.colcon_core.package_identification:_identify(scripts/navigation/obstacle_avoidance/slam_sdk_example) by extension 'colcon_meta'
[0.556s] Level 1:colcon.colcon_core.package_identification:_identify(scripts/navigation/obstacle_avoidance/slam_sdk_example) by extensions ['ros']
[0.556s] Level 1:colcon.colcon_core.package_identification:_identify(scripts/navigation/obstacle_avoidance/slam_sdk_example) by extension 'ros'
[0.557s] Level 1:colcon.colcon_core.package_identification:_identify(scripts/navigation/obstacle_avoidance/slam_sdk_example) by extensions ['cmake', 'python']
[0.557s] Level 1:colcon.colcon_core.package_identification:_identify(scripts/navigation/obstacle_avoidance/slam_sdk_example) by extension 'cmake'
[0.557s] Level 1:colcon.colcon_core.package_identification:_identify(scripts/navigation/obstacle_avoidance/slam_sdk_example) by extension 'python'
[0.557s] Level 1:colcon.colcon_core.package_identification:_identify(scripts/navigation/obstacle_avoidance/slam_sdk_example) by extensions ['python_setup_py']
[0.557s] Level 1:colcon.colcon_core.package_identification:_identify(scripts/navigation/obstacle_avoidance/slam_sdk_example) by extension 'python_setup_py'
[0.557s] Level 1:colcon.colcon_core.package_identification:_identify(scripts/navigation/obstacle_avoidance/slam_sdk_example/example) by extensions ['ignore', 'ignore_ament_install']
[0.557s] Level 1:colcon.colcon_core.package_identification:_identify(scripts/navigation/obstacle_avoidance/slam_sdk_example/example) by extension 'ignore'
[0.557s] Level 1:colcon.colcon_core.package_identification:_identify(scripts/navigation/obstacle_avoidance/slam_sdk_example/example) by extension 'ignore_ament_install'
[0.557s] Level 1:colcon.colcon_core.package_identification:_identify(scripts/navigation/obstacle_avoidance/slam_sdk_example/example) by extensions ['colcon_pkg']
[0.558s] Level 1:colcon.colcon_core.package_identification:_identify(scripts/navigation/obstacle_avoidance/slam_sdk_example/example) by extension 'colcon_pkg'
[0.558s] Level 1:colcon.colcon_core.package_identification:_identify(scripts/navigation/obstacle_avoidance/slam_sdk_example/example) by extensions ['colcon_meta']
[0.558s] Level 1:colcon.colcon_core.package_identification:_identify(scripts/navigation/obstacle_avoidance/slam_sdk_example/example) by extension 'colcon_meta'
[0.558s] Level 1:colcon.colcon_core.package_identification:_identify(scripts/navigation/obstacle_avoidance/slam_sdk_example/example) by extensions ['ros']
[0.558s] Level 1:colcon.colcon_core.package_identification:_identify(scripts/navigation/obstacle_avoidance/slam_sdk_example/example) by extension 'ros'
[0.558s] Level 1:colcon.colcon_core.package_identification:_identify(scripts/navigation/obstacle_avoidance/slam_sdk_example/example) by extensions ['cmake', 'python']
[0.558s] Level 1:colcon.colcon_core.package_identification:_identify(scripts/navigation/obstacle_avoidance/slam_sdk_example/example) by extension 'cmake'
[0.561s] Level 1:colcon.colcon_core.package_identification:_identify(scripts/navigation/obstacle_avoidance/slam_sdk_example/example) by extension 'python'
[0.561s] DEBUG:colcon.colcon_core.package_identification:Package 'scripts/navigation/obstacle_avoidance/slam_sdk_example/example' with type 'cmake' and name 'slam_example'
[0.561s] Level 1:colcon.colcon_core.package_identification:_identify(scripts/navigation/obstacle_avoidance/slam_sdk_example/rviz2) by extensions ['ignore', 'ignore_ament_install']
[0.562s] Level 1:colcon.colcon_core.package_identification:_identify(scripts/navigation/obstacle_avoidance/slam_sdk_example/rviz2) by extension 'ignore'
[0.562s] Level 1:colcon.colcon_core.package_identification:_identify(scripts/navigation/obstacle_avoidance/slam_sdk_example/rviz2) by extension 'ignore_ament_install'
[0.562s] Level 1:colcon.colcon_core.package_identification:_identify(scripts/navigation/obstacle_avoidance/slam_sdk_example/rviz2) by extensions ['colcon_pkg']
[0.562s] Level 1:colcon.colcon_core.package_identification:_identify(scripts/navigation/obstacle_avoidance/slam_sdk_example/rviz2) by extension 'colcon_pkg'
[0.562s] Level 1:colcon.colcon_core.package_identification:_identify(scripts/navigation/obstacle_avoidance/slam_sdk_example/rviz2) by extensions ['colcon_meta']
[0.562s] Level 1:colcon.colcon_core.package_identification:_identify(scripts/navigation/obstacle_avoidance/slam_sdk_example/rviz2) by extension 'colcon_meta'
[0.562s] Level 1:colcon.colcon_core.package_identification:_identify(scripts/navigation/obstacle_avoidance/slam_sdk_example/rviz2) by extensions ['ros']
[0.562s] Level 1:colcon.colcon_core.package_identification:_identify(scripts/navigation/obstacle_avoidance/slam_sdk_example/rviz2) by extension 'ros'
[0.562s] Level 1:colcon.colcon_core.package_identification:_identify(scripts/navigation/obstacle_avoidance/slam_sdk_example/rviz2) by extensions ['cmake', 'python']
[0.562s] Level 1:colcon.colcon_core.package_identification:_identify(scripts/navigation/obstacle_avoidance/slam_sdk_example/rviz2) by extension 'cmake'
[0.562s] Level 1:colcon.colcon_core.package_identification:_identify(scripts/navigation/obstacle_avoidance/slam_sdk_example/rviz2) by extension 'python'
[0.562s] Level 1:colcon.colcon_core.package_identification:_identify(scripts/navigation/obstacle_avoidance/slam_sdk_example/rviz2) by extensions ['python_setup_py']
[0.562s] Level 1:colcon.colcon_core.package_identification:_identify(scripts/navigation/obstacle_avoidance/slam_sdk_example/rviz2) by extension 'python_setup_py'
[0.563s] Level 1:colcon.colcon_core.package_identification:_identify(scripts/navigation/slam) by extensions ['ignore', 'ignore_ament_install']
[0.563s] Level 1:colcon.colcon_core.package_identification:_identify(scripts/navigation/slam) by extension 'ignore'
[0.563s] Level 1:colcon.colcon_core.package_identification:_identify(scripts/navigation/slam) by extension 'ignore_ament_install'
[0.563s] Level 1:colcon.colcon_core.package_identification:_identify(scripts/navigation/slam) by extensions ['colcon_pkg']
[0.563s] Level 1:colcon.colcon_core.package_identification:_identify(scripts/navigation/slam) by extension 'colcon_pkg'
[0.563s] Level 1:colcon.colcon_core.package_identification:_identify(scripts/navigation/slam) by extensions ['colcon_meta']
[0.563s] Level 1:colcon.colcon_core.package_identification:_identify(scripts/navigation/slam) by extension 'colcon_meta'
[0.563s] Level 1:colcon.colcon_core.package_identification:_identify(scripts/navigation/slam) by extensions ['ros']
[0.563s] Level 1:colcon.colcon_core.package_identification:_identify(scripts/navigation/slam) by extension 'ros'
[0.563s] Level 1:colcon.colcon_core.package_identification:_identify(scripts/navigation/slam) by extensions ['cmake', 'python']
[0.563s] Level 1:colcon.colcon_core.package_identification:_identify(scripts/navigation/slam) by extension 'cmake'
[0.563s] Level 1:colcon.colcon_core.package_identification:_identify(scripts/navigation/slam) by extension 'python'
[0.563s] Level 1:colcon.colcon_core.package_identification:_identify(scripts/navigation/slam) by extensions ['python_setup_py']
[0.563s] Level 1:colcon.colcon_core.package_identification:_identify(scripts/navigation/slam) by extension 'python_setup_py'
[0.564s] Level 1:colcon.colcon_core.package_identification:_identify(scripts/navigation/slam/logs) by extensions ['ignore', 'ignore_ament_install']
[0.564s] Level 1:colcon.colcon_core.package_identification:_identify(scripts/navigation/slam/logs) by extension 'ignore'
[0.564s] Level 1:colcon.colcon_core.package_identification:_identify(scripts/navigation/slam/logs) by extension 'ignore_ament_install'
[0.564s] Level 1:colcon.colcon_core.package_identification:_identify(scripts/navigation/slam/logs) by extensions ['colcon_pkg']
[0.564s] Level 1:colcon.colcon_core.package_identification:_identify(scripts/navigation/slam/logs) by extension 'colcon_pkg'
[0.564s] Level 1:colcon.colcon_core.package_identification:_identify(scripts/navigation/slam/logs) by extensions ['colcon_meta']
[0.564s] Level 1:colcon.colcon_core.package_identification:_identify(scripts/navigation/slam/logs) by extension 'colcon_meta'
[0.564s] Level 1:colcon.colcon_core.package_identification:_identify(scripts/navigation/slam/logs) by extensions ['ros']
[0.564s] Level 1:colcon.colcon_core.package_identification:_identify(scripts/navigation/slam/logs) by extension 'ros'
[0.564s] Level 1:colcon.colcon_core.package_identification:_identify(scripts/navigation/slam/logs) by extensions ['cmake', 'python']
[0.565s] Level 1:colcon.colcon_core.package_identification:_identify(scripts/navigation/slam/logs) by extension 'cmake'
[0.565s] Level 1:colcon.colcon_core.package_identification:_identify(scripts/navigation/slam/logs) by extension 'python'
[0.565s] Level 1:colcon.colcon_core.package_identification:_identify(scripts/navigation/slam/logs) by extensions ['python_setup_py']
[0.565s] Level 1:colcon.colcon_core.package_identification:_identify(scripts/navigation/slam/logs) by extension 'python_setup_py'
[0.565s] Level 1:colcon.colcon_core.package_identification:_identify(scripts/navigation/slam/maps) by extensions ['ignore', 'ignore_ament_install']
[0.565s] Level 1:colcon.colcon_core.package_identification:_identify(scripts/navigation/slam/maps) by extension 'ignore'
[0.565s] Level 1:colcon.colcon_core.package_identification:_identify(scripts/navigation/slam/maps) by extension 'ignore_ament_install'
[0.565s] Level 1:colcon.colcon_core.package_identification:_identify(scripts/navigation/slam/maps) by extensions ['colcon_pkg']
[0.565s] Level 1:colcon.colcon_core.package_identification:_identify(scripts/navigation/slam/maps) by extension 'colcon_pkg'
[0.565s] Level 1:colcon.colcon_core.package_identification:_identify(scripts/navigation/slam/maps) by extensions ['colcon_meta']
[0.565s] Level 1:colcon.colcon_core.package_identification:_identify(scripts/navigation/slam/maps) by extension 'colcon_meta'
[0.565s] Level 1:colcon.colcon_core.package_identification:_identify(scripts/navigation/slam/maps) by extensions ['ros']
[0.566s] Level 1:colcon.colcon_core.package_identification:_identify(scripts/navigation/slam/maps) by extension 'ros'
[0.566s] Level 1:colcon.colcon_core.package_identification:_identify(scripts/navigation/slam/maps) by extensions ['cmake', 'python']
[0.566s] Level 1:colcon.colcon_core.package_identification:_identify(scripts/navigation/slam/maps) by extension 'cmake'
[0.566s] Level 1:colcon.colcon_core.package_identification:_identify(scripts/navigation/slam/maps) by extension 'python'
[0.566s] Level 1:colcon.colcon_core.package_identification:_identify(scripts/navigation/slam/maps) by extensions ['python_setup_py']
[0.566s] Level 1:colcon.colcon_core.package_identification:_identify(scripts/navigation/slam/maps) by extension 'python_setup_py'
[0.566s] Level 1:colcon.colcon_core.package_identification:_identify(scripts/navigation/slam/unreliabale) by extensions ['ignore', 'ignore_ament_install']
[0.567s] Level 1:colcon.colcon_core.package_identification:_identify(scripts/navigation/slam/unreliabale) by extension 'ignore'
[0.567s] Level 1:colcon.colcon_core.package_identification:_identify(scripts/navigation/slam/unreliabale) by extension 'ignore_ament_install'
[0.567s] Level 1:colcon.colcon_core.package_identification:_identify(scripts/navigation/slam/unreliabale) by extensions ['colcon_pkg']
[0.567s] Level 1:colcon.colcon_core.package_identification:_identify(scripts/navigation/slam/unreliabale) by extension 'colcon_pkg'
[0.567s] Level 1:colcon.colcon_core.package_identification:_identify(scripts/navigation/slam/unreliabale) by extensions ['colcon_meta']
[0.567s] Level 1:colcon.colcon_core.package_identification:_identify(scripts/navigation/slam/unreliabale) by extension 'colcon_meta'
[0.567s] Level 1:colcon.colcon_core.package_identification:_identify(scripts/navigation/slam/unreliabale) by extensions ['ros']
[0.567s] Level 1:colcon.colcon_core.package_identification:_identify(scripts/navigation/slam/unreliabale) by extension 'ros'
[0.567s] Level 1:colcon.colcon_core.package_identification:_identify(scripts/navigation/slam/unreliabale) by extensions ['cmake', 'python']
[0.567s] Level 1:colcon.colcon_core.package_identification:_identify(scripts/navigation/slam/unreliabale) by extension 'cmake'
[0.567s] Level 1:colcon.colcon_core.package_identification:_identify(scripts/navigation/slam/unreliabale) by extension 'python'
[0.567s] Level 1:colcon.colcon_core.package_identification:_identify(scripts/navigation/slam/unreliabale) by extensions ['python_setup_py']
[0.567s] Level 1:colcon.colcon_core.package_identification:_identify(scripts/navigation/slam/unreliabale) by extension 'python_setup_py'
[0.568s] Level 1:colcon.colcon_core.package_identification:_identify(scripts/obj_detection) by extensions ['ignore', 'ignore_ament_install']
[0.568s] Level 1:colcon.colcon_core.package_identification:_identify(scripts/obj_detection) by extension 'ignore'
[0.568s] Level 1:colcon.colcon_core.package_identification:_identify(scripts/obj_detection) by extension 'ignore_ament_install'
[0.568s] Level 1:colcon.colcon_core.package_identification:_identify(scripts/obj_detection) by extensions ['colcon_pkg']
[0.568s] Level 1:colcon.colcon_core.package_identification:_identify(scripts/obj_detection) by extension 'colcon_pkg'
[0.568s] Level 1:colcon.colcon_core.package_identification:_identify(scripts/obj_detection) by extensions ['colcon_meta']
[0.568s] Level 1:colcon.colcon_core.package_identification:_identify(scripts/obj_detection) by extension 'colcon_meta'
[0.568s] Level 1:colcon.colcon_core.package_identification:_identify(scripts/obj_detection) by extensions ['ros']
[0.568s] Level 1:colcon.colcon_core.package_identification:_identify(scripts/obj_detection) by extension 'ros'
[0.568s] Level 1:colcon.colcon_core.package_identification:_identify(scripts/obj_detection) by extensions ['cmake', 'python']
[0.568s] Level 1:colcon.colcon_core.package_identification:_identify(scripts/obj_detection) by extension 'cmake'
[0.568s] Level 1:colcon.colcon_core.package_identification:_identify(scripts/obj_detection) by extension 'python'
[0.568s] Level 1:colcon.colcon_core.package_identification:_identify(scripts/obj_detection) by extensions ['python_setup_py']
[0.568s] Level 1:colcon.colcon_core.package_identification:_identify(scripts/obj_detection) by extension 'python_setup_py'
[0.569s] Level 1:colcon.colcon_core.package_identification:_identify(scripts/sensors) by extensions ['ignore', 'ignore_ament_install']
[0.569s] Level 1:colcon.colcon_core.package_identification:_identify(scripts/sensors) by extension 'ignore'
[0.569s] Level 1:colcon.colcon_core.package_identification:_identify(scripts/sensors) by extension 'ignore_ament_install'
[0.569s] Level 1:colcon.colcon_core.package_identification:_identify(scripts/sensors) by extensions ['colcon_pkg']
[0.569s] Level 1:colcon.colcon_core.package_identification:_identify(scripts/sensors) by extension 'colcon_pkg'
[0.569s] Level 1:colcon.colcon_core.package_identification:_identify(scripts/sensors) by extensions ['colcon_meta']
[0.569s] Level 1:colcon.colcon_core.package_identification:_identify(scripts/sensors) by extension 'colcon_meta'
[0.569s] Level 1:colcon.colcon_core.package_identification:_identify(scripts/sensors) by extensions ['ros']
[0.569s] Level 1:colcon.colcon_core.package_identification:_identify(scripts/sensors) by extension 'ros'
[0.569s] Level 1:colcon.colcon_core.package_identification:_identify(scripts/sensors) by extensions ['cmake', 'python']
[0.569s] Level 1:colcon.colcon_core.package_identification:_identify(scripts/sensors) by extension 'cmake'
[0.569s] Level 1:colcon.colcon_core.package_identification:_identify(scripts/sensors) by extension 'python'
[0.570s] Level 1:colcon.colcon_core.package_identification:_identify(scripts/sensors) by extensions ['python_setup_py']
[0.570s] Level 1:colcon.colcon_core.package_identification:_identify(scripts/sensors) by extension 'python_setup_py'
[0.570s] Level 1:colcon.colcon_core.package_identification:_identify(scripts/sensors/__pycache__) by extensions ['ignore', 'ignore_ament_install']
[0.570s] Level 1:colcon.colcon_core.package_identification:_identify(scripts/sensors/__pycache__) by extension 'ignore'
[0.570s] Level 1:colcon.colcon_core.package_identification:_identify(scripts/sensors/__pycache__) by extension 'ignore_ament_install'
[0.570s] Level 1:colcon.colcon_core.package_identification:_identify(scripts/sensors/__pycache__) by extensions ['colcon_pkg']
[0.570s] Level 1:colcon.colcon_core.package_identification:_identify(scripts/sensors/__pycache__) by extension 'colcon_pkg'
[0.570s] Level 1:colcon.colcon_core.package_identification:_identify(scripts/sensors/__pycache__) by extensions ['colcon_meta']
[0.570s] Level 1:colcon.colcon_core.package_identification:_identify(scripts/sensors/__pycache__) by extension 'colcon_meta'
[0.570s] Level 1:colcon.colcon_core.package_identification:_identify(scripts/sensors/__pycache__) by extensions ['ros']
[0.570s] Level 1:colcon.colcon_core.package_identification:_identify(scripts/sensors/__pycache__) by extension 'ros'
[0.571s] Level 1:colcon.colcon_core.package_identification:_identify(scripts/sensors/__pycache__) by extensions ['cmake', 'python']
[0.571s] Level 1:colcon.colcon_core.package_identification:_identify(scripts/sensors/__pycache__) by extension 'cmake'
[0.571s] Level 1:colcon.colcon_core.package_identification:_identify(scripts/sensors/__pycache__) by extension 'python'
[0.571s] Level 1:colcon.colcon_core.package_identification:_identify(scripts/sensors/__pycache__) by extensions ['python_setup_py']
[0.571s] Level 1:colcon.colcon_core.package_identification:_identify(scripts/sensors/__pycache__) by extension 'python_setup_py'
[0.571s] Level 1:colcon.colcon_core.package_identification:_identify(scripts/sensors/manual_streaming) by extensions ['ignore', 'ignore_ament_install']
[0.571s] Level 1:colcon.colcon_core.package_identification:_identify(scripts/sensors/manual_streaming) by extension 'ignore'
[0.571s] Level 1:colcon.colcon_core.package_identification:_identify(scripts/sensors/manual_streaming) by extension 'ignore_ament_install'
[0.572s] Level 1:colcon.colcon_core.package_identification:_identify(scripts/sensors/manual_streaming) by extensions ['colcon_pkg']
[0.572s] Level 1:colcon.colcon_core.package_identification:_identify(scripts/sensors/manual_streaming) by extension 'colcon_pkg'
[0.572s] Level 1:colcon.colcon_core.package_identification:_identify(scripts/sensors/manual_streaming) by extensions ['colcon_meta']
[0.572s] Level 1:colcon.colcon_core.package_identification:_identify(scripts/sensors/manual_streaming) by extension 'colcon_meta'
[0.572s] Level 1:colcon.colcon_core.package_identification:_identify(scripts/sensors/manual_streaming) by extensions ['ros']
[0.572s] Level 1:colcon.colcon_core.package_identification:_identify(scripts/sensors/manual_streaming) by extension 'ros'
[0.572s] Level 1:colcon.colcon_core.package_identification:_identify(scripts/sensors/manual_streaming) by extensions ['cmake', 'python']
[0.572s] Level 1:colcon.colcon_core.package_identification:_identify(scripts/sensors/manual_streaming) by extension 'cmake'
[0.573s] Level 1:colcon.colcon_core.package_identification:_identify(scripts/sensors/manual_streaming) by extension 'python'
[0.573s] DEBUG:colcon.colcon_core.package_identification:Package 'scripts/sensors/manual_streaming' with type 'cmake' and name 'tx_lidar'
[0.573s] Level 1:colcon.colcon_core.package_identification:_identify(scripts/troubleshooting) by extensions ['ignore', 'ignore_ament_install']
[0.573s] Level 1:colcon.colcon_core.package_identification:_identify(scripts/troubleshooting) by extension 'ignore'
[0.573s] Level 1:colcon.colcon_core.package_identification:_identify(scripts/troubleshooting) by extension 'ignore_ament_install'
[0.573s] Level 1:colcon.colcon_core.package_identification:_identify(scripts/troubleshooting) by extensions ['colcon_pkg']
[0.573s] Level 1:colcon.colcon_core.package_identification:_identify(scripts/troubleshooting) by extension 'colcon_pkg'
[0.573s] Level 1:colcon.colcon_core.package_identification:_identify(scripts/troubleshooting) by extensions ['colcon_meta']
[0.573s] Level 1:colcon.colcon_core.package_identification:_identify(scripts/troubleshooting) by extension 'colcon_meta'
[0.573s] Level 1:colcon.colcon_core.package_identification:_identify(scripts/troubleshooting) by extensions ['ros']
[0.573s] Level 1:colcon.colcon_core.package_identification:_identify(scripts/troubleshooting) by extension 'ros'
[0.574s] Level 1:colcon.colcon_core.package_identification:_identify(scripts/troubleshooting) by extensions ['cmake', 'python']
[0.574s] Level 1:colcon.colcon_core.package_identification:_identify(scripts/troubleshooting) by extension 'cmake'
[0.574s] Level 1:colcon.colcon_core.package_identification:_identify(scripts/troubleshooting) by extension 'python'
[0.574s] Level 1:colcon.colcon_core.package_identification:_identify(scripts/troubleshooting) by extensions ['python_setup_py']
[0.574s] Level 1:colcon.colcon_core.package_identification:_identify(scripts/troubleshooting) by extension 'python_setup_py'
[0.574s] Level 1:colcon.colcon_core.package_identification:_identify(scripts/unifolm-vla_g1-main) by extensions ['ignore', 'ignore_ament_install']
[0.574s] Level 1:colcon.colcon_core.package_identification:_identify(scripts/unifolm-vla_g1-main) by extension 'ignore'
[0.574s] Level 1:colcon.colcon_core.package_identification:_identify(scripts/unifolm-vla_g1-main) by extension 'ignore_ament_install'
[0.574s] Level 1:colcon.colcon_core.package_identification:_identify(scripts/unifolm-vla_g1-main) by extensions ['colcon_pkg']
[0.574s] Level 1:colcon.colcon_core.package_identification:_identify(scripts/unifolm-vla_g1-main) by extension 'colcon_pkg'
[0.574s] Level 1:colcon.colcon_core.package_identification:_identify(scripts/unifolm-vla_g1-main) by extensions ['colcon_meta']
[0.575s] Level 1:colcon.colcon_core.package_identification:_identify(scripts/unifolm-vla_g1-main) by extension 'colcon_meta'
[0.575s] Level 1:colcon.colcon_core.package_identification:_identify(scripts/unifolm-vla_g1-main) by extensions ['ros']
[0.575s] Level 1:colcon.colcon_core.package_identification:_identify(scripts/unifolm-vla_g1-main) by extension 'ros'
[0.575s] Level 1:colcon.colcon_core.package_identification:_identify(scripts/unifolm-vla_g1-main) by extensions ['cmake', 'python']
[0.575s] Level 1:colcon.colcon_core.package_identification:_identify(scripts/unifolm-vla_g1-main) by extension 'cmake'
[0.575s] Level 1:colcon.colcon_core.package_identification:_identify(scripts/unifolm-vla_g1-main) by extension 'python'
[0.575s] Level 1:colcon.colcon_core.package_identification:_identify(scripts/unifolm-vla_g1-main) by extensions ['python_setup_py']
[0.575s] Level 1:colcon.colcon_core.package_identification:_identify(scripts/unifolm-vla_g1-main) by extension 'python_setup_py'
[0.575s] Level 1:colcon.colcon_core.package_identification:_identify(scripts/unifolm-vla_g1-main/assets) by extensions ['ignore', 'ignore_ament_install']
[0.575s] Level 1:colcon.colcon_core.package_identification:_identify(scripts/unifolm-vla_g1-main/assets) by extension 'ignore'
[0.576s] Level 1:colcon.colcon_core.package_identification:_identify(scripts/unifolm-vla_g1-main/assets) by extension 'ignore_ament_install'
[0.576s] Level 1:colcon.colcon_core.package_identification:_identify(scripts/unifolm-vla_g1-main/assets) by extensions ['colcon_pkg']
[0.576s] Level 1:colcon.colcon_core.package_identification:_identify(scripts/unifolm-vla_g1-main/assets) by extension 'colcon_pkg'
[0.576s] Level 1:colcon.colcon_core.package_identification:_identify(scripts/unifolm-vla_g1-main/assets) by extensions ['colcon_meta']
[0.576s] Level 1:colcon.colcon_core.package_identification:_identify(scripts/unifolm-vla_g1-main/assets) by extension 'colcon_meta'
[0.576s] Level 1:colcon.colcon_core.package_identification:_identify(scripts/unifolm-vla_g1-main/assets) by extensions ['ros']
[0.576s] Level 1:colcon.colcon_core.package_identification:_identify(scripts/unifolm-vla_g1-main/assets) by extension 'ros'
[0.576s] Level 1:colcon.colcon_core.package_identification:_identify(scripts/unifolm-vla_g1-main/assets) by extensions ['cmake', 'python']
[0.576s] Level 1:colcon.colcon_core.package_identification:_identify(scripts/unifolm-vla_g1-main/assets) by extension 'cmake'
[0.576s] Level 1:colcon.colcon_core.package_identification:_identify(scripts/unifolm-vla_g1-main/assets) by extension 'python'
[0.576s] Level 1:colcon.colcon_core.package_identification:_identify(scripts/unifolm-vla_g1-main/assets) by extensions ['python_setup_py']
[0.576s] Level 1:colcon.colcon_core.package_identification:_identify(scripts/unifolm-vla_g1-main/assets) by extension 'python_setup_py'
[0.576s] Level 1:colcon.colcon_core.package_identification:_identify(scripts/unifolm-vla_g1-main/assets/gif) by extensions ['ignore', 'ignore_ament_install']
[0.576s] Level 1:colcon.colcon_core.package_identification:_identify(scripts/unifolm-vla_g1-main/assets/gif) by extension 'ignore'
[0.577s] Level 1:colcon.colcon_core.package_identification:_identify(scripts/unifolm-vla_g1-main/assets/gif) by extension 'ignore_ament_install'
[0.577s] Level 1:colcon.colcon_core.package_identification:_identify(scripts/unifolm-vla_g1-main/assets/gif) by extensions ['colcon_pkg']
[0.577s] Level 1:colcon.colcon_core.package_identification:_identify(scripts/unifolm-vla_g1-main/assets/gif) by extension 'colcon_pkg'
[0.577s] Level 1:colcon.colcon_core.package_identification:_identify(scripts/unifolm-vla_g1-main/assets/gif) by extensions ['colcon_meta']
[0.577s] Level 1:colcon.colcon_core.package_identification:_identify(scripts/unifolm-vla_g1-main/assets/gif) by extension 'colcon_meta'
[0.577s] Level 1:colcon.colcon_core.package_identification:_identify(scripts/unifolm-vla_g1-main/assets/gif) by extensions ['ros']
[0.577s] Level 1:colcon.colcon_core.package_identification:_identify(scripts/unifolm-vla_g1-main/assets/gif) by extension 'ros'
[0.577s] Level 1:colcon.colcon_core.package_identification:_identify(scripts/unifolm-vla_g1-main/assets/gif) by extensions ['cmake', 'python']
[0.577s] Level 1:colcon.colcon_core.package_identification:_identify(scripts/unifolm-vla_g1-main/assets/gif) by extension 'cmake'
[0.577s] Level 1:colcon.colcon_core.package_identification:_identify(scripts/unifolm-vla_g1-main/assets/gif) by extension 'python'
[0.577s] Level 1:colcon.colcon_core.package_identification:_identify(scripts/unifolm-vla_g1-main/assets/gif) by extensions ['python_setup_py']
[0.577s] Level 1:colcon.colcon_core.package_identification:_identify(scripts/unifolm-vla_g1-main/assets/gif) by extension 'python_setup_py'
[0.577s] Level 1:colcon.colcon_core.package_identification:_identify(scripts/unifolm-vla_g1-main/deployment) by extensions ['ignore', 'ignore_ament_install']
[0.578s] Level 1:colcon.colcon_core.package_identification:_identify(scripts/unifolm-vla_g1-main/deployment) by extension 'ignore'
[0.578s] Level 1:colcon.colcon_core.package_identification:_identify(scripts/unifolm-vla_g1-main/deployment) by extension 'ignore_ament_install'
[0.578s] Level 1:colcon.colcon_core.package_identification:_identify(scripts/unifolm-vla_g1-main/deployment) by extensions ['colcon_pkg']
[0.578s] Level 1:colcon.colcon_core.package_identification:_identify(scripts/unifolm-vla_g1-main/deployment) by extension 'colcon_pkg'
[0.578s] Level 1:colcon.colcon_core.package_identification:_identify(scripts/unifolm-vla_g1-main/deployment) by extensions ['colcon_meta']
[0.578s] Level 1:colcon.colcon_core.package_identification:_identify(scripts/unifolm-vla_g1-main/deployment) by extension 'colcon_meta'
[0.578s] Level 1:colcon.colcon_core.package_identification:_identify(scripts/unifolm-vla_g1-main/deployment) by extensions ['ros']
[0.578s] Level 1:colcon.colcon_core.package_identification:_identify(scripts/unifolm-vla_g1-main/deployment) by extension 'ros'
[0.578s] Level 1:colcon.colcon_core.package_identification:_identify(scripts/unifolm-vla_g1-main/deployment) by extensions ['cmake', 'python']
[0.578s] Level 1:colcon.colcon_core.package_identification:_identify(scripts/unifolm-vla_g1-main/deployment) by extension 'cmake'
[0.578s] Level 1:colcon.colcon_core.package_identification:_identify(scripts/unifolm-vla_g1-main/deployment) by extension 'python'
[0.578s] Level 1:colcon.colcon_core.package_identification:_identify(scripts/unifolm-vla_g1-main/deployment) by extensions ['python_setup_py']
[0.578s] Level 1:colcon.colcon_core.package_identification:_identify(scripts/unifolm-vla_g1-main/deployment) by extension 'python_setup_py'
[0.579s] Level 1:colcon.colcon_core.package_identification:_identify(scripts/unifolm-vla_g1-main/deployment/model_server) by extensions ['ignore', 'ignore_ament_install']
[0.579s] Level 1:colcon.colcon_core.package_identification:_identify(scripts/unifolm-vla_g1-main/deployment/model_server) by extension 'ignore'
[0.579s] Level 1:colcon.colcon_core.package_identification:_identify(scripts/unifolm-vla_g1-main/deployment/model_server) by extension 'ignore_ament_install'
[0.579s] Level 1:colcon.colcon_core.package_identification:_identify(scripts/unifolm-vla_g1-main/deployment/model_server) by extensions ['colcon_pkg']
[0.579s] Level 1:colcon.colcon_core.package_identification:_identify(scripts/unifolm-vla_g1-main/deployment/model_server) by extension 'colcon_pkg'
[0.579s] Level 1:colcon.colcon_core.package_identification:_identify(scripts/unifolm-vla_g1-main/deployment/model_server) by extensions ['colcon_meta']
[0.579s] Level 1:colcon.colcon_core.package_identification:_identify(scripts/unifolm-vla_g1-main/deployment/model_server) by extension 'colcon_meta'
[0.579s] Level 1:colcon.colcon_core.package_identification:_identify(scripts/unifolm-vla_g1-main/deployment/model_server) by extensions ['ros']
[0.579s] Level 1:colcon.colcon_core.package_identification:_identify(scripts/unifolm-vla_g1-main/deployment/model_server) by extension 'ros'
[0.579s] Level 1:colcon.colcon_core.package_identification:_identify(scripts/unifolm-vla_g1-main/deployment/model_server) by extensions ['cmake', 'python']
[0.579s] Level 1:colcon.colcon_core.package_identification:_identify(scripts/unifolm-vla_g1-main/deployment/model_server) by extension 'cmake'
[0.579s] Level 1:colcon.colcon_core.package_identification:_identify(scripts/unifolm-vla_g1-main/deployment/model_server) by extension 'python'
[0.579s] Level 1:colcon.colcon_core.package_identification:_identify(scripts/unifolm-vla_g1-main/deployment/model_server) by extensions ['python_setup_py']
[0.579s] Level 1:colcon.colcon_core.package_identification:_identify(scripts/unifolm-vla_g1-main/deployment/model_server) by extension 'python_setup_py'
[0.580s] Level 1:colcon.colcon_core.package_identification:_identify(scripts/unifolm-vla_g1-main/experiments) by extensions ['ignore', 'ignore_ament_install']
[0.580s] Level 1:colcon.colcon_core.package_identification:_identify(scripts/unifolm-vla_g1-main/experiments) by extension 'ignore'
[0.580s] Level 1:colcon.colcon_core.package_identification:_identify(scripts/unifolm-vla_g1-main/experiments) by extension 'ignore_ament_install'
[0.580s] Level 1:colcon.colcon_core.package_identification:_identify(scripts/unifolm-vla_g1-main/experiments) by extensions ['colcon_pkg']
[0.580s] Level 1:colcon.colcon_core.package_identification:_identify(scripts/unifolm-vla_g1-main/experiments) by extension 'colcon_pkg'
[0.580s] Level 1:colcon.colcon_core.package_identification:_identify(scripts/unifolm-vla_g1-main/experiments) by extensions ['colcon_meta']
[0.580s] Level 1:colcon.colcon_core.package_identification:_identify(scripts/unifolm-vla_g1-main/experiments) by extension 'colcon_meta'
[0.580s] Level 1:colcon.colcon_core.package_identification:_identify(scripts/unifolm-vla_g1-main/experiments) by extensions ['ros']
[0.580s] Level 1:colcon.colcon_core.package_identification:_identify(scripts/unifolm-vla_g1-main/experiments) by extension 'ros'
[0.580s] Level 1:colcon.colcon_core.package_identification:_identify(scripts/unifolm-vla_g1-main/experiments) by extensions ['cmake', 'python']
[0.580s] Level 1:colcon.colcon_core.package_identification:_identify(scripts/unifolm-vla_g1-main/experiments) by extension 'cmake'
[0.580s] Level 1:colcon.colcon_core.package_identification:_identify(scripts/unifolm-vla_g1-main/experiments) by extension 'python'
[0.580s] Level 1:colcon.colcon_core.package_identification:_identify(scripts/unifolm-vla_g1-main/experiments) by extensions ['python_setup_py']
[0.580s] Level 1:colcon.colcon_core.package_identification:_identify(scripts/unifolm-vla_g1-main/experiments) by extension 'python_setup_py'
[0.581s] Level 1:colcon.colcon_core.package_identification:_identify(scripts/unifolm-vla_g1-main/experiments/LIBERO) by extensions ['ignore', 'ignore_ament_install']
[0.581s] Level 1:colcon.colcon_core.package_identification:_identify(scripts/unifolm-vla_g1-main/experiments/LIBERO) by extension 'ignore'
[0.581s] Level 1:colcon.colcon_core.package_identification:_identify(scripts/unifolm-vla_g1-main/experiments/LIBERO) by extension 'ignore_ament_install'
[0.581s] Level 1:colcon.colcon_core.package_identification:_identify(scripts/unifolm-vla_g1-main/experiments/LIBERO) by extensions ['colcon_pkg']
[0.581s] Level 1:colcon.colcon_core.package_identification:_identify(scripts/unifolm-vla_g1-main/experiments/LIBERO) by extension 'colcon_pkg'
[0.581s] Level 1:colcon.colcon_core.package_identification:_identify(scripts/unifolm-vla_g1-main/experiments/LIBERO) by extensions ['colcon_meta']
[0.581s] Level 1:colcon.colcon_core.package_identification:_identify(scripts/unifolm-vla_g1-main/experiments/LIBERO) by extension 'colcon_meta'
[0.581s] Level 1:colcon.colcon_core.package_identification:_identify(scripts/unifolm-vla_g1-main/experiments/LIBERO) by extensions ['ros']
[0.581s] Level 1:colcon.colcon_core.package_identification:_identify(scripts/unifolm-vla_g1-main/experiments/LIBERO) by extension 'ros'
[0.581s] Level 1:colcon.colcon_core.package_identification:_identify(scripts/unifolm-vla_g1-main/experiments/LIBERO) by extensions ['cmake', 'python']
[0.581s] Level 1:colcon.colcon_core.package_identification:_identify(scripts/unifolm-vla_g1-main/experiments/LIBERO) by extension 'cmake'
[0.581s] Level 1:colcon.colcon_core.package_identification:_identify(scripts/unifolm-vla_g1-main/experiments/LIBERO) by extension 'python'
[0.581s] Level 1:colcon.colcon_core.package_identification:_identify(scripts/unifolm-vla_g1-main/experiments/LIBERO) by extensions ['python_setup_py']
[0.581s] Level 1:colcon.colcon_core.package_identification:_identify(scripts/unifolm-vla_g1-main/experiments/LIBERO) by extension 'python_setup_py'
[0.582s] Level 1:colcon.colcon_core.package_identification:_identify(scripts/unifolm-vla_g1-main/experiments/logs) by extensions ['ignore', 'ignore_ament_install']
[0.582s] Level 1:colcon.colcon_core.package_identification:_identify(scripts/unifolm-vla_g1-main/experiments/logs) by extension 'ignore'
[0.582s] Level 1:colcon.colcon_core.package_identification:_identify(scripts/unifolm-vla_g1-main/experiments/logs) by extension 'ignore_ament_install'
[0.582s] Level 1:colcon.colcon_core.package_identification:_identify(scripts/unifolm-vla_g1-main/experiments/logs) by extensions ['colcon_pkg']
[0.582s] Level 1:colcon.colcon_core.package_identification:_identify(scripts/unifolm-vla_g1-main/experiments/logs) by extension 'colcon_pkg'
[0.582s] Level 1:colcon.colcon_core.package_identification:_identify(scripts/unifolm-vla_g1-main/experiments/logs) by extensions ['colcon_meta']
[0.582s] Level 1:colcon.colcon_core.package_identification:_identify(scripts/unifolm-vla_g1-main/experiments/logs) by extension 'colcon_meta'
[0.582s] Level 1:colcon.colcon_core.package_identification:_identify(scripts/unifolm-vla_g1-main/experiments/logs) by extensions ['ros']
[0.582s] Level 1:colcon.colcon_core.package_identification:_identify(scripts/unifolm-vla_g1-main/experiments/logs) by extension 'ros'
[0.583s] Level 1:colcon.colcon_core.package_identification:_identify(scripts/unifolm-vla_g1-main/experiments/logs) by extensions ['cmake', 'python']
[0.583s] Level 1:colcon.colcon_core.package_identification:_identify(scripts/unifolm-vla_g1-main/experiments/logs) by extension 'cmake'
[0.583s] Level 1:colcon.colcon_core.package_identification:_identify(scripts/unifolm-vla_g1-main/experiments/logs) by extension 'python'
[0.583s] Level 1:colcon.colcon_core.package_identification:_identify(scripts/unifolm-vla_g1-main/experiments/logs) by extensions ['python_setup_py']
[0.583s] Level 1:colcon.colcon_core.package_identification:_identify(scripts/unifolm-vla_g1-main/experiments/logs) by extension 'python_setup_py'
[0.583s] Level 1:colcon.colcon_core.package_identification:_identify(scripts/unifolm-vla_g1-main/prepare_data) by extensions ['ignore', 'ignore_ament_install']
[0.583s] Level 1:colcon.colcon_core.package_identification:_identify(scripts/unifolm-vla_g1-main/prepare_data) by extension 'ignore'
[0.583s] Level 1:colcon.colcon_core.package_identification:_identify(scripts/unifolm-vla_g1-main/prepare_data) by extension 'ignore_ament_install'
[0.583s] Level 1:colcon.colcon_core.package_identification:_identify(scripts/unifolm-vla_g1-main/prepare_data) by extensions ['colcon_pkg']
[0.584s] Level 1:colcon.colcon_core.package_identification:_identify(scripts/unifolm-vla_g1-main/prepare_data) by extension 'colcon_pkg'
[0.584s] Level 1:colcon.colcon_core.package_identification:_identify(scripts/unifolm-vla_g1-main/prepare_data) by extensions ['colcon_meta']
[0.584s] Level 1:colcon.colcon_core.package_identification:_identify(scripts/unifolm-vla_g1-main/prepare_data) by extension 'colcon_meta'
[0.584s] Level 1:colcon.colcon_core.package_identification:_identify(scripts/unifolm-vla_g1-main/prepare_data) by extensions ['ros']
[0.584s] Level 1:colcon.colcon_core.package_identification:_identify(scripts/unifolm-vla_g1-main/prepare_data) by extension 'ros'
[0.584s] Level 1:colcon.colcon_core.package_identification:_identify(scripts/unifolm-vla_g1-main/prepare_data) by extensions ['cmake', 'python']
[0.584s] Level 1:colcon.colcon_core.package_identification:_identify(scripts/unifolm-vla_g1-main/prepare_data) by extension 'cmake'
[0.584s] Level 1:colcon.colcon_core.package_identification:_identify(scripts/unifolm-vla_g1-main/prepare_data) by extension 'python'
[0.584s] Level 1:colcon.colcon_core.package_identification:_identify(scripts/unifolm-vla_g1-main/prepare_data) by extensions ['python_setup_py']
[0.584s] Level 1:colcon.colcon_core.package_identification:_identify(scripts/unifolm-vla_g1-main/prepare_data) by extension 'python_setup_py'
[0.584s] Level 1:colcon.colcon_core.package_identification:_identify(scripts/unifolm-vla_g1-main/prepare_data/hdf5_to_rlds) by extensions ['ignore', 'ignore_ament_install']
[0.585s] Level 1:colcon.colcon_core.package_identification:_identify(scripts/unifolm-vla_g1-main/prepare_data/hdf5_to_rlds) by extension 'ignore'
[0.585s] Level 1:colcon.colcon_core.package_identification:_identify(scripts/unifolm-vla_g1-main/prepare_data/hdf5_to_rlds) by extension 'ignore_ament_install'
[0.585s] Level 1:colcon.colcon_core.package_identification:_identify(scripts/unifolm-vla_g1-main/prepare_data/hdf5_to_rlds) by extensions ['colcon_pkg']
[0.585s] Level 1:colcon.colcon_core.package_identification:_identify(scripts/unifolm-vla_g1-main/prepare_data/hdf5_to_rlds) by extension 'colcon_pkg'
[0.585s] Level 1:colcon.colcon_core.package_identification:_identify(scripts/unifolm-vla_g1-main/prepare_data/hdf5_to_rlds) by extensions ['colcon_meta']
[0.585s] Level 1:colcon.colcon_core.package_identification:_identify(scripts/unifolm-vla_g1-main/prepare_data/hdf5_to_rlds) by extension 'colcon_meta'
[0.585s] Level 1:colcon.colcon_core.package_identification:_identify(scripts/unifolm-vla_g1-main/prepare_data/hdf5_to_rlds) by extensions ['ros']
[0.585s] Level 1:colcon.colcon_core.package_identification:_identify(scripts/unifolm-vla_g1-main/prepare_data/hdf5_to_rlds) by extension 'ros'
[0.585s] Level 1:colcon.colcon_core.package_identification:_identify(scripts/unifolm-vla_g1-main/prepare_data/hdf5_to_rlds) by extensions ['cmake', 'python']
[0.585s] Level 1:colcon.colcon_core.package_identification:_identify(scripts/unifolm-vla_g1-main/prepare_data/hdf5_to_rlds) by extension 'cmake'
[0.585s] Level 1:colcon.colcon_core.package_identification:_identify(scripts/unifolm-vla_g1-main/prepare_data/hdf5_to_rlds) by extension 'python'
[0.585s] Level 1:colcon.colcon_core.package_identification:_identify(scripts/unifolm-vla_g1-main/prepare_data/hdf5_to_rlds) by extensions ['python_setup_py']
[0.585s] Level 1:colcon.colcon_core.package_identification:_identify(scripts/unifolm-vla_g1-main/prepare_data/hdf5_to_rlds) by extension 'python_setup_py'
[0.585s] Level 1:colcon.colcon_core.package_identification:_identify(scripts/unifolm-vla_g1-main/prepare_data/hdf5_to_rlds/rlds_dataset) by extensions ['ignore', 'ignore_ament_install']
[0.586s] Level 1:colcon.colcon_core.package_identification:_identify(scripts/unifolm-vla_g1-main/prepare_data/hdf5_to_rlds/rlds_dataset) by extension 'ignore'
[0.586s] Level 1:colcon.colcon_core.package_identification:_identify(scripts/unifolm-vla_g1-main/prepare_data/hdf5_to_rlds/rlds_dataset) by extension 'ignore_ament_install'
[0.586s] Level 1:colcon.colcon_core.package_identification:_identify(scripts/unifolm-vla_g1-main/prepare_data/hdf5_to_rlds/rlds_dataset) by extensions ['colcon_pkg']
[0.586s] Level 1:colcon.colcon_core.package_identification:_identify(scripts/unifolm-vla_g1-main/prepare_data/hdf5_to_rlds/rlds_dataset) by extension 'colcon_pkg'
[0.586s] Level 1:colcon.colcon_core.package_identification:_identify(scripts/unifolm-vla_g1-main/prepare_data/hdf5_to_rlds/rlds_dataset) by extensions ['colcon_meta']
[0.586s] Level 1:colcon.colcon_core.package_identification:_identify(scripts/unifolm-vla_g1-main/prepare_data/hdf5_to_rlds/rlds_dataset) by extension 'colcon_meta'
[0.586s] Level 1:colcon.colcon_core.package_identification:_identify(scripts/unifolm-vla_g1-main/prepare_data/hdf5_to_rlds/rlds_dataset) by extensions ['ros']
[0.586s] Level 1:colcon.colcon_core.package_identification:_identify(scripts/unifolm-vla_g1-main/prepare_data/hdf5_to_rlds/rlds_dataset) by extension 'ros'
[0.586s] Level 1:colcon.colcon_core.package_identification:_identify(scripts/unifolm-vla_g1-main/prepare_data/hdf5_to_rlds/rlds_dataset) by extensions ['cmake', 'python']
[0.587s] Level 1:colcon.colcon_core.package_identification:_identify(scripts/unifolm-vla_g1-main/prepare_data/hdf5_to_rlds/rlds_dataset) by extension 'cmake'
[0.587s] Level 1:colcon.colcon_core.package_identification:_identify(scripts/unifolm-vla_g1-main/prepare_data/hdf5_to_rlds/rlds_dataset) by extension 'python'
[0.587s] Level 1:colcon.colcon_core.package_identification:_identify(scripts/unifolm-vla_g1-main/prepare_data/hdf5_to_rlds/rlds_dataset) by extensions ['python_setup_py']
[0.587s] Level 1:colcon.colcon_core.package_identification:_identify(scripts/unifolm-vla_g1-main/prepare_data/hdf5_to_rlds/rlds_dataset) by extension 'python_setup_py'
[0.587s] Level 1:colcon.colcon_core.package_identification:_identify(scripts/unifolm-vla_g1-main/scripts) by extensions ['ignore', 'ignore_ament_install']
[0.588s] Level 1:colcon.colcon_core.package_identification:_identify(scripts/unifolm-vla_g1-main/scripts) by extension 'ignore'
[0.588s] Level 1:colcon.colcon_core.package_identification:_identify(scripts/unifolm-vla_g1-main/scripts) by extension 'ignore_ament_install'
[0.588s] Level 1:colcon.colcon_core.package_identification:_identify(scripts/unifolm-vla_g1-main/scripts) by extensions ['colcon_pkg']
[0.588s] Level 1:colcon.colcon_core.package_identification:_identify(scripts/unifolm-vla_g1-main/scripts) by extension 'colcon_pkg'
[0.588s] Level 1:colcon.colcon_core.package_identification:_identify(scripts/unifolm-vla_g1-main/scripts) by extensions ['colcon_meta']
[0.588s] Level 1:colcon.colcon_core.package_identification:_identify(scripts/unifolm-vla_g1-main/scripts) by extension 'colcon_meta'
[0.588s] Level 1:colcon.colcon_core.package_identification:_identify(scripts/unifolm-vla_g1-main/scripts) by extensions ['ros']
[0.588s] Level 1:colcon.colcon_core.package_identification:_identify(scripts/unifolm-vla_g1-main/scripts) by extension 'ros'
[0.588s] Level 1:colcon.colcon_core.package_identification:_identify(scripts/unifolm-vla_g1-main/scripts) by extensions ['cmake', 'python']
[0.588s] Level 1:colcon.colcon_core.package_identification:_identify(scripts/unifolm-vla_g1-main/scripts) by extension 'cmake'
[0.588s] Level 1:colcon.colcon_core.package_identification:_identify(scripts/unifolm-vla_g1-main/scripts) by extension 'python'
[0.588s] Level 1:colcon.colcon_core.package_identification:_identify(scripts/unifolm-vla_g1-main/scripts) by extensions ['python_setup_py']
[0.588s] Level 1:colcon.colcon_core.package_identification:_identify(scripts/unifolm-vla_g1-main/scripts) by extension 'python_setup_py'
[0.589s] Level 1:colcon.colcon_core.package_identification:_identify(scripts/unifolm-vla_g1-main/scripts/eval_scripts) by extensions ['ignore', 'ignore_ament_install']
[0.589s] Level 1:colcon.colcon_core.package_identification:_identify(scripts/unifolm-vla_g1-main/scripts/eval_scripts) by extension 'ignore'
[0.589s] Level 1:colcon.colcon_core.package_identification:_identify(scripts/unifolm-vla_g1-main/scripts/eval_scripts) by extension 'ignore_ament_install'
[0.589s] Level 1:colcon.colcon_core.package_identification:_identify(scripts/unifolm-vla_g1-main/scripts/eval_scripts) by extensions ['colcon_pkg']
[0.589s] Level 1:colcon.colcon_core.package_identification:_identify(scripts/unifolm-vla_g1-main/scripts/eval_scripts) by extension 'colcon_pkg'
[0.589s] Level 1:colcon.colcon_core.package_identification:_identify(scripts/unifolm-vla_g1-main/scripts/eval_scripts) by extensions ['colcon_meta']
[0.589s] Level 1:colcon.colcon_core.package_identification:_identify(scripts/unifolm-vla_g1-main/scripts/eval_scripts) by extension 'colcon_meta'
[0.589s] Level 1:colcon.colcon_core.package_identification:_identify(scripts/unifolm-vla_g1-main/scripts/eval_scripts) by extensions ['ros']
[0.589s] Level 1:colcon.colcon_core.package_identification:_identify(scripts/unifolm-vla_g1-main/scripts/eval_scripts) by extension 'ros'
[0.589s] Level 1:colcon.colcon_core.package_identification:_identify(scripts/unifolm-vla_g1-main/scripts/eval_scripts) by extensions ['cmake', 'python']
[0.589s] Level 1:colcon.colcon_core.package_identification:_identify(scripts/unifolm-vla_g1-main/scripts/eval_scripts) by extension 'cmake'
[0.589s] Level 1:colcon.colcon_core.package_identification:_identify(scripts/unifolm-vla_g1-main/scripts/eval_scripts) by extension 'python'
[0.589s] Level 1:colcon.colcon_core.package_identification:_identify(scripts/unifolm-vla_g1-main/scripts/eval_scripts) by extensions ['python_setup_py']
[0.589s] Level 1:colcon.colcon_core.package_identification:_identify(scripts/unifolm-vla_g1-main/scripts/eval_scripts) by extension 'python_setup_py'
[0.590s] Level 1:colcon.colcon_core.package_identification:_identify(scripts/unifolm-vla_g1-main/scripts/run_scripts) by extensions ['ignore', 'ignore_ament_install']
[0.590s] Level 1:colcon.colcon_core.package_identification:_identify(scripts/unifolm-vla_g1-main/scripts/run_scripts) by extension 'ignore'
[0.590s] Level 1:colcon.colcon_core.package_identification:_identify(scripts/unifolm-vla_g1-main/scripts/run_scripts) by extension 'ignore_ament_install'
[0.590s] Level 1:colcon.colcon_core.package_identification:_identify(scripts/unifolm-vla_g1-main/scripts/run_scripts) by extensions ['colcon_pkg']
[0.590s] Level 1:colcon.colcon_core.package_identification:_identify(scripts/unifolm-vla_g1-main/scripts/run_scripts) by extension 'colcon_pkg'
[0.590s] Level 1:colcon.colcon_core.package_identification:_identify(scripts/unifolm-vla_g1-main/scripts/run_scripts) by extensions ['colcon_meta']
[0.590s] Level 1:colcon.colcon_core.package_identification:_identify(scripts/unifolm-vla_g1-main/scripts/run_scripts) by extension 'colcon_meta'
[0.590s] Level 1:colcon.colcon_core.package_identification:_identify(scripts/unifolm-vla_g1-main/scripts/run_scripts) by extensions ['ros']
[0.590s] Level 1:colcon.colcon_core.package_identification:_identify(scripts/unifolm-vla_g1-main/scripts/run_scripts) by extension 'ros'
[0.590s] Level 1:colcon.colcon_core.package_identification:_identify(scripts/unifolm-vla_g1-main/scripts/run_scripts) by extensions ['cmake', 'python']
[0.590s] Level 1:colcon.colcon_core.package_identification:_identify(scripts/unifolm-vla_g1-main/scripts/run_scripts) by extension 'cmake'
[0.590s] Level 1:colcon.colcon_core.package_identification:_identify(scripts/unifolm-vla_g1-main/scripts/run_scripts) by extension 'python'
[0.590s] Level 1:colcon.colcon_core.package_identification:_identify(scripts/unifolm-vla_g1-main/scripts/run_scripts) by extensions ['python_setup_py']
[0.590s] Level 1:colcon.colcon_core.package_identification:_identify(scripts/unifolm-vla_g1-main/scripts/run_scripts) by extension 'python_setup_py'
[0.591s] Level 1:colcon.colcon_core.package_identification:_identify(scripts/unifolm-vla_g1-main/src) by extensions ['ignore', 'ignore_ament_install']
[0.591s] Level 1:colcon.colcon_core.package_identification:_identify(scripts/unifolm-vla_g1-main/src) by extension 'ignore'
[0.591s] Level 1:colcon.colcon_core.package_identification:_identify(scripts/unifolm-vla_g1-main/src) by extension 'ignore_ament_install'
[0.591s] Level 1:colcon.colcon_core.package_identification:_identify(scripts/unifolm-vla_g1-main/src) by extensions ['colcon_pkg']
[0.591s] Level 1:colcon.colcon_core.package_identification:_identify(scripts/unifolm-vla_g1-main/src) by extension 'colcon_pkg'
[0.591s] Level 1:colcon.colcon_core.package_identification:_identify(scripts/unifolm-vla_g1-main/src) by extensions ['colcon_meta']
[0.591s] Level 1:colcon.colcon_core.package_identification:_identify(scripts/unifolm-vla_g1-main/src) by extension 'colcon_meta'
[0.591s] Level 1:colcon.colcon_core.package_identification:_identify(scripts/unifolm-vla_g1-main/src) by extensions ['ros']
[0.591s] Level 1:colcon.colcon_core.package_identification:_identify(scripts/unifolm-vla_g1-main/src) by extension 'ros'
[0.591s] Level 1:colcon.colcon_core.package_identification:_identify(scripts/unifolm-vla_g1-main/src) by extensions ['cmake', 'python']
[0.591s] Level 1:colcon.colcon_core.package_identification:_identify(scripts/unifolm-vla_g1-main/src) by extension 'cmake'
[0.592s] Level 1:colcon.colcon_core.package_identification:_identify(scripts/unifolm-vla_g1-main/src) by extension 'python'
[0.592s] Level 1:colcon.colcon_core.package_identification:_identify(scripts/unifolm-vla_g1-main/src) by extensions ['python_setup_py']
[0.592s] Level 1:colcon.colcon_core.package_identification:_identify(scripts/unifolm-vla_g1-main/src) by extension 'python_setup_py'
[0.592s] Level 1:colcon.colcon_core.package_identification:_identify(scripts/unifolm-vla_g1-main/src/unifolm_vla) by extensions ['ignore', 'ignore_ament_install']
[0.592s] Level 1:colcon.colcon_core.package_identification:_identify(scripts/unifolm-vla_g1-main/src/unifolm_vla) by extension 'ignore'
[0.592s] Level 1:colcon.colcon_core.package_identification:_identify(scripts/unifolm-vla_g1-main/src/unifolm_vla) by extension 'ignore_ament_install'
[0.592s] Level 1:colcon.colcon_core.package_identification:_identify(scripts/unifolm-vla_g1-main/src/unifolm_vla) by extensions ['colcon_pkg']
[0.592s] Level 1:colcon.colcon_core.package_identification:_identify(scripts/unifolm-vla_g1-main/src/unifolm_vla) by extension 'colcon_pkg'
[0.592s] Level 1:colcon.colcon_core.package_identification:_identify(scripts/unifolm-vla_g1-main/src/unifolm_vla) by extensions ['colcon_meta']
[0.592s] Level 1:colcon.colcon_core.package_identification:_identify(scripts/unifolm-vla_g1-main/src/unifolm_vla) by extension 'colcon_meta'
[0.593s] Level 1:colcon.colcon_core.package_identification:_identify(scripts/unifolm-vla_g1-main/src/unifolm_vla) by extensions ['ros']
[0.593s] Level 1:colcon.colcon_core.package_identification:_identify(scripts/unifolm-vla_g1-main/src/unifolm_vla) by extension 'ros'
[0.593s] Level 1:colcon.colcon_core.package_identification:_identify(scripts/unifolm-vla_g1-main/src/unifolm_vla) by extensions ['cmake', 'python']
[0.593s] Level 1:colcon.colcon_core.package_identification:_identify(scripts/unifolm-vla_g1-main/src/unifolm_vla) by extension 'cmake'
[0.593s] Level 1:colcon.colcon_core.package_identification:_identify(scripts/unifolm-vla_g1-main/src/unifolm_vla) by extension 'python'
[0.593s] Level 1:colcon.colcon_core.package_identification:_identify(scripts/unifolm-vla_g1-main/src/unifolm_vla) by extensions ['python_setup_py']
[0.593s] Level 1:colcon.colcon_core.package_identification:_identify(scripts/unifolm-vla_g1-main/src/unifolm_vla) by extension 'python_setup_py'
[0.593s] Level 1:colcon.colcon_core.package_identification:_identify(scripts/unifolm-vla_g1-main/src/unifolm_vla/config) by extensions ['ignore', 'ignore_ament_install']
[0.593s] Level 1:colcon.colcon_core.package_identification:_identify(scripts/unifolm-vla_g1-main/src/unifolm_vla/config) by extension 'ignore'
[0.593s] Level 1:colcon.colcon_core.package_identification:_identify(scripts/unifolm-vla_g1-main/src/unifolm_vla/config) by extension 'ignore_ament_install'
[0.593s] Level 1:colcon.colcon_core.package_identification:_identify(scripts/unifolm-vla_g1-main/src/unifolm_vla/config) by extensions ['colcon_pkg']
[0.593s] Level 1:colcon.colcon_core.package_identification:_identify(scripts/unifolm-vla_g1-main/src/unifolm_vla/config) by extension 'colcon_pkg'
[0.594s] Level 1:colcon.colcon_core.package_identification:_identify(scripts/unifolm-vla_g1-main/src/unifolm_vla/config) by extensions ['colcon_meta']
[0.594s] Level 1:colcon.colcon_core.package_identification:_identify(scripts/unifolm-vla_g1-main/src/unifolm_vla/config) by extension 'colcon_meta'
[0.594s] Level 1:colcon.colcon_core.package_identification:_identify(scripts/unifolm-vla_g1-main/src/unifolm_vla/config) by extensions ['ros']
[0.594s] Level 1:colcon.colcon_core.package_identification:_identify(scripts/unifolm-vla_g1-main/src/unifolm_vla/config) by extension 'ros'
[0.594s] Level 1:colcon.colcon_core.package_identification:_identify(scripts/unifolm-vla_g1-main/src/unifolm_vla/config) by extensions ['cmake', 'python']
[0.594s] Level 1:colcon.colcon_core.package_identification:_identify(scripts/unifolm-vla_g1-main/src/unifolm_vla/config) by extension 'cmake'
[0.594s] Level 1:colcon.colcon_core.package_identification:_identify(scripts/unifolm-vla_g1-main/src/unifolm_vla/config) by extension 'python'
[0.594s] Level 1:colcon.colcon_core.package_identification:_identify(scripts/unifolm-vla_g1-main/src/unifolm_vla/config) by extensions ['python_setup_py']
[0.594s] Level 1:colcon.colcon_core.package_identification:_identify(scripts/unifolm-vla_g1-main/src/unifolm_vla/config) by extension 'python_setup_py'
[0.594s] Level 1:colcon.colcon_core.package_identification:_identify(scripts/unifolm-vla_g1-main/src/unifolm_vla/config/deepseeds) by extensions ['ignore', 'ignore_ament_install']
[0.594s] Level 1:colcon.colcon_core.package_identification:_identify(scripts/unifolm-vla_g1-main/src/unifolm_vla/config/deepseeds) by extension 'ignore'
[0.594s] Level 1:colcon.colcon_core.package_identification:_identify(scripts/unifolm-vla_g1-main/src/unifolm_vla/config/deepseeds) by extension 'ignore_ament_install'
[0.595s] Level 1:colcon.colcon_core.package_identification:_identify(scripts/unifolm-vla_g1-main/src/unifolm_vla/config/deepseeds) by extensions ['colcon_pkg']
[0.595s] Level 1:colcon.colcon_core.package_identification:_identify(scripts/unifolm-vla_g1-main/src/unifolm_vla/config/deepseeds) by extension 'colcon_pkg'
[0.595s] Level 1:colcon.colcon_core.package_identification:_identify(scripts/unifolm-vla_g1-main/src/unifolm_vla/config/deepseeds) by extensions ['colcon_meta']
[0.595s] Level 1:colcon.colcon_core.package_identification:_identify(scripts/unifolm-vla_g1-main/src/unifolm_vla/config/deepseeds) by extension 'colcon_meta'
[0.595s] Level 1:colcon.colcon_core.package_identification:_identify(scripts/unifolm-vla_g1-main/src/unifolm_vla/config/deepseeds) by extensions ['ros']
[0.595s] Level 1:colcon.colcon_core.package_identification:_identify(scripts/unifolm-vla_g1-main/src/unifolm_vla/config/deepseeds) by extension 'ros'
[0.595s] Level 1:colcon.colcon_core.package_identification:_identify(scripts/unifolm-vla_g1-main/src/unifolm_vla/config/deepseeds) by extensions ['cmake', 'python']
[0.595s] Level 1:colcon.colcon_core.package_identification:_identify(scripts/unifolm-vla_g1-main/src/unifolm_vla/config/deepseeds) by extension 'cmake'
[0.595s] Level 1:colcon.colcon_core.package_identification:_identify(scripts/unifolm-vla_g1-main/src/unifolm_vla/config/deepseeds) by extension 'python'
[0.595s] Level 1:colcon.colcon_core.package_identification:_identify(scripts/unifolm-vla_g1-main/src/unifolm_vla/config/deepseeds) by extensions ['python_setup_py']
[0.595s] Level 1:colcon.colcon_core.package_identification:_identify(scripts/unifolm-vla_g1-main/src/unifolm_vla/config/deepseeds) by extension 'python_setup_py'
[0.595s] Level 1:colcon.colcon_core.package_identification:_identify(scripts/unifolm-vla_g1-main/src/unifolm_vla/config/training) by extensions ['ignore', 'ignore_ament_install']
[0.596s] Level 1:colcon.colcon_core.package_identification:_identify(scripts/unifolm-vla_g1-main/src/unifolm_vla/config/training) by extension 'ignore'
[0.596s] Level 1:colcon.colcon_core.package_identification:_identify(scripts/unifolm-vla_g1-main/src/unifolm_vla/config/training) by extension 'ignore_ament_install'
[0.596s] Level 1:colcon.colcon_core.package_identification:_identify(scripts/unifolm-vla_g1-main/src/unifolm_vla/config/training) by extensions ['colcon_pkg']
[0.596s] Level 1:colcon.colcon_core.package_identification:_identify(scripts/unifolm-vla_g1-main/src/unifolm_vla/config/training) by extension 'colcon_pkg'
[0.596s] Level 1:colcon.colcon_core.package_identification:_identify(scripts/unifolm-vla_g1-main/src/unifolm_vla/config/training) by extensions ['colcon_meta']
[0.596s] Level 1:colcon.colcon_core.package_identification:_identify(scripts/unifolm-vla_g1-main/src/unifolm_vla/config/training) by extension 'colcon_meta'
[0.596s] Level 1:colcon.colcon_core.package_identification:_identify(scripts/unifolm-vla_g1-main/src/unifolm_vla/config/training) by extensions ['ros']
[0.596s] Level 1:colcon.colcon_core.package_identification:_identify(scripts/unifolm-vla_g1-main/src/unifolm_vla/config/training) by extension 'ros'
[0.596s] Level 1:colcon.colcon_core.package_identification:_identify(scripts/unifolm-vla_g1-main/src/unifolm_vla/config/training) by extensions ['cmake', 'python']
[0.596s] Level 1:colcon.colcon_core.package_identification:_identify(scripts/unifolm-vla_g1-main/src/unifolm_vla/config/training) by extension 'cmake'
[0.596s] Level 1:colcon.colcon_core.package_identification:_identify(scripts/unifolm-vla_g1-main/src/unifolm_vla/config/training) by extension 'python'
[0.596s] Level 1:colcon.colcon_core.package_identification:_identify(scripts/unifolm-vla_g1-main/src/unifolm_vla/config/training) by extensions ['python_setup_py']
[0.596s] Level 1:colcon.colcon_core.package_identification:_identify(scripts/unifolm-vla_g1-main/src/unifolm_vla/config/training) by extension 'python_setup_py'
[0.597s] Level 1:colcon.colcon_core.package_identification:_identify(scripts/unifolm-vla_g1-main/src/unifolm_vla/model) by extensions ['ignore', 'ignore_ament_install']
[0.597s] Level 1:colcon.colcon_core.package_identification:_identify(scripts/unifolm-vla_g1-main/src/unifolm_vla/model) by extension 'ignore'
[0.597s] Level 1:colcon.colcon_core.package_identification:_identify(scripts/unifolm-vla_g1-main/src/unifolm_vla/model) by extension 'ignore_ament_install'
[0.597s] Level 1:colcon.colcon_core.package_identification:_identify(scripts/unifolm-vla_g1-main/src/unifolm_vla/model) by extensions ['colcon_pkg']
[0.597s] Level 1:colcon.colcon_core.package_identification:_identify(scripts/unifolm-vla_g1-main/src/unifolm_vla/model) by extension 'colcon_pkg'
[0.597s] Level 1:colcon.colcon_core.package_identification:_identify(scripts/unifolm-vla_g1-main/src/unifolm_vla/model) by extensions ['colcon_meta']
[0.597s] Level 1:colcon.colcon_core.package_identification:_identify(scripts/unifolm-vla_g1-main/src/unifolm_vla/model) by extension 'colcon_meta'
[0.597s] Level 1:colcon.colcon_core.package_identification:_identify(scripts/unifolm-vla_g1-main/src/unifolm_vla/model) by extensions ['ros']
[0.597s] Level 1:colcon.colcon_core.package_identification:_identify(scripts/unifolm-vla_g1-main/src/unifolm_vla/model) by extension 'ros'
[0.597s] Level 1:colcon.colcon_core.package_identification:_identify(scripts/unifolm-vla_g1-main/src/unifolm_vla/model) by extensions ['cmake', 'python']
[0.597s] Level 1:colcon.colcon_core.package_identification:_identify(scripts/unifolm-vla_g1-main/src/unifolm_vla/model) by extension 'cmake'
[0.597s] Level 1:colcon.colcon_core.package_identification:_identify(scripts/unifolm-vla_g1-main/src/unifolm_vla/model) by extension 'python'
[0.597s] Level 1:colcon.colcon_core.package_identification:_identify(scripts/unifolm-vla_g1-main/src/unifolm_vla/model) by extensions ['python_setup_py']
[0.597s] Level 1:colcon.colcon_core.package_identification:_identify(scripts/unifolm-vla_g1-main/src/unifolm_vla/model) by extension 'python_setup_py'
[0.598s] Level 1:colcon.colcon_core.package_identification:_identify(scripts/unifolm-vla_g1-main/src/unifolm_vla/model/framework) by extensions ['ignore', 'ignore_ament_install']
[0.598s] Level 1:colcon.colcon_core.package_identification:_identify(scripts/unifolm-vla_g1-main/src/unifolm_vla/model/framework) by extension 'ignore'
[0.598s] Level 1:colcon.colcon_core.package_identification:_identify(scripts/unifolm-vla_g1-main/src/unifolm_vla/model/framework) by extension 'ignore_ament_install'
[0.598s] Level 1:colcon.colcon_core.package_identification:_identify(scripts/unifolm-vla_g1-main/src/unifolm_vla/model/framework) by extensions ['colcon_pkg']
[0.598s] Level 1:colcon.colcon_core.package_identification:_identify(scripts/unifolm-vla_g1-main/src/unifolm_vla/model/framework) by extension 'colcon_pkg'
[0.598s] Level 1:colcon.colcon_core.package_identification:_identify(scripts/unifolm-vla_g1-main/src/unifolm_vla/model/framework) by extensions ['colcon_meta']
[0.598s] Level 1:colcon.colcon_core.package_identification:_identify(scripts/unifolm-vla_g1-main/src/unifolm_vla/model/framework) by extension 'colcon_meta'
[0.598s] Level 1:colcon.colcon_core.package_identification:_identify(scripts/unifolm-vla_g1-main/src/unifolm_vla/model/framework) by extensions ['ros']
[0.598s] Level 1:colcon.colcon_core.package_identification:_identify(scripts/unifolm-vla_g1-main/src/unifolm_vla/model/framework) by extension 'ros'
[0.599s] Level 1:colcon.colcon_core.package_identification:_identify(scripts/unifolm-vla_g1-main/src/unifolm_vla/model/framework) by extensions ['cmake', 'python']
[0.599s] Level 1:colcon.colcon_core.package_identification:_identify(scripts/unifolm-vla_g1-main/src/unifolm_vla/model/framework) by extension 'cmake'
[0.599s] Level 1:colcon.colcon_core.package_identification:_identify(scripts/unifolm-vla_g1-main/src/unifolm_vla/model/framework) by extension 'python'
[0.599s] Level 1:colcon.colcon_core.package_identification:_identify(scripts/unifolm-vla_g1-main/src/unifolm_vla/model/framework) by extensions ['python_setup_py']
[0.599s] Level 1:colcon.colcon_core.package_identification:_identify(scripts/unifolm-vla_g1-main/src/unifolm_vla/model/framework) by extension 'python_setup_py'
[0.599s] Level 1:colcon.colcon_core.package_identification:_identify(scripts/unifolm-vla_g1-main/src/unifolm_vla/model/modules) by extensions ['ignore', 'ignore_ament_install']
[0.599s] Level 1:colcon.colcon_core.package_identification:_identify(scripts/unifolm-vla_g1-main/src/unifolm_vla/model/modules) by extension 'ignore'
[0.599s] Level 1:colcon.colcon_core.package_identification:_identify(scripts/unifolm-vla_g1-main/src/unifolm_vla/model/modules) by extension 'ignore_ament_install'
[0.599s] Level 1:colcon.colcon_core.package_identification:_identify(scripts/unifolm-vla_g1-main/src/unifolm_vla/model/modules) by extensions ['colcon_pkg']
[0.599s] Level 1:colcon.colcon_core.package_identification:_identify(scripts/unifolm-vla_g1-main/src/unifolm_vla/model/modules) by extension 'colcon_pkg'
[0.600s] Level 1:colcon.colcon_core.package_identification:_identify(scripts/unifolm-vla_g1-main/src/unifolm_vla/model/modules) by extensions ['colcon_meta']
[0.600s] Level 1:colcon.colcon_core.package_identification:_identify(scripts/unifolm-vla_g1-main/src/unifolm_vla/model/modules) by extension 'colcon_meta'
[0.600s] Level 1:colcon.colcon_core.package_identification:_identify(scripts/unifolm-vla_g1-main/src/unifolm_vla/model/modules) by extensions ['ros']
[0.600s] Level 1:colcon.colcon_core.package_identification:_identify(scripts/unifolm-vla_g1-main/src/unifolm_vla/model/modules) by extension 'ros'
[0.600s] Level 1:colcon.colcon_core.package_identification:_identify(scripts/unifolm-vla_g1-main/src/unifolm_vla/model/modules) by extensions ['cmake', 'python']
[0.600s] Level 1:colcon.colcon_core.package_identification:_identify(scripts/unifolm-vla_g1-main/src/unifolm_vla/model/modules) by extension 'cmake'
[0.600s] Level 1:colcon.colcon_core.package_identification:_identify(scripts/unifolm-vla_g1-main/src/unifolm_vla/model/modules) by extension 'python'
[0.600s] Level 1:colcon.colcon_core.package_identification:_identify(scripts/unifolm-vla_g1-main/src/unifolm_vla/model/modules) by extensions ['python_setup_py']
[0.600s] Level 1:colcon.colcon_core.package_identification:_identify(scripts/unifolm-vla_g1-main/src/unifolm_vla/model/modules) by extension 'python_setup_py'
[0.600s] Level 1:colcon.colcon_core.package_identification:_identify(scripts/unifolm-vla_g1-main/src/unifolm_vla/model/modules/action_model) by extensions ['ignore', 'ignore_ament_install']
[0.600s] Level 1:colcon.colcon_core.package_identification:_identify(scripts/unifolm-vla_g1-main/src/unifolm_vla/model/modules/action_model) by extension 'ignore'
[0.601s] Level 1:colcon.colcon_core.package_identification:_identify(scripts/unifolm-vla_g1-main/src/unifolm_vla/model/modules/action_model) by extension 'ignore_ament_install'
[0.601s] Level 1:colcon.colcon_core.package_identification:_identify(scripts/unifolm-vla_g1-main/src/unifolm_vla/model/modules/action_model) by extensions ['colcon_pkg']
[0.601s] Level 1:colcon.colcon_core.package_identification:_identify(scripts/unifolm-vla_g1-main/src/unifolm_vla/model/modules/action_model) by extension 'colcon_pkg'
[0.601s] Level 1:colcon.colcon_core.package_identification:_identify(scripts/unifolm-vla_g1-main/src/unifolm_vla/model/modules/action_model) by extensions ['colcon_meta']
[0.601s] Level 1:colcon.colcon_core.package_identification:_identify(scripts/unifolm-vla_g1-main/src/unifolm_vla/model/modules/action_model) by extension 'colcon_meta'
[0.601s] Level 1:colcon.colcon_core.package_identification:_identify(scripts/unifolm-vla_g1-main/src/unifolm_vla/model/modules/action_model) by extensions ['ros']
[0.601s] Level 1:colcon.colcon_core.package_identification:_identify(scripts/unifolm-vla_g1-main/src/unifolm_vla/model/modules/action_model) by extension 'ros'
[0.601s] Level 1:colcon.colcon_core.package_identification:_identify(scripts/unifolm-vla_g1-main/src/unifolm_vla/model/modules/action_model) by extensions ['cmake', 'python']
[0.601s] Level 1:colcon.colcon_core.package_identification:_identify(scripts/unifolm-vla_g1-main/src/unifolm_vla/model/modules/action_model) by extension 'cmake'
[0.601s] Level 1:colcon.colcon_core.package_identification:_identify(scripts/unifolm-vla_g1-main/src/unifolm_vla/model/modules/action_model) by extension 'python'
[0.601s] Level 1:colcon.colcon_core.package_identification:_identify(scripts/unifolm-vla_g1-main/src/unifolm_vla/model/modules/action_model) by extensions ['python_setup_py']
[0.601s] Level 1:colcon.colcon_core.package_identification:_identify(scripts/unifolm-vla_g1-main/src/unifolm_vla/model/modules/action_model) by extension 'python_setup_py'
[0.601s] Level 1:colcon.colcon_core.package_identification:_identify(scripts/unifolm-vla_g1-main/src/unifolm_vla/model/modules/action_model/flow_matching_modules) by extensions ['ignore', 'ignore_ament_install']
[0.602s] Level 1:colcon.colcon_core.package_identification:_identify(scripts/unifolm-vla_g1-main/src/unifolm_vla/model/modules/action_model/flow_matching_modules) by extension 'ignore'
[0.602s] Level 1:colcon.colcon_core.package_identification:_identify(scripts/unifolm-vla_g1-main/src/unifolm_vla/model/modules/action_model/flow_matching_modules) by extension 'ignore_ament_install'
[0.602s] Level 1:colcon.colcon_core.package_identification:_identify(scripts/unifolm-vla_g1-main/src/unifolm_vla/model/modules/action_model/flow_matching_modules) by extensions ['colcon_pkg']
[0.602s] Level 1:colcon.colcon_core.package_identification:_identify(scripts/unifolm-vla_g1-main/src/unifolm_vla/model/modules/action_model/flow_matching_modules) by extension 'colcon_pkg'
[0.602s] Level 1:colcon.colcon_core.package_identification:_identify(scripts/unifolm-vla_g1-main/src/unifolm_vla/model/modules/action_model/flow_matching_modules) by extensions ['colcon_meta']
[0.602s] Level 1:colcon.colcon_core.package_identification:_identify(scripts/unifolm-vla_g1-main/src/unifolm_vla/model/modules/action_model/flow_matching_modules) by extension 'colcon_meta'
[0.602s] Level 1:colcon.colcon_core.package_identification:_identify(scripts/unifolm-vla_g1-main/src/unifolm_vla/model/modules/action_model/flow_matching_modules) by extensions ['ros']
[0.602s] Level 1:colcon.colcon_core.package_identification:_identify(scripts/unifolm-vla_g1-main/src/unifolm_vla/model/modules/action_model/flow_matching_modules) by extension 'ros'
[0.602s] Level 1:colcon.colcon_core.package_identification:_identify(scripts/unifolm-vla_g1-main/src/unifolm_vla/model/modules/action_model/flow_matching_modules) by extensions ['cmake', 'python']
[0.602s] Level 1:colcon.colcon_core.package_identification:_identify(scripts/unifolm-vla_g1-main/src/unifolm_vla/model/modules/action_model/flow_matching_modules) by extension 'cmake'
[0.602s] Level 1:colcon.colcon_core.package_identification:_identify(scripts/unifolm-vla_g1-main/src/unifolm_vla/model/modules/action_model/flow_matching_modules) by extension 'python'
[0.602s] Level 1:colcon.colcon_core.package_identification:_identify(scripts/unifolm-vla_g1-main/src/unifolm_vla/model/modules/action_model/flow_matching_modules) by extensions ['python_setup_py']
[0.602s] Level 1:colcon.colcon_core.package_identification:_identify(scripts/unifolm-vla_g1-main/src/unifolm_vla/model/modules/action_model/flow_matching_modules) by extension 'python_setup_py'
[0.603s] Level 1:colcon.colcon_core.package_identification:_identify(scripts/unifolm-vla_g1-main/src/unifolm_vla/model/modules/vlm) by extensions ['ignore', 'ignore_ament_install']
[0.603s] Level 1:colcon.colcon_core.package_identification:_identify(scripts/unifolm-vla_g1-main/src/unifolm_vla/model/modules/vlm) by extension 'ignore'
[0.603s] Level 1:colcon.colcon_core.package_identification:_identify(scripts/unifolm-vla_g1-main/src/unifolm_vla/model/modules/vlm) by extension 'ignore_ament_install'
[0.603s] Level 1:colcon.colcon_core.package_identification:_identify(scripts/unifolm-vla_g1-main/src/unifolm_vla/model/modules/vlm) by extensions ['colcon_pkg']
[0.603s] Level 1:colcon.colcon_core.package_identification:_identify(scripts/unifolm-vla_g1-main/src/unifolm_vla/model/modules/vlm) by extension 'colcon_pkg'
[0.603s] Level 1:colcon.colcon_core.package_identification:_identify(scripts/unifolm-vla_g1-main/src/unifolm_vla/model/modules/vlm) by extensions ['colcon_meta']
[0.603s] Level 1:colcon.colcon_core.package_identification:_identify(scripts/unifolm-vla_g1-main/src/unifolm_vla/model/modules/vlm) by extension 'colcon_meta'
[0.603s] Level 1:colcon.colcon_core.package_identification:_identify(scripts/unifolm-vla_g1-main/src/unifolm_vla/model/modules/vlm) by extensions ['ros']
[0.603s] Level 1:colcon.colcon_core.package_identification:_identify(scripts/unifolm-vla_g1-main/src/unifolm_vla/model/modules/vlm) by extension 'ros'
[0.604s] Level 1:colcon.colcon_core.package_identification:_identify(scripts/unifolm-vla_g1-main/src/unifolm_vla/model/modules/vlm) by extensions ['cmake', 'python']
[0.604s] Level 1:colcon.colcon_core.package_identification:_identify(scripts/unifolm-vla_g1-main/src/unifolm_vla/model/modules/vlm) by extension 'cmake'
[0.604s] Level 1:colcon.colcon_core.package_identification:_identify(scripts/unifolm-vla_g1-main/src/unifolm_vla/model/modules/vlm) by extension 'python'
[0.604s] Level 1:colcon.colcon_core.package_identification:_identify(scripts/unifolm-vla_g1-main/src/unifolm_vla/model/modules/vlm) by extensions ['python_setup_py']
[0.604s] Level 1:colcon.colcon_core.package_identification:_identify(scripts/unifolm-vla_g1-main/src/unifolm_vla/model/modules/vlm) by extension 'python_setup_py'
[0.604s] Level 1:colcon.colcon_core.package_identification:_identify(scripts/unifolm-vla_g1-main/src/unifolm_vla/model/utils) by extensions ['ignore', 'ignore_ament_install']
[0.605s] Level 1:colcon.colcon_core.package_identification:_identify(scripts/unifolm-vla_g1-main/src/unifolm_vla/model/utils) by extension 'ignore'
[0.605s] Level 1:colcon.colcon_core.package_identification:_identify(scripts/unifolm-vla_g1-main/src/unifolm_vla/model/utils) by extension 'ignore_ament_install'
[0.605s] Level 1:colcon.colcon_core.package_identification:_identify(scripts/unifolm-vla_g1-main/src/unifolm_vla/model/utils) by extensions ['colcon_pkg']
[0.605s] Level 1:colcon.colcon_core.package_identification:_identify(scripts/unifolm-vla_g1-main/src/unifolm_vla/model/utils) by extension 'colcon_pkg'
[0.605s] Level 1:colcon.colcon_core.package_identification:_identify(scripts/unifolm-vla_g1-main/src/unifolm_vla/model/utils) by extensions ['colcon_meta']
[0.605s] Level 1:colcon.colcon_core.package_identification:_identify(scripts/unifolm-vla_g1-main/src/unifolm_vla/model/utils) by extension 'colcon_meta'
[0.605s] Level 1:colcon.colcon_core.package_identification:_identify(scripts/unifolm-vla_g1-main/src/unifolm_vla/model/utils) by extensions ['ros']
[0.605s] Level 1:colcon.colcon_core.package_identification:_identify(scripts/unifolm-vla_g1-main/src/unifolm_vla/model/utils) by extension 'ros'
[0.605s] Level 1:colcon.colcon_core.package_identification:_identify(scripts/unifolm-vla_g1-main/src/unifolm_vla/model/utils) by extensions ['cmake', 'python']
[0.605s] Level 1:colcon.colcon_core.package_identification:_identify(scripts/unifolm-vla_g1-main/src/unifolm_vla/model/utils) by extension 'cmake'
[0.605s] Level 1:colcon.colcon_core.package_identification:_identify(scripts/unifolm-vla_g1-main/src/unifolm_vla/model/utils) by extension 'python'
[0.605s] Level 1:colcon.colcon_core.package_identification:_identify(scripts/unifolm-vla_g1-main/src/unifolm_vla/model/utils) by extensions ['python_setup_py']
[0.605s] Level 1:colcon.colcon_core.package_identification:_identify(scripts/unifolm-vla_g1-main/src/unifolm_vla/model/utils) by extension 'python_setup_py'
[0.606s] Level 1:colcon.colcon_core.package_identification:_identify(scripts/unifolm-vla_g1-main/src/unifolm_vla/rlds_dataloader) by extensions ['ignore', 'ignore_ament_install']
[0.606s] Level 1:colcon.colcon_core.package_identification:_identify(scripts/unifolm-vla_g1-main/src/unifolm_vla/rlds_dataloader) by extension 'ignore'
[0.606s] Level 1:colcon.colcon_core.package_identification:_identify(scripts/unifolm-vla_g1-main/src/unifolm_vla/rlds_dataloader) by extension 'ignore_ament_install'
[0.606s] Level 1:colcon.colcon_core.package_identification:_identify(scripts/unifolm-vla_g1-main/src/unifolm_vla/rlds_dataloader) by extensions ['colcon_pkg']
[0.606s] Level 1:colcon.colcon_core.package_identification:_identify(scripts/unifolm-vla_g1-main/src/unifolm_vla/rlds_dataloader) by extension 'colcon_pkg'
[0.606s] Level 1:colcon.colcon_core.package_identification:_identify(scripts/unifolm-vla_g1-main/src/unifolm_vla/rlds_dataloader) by extensions ['colcon_meta']
[0.606s] Level 1:colcon.colcon_core.package_identification:_identify(scripts/unifolm-vla_g1-main/src/unifolm_vla/rlds_dataloader) by extension 'colcon_meta'
[0.606s] Level 1:colcon.colcon_core.package_identification:_identify(scripts/unifolm-vla_g1-main/src/unifolm_vla/rlds_dataloader) by extensions ['ros']
[0.606s] Level 1:colcon.colcon_core.package_identification:_identify(scripts/unifolm-vla_g1-main/src/unifolm_vla/rlds_dataloader) by extension 'ros'
[0.607s] Level 1:colcon.colcon_core.package_identification:_identify(scripts/unifolm-vla_g1-main/src/unifolm_vla/rlds_dataloader) by extensions ['cmake', 'python']
[0.607s] Level 1:colcon.colcon_core.package_identification:_identify(scripts/unifolm-vla_g1-main/src/unifolm_vla/rlds_dataloader) by extension 'cmake'
[0.607s] Level 1:colcon.colcon_core.package_identification:_identify(scripts/unifolm-vla_g1-main/src/unifolm_vla/rlds_dataloader) by extension 'python'
[0.607s] Level 1:colcon.colcon_core.package_identification:_identify(scripts/unifolm-vla_g1-main/src/unifolm_vla/rlds_dataloader) by extensions ['python_setup_py']
[0.607s] Level 1:colcon.colcon_core.package_identification:_identify(scripts/unifolm-vla_g1-main/src/unifolm_vla/rlds_dataloader) by extension 'python_setup_py'
[0.607s] Level 1:colcon.colcon_core.package_identification:_identify(scripts/unifolm-vla_g1-main/src/unifolm_vla/rlds_dataloader/datasets) by extensions ['ignore', 'ignore_ament_install']
[0.607s] Level 1:colcon.colcon_core.package_identification:_identify(scripts/unifolm-vla_g1-main/src/unifolm_vla/rlds_dataloader/datasets) by extension 'ignore'
[0.607s] Level 1:colcon.colcon_core.package_identification:_identify(scripts/unifolm-vla_g1-main/src/unifolm_vla/rlds_dataloader/datasets) by extension 'ignore_ament_install'
[0.607s] Level 1:colcon.colcon_core.package_identification:_identify(scripts/unifolm-vla_g1-main/src/unifolm_vla/rlds_dataloader/datasets) by extensions ['colcon_pkg']
[0.607s] Level 1:colcon.colcon_core.package_identification:_identify(scripts/unifolm-vla_g1-main/src/unifolm_vla/rlds_dataloader/datasets) by extension 'colcon_pkg'
[0.607s] Level 1:colcon.colcon_core.package_identification:_identify(scripts/unifolm-vla_g1-main/src/unifolm_vla/rlds_dataloader/datasets) by extensions ['colcon_meta']
[0.607s] Level 1:colcon.colcon_core.package_identification:_identify(scripts/unifolm-vla_g1-main/src/unifolm_vla/rlds_dataloader/datasets) by extension 'colcon_meta'
[0.608s] Level 1:colcon.colcon_core.package_identification:_identify(scripts/unifolm-vla_g1-main/src/unifolm_vla/rlds_dataloader/datasets) by extensions ['ros']
[0.608s] Level 1:colcon.colcon_core.package_identification:_identify(scripts/unifolm-vla_g1-main/src/unifolm_vla/rlds_dataloader/datasets) by extension 'ros'
[0.608s] Level 1:colcon.colcon_core.package_identification:_identify(scripts/unifolm-vla_g1-main/src/unifolm_vla/rlds_dataloader/datasets) by extensions ['cmake', 'python']
[0.608s] Level 1:colcon.colcon_core.package_identification:_identify(scripts/unifolm-vla_g1-main/src/unifolm_vla/rlds_dataloader/datasets) by extension 'cmake'
[0.608s] Level 1:colcon.colcon_core.package_identification:_identify(scripts/unifolm-vla_g1-main/src/unifolm_vla/rlds_dataloader/datasets) by extension 'python'
[0.608s] Level 1:colcon.colcon_core.package_identification:_identify(scripts/unifolm-vla_g1-main/src/unifolm_vla/rlds_dataloader/datasets) by extensions ['python_setup_py']
[0.608s] Level 1:colcon.colcon_core.package_identification:_identify(scripts/unifolm-vla_g1-main/src/unifolm_vla/rlds_dataloader/datasets) by extension 'python_setup_py'
[0.608s] Level 1:colcon.colcon_core.package_identification:_identify(scripts/unifolm-vla_g1-main/src/unifolm_vla/rlds_dataloader/datasets/rlds) by extensions ['ignore', 'ignore_ament_install']
[0.608s] Level 1:colcon.colcon_core.package_identification:_identify(scripts/unifolm-vla_g1-main/src/unifolm_vla/rlds_dataloader/datasets/rlds) by extension 'ignore'
[0.608s] Level 1:colcon.colcon_core.package_identification:_identify(scripts/unifolm-vla_g1-main/src/unifolm_vla/rlds_dataloader/datasets/rlds) by extension 'ignore_ament_install'
[0.608s] Level 1:colcon.colcon_core.package_identification:_identify(scripts/unifolm-vla_g1-main/src/unifolm_vla/rlds_dataloader/datasets/rlds) by extensions ['colcon_pkg']
[0.609s] Level 1:colcon.colcon_core.package_identification:_identify(scripts/unifolm-vla_g1-main/src/unifolm_vla/rlds_dataloader/datasets/rlds) by extension 'colcon_pkg'
[0.609s] Level 1:colcon.colcon_core.package_identification:_identify(scripts/unifolm-vla_g1-main/src/unifolm_vla/rlds_dataloader/datasets/rlds) by extensions ['colcon_meta']
[0.609s] Level 1:colcon.colcon_core.package_identification:_identify(scripts/unifolm-vla_g1-main/src/unifolm_vla/rlds_dataloader/datasets/rlds) by extension 'colcon_meta'
[0.609s] Level 1:colcon.colcon_core.package_identification:_identify(scripts/unifolm-vla_g1-main/src/unifolm_vla/rlds_dataloader/datasets/rlds) by extensions ['ros']
[0.609s] Level 1:colcon.colcon_core.package_identification:_identify(scripts/unifolm-vla_g1-main/src/unifolm_vla/rlds_dataloader/datasets/rlds) by extension 'ros'
[0.609s] Level 1:colcon.colcon_core.package_identification:_identify(scripts/unifolm-vla_g1-main/src/unifolm_vla/rlds_dataloader/datasets/rlds) by extensions ['cmake', 'python']
[0.609s] Level 1:colcon.colcon_core.package_identification:_identify(scripts/unifolm-vla_g1-main/src/unifolm_vla/rlds_dataloader/datasets/rlds) by extension 'cmake'
[0.609s] Level 1:colcon.colcon_core.package_identification:_identify(scripts/unifolm-vla_g1-main/src/unifolm_vla/rlds_dataloader/datasets/rlds) by extension 'python'
[0.609s] Level 1:colcon.colcon_core.package_identification:_identify(scripts/unifolm-vla_g1-main/src/unifolm_vla/rlds_dataloader/datasets/rlds) by extensions ['python_setup_py']
[0.609s] Level 1:colcon.colcon_core.package_identification:_identify(scripts/unifolm-vla_g1-main/src/unifolm_vla/rlds_dataloader/datasets/rlds) by extension 'python_setup_py'
[0.610s] Level 1:colcon.colcon_core.package_identification:_identify(scripts/unifolm-vla_g1-main/src/unifolm_vla/rlds_dataloader/datasets/rlds/oxe) by extensions ['ignore', 'ignore_ament_install']
[0.610s] Level 1:colcon.colcon_core.package_identification:_identify(scripts/unifolm-vla_g1-main/src/unifolm_vla/rlds_dataloader/datasets/rlds/oxe) by extension 'ignore'
[0.610s] Level 1:colcon.colcon_core.package_identification:_identify(scripts/unifolm-vla_g1-main/src/unifolm_vla/rlds_dataloader/datasets/rlds/oxe) by extension 'ignore_ament_install'
[0.610s] Level 1:colcon.colcon_core.package_identification:_identify(scripts/unifolm-vla_g1-main/src/unifolm_vla/rlds_dataloader/datasets/rlds/oxe) by extensions ['colcon_pkg']
[0.610s] Level 1:colcon.colcon_core.package_identification:_identify(scripts/unifolm-vla_g1-main/src/unifolm_vla/rlds_dataloader/datasets/rlds/oxe) by extension 'colcon_pkg'
[0.610s] Level 1:colcon.colcon_core.package_identification:_identify(scripts/unifolm-vla_g1-main/src/unifolm_vla/rlds_dataloader/datasets/rlds/oxe) by extensions ['colcon_meta']
[0.610s] Level 1:colcon.colcon_core.package_identification:_identify(scripts/unifolm-vla_g1-main/src/unifolm_vla/rlds_dataloader/datasets/rlds/oxe) by extension 'colcon_meta'
[0.610s] Level 1:colcon.colcon_core.package_identification:_identify(scripts/unifolm-vla_g1-main/src/unifolm_vla/rlds_dataloader/datasets/rlds/oxe) by extensions ['ros']
[0.610s] Level 1:colcon.colcon_core.package_identification:_identify(scripts/unifolm-vla_g1-main/src/unifolm_vla/rlds_dataloader/datasets/rlds/oxe) by extension 'ros'
[0.610s] Level 1:colcon.colcon_core.package_identification:_identify(scripts/unifolm-vla_g1-main/src/unifolm_vla/rlds_dataloader/datasets/rlds/oxe) by extensions ['cmake', 'python']
[0.610s] Level 1:colcon.colcon_core.package_identification:_identify(scripts/unifolm-vla_g1-main/src/unifolm_vla/rlds_dataloader/datasets/rlds/oxe) by extension 'cmake'
[0.610s] Level 1:colcon.colcon_core.package_identification:_identify(scripts/unifolm-vla_g1-main/src/unifolm_vla/rlds_dataloader/datasets/rlds/oxe) by extension 'python'
[0.610s] Level 1:colcon.colcon_core.package_identification:_identify(scripts/unifolm-vla_g1-main/src/unifolm_vla/rlds_dataloader/datasets/rlds/oxe) by extensions ['python_setup_py']
[0.610s] Level 1:colcon.colcon_core.package_identification:_identify(scripts/unifolm-vla_g1-main/src/unifolm_vla/rlds_dataloader/datasets/rlds/oxe) by extension 'python_setup_py'
[0.611s] Level 1:colcon.colcon_core.package_identification:_identify(scripts/unifolm-vla_g1-main/src/unifolm_vla/rlds_dataloader/datasets/rlds/oxe/utils) by extensions ['ignore', 'ignore_ament_install']
[0.611s] Level 1:colcon.colcon_core.package_identification:_identify(scripts/unifolm-vla_g1-main/src/unifolm_vla/rlds_dataloader/datasets/rlds/oxe/utils) by extension 'ignore'
[0.611s] Level 1:colcon.colcon_core.package_identification:_identify(scripts/unifolm-vla_g1-main/src/unifolm_vla/rlds_dataloader/datasets/rlds/oxe/utils) by extension 'ignore_ament_install'
[0.611s] Level 1:colcon.colcon_core.package_identification:_identify(scripts/unifolm-vla_g1-main/src/unifolm_vla/rlds_dataloader/datasets/rlds/oxe/utils) by extensions ['colcon_pkg']
[0.611s] Level 1:colcon.colcon_core.package_identification:_identify(scripts/unifolm-vla_g1-main/src/unifolm_vla/rlds_dataloader/datasets/rlds/oxe/utils) by extension 'colcon_pkg'
[0.611s] Level 1:colcon.colcon_core.package_identification:_identify(scripts/unifolm-vla_g1-main/src/unifolm_vla/rlds_dataloader/datasets/rlds/oxe/utils) by extensions ['colcon_meta']
[0.611s] Level 1:colcon.colcon_core.package_identification:_identify(scripts/unifolm-vla_g1-main/src/unifolm_vla/rlds_dataloader/datasets/rlds/oxe/utils) by extension 'colcon_meta'
[0.611s] Level 1:colcon.colcon_core.package_identification:_identify(scripts/unifolm-vla_g1-main/src/unifolm_vla/rlds_dataloader/datasets/rlds/oxe/utils) by extensions ['ros']
[0.611s] Level 1:colcon.colcon_core.package_identification:_identify(scripts/unifolm-vla_g1-main/src/unifolm_vla/rlds_dataloader/datasets/rlds/oxe/utils) by extension 'ros'
[0.611s] Level 1:colcon.colcon_core.package_identification:_identify(scripts/unifolm-vla_g1-main/src/unifolm_vla/rlds_dataloader/datasets/rlds/oxe/utils) by extensions ['cmake', 'python']
[0.611s] Level 1:colcon.colcon_core.package_identification:_identify(scripts/unifolm-vla_g1-main/src/unifolm_vla/rlds_dataloader/datasets/rlds/oxe/utils) by extension 'cmake'
[0.611s] Level 1:colcon.colcon_core.package_identification:_identify(scripts/unifolm-vla_g1-main/src/unifolm_vla/rlds_dataloader/datasets/rlds/oxe/utils) by extension 'python'
[0.611s] Level 1:colcon.colcon_core.package_identification:_identify(scripts/unifolm-vla_g1-main/src/unifolm_vla/rlds_dataloader/datasets/rlds/oxe/utils) by extensions ['python_setup_py']
[0.612s] Level 1:colcon.colcon_core.package_identification:_identify(scripts/unifolm-vla_g1-main/src/unifolm_vla/rlds_dataloader/datasets/rlds/oxe/utils) by extension 'python_setup_py'
[0.612s] Level 1:colcon.colcon_core.package_identification:_identify(scripts/unifolm-vla_g1-main/src/unifolm_vla/rlds_dataloader/datasets/rlds/utils) by extensions ['ignore', 'ignore_ament_install']
[0.612s] Level 1:colcon.colcon_core.package_identification:_identify(scripts/unifolm-vla_g1-main/src/unifolm_vla/rlds_dataloader/datasets/rlds/utils) by extension 'ignore'
[0.612s] Level 1:colcon.colcon_core.package_identification:_identify(scripts/unifolm-vla_g1-main/src/unifolm_vla/rlds_dataloader/datasets/rlds/utils) by extension 'ignore_ament_install'
[0.612s] Level 1:colcon.colcon_core.package_identification:_identify(scripts/unifolm-vla_g1-main/src/unifolm_vla/rlds_dataloader/datasets/rlds/utils) by extensions ['colcon_pkg']
[0.612s] Level 1:colcon.colcon_core.package_identification:_identify(scripts/unifolm-vla_g1-main/src/unifolm_vla/rlds_dataloader/datasets/rlds/utils) by extension 'colcon_pkg'
[0.612s] Level 1:colcon.colcon_core.package_identification:_identify(scripts/unifolm-vla_g1-main/src/unifolm_vla/rlds_dataloader/datasets/rlds/utils) by extensions ['colcon_meta']
[0.612s] Level 1:colcon.colcon_core.package_identification:_identify(scripts/unifolm-vla_g1-main/src/unifolm_vla/rlds_dataloader/datasets/rlds/utils) by extension 'colcon_meta'
[0.613s] Level 1:colcon.colcon_core.package_identification:_identify(scripts/unifolm-vla_g1-main/src/unifolm_vla/rlds_dataloader/datasets/rlds/utils) by extensions ['ros']
[0.613s] Level 1:colcon.colcon_core.package_identification:_identify(scripts/unifolm-vla_g1-main/src/unifolm_vla/rlds_dataloader/datasets/rlds/utils) by extension 'ros'
[0.613s] Level 1:colcon.colcon_core.package_identification:_identify(scripts/unifolm-vla_g1-main/src/unifolm_vla/rlds_dataloader/datasets/rlds/utils) by extensions ['cmake', 'python']
[0.613s] Level 1:colcon.colcon_core.package_identification:_identify(scripts/unifolm-vla_g1-main/src/unifolm_vla/rlds_dataloader/datasets/rlds/utils) by extension 'cmake'
[0.613s] Level 1:colcon.colcon_core.package_identification:_identify(scripts/unifolm-vla_g1-main/src/unifolm_vla/rlds_dataloader/datasets/rlds/utils) by extension 'python'
[0.613s] Level 1:colcon.colcon_core.package_identification:_identify(scripts/unifolm-vla_g1-main/src/unifolm_vla/rlds_dataloader/datasets/rlds/utils) by extensions ['python_setup_py']
[0.613s] Level 1:colcon.colcon_core.package_identification:_identify(scripts/unifolm-vla_g1-main/src/unifolm_vla/rlds_dataloader/datasets/rlds/utils) by extension 'python_setup_py'
[0.613s] Level 1:colcon.colcon_core.package_identification:_identify(scripts/unifolm-vla_g1-main/src/unifolm_vla/training) by extensions ['ignore', 'ignore_ament_install']
[0.613s] Level 1:colcon.colcon_core.package_identification:_identify(scripts/unifolm-vla_g1-main/src/unifolm_vla/training) by extension 'ignore'
[0.613s] Level 1:colcon.colcon_core.package_identification:_identify(scripts/unifolm-vla_g1-main/src/unifolm_vla/training) by extension 'ignore_ament_install'
[0.614s] Level 1:colcon.colcon_core.package_identification:_identify(scripts/unifolm-vla_g1-main/src/unifolm_vla/training) by extensions ['colcon_pkg']
[0.614s] Level 1:colcon.colcon_core.package_identification:_identify(scripts/unifolm-vla_g1-main/src/unifolm_vla/training) by extension 'colcon_pkg'
[0.614s] Level 1:colcon.colcon_core.package_identification:_identify(scripts/unifolm-vla_g1-main/src/unifolm_vla/training) by extensions ['colcon_meta']
[0.614s] Level 1:colcon.colcon_core.package_identification:_identify(scripts/unifolm-vla_g1-main/src/unifolm_vla/training) by extension 'colcon_meta'
[0.614s] Level 1:colcon.colcon_core.package_identification:_identify(scripts/unifolm-vla_g1-main/src/unifolm_vla/training) by extensions ['ros']
[0.614s] Level 1:colcon.colcon_core.package_identification:_identify(scripts/unifolm-vla_g1-main/src/unifolm_vla/training) by extension 'ros'
[0.614s] Level 1:colcon.colcon_core.package_identification:_identify(scripts/unifolm-vla_g1-main/src/unifolm_vla/training) by extensions ['cmake', 'python']
[0.614s] Level 1:colcon.colcon_core.package_identification:_identify(scripts/unifolm-vla_g1-main/src/unifolm_vla/training) by extension 'cmake'
[0.614s] Level 1:colcon.colcon_core.package_identification:_identify(scripts/unifolm-vla_g1-main/src/unifolm_vla/training) by extension 'python'
[0.614s] Level 1:colcon.colcon_core.package_identification:_identify(scripts/unifolm-vla_g1-main/src/unifolm_vla/training) by extensions ['python_setup_py']
[0.614s] Level 1:colcon.colcon_core.package_identification:_identify(scripts/unifolm-vla_g1-main/src/unifolm_vla/training) by extension 'python_setup_py'
[0.614s] Level 1:colcon.colcon_core.package_identification:_identify(scripts/unifolm-vla_g1-main/src/unifolm_vla/training/trainer_utils) by extensions ['ignore', 'ignore_ament_install']
[0.615s] Level 1:colcon.colcon_core.package_identification:_identify(scripts/unifolm-vla_g1-main/src/unifolm_vla/training/trainer_utils) by extension 'ignore'
[0.615s] Level 1:colcon.colcon_core.package_identification:_identify(scripts/unifolm-vla_g1-main/src/unifolm_vla/training/trainer_utils) by extension 'ignore_ament_install'
[0.615s] Level 1:colcon.colcon_core.package_identification:_identify(scripts/unifolm-vla_g1-main/src/unifolm_vla/training/trainer_utils) by extensions ['colcon_pkg']
[0.615s] Level 1:colcon.colcon_core.package_identification:_identify(scripts/unifolm-vla_g1-main/src/unifolm_vla/training/trainer_utils) by extension 'colcon_pkg'
[0.615s] Level 1:colcon.colcon_core.package_identification:_identify(scripts/unifolm-vla_g1-main/src/unifolm_vla/training/trainer_utils) by extensions ['colcon_meta']
[0.615s] Level 1:colcon.colcon_core.package_identification:_identify(scripts/unifolm-vla_g1-main/src/unifolm_vla/training/trainer_utils) by extension 'colcon_meta'
[0.615s] Level 1:colcon.colcon_core.package_identification:_identify(scripts/unifolm-vla_g1-main/src/unifolm_vla/training/trainer_utils) by extensions ['ros']
[0.615s] Level 1:colcon.colcon_core.package_identification:_identify(scripts/unifolm-vla_g1-main/src/unifolm_vla/training/trainer_utils) by extension 'ros'
[0.615s] Level 1:colcon.colcon_core.package_identification:_identify(scripts/unifolm-vla_g1-main/src/unifolm_vla/training/trainer_utils) by extensions ['cmake', 'python']
[0.615s] Level 1:colcon.colcon_core.package_identification:_identify(scripts/unifolm-vla_g1-main/src/unifolm_vla/training/trainer_utils) by extension 'cmake'
[0.615s] Level 1:colcon.colcon_core.package_identification:_identify(scripts/unifolm-vla_g1-main/src/unifolm_vla/training/trainer_utils) by extension 'python'
[0.615s] Level 1:colcon.colcon_core.package_identification:_identify(scripts/unifolm-vla_g1-main/src/unifolm_vla/training/trainer_utils) by extensions ['python_setup_py']
[0.615s] Level 1:colcon.colcon_core.package_identification:_identify(scripts/unifolm-vla_g1-main/src/unifolm_vla/training/trainer_utils) by extension 'python_setup_py'
[0.616s] Level 1:colcon.colcon_core.package_identification:_identify(scripts/usecases) by extensions ['ignore', 'ignore_ament_install']
[0.616s] Level 1:colcon.colcon_core.package_identification:_identify(scripts/usecases) by extension 'ignore'
[0.616s] Level 1:colcon.colcon_core.package_identification:_identify(scripts/usecases) by extension 'ignore_ament_install'
[0.616s] Level 1:colcon.colcon_core.package_identification:_identify(scripts/usecases) by extensions ['colcon_pkg']
[0.616s] Level 1:colcon.colcon_core.package_identification:_identify(scripts/usecases) by extension 'colcon_pkg'
[0.616s] Level 1:colcon.colcon_core.package_identification:_identify(scripts/usecases) by extensions ['colcon_meta']
[0.616s] Level 1:colcon.colcon_core.package_identification:_identify(scripts/usecases) by extension 'colcon_meta'
[0.616s] Level 1:colcon.colcon_core.package_identification:_identify(scripts/usecases) by extensions ['ros']
[0.616s] Level 1:colcon.colcon_core.package_identification:_identify(scripts/usecases) by extension 'ros'
[0.616s] Level 1:colcon.colcon_core.package_identification:_identify(scripts/usecases) by extensions ['cmake', 'python']
[0.616s] Level 1:colcon.colcon_core.package_identification:_identify(scripts/usecases) by extension 'cmake'
[0.616s] Level 1:colcon.colcon_core.package_identification:_identify(scripts/usecases) by extension 'python'
[0.616s] Level 1:colcon.colcon_core.package_identification:_identify(scripts/usecases) by extensions ['python_setup_py']
[0.616s] Level 1:colcon.colcon_core.package_identification:_identify(scripts/usecases) by extension 'python_setup_py'
[0.617s] Level 1:colcon.colcon_core.package_identification:_identify(scripts/usecases/boxing_bag_hunt) by extensions ['ignore', 'ignore_ament_install']
[0.617s] Level 1:colcon.colcon_core.package_identification:_identify(scripts/usecases/boxing_bag_hunt) by extension 'ignore'
[0.617s] Level 1:colcon.colcon_core.package_identification:_identify(scripts/usecases/boxing_bag_hunt) by extension 'ignore_ament_install'
[0.617s] Level 1:colcon.colcon_core.package_identification:_identify(scripts/usecases/boxing_bag_hunt) by extensions ['colcon_pkg']
[0.617s] Level 1:colcon.colcon_core.package_identification:_identify(scripts/usecases/boxing_bag_hunt) by extension 'colcon_pkg'
[0.617s] Level 1:colcon.colcon_core.package_identification:_identify(scripts/usecases/boxing_bag_hunt) by extensions ['colcon_meta']
[0.617s] Level 1:colcon.colcon_core.package_identification:_identify(scripts/usecases/boxing_bag_hunt) by extension 'colcon_meta'
[0.617s] Level 1:colcon.colcon_core.package_identification:_identify(scripts/usecases/boxing_bag_hunt) by extensions ['ros']
[0.617s] Level 1:colcon.colcon_core.package_identification:_identify(scripts/usecases/boxing_bag_hunt) by extension 'ros'
[0.617s] Level 1:colcon.colcon_core.package_identification:_identify(scripts/usecases/boxing_bag_hunt) by extensions ['cmake', 'python']
[0.617s] Level 1:colcon.colcon_core.package_identification:_identify(scripts/usecases/boxing_bag_hunt) by extension 'cmake'
[0.618s] Level 1:colcon.colcon_core.package_identification:_identify(scripts/usecases/boxing_bag_hunt) by extension 'python'
[0.618s] Level 1:colcon.colcon_core.package_identification:_identify(scripts/usecases/boxing_bag_hunt) by extensions ['python_setup_py']
[0.618s] Level 1:colcon.colcon_core.package_identification:_identify(scripts/usecases/boxing_bag_hunt) by extension 'python_setup_py'
[0.618s] Level 1:colcon.colcon_core.package_identification:_identify(sim) by extensions ['ignore', 'ignore_ament_install']
[0.618s] Level 1:colcon.colcon_core.package_identification:_identify(sim) by extension 'ignore'
[0.618s] Level 1:colcon.colcon_core.package_identification:_identify(sim) by extension 'ignore_ament_install'
[0.618s] Level 1:colcon.colcon_core.package_identification:_identify(sim) by extensions ['colcon_pkg']
[0.618s] Level 1:colcon.colcon_core.package_identification:_identify(sim) by extension 'colcon_pkg'
[0.619s] Level 1:colcon.colcon_core.package_identification:_identify(sim) by extensions ['colcon_meta']
[0.619s] Level 1:colcon.colcon_core.package_identification:_identify(sim) by extension 'colcon_meta'
[0.619s] Level 1:colcon.colcon_core.package_identification:_identify(sim) by extensions ['ros']
[0.619s] Level 1:colcon.colcon_core.package_identification:_identify(sim) by extension 'ros'
[0.619s] Level 1:colcon.colcon_core.package_identification:_identify(sim) by extensions ['cmake', 'python']
[0.619s] Level 1:colcon.colcon_core.package_identification:_identify(sim) by extension 'cmake'
[0.619s] Level 1:colcon.colcon_core.package_identification:_identify(sim) by extension 'python'
[0.619s] Level 1:colcon.colcon_core.package_identification:_identify(sim) by extensions ['python_setup_py']
[0.619s] Level 1:colcon.colcon_core.package_identification:_identify(sim) by extension 'python_setup_py'
[0.619s] Level 1:colcon.colcon_core.package_identification:_identify(sim/G1_rviz_simulation-main) by extensions ['ignore', 'ignore_ament_install']
[0.619s] Level 1:colcon.colcon_core.package_identification:_identify(sim/G1_rviz_simulation-main) by extension 'ignore'
[0.619s] Level 1:colcon.colcon_core.package_identification:_identify(sim/G1_rviz_simulation-main) by extension 'ignore_ament_install'
[0.619s] Level 1:colcon.colcon_core.package_identification:_identify(sim/G1_rviz_simulation-main) by extensions ['colcon_pkg']
[0.619s] Level 1:colcon.colcon_core.package_identification:_identify(sim/G1_rviz_simulation-main) by extension 'colcon_pkg'
[0.619s] Level 1:colcon.colcon_core.package_identification:_identify(sim/G1_rviz_simulation-main) by extensions ['colcon_meta']
[0.619s] Level 1:colcon.colcon_core.package_identification:_identify(sim/G1_rviz_simulation-main) by extension 'colcon_meta'
[0.619s] Level 1:colcon.colcon_core.package_identification:_identify(sim/G1_rviz_simulation-main) by extensions ['ros']
[0.619s] Level 1:colcon.colcon_core.package_identification:_identify(sim/G1_rviz_simulation-main) by extension 'ros'
[0.620s] Level 1:colcon.colcon_core.package_identification:_identify(sim/G1_rviz_simulation-main) by extensions ['cmake', 'python']
[0.620s] Level 1:colcon.colcon_core.package_identification:_identify(sim/G1_rviz_simulation-main) by extension 'cmake'
[0.620s] Level 1:colcon.colcon_core.package_identification:_identify(sim/G1_rviz_simulation-main) by extension 'python'
[0.620s] Level 1:colcon.colcon_core.package_identification:_identify(sim/G1_rviz_simulation-main) by extensions ['python_setup_py']
[0.620s] Level 1:colcon.colcon_core.package_identification:_identify(sim/G1_rviz_simulation-main) by extension 'python_setup_py'
[0.620s] Level 1:colcon.colcon_core.package_identification:_identify(sim/G1_rviz_simulation-main/G1_rviz_simulation-main) by extensions ['ignore', 'ignore_ament_install']
[0.620s] Level 1:colcon.colcon_core.package_identification:_identify(sim/G1_rviz_simulation-main/G1_rviz_simulation-main) by extension 'ignore'
[0.620s] Level 1:colcon.colcon_core.package_identification:_identify(sim/G1_rviz_simulation-main/G1_rviz_simulation-main) by extension 'ignore_ament_install'
[0.620s] Level 1:colcon.colcon_core.package_identification:_identify(sim/G1_rviz_simulation-main/G1_rviz_simulation-main) by extensions ['colcon_pkg']
[0.620s] Level 1:colcon.colcon_core.package_identification:_identify(sim/G1_rviz_simulation-main/G1_rviz_simulation-main) by extension 'colcon_pkg'
[0.620s] Level 1:colcon.colcon_core.package_identification:_identify(sim/G1_rviz_simulation-main/G1_rviz_simulation-main) by extensions ['colcon_meta']
[0.620s] Level 1:colcon.colcon_core.package_identification:_identify(sim/G1_rviz_simulation-main/G1_rviz_simulation-main) by extension 'colcon_meta'
[0.620s] Level 1:colcon.colcon_core.package_identification:_identify(sim/G1_rviz_simulation-main/G1_rviz_simulation-main) by extensions ['ros']
[0.620s] Level 1:colcon.colcon_core.package_identification:_identify(sim/G1_rviz_simulation-main/G1_rviz_simulation-main) by extension 'ros'
[0.621s] DEBUG:colcon.colcon_core.package_identification:Package 'sim/G1_rviz_simulation-main/G1_rviz_simulation-main' with type 'ros.ament_python' and name 'g1_description'
[0.622s] Level 1:colcon.colcon_core.package_identification:_identify(sim/lafan1_retargeting_dataset) by extensions ['ignore', 'ignore_ament_install']
[0.622s] Level 1:colcon.colcon_core.package_identification:_identify(sim/lafan1_retargeting_dataset) by extension 'ignore'
[0.622s] Level 1:colcon.colcon_core.package_identification:_identify(sim/lafan1_retargeting_dataset) by extension 'ignore_ament_install'
[0.622s] Level 1:colcon.colcon_core.package_identification:_identify(sim/lafan1_retargeting_dataset) by extensions ['colcon_pkg']
[0.622s] Level 1:colcon.colcon_core.package_identification:_identify(sim/lafan1_retargeting_dataset) by extension 'colcon_pkg'
[0.622s] Level 1:colcon.colcon_core.package_identification:_identify(sim/lafan1_retargeting_dataset) by extensions ['colcon_meta']
[0.622s] Level 1:colcon.colcon_core.package_identification:_identify(sim/lafan1_retargeting_dataset) by extension 'colcon_meta'
[0.622s] Level 1:colcon.colcon_core.package_identification:_identify(sim/lafan1_retargeting_dataset) by extensions ['ros']
[0.622s] Level 1:colcon.colcon_core.package_identification:_identify(sim/lafan1_retargeting_dataset) by extension 'ros'
[0.622s] Level 1:colcon.colcon_core.package_identification:_identify(sim/lafan1_retargeting_dataset) by extensions ['cmake', 'python']
[0.622s] Level 1:colcon.colcon_core.package_identification:_identify(sim/lafan1_retargeting_dataset) by extension 'cmake'
[0.622s] Level 1:colcon.colcon_core.package_identification:_identify(sim/lafan1_retargeting_dataset) by extension 'python'
[0.622s] Level 1:colcon.colcon_core.package_identification:_identify(sim/lafan1_retargeting_dataset) by extensions ['python_setup_py']
[0.622s] Level 1:colcon.colcon_core.package_identification:_identify(sim/lafan1_retargeting_dataset) by extension 'python_setup_py'
[0.623s] Level 1:colcon.colcon_core.package_identification:_identify(sim/lafan1_retargeting_dataset/g1_23dof) by extensions ['ignore', 'ignore_ament_install']
[0.623s] Level 1:colcon.colcon_core.package_identification:_identify(sim/lafan1_retargeting_dataset/g1_23dof) by extension 'ignore'
[0.623s] Level 1:colcon.colcon_core.package_identification:_identify(sim/lafan1_retargeting_dataset/g1_23dof) by extension 'ignore_ament_install'
[0.623s] Level 1:colcon.colcon_core.package_identification:_identify(sim/lafan1_retargeting_dataset/g1_23dof) by extensions ['colcon_pkg']
[0.623s] Level 1:colcon.colcon_core.package_identification:_identify(sim/lafan1_retargeting_dataset/g1_23dof) by extension 'colcon_pkg'
[0.623s] Level 1:colcon.colcon_core.package_identification:_identify(sim/lafan1_retargeting_dataset/g1_23dof) by extensions ['colcon_meta']
[0.623s] Level 1:colcon.colcon_core.package_identification:_identify(sim/lafan1_retargeting_dataset/g1_23dof) by extension 'colcon_meta'
[0.623s] Level 1:colcon.colcon_core.package_identification:_identify(sim/lafan1_retargeting_dataset/g1_23dof) by extensions ['ros']
[0.623s] Level 1:colcon.colcon_core.package_identification:_identify(sim/lafan1_retargeting_dataset/g1_23dof) by extension 'ros'
[0.623s] Level 1:colcon.colcon_core.package_identification:_identify(sim/lafan1_retargeting_dataset/g1_23dof) by extensions ['cmake', 'python']
[0.623s] Level 1:colcon.colcon_core.package_identification:_identify(sim/lafan1_retargeting_dataset/g1_23dof) by extension 'cmake'
[0.624s] Level 1:colcon.colcon_core.package_identification:_identify(sim/lafan1_retargeting_dataset/g1_23dof) by extension 'python'
[0.624s] Level 1:colcon.colcon_core.package_identification:_identify(sim/lafan1_retargeting_dataset/g1_23dof) by extensions ['python_setup_py']
[0.624s] Level 1:colcon.colcon_core.package_identification:_identify(sim/lafan1_retargeting_dataset/g1_23dof) by extension 'python_setup_py'
[0.624s] Level 1:colcon.colcon_core.package_identification:_identify(sim/lafan1_retargeting_dataset/g1_29dof) by extensions ['ignore', 'ignore_ament_install']
[0.624s] Level 1:colcon.colcon_core.package_identification:_identify(sim/lafan1_retargeting_dataset/g1_29dof) by extension 'ignore'
[0.624s] Level 1:colcon.colcon_core.package_identification:_identify(sim/lafan1_retargeting_dataset/g1_29dof) by extension 'ignore_ament_install'
[0.624s] Level 1:colcon.colcon_core.package_identification:_identify(sim/lafan1_retargeting_dataset/g1_29dof) by extensions ['colcon_pkg']
[0.624s] Level 1:colcon.colcon_core.package_identification:_identify(sim/lafan1_retargeting_dataset/g1_29dof) by extension 'colcon_pkg'
[0.624s] Level 1:colcon.colcon_core.package_identification:_identify(sim/lafan1_retargeting_dataset/g1_29dof) by extensions ['colcon_meta']
[0.624s] Level 1:colcon.colcon_core.package_identification:_identify(sim/lafan1_retargeting_dataset/g1_29dof) by extension 'colcon_meta'
[0.624s] Level 1:colcon.colcon_core.package_identification:_identify(sim/lafan1_retargeting_dataset/g1_29dof) by extensions ['ros']
[0.624s] Level 1:colcon.colcon_core.package_identification:_identify(sim/lafan1_retargeting_dataset/g1_29dof) by extension 'ros'
[0.625s] Level 1:colcon.colcon_core.package_identification:_identify(sim/lafan1_retargeting_dataset/g1_29dof) by extensions ['cmake', 'python']
[0.625s] Level 1:colcon.colcon_core.package_identification:_identify(sim/lafan1_retargeting_dataset/g1_29dof) by extension 'cmake'
[0.625s] Level 1:colcon.colcon_core.package_identification:_identify(sim/lafan1_retargeting_dataset/g1_29dof) by extension 'python'
[0.625s] Level 1:colcon.colcon_core.package_identification:_identify(sim/lafan1_retargeting_dataset/g1_29dof) by extensions ['python_setup_py']
[0.625s] Level 1:colcon.colcon_core.package_identification:_identify(sim/lafan1_retargeting_dataset/g1_29dof) by extension 'python_setup_py'
[0.625s] Level 1:colcon.colcon_core.package_identification:_identify(sim/lafan1_retargeting_dataset/h1) by extensions ['ignore', 'ignore_ament_install']
[0.625s] Level 1:colcon.colcon_core.package_identification:_identify(sim/lafan1_retargeting_dataset/h1) by extension 'ignore'
[0.625s] Level 1:colcon.colcon_core.package_identification:_identify(sim/lafan1_retargeting_dataset/h1) by extension 'ignore_ament_install'
[0.625s] Level 1:colcon.colcon_core.package_identification:_identify(sim/lafan1_retargeting_dataset/h1) by extensions ['colcon_pkg']
[0.625s] Level 1:colcon.colcon_core.package_identification:_identify(sim/lafan1_retargeting_dataset/h1) by extension 'colcon_pkg'
[0.625s] Level 1:colcon.colcon_core.package_identification:_identify(sim/lafan1_retargeting_dataset/h1) by extensions ['colcon_meta']
[0.625s] Level 1:colcon.colcon_core.package_identification:_identify(sim/lafan1_retargeting_dataset/h1) by extension 'colcon_meta'
[0.626s] Level 1:colcon.colcon_core.package_identification:_identify(sim/lafan1_retargeting_dataset/h1) by extensions ['ros']
[0.626s] Level 1:colcon.colcon_core.package_identification:_identify(sim/lafan1_retargeting_dataset/h1) by extension 'ros'
[0.626s] Level 1:colcon.colcon_core.package_identification:_identify(sim/lafan1_retargeting_dataset/h1) by extensions ['cmake', 'python']
[0.626s] Level 1:colcon.colcon_core.package_identification:_identify(sim/lafan1_retargeting_dataset/h1) by extension 'cmake'
[0.626s] Level 1:colcon.colcon_core.package_identification:_identify(sim/lafan1_retargeting_dataset/h1) by extension 'python'
[0.626s] Level 1:colcon.colcon_core.package_identification:_identify(sim/lafan1_retargeting_dataset/h1) by extensions ['python_setup_py']
[0.626s] Level 1:colcon.colcon_core.package_identification:_identify(sim/lafan1_retargeting_dataset/h1) by extension 'python_setup_py'
[0.626s] Level 1:colcon.colcon_core.package_identification:_identify(sim/lafan1_retargeting_dataset/h1_2) by extensions ['ignore', 'ignore_ament_install']
[0.627s] Level 1:colcon.colcon_core.package_identification:_identify(sim/lafan1_retargeting_dataset/h1_2) by extension 'ignore'
[0.627s] Level 1:colcon.colcon_core.package_identification:_identify(sim/lafan1_retargeting_dataset/h1_2) by extension 'ignore_ament_install'
[0.627s] Level 1:colcon.colcon_core.package_identification:_identify(sim/lafan1_retargeting_dataset/h1_2) by extensions ['colcon_pkg']
[0.627s] Level 1:colcon.colcon_core.package_identification:_identify(sim/lafan1_retargeting_dataset/h1_2) by extension 'colcon_pkg'
[0.627s] Level 1:colcon.colcon_core.package_identification:_identify(sim/lafan1_retargeting_dataset/h1_2) by extensions ['colcon_meta']
[0.627s] Level 1:colcon.colcon_core.package_identification:_identify(sim/lafan1_retargeting_dataset/h1_2) by extension 'colcon_meta'
[0.627s] Level 1:colcon.colcon_core.package_identification:_identify(sim/lafan1_retargeting_dataset/h1_2) by extensions ['ros']
[0.627s] Level 1:colcon.colcon_core.package_identification:_identify(sim/lafan1_retargeting_dataset/h1_2) by extension 'ros'
[0.627s] Level 1:colcon.colcon_core.package_identification:_identify(sim/lafan1_retargeting_dataset/h1_2) by extensions ['cmake', 'python']
[0.627s] Level 1:colcon.colcon_core.package_identification:_identify(sim/lafan1_retargeting_dataset/h1_2) by extension 'cmake'
[0.627s] Level 1:colcon.colcon_core.package_identification:_identify(sim/lafan1_retargeting_dataset/h1_2) by extension 'python'
[0.627s] Level 1:colcon.colcon_core.package_identification:_identify(sim/lafan1_retargeting_dataset/h1_2) by extensions ['python_setup_py']
[0.627s] Level 1:colcon.colcon_core.package_identification:_identify(sim/lafan1_retargeting_dataset/h1_2) by extension 'python_setup_py'
[0.627s] Level 1:colcon.colcon_core.package_identification:_identify(sim/lafan1_retargeting_dataset/meta_data) by extensions ['ignore', 'ignore_ament_install']
[0.628s] Level 1:colcon.colcon_core.package_identification:_identify(sim/lafan1_retargeting_dataset/meta_data) by extension 'ignore'
[0.628s] Level 1:colcon.colcon_core.package_identification:_identify(sim/lafan1_retargeting_dataset/meta_data) by extension 'ignore_ament_install'
[0.628s] Level 1:colcon.colcon_core.package_identification:_identify(sim/lafan1_retargeting_dataset/meta_data) by extensions ['colcon_pkg']
[0.628s] Level 1:colcon.colcon_core.package_identification:_identify(sim/lafan1_retargeting_dataset/meta_data) by extension 'colcon_pkg'
[0.628s] Level 1:colcon.colcon_core.package_identification:_identify(sim/lafan1_retargeting_dataset/meta_data) by extensions ['colcon_meta']
[0.628s] Level 1:colcon.colcon_core.package_identification:_identify(sim/lafan1_retargeting_dataset/meta_data) by extension 'colcon_meta'
[0.628s] Level 1:colcon.colcon_core.package_identification:_identify(sim/lafan1_retargeting_dataset/meta_data) by extensions ['ros']
[0.628s] Level 1:colcon.colcon_core.package_identification:_identify(sim/lafan1_retargeting_dataset/meta_data) by extension 'ros'
[0.628s] Level 1:colcon.colcon_core.package_identification:_identify(sim/lafan1_retargeting_dataset/meta_data) by extensions ['cmake', 'python']
[0.628s] Level 1:colcon.colcon_core.package_identification:_identify(sim/lafan1_retargeting_dataset/meta_data) by extension 'cmake'
[0.628s] Level 1:colcon.colcon_core.package_identification:_identify(sim/lafan1_retargeting_dataset/meta_data) by extension 'python'
[0.628s] Level 1:colcon.colcon_core.package_identification:_identify(sim/lafan1_retargeting_dataset/meta_data) by extensions ['python_setup_py']
[0.628s] Level 1:colcon.colcon_core.package_identification:_identify(sim/lafan1_retargeting_dataset/meta_data) by extension 'python_setup_py'
[0.628s] Level 1:colcon.colcon_core.package_identification:_identify(sim/lafan1_retargeting_dataset/robot_description) by extensions ['ignore', 'ignore_ament_install']
[0.629s] Level 1:colcon.colcon_core.package_identification:_identify(sim/lafan1_retargeting_dataset/robot_description) by extension 'ignore'
[0.629s] Level 1:colcon.colcon_core.package_identification:_identify(sim/lafan1_retargeting_dataset/robot_description) by extension 'ignore_ament_install'
[0.629s] Level 1:colcon.colcon_core.package_identification:_identify(sim/lafan1_retargeting_dataset/robot_description) by extensions ['colcon_pkg']
[0.629s] Level 1:colcon.colcon_core.package_identification:_identify(sim/lafan1_retargeting_dataset/robot_description) by extension 'colcon_pkg'
[0.629s] Level 1:colcon.colcon_core.package_identification:_identify(sim/lafan1_retargeting_dataset/robot_description) by extensions ['colcon_meta']
[0.629s] Level 1:colcon.colcon_core.package_identification:_identify(sim/lafan1_retargeting_dataset/robot_description) by extension 'colcon_meta'
[0.629s] Level 1:colcon.colcon_core.package_identification:_identify(sim/lafan1_retargeting_dataset/robot_description) by extensions ['ros']
[0.629s] Level 1:colcon.colcon_core.package_identification:_identify(sim/lafan1_retargeting_dataset/robot_description) by extension 'ros'
[0.629s] Level 1:colcon.colcon_core.package_identification:_identify(sim/lafan1_retargeting_dataset/robot_description) by extensions ['cmake', 'python']
[0.629s] Level 1:colcon.colcon_core.package_identification:_identify(sim/lafan1_retargeting_dataset/robot_description) by extension 'cmake'
[0.629s] Level 1:colcon.colcon_core.package_identification:_identify(sim/lafan1_retargeting_dataset/robot_description) by extension 'python'
[0.629s] Level 1:colcon.colcon_core.package_identification:_identify(sim/lafan1_retargeting_dataset/robot_description) by extensions ['python_setup_py']
[0.629s] Level 1:colcon.colcon_core.package_identification:_identify(sim/lafan1_retargeting_dataset/robot_description) by extension 'python_setup_py'
[0.630s] Level 1:colcon.colcon_core.package_identification:_identify(sim/lafan1_retargeting_dataset/robot_description/g1) by extensions ['ignore', 'ignore_ament_install']
[0.630s] Level 1:colcon.colcon_core.package_identification:_identify(sim/lafan1_retargeting_dataset/robot_description/g1) by extension 'ignore'
[0.630s] Level 1:colcon.colcon_core.package_identification:_identify(sim/lafan1_retargeting_dataset/robot_description/g1) by extension 'ignore_ament_install'
[0.630s] Level 1:colcon.colcon_core.package_identification:_identify(sim/lafan1_retargeting_dataset/robot_description/g1) by extensions ['colcon_pkg']
[0.630s] Level 1:colcon.colcon_core.package_identification:_identify(sim/lafan1_retargeting_dataset/robot_description/g1) by extension 'colcon_pkg'
[0.630s] Level 1:colcon.colcon_core.package_identification:_identify(sim/lafan1_retargeting_dataset/robot_description/g1) by extensions ['colcon_meta']
[0.630s] Level 1:colcon.colcon_core.package_identification:_identify(sim/lafan1_retargeting_dataset/robot_description/g1) by extension 'colcon_meta'
[0.630s] Level 1:colcon.colcon_core.package_identification:_identify(sim/lafan1_retargeting_dataset/robot_description/g1) by extensions ['ros']
[0.630s] Level 1:colcon.colcon_core.package_identification:_identify(sim/lafan1_retargeting_dataset/robot_description/g1) by extension 'ros'
[0.630s] Level 1:colcon.colcon_core.package_identification:_identify(sim/lafan1_retargeting_dataset/robot_description/g1) by extensions ['cmake', 'python']
[0.630s] Level 1:colcon.colcon_core.package_identification:_identify(sim/lafan1_retargeting_dataset/robot_description/g1) by extension 'cmake'
[0.631s] Level 1:colcon.colcon_core.package_identification:_identify(sim/lafan1_retargeting_dataset/robot_description/g1) by extension 'python'
[0.631s] Level 1:colcon.colcon_core.package_identification:_identify(sim/lafan1_retargeting_dataset/robot_description/g1) by extensions ['python_setup_py']
[0.631s] Level 1:colcon.colcon_core.package_identification:_identify(sim/lafan1_retargeting_dataset/robot_description/g1) by extension 'python_setup_py'
[0.631s] Level 1:colcon.colcon_core.package_identification:_identify(sim/lafan1_retargeting_dataset/robot_description/g1/meshes) by extensions ['ignore', 'ignore_ament_install']
[0.631s] Level 1:colcon.colcon_core.package_identification:_identify(sim/lafan1_retargeting_dataset/robot_description/g1/meshes) by extension 'ignore'
[0.631s] Level 1:colcon.colcon_core.package_identification:_identify(sim/lafan1_retargeting_dataset/robot_description/g1/meshes) by extension 'ignore_ament_install'
[0.631s] Level 1:colcon.colcon_core.package_identification:_identify(sim/lafan1_retargeting_dataset/robot_description/g1/meshes) by extensions ['colcon_pkg']
[0.631s] Level 1:colcon.colcon_core.package_identification:_identify(sim/lafan1_retargeting_dataset/robot_description/g1/meshes) by extension 'colcon_pkg'
[0.631s] Level 1:colcon.colcon_core.package_identification:_identify(sim/lafan1_retargeting_dataset/robot_description/g1/meshes) by extensions ['colcon_meta']
[0.631s] Level 1:colcon.colcon_core.package_identification:_identify(sim/lafan1_retargeting_dataset/robot_description/g1/meshes) by extension 'colcon_meta'
[0.632s] Level 1:colcon.colcon_core.package_identification:_identify(sim/lafan1_retargeting_dataset/robot_description/g1/meshes) by extensions ['ros']
[0.632s] Level 1:colcon.colcon_core.package_identification:_identify(sim/lafan1_retargeting_dataset/robot_description/g1/meshes) by extension 'ros'
[0.632s] Level 1:colcon.colcon_core.package_identification:_identify(sim/lafan1_retargeting_dataset/robot_description/g1/meshes) by extensions ['cmake', 'python']
[0.632s] Level 1:colcon.colcon_core.package_identification:_identify(sim/lafan1_retargeting_dataset/robot_description/g1/meshes) by extension 'cmake'
[0.632s] Level 1:colcon.colcon_core.package_identification:_identify(sim/lafan1_retargeting_dataset/robot_description/g1/meshes) by extension 'python'
[0.632s] Level 1:colcon.colcon_core.package_identification:_identify(sim/lafan1_retargeting_dataset/robot_description/g1/meshes) by extensions ['python_setup_py']
[0.632s] Level 1:colcon.colcon_core.package_identification:_identify(sim/lafan1_retargeting_dataset/robot_description/g1/meshes) by extension 'python_setup_py'
[0.632s] Level 1:colcon.colcon_core.package_identification:_identify(sim/lafan1_retargeting_dataset/robot_description/h1) by extensions ['ignore', 'ignore_ament_install']
[0.633s] Level 1:colcon.colcon_core.package_identification:_identify(sim/lafan1_retargeting_dataset/robot_description/h1) by extension 'ignore'
[0.633s] Level 1:colcon.colcon_core.package_identification:_identify(sim/lafan1_retargeting_dataset/robot_description/h1) by extension 'ignore_ament_install'
[0.633s] Level 1:colcon.colcon_core.package_identification:_identify(sim/lafan1_retargeting_dataset/robot_description/h1) by extensions ['colcon_pkg']
[0.633s] Level 1:colcon.colcon_core.package_identification:_identify(sim/lafan1_retargeting_dataset/robot_description/h1) by extension 'colcon_pkg'
[0.633s] Level 1:colcon.colcon_core.package_identification:_identify(sim/lafan1_retargeting_dataset/robot_description/h1) by extensions ['colcon_meta']
[0.633s] Level 1:colcon.colcon_core.package_identification:_identify(sim/lafan1_retargeting_dataset/robot_description/h1) by extension 'colcon_meta'
[0.633s] Level 1:colcon.colcon_core.package_identification:_identify(sim/lafan1_retargeting_dataset/robot_description/h1) by extensions ['ros']
[0.633s] Level 1:colcon.colcon_core.package_identification:_identify(sim/lafan1_retargeting_dataset/robot_description/h1) by extension 'ros'
[0.633s] Level 1:colcon.colcon_core.package_identification:_identify(sim/lafan1_retargeting_dataset/robot_description/h1) by extensions ['cmake', 'python']
[0.633s] Level 1:colcon.colcon_core.package_identification:_identify(sim/lafan1_retargeting_dataset/robot_description/h1) by extension 'cmake'
[0.633s] Level 1:colcon.colcon_core.package_identification:_identify(sim/lafan1_retargeting_dataset/robot_description/h1) by extension 'python'
[0.633s] Level 1:colcon.colcon_core.package_identification:_identify(sim/lafan1_retargeting_dataset/robot_description/h1) by extensions ['python_setup_py']
[0.633s] Level 1:colcon.colcon_core.package_identification:_identify(sim/lafan1_retargeting_dataset/robot_description/h1) by extension 'python_setup_py'
[0.634s] Level 1:colcon.colcon_core.package_identification:_identify(sim/lafan1_retargeting_dataset/robot_description/h1/meshes) by extensions ['ignore', 'ignore_ament_install']
[0.634s] Level 1:colcon.colcon_core.package_identification:_identify(sim/lafan1_retargeting_dataset/robot_description/h1/meshes) by extension 'ignore'
[0.634s] Level 1:colcon.colcon_core.package_identification:_identify(sim/lafan1_retargeting_dataset/robot_description/h1/meshes) by extension 'ignore_ament_install'
[0.634s] Level 1:colcon.colcon_core.package_identification:_identify(sim/lafan1_retargeting_dataset/robot_description/h1/meshes) by extensions ['colcon_pkg']
[0.634s] Level 1:colcon.colcon_core.package_identification:_identify(sim/lafan1_retargeting_dataset/robot_description/h1/meshes) by extension 'colcon_pkg'
[0.634s] Level 1:colcon.colcon_core.package_identification:_identify(sim/lafan1_retargeting_dataset/robot_description/h1/meshes) by extensions ['colcon_meta']
[0.634s] Level 1:colcon.colcon_core.package_identification:_identify(sim/lafan1_retargeting_dataset/robot_description/h1/meshes) by extension 'colcon_meta'
[0.634s] Level 1:colcon.colcon_core.package_identification:_identify(sim/lafan1_retargeting_dataset/robot_description/h1/meshes) by extensions ['ros']
[0.634s] Level 1:colcon.colcon_core.package_identification:_identify(sim/lafan1_retargeting_dataset/robot_description/h1/meshes) by extension 'ros'
[0.634s] Level 1:colcon.colcon_core.package_identification:_identify(sim/lafan1_retargeting_dataset/robot_description/h1/meshes) by extensions ['cmake', 'python']
[0.634s] Level 1:colcon.colcon_core.package_identification:_identify(sim/lafan1_retargeting_dataset/robot_description/h1/meshes) by extension 'cmake'
[0.634s] Level 1:colcon.colcon_core.package_identification:_identify(sim/lafan1_retargeting_dataset/robot_description/h1/meshes) by extension 'python'
[0.634s] Level 1:colcon.colcon_core.package_identification:_identify(sim/lafan1_retargeting_dataset/robot_description/h1/meshes) by extensions ['python_setup_py']
[0.634s] Level 1:colcon.colcon_core.package_identification:_identify(sim/lafan1_retargeting_dataset/robot_description/h1/meshes) by extension 'python_setup_py'
[0.635s] Level 1:colcon.colcon_core.package_identification:_identify(sim/lafan1_retargeting_dataset/robot_description/h1_2) by extensions ['ignore', 'ignore_ament_install']
[0.635s] Level 1:colcon.colcon_core.package_identification:_identify(sim/lafan1_retargeting_dataset/robot_description/h1_2) by extension 'ignore'
[0.635s] Level 1:colcon.colcon_core.package_identification:_identify(sim/lafan1_retargeting_dataset/robot_description/h1_2) by extension 'ignore_ament_install'
[0.635s] Level 1:colcon.colcon_core.package_identification:_identify(sim/lafan1_retargeting_dataset/robot_description/h1_2) by extensions ['colcon_pkg']
[0.635s] Level 1:colcon.colcon_core.package_identification:_identify(sim/lafan1_retargeting_dataset/robot_description/h1_2) by extension 'colcon_pkg'
[0.635s] Level 1:colcon.colcon_core.package_identification:_identify(sim/lafan1_retargeting_dataset/robot_description/h1_2) by extensions ['colcon_meta']
[0.635s] Level 1:colcon.colcon_core.package_identification:_identify(sim/lafan1_retargeting_dataset/robot_description/h1_2) by extension 'colcon_meta'
[0.635s] Level 1:colcon.colcon_core.package_identification:_identify(sim/lafan1_retargeting_dataset/robot_description/h1_2) by extensions ['ros']
[0.635s] Level 1:colcon.colcon_core.package_identification:_identify(sim/lafan1_retargeting_dataset/robot_description/h1_2) by extension 'ros'
[0.635s] Level 1:colcon.colcon_core.package_identification:_identify(sim/lafan1_retargeting_dataset/robot_description/h1_2) by extensions ['cmake', 'python']
[0.635s] Level 1:colcon.colcon_core.package_identification:_identify(sim/lafan1_retargeting_dataset/robot_description/h1_2) by extension 'cmake'
[0.635s] Level 1:colcon.colcon_core.package_identification:_identify(sim/lafan1_retargeting_dataset/robot_description/h1_2) by extension 'python'
[0.635s] Level 1:colcon.colcon_core.package_identification:_identify(sim/lafan1_retargeting_dataset/robot_description/h1_2) by extensions ['python_setup_py']
[0.635s] Level 1:colcon.colcon_core.package_identification:_identify(sim/lafan1_retargeting_dataset/robot_description/h1_2) by extension 'python_setup_py'
[0.636s] Level 1:colcon.colcon_core.package_identification:_identify(sim/lafan1_retargeting_dataset/robot_description/h1_2/meshes) by extensions ['ignore', 'ignore_ament_install']
[0.636s] Level 1:colcon.colcon_core.package_identification:_identify(sim/lafan1_retargeting_dataset/robot_description/h1_2/meshes) by extension 'ignore'
[0.636s] Level 1:colcon.colcon_core.package_identification:_identify(sim/lafan1_retargeting_dataset/robot_description/h1_2/meshes) by extension 'ignore_ament_install'
[0.636s] Level 1:colcon.colcon_core.package_identification:_identify(sim/lafan1_retargeting_dataset/robot_description/h1_2/meshes) by extensions ['colcon_pkg']
[0.636s] Level 1:colcon.colcon_core.package_identification:_identify(sim/lafan1_retargeting_dataset/robot_description/h1_2/meshes) by extension 'colcon_pkg'
[0.636s] Level 1:colcon.colcon_core.package_identification:_identify(sim/lafan1_retargeting_dataset/robot_description/h1_2/meshes) by extensions ['colcon_meta']
[0.636s] Level 1:colcon.colcon_core.package_identification:_identify(sim/lafan1_retargeting_dataset/robot_description/h1_2/meshes) by extension 'colcon_meta'
[0.637s] Level 1:colcon.colcon_core.package_identification:_identify(sim/lafan1_retargeting_dataset/robot_description/h1_2/meshes) by extensions ['ros']
[0.637s] Level 1:colcon.colcon_core.package_identification:_identify(sim/lafan1_retargeting_dataset/robot_description/h1_2/meshes) by extension 'ros'
[0.637s] Level 1:colcon.colcon_core.package_identification:_identify(sim/lafan1_retargeting_dataset/robot_description/h1_2/meshes) by extensions ['cmake', 'python']
[0.637s] Level 1:colcon.colcon_core.package_identification:_identify(sim/lafan1_retargeting_dataset/robot_description/h1_2/meshes) by extension 'cmake'
[0.637s] Level 1:colcon.colcon_core.package_identification:_identify(sim/lafan1_retargeting_dataset/robot_description/h1_2/meshes) by extension 'python'
[0.637s] Level 1:colcon.colcon_core.package_identification:_identify(sim/lafan1_retargeting_dataset/robot_description/h1_2/meshes) by extensions ['python_setup_py']
[0.637s] Level 1:colcon.colcon_core.package_identification:_identify(sim/lafan1_retargeting_dataset/robot_description/h1_2/meshes) by extension 'python_setup_py'
[0.637s] Level 1:colcon.colcon_core.package_identification:_identify(sim/mujoco) by extensions ['ignore', 'ignore_ament_install']
[0.637s] Level 1:colcon.colcon_core.package_identification:_identify(sim/mujoco) by extension 'ignore'
[0.638s] Level 1:colcon.colcon_core.package_identification:_identify(sim/mujoco) by extension 'ignore_ament_install'
[0.638s] Level 1:colcon.colcon_core.package_identification:_identify(sim/mujoco) by extensions ['colcon_pkg']
[0.638s] Level 1:colcon.colcon_core.package_identification:_identify(sim/mujoco) by extension 'colcon_pkg'
[0.638s] Level 1:colcon.colcon_core.package_identification:_identify(sim/mujoco) by extensions ['colcon_meta']
[0.638s] Level 1:colcon.colcon_core.package_identification:_identify(sim/mujoco) by extension 'colcon_meta'
[0.638s] Level 1:colcon.colcon_core.package_identification:_identify(sim/mujoco) by extensions ['ros']
[0.638s] Level 1:colcon.colcon_core.package_identification:_identify(sim/mujoco) by extension 'ros'
[0.638s] Level 1:colcon.colcon_core.package_identification:_identify(sim/mujoco) by extensions ['cmake', 'python']
[0.638s] Level 1:colcon.colcon_core.package_identification:_identify(sim/mujoco) by extension 'cmake'
[0.638s] Level 1:colcon.colcon_core.package_identification:_identify(sim/mujoco) by extension 'python'
[0.638s] Level 1:colcon.colcon_core.package_identification:_identify(sim/mujoco) by extensions ['python_setup_py']
[0.638s] Level 1:colcon.colcon_core.package_identification:_identify(sim/mujoco) by extension 'python_setup_py'
[0.638s] Level 1:colcon.colcon_core.package_identification:_identify(sim/mujoco/COM_viz) by extensions ['ignore', 'ignore_ament_install']
[0.638s] Level 1:colcon.colcon_core.package_identification:_identify(sim/mujoco/COM_viz) by extension 'ignore'
[0.639s] Level 1:colcon.colcon_core.package_identification:_identify(sim/mujoco/COM_viz) by extension 'ignore_ament_install'
[0.639s] Level 1:colcon.colcon_core.package_identification:_identify(sim/mujoco/COM_viz) by extensions ['colcon_pkg']
[0.639s] Level 1:colcon.colcon_core.package_identification:_identify(sim/mujoco/COM_viz) by extension 'colcon_pkg'
[0.639s] Level 1:colcon.colcon_core.package_identification:_identify(sim/mujoco/COM_viz) by extensions ['colcon_meta']
[0.639s] Level 1:colcon.colcon_core.package_identification:_identify(sim/mujoco/COM_viz) by extension 'colcon_meta'
[0.639s] Level 1:colcon.colcon_core.package_identification:_identify(sim/mujoco/COM_viz) by extensions ['ros']
[0.639s] Level 1:colcon.colcon_core.package_identification:_identify(sim/mujoco/COM_viz) by extension 'ros'
[0.639s] Level 1:colcon.colcon_core.package_identification:_identify(sim/mujoco/COM_viz) by extensions ['cmake', 'python']
[0.639s] Level 1:colcon.colcon_core.package_identification:_identify(sim/mujoco/COM_viz) by extension 'cmake'
[0.639s] Level 1:colcon.colcon_core.package_identification:_identify(sim/mujoco/COM_viz) by extension 'python'
[0.639s] Level 1:colcon.colcon_core.package_identification:_identify(sim/mujoco/COM_viz) by extensions ['python_setup_py']
[0.639s] Level 1:colcon.colcon_core.package_identification:_identify(sim/mujoco/COM_viz) by extension 'python_setup_py'
[0.640s] Level 1:colcon.colcon_core.package_identification:_identify(sim/mujoco/scripts) by extensions ['ignore', 'ignore_ament_install']
[0.640s] Level 1:colcon.colcon_core.package_identification:_identify(sim/mujoco/scripts) by extension 'ignore'
[0.640s] Level 1:colcon.colcon_core.package_identification:_identify(sim/mujoco/scripts) by extension 'ignore_ament_install'
[0.640s] Level 1:colcon.colcon_core.package_identification:_identify(sim/mujoco/scripts) by extensions ['colcon_pkg']
[0.640s] Level 1:colcon.colcon_core.package_identification:_identify(sim/mujoco/scripts) by extension 'colcon_pkg'
[0.640s] Level 1:colcon.colcon_core.package_identification:_identify(sim/mujoco/scripts) by extensions ['colcon_meta']
[0.640s] Level 1:colcon.colcon_core.package_identification:_identify(sim/mujoco/scripts) by extension 'colcon_meta'
[0.640s] Level 1:colcon.colcon_core.package_identification:_identify(sim/mujoco/scripts) by extensions ['ros']
[0.640s] Level 1:colcon.colcon_core.package_identification:_identify(sim/mujoco/scripts) by extension 'ros'
[0.640s] Level 1:colcon.colcon_core.package_identification:_identify(sim/mujoco/scripts) by extensions ['cmake', 'python']
[0.640s] Level 1:colcon.colcon_core.package_identification:_identify(sim/mujoco/scripts) by extension 'cmake'
[0.640s] Level 1:colcon.colcon_core.package_identification:_identify(sim/mujoco/scripts) by extension 'python'
[0.640s] Level 1:colcon.colcon_core.package_identification:_identify(sim/mujoco/scripts) by extensions ['python_setup_py']
[0.640s] Level 1:colcon.colcon_core.package_identification:_identify(sim/mujoco/scripts) by extension 'python_setup_py'
[0.641s] Level 1:colcon.colcon_core.package_identification:_identify(sim/pybullet) by extensions ['ignore', 'ignore_ament_install']
[0.641s] Level 1:colcon.colcon_core.package_identification:_identify(sim/pybullet) by extension 'ignore'
[0.641s] Level 1:colcon.colcon_core.package_identification:_identify(sim/pybullet) by extension 'ignore_ament_install'
[0.641s] Level 1:colcon.colcon_core.package_identification:_identify(sim/pybullet) by extensions ['colcon_pkg']
[0.641s] Level 1:colcon.colcon_core.package_identification:_identify(sim/pybullet) by extension 'colcon_pkg'
[0.641s] Level 1:colcon.colcon_core.package_identification:_identify(sim/pybullet) by extensions ['colcon_meta']
[0.641s] Level 1:colcon.colcon_core.package_identification:_identify(sim/pybullet) by extension 'colcon_meta'
[0.641s] Level 1:colcon.colcon_core.package_identification:_identify(sim/pybullet) by extensions ['ros']
[0.641s] Level 1:colcon.colcon_core.package_identification:_identify(sim/pybullet) by extension 'ros'
[0.641s] Level 1:colcon.colcon_core.package_identification:_identify(sim/pybullet) by extensions ['cmake', 'python']
[0.641s] Level 1:colcon.colcon_core.package_identification:_identify(sim/pybullet) by extension 'cmake'
[1.137s] Level 1:colcon.colcon_core.package_identification:_identify(sim/pybullet) by extension 'python'
[1.137s] DEBUG:colcon.colcon_core.package_identification:Package 'sim/pybullet' with type 'cmake' and name 'BULLET_PHYSICS'
[1.139s] Level 1:colcon.colcon_core.package_identification:_identify(sim/unitree_robots) by extensions ['ignore', 'ignore_ament_install']
[1.139s] Level 1:colcon.colcon_core.package_identification:_identify(sim/unitree_robots) by extension 'ignore'
[1.139s] Level 1:colcon.colcon_core.package_identification:_identify(sim/unitree_robots) by extension 'ignore_ament_install'
[1.139s] Level 1:colcon.colcon_core.package_identification:_identify(sim/unitree_robots) by extensions ['colcon_pkg']
[1.139s] Level 1:colcon.colcon_core.package_identification:_identify(sim/unitree_robots) by extension 'colcon_pkg'
[1.140s] Level 1:colcon.colcon_core.package_identification:_identify(sim/unitree_robots) by extensions ['colcon_meta']
[1.140s] Level 1:colcon.colcon_core.package_identification:_identify(sim/unitree_robots) by extension 'colcon_meta'
[1.140s] Level 1:colcon.colcon_core.package_identification:_identify(sim/unitree_robots) by extensions ['ros']
[1.140s] Level 1:colcon.colcon_core.package_identification:_identify(sim/unitree_robots) by extension 'ros'
[1.140s] Level 1:colcon.colcon_core.package_identification:_identify(sim/unitree_robots) by extensions ['cmake', 'python']
[1.140s] Level 1:colcon.colcon_core.package_identification:_identify(sim/unitree_robots) by extension 'cmake'
[1.140s] Level 1:colcon.colcon_core.package_identification:_identify(sim/unitree_robots) by extension 'python'
[1.140s] Level 1:colcon.colcon_core.package_identification:_identify(sim/unitree_robots) by extensions ['python_setup_py']
[1.140s] Level 1:colcon.colcon_core.package_identification:_identify(sim/unitree_robots) by extension 'python_setup_py'
[1.140s] Level 1:colcon.colcon_core.package_identification:_identify(sim/unitree_robots/b2) by extensions ['ignore', 'ignore_ament_install']
[1.141s] Level 1:colcon.colcon_core.package_identification:_identify(sim/unitree_robots/b2) by extension 'ignore'
[1.141s] Level 1:colcon.colcon_core.package_identification:_identify(sim/unitree_robots/b2) by extension 'ignore_ament_install'
[1.141s] Level 1:colcon.colcon_core.package_identification:_identify(sim/unitree_robots/b2) by extensions ['colcon_pkg']
[1.141s] Level 1:colcon.colcon_core.package_identification:_identify(sim/unitree_robots/b2) by extension 'colcon_pkg'
[1.141s] Level 1:colcon.colcon_core.package_identification:_identify(sim/unitree_robots/b2) by extensions ['colcon_meta']
[1.141s] Level 1:colcon.colcon_core.package_identification:_identify(sim/unitree_robots/b2) by extension 'colcon_meta'
[1.141s] Level 1:colcon.colcon_core.package_identification:_identify(sim/unitree_robots/b2) by extensions ['ros']
[1.141s] Level 1:colcon.colcon_core.package_identification:_identify(sim/unitree_robots/b2) by extension 'ros'
[1.141s] Level 1:colcon.colcon_core.package_identification:_identify(sim/unitree_robots/b2) by extensions ['cmake', 'python']
[1.141s] Level 1:colcon.colcon_core.package_identification:_identify(sim/unitree_robots/b2) by extension 'cmake'
[1.141s] Level 1:colcon.colcon_core.package_identification:_identify(sim/unitree_robots/b2) by extension 'python'
[1.141s] Level 1:colcon.colcon_core.package_identification:_identify(sim/unitree_robots/b2) by extensions ['python_setup_py']
[1.141s] Level 1:colcon.colcon_core.package_identification:_identify(sim/unitree_robots/b2) by extension 'python_setup_py'
[1.142s] Level 1:colcon.colcon_core.package_identification:_identify(sim/unitree_robots/b2/assets) by extensions ['ignore', 'ignore_ament_install']
[1.142s] Level 1:colcon.colcon_core.package_identification:_identify(sim/unitree_robots/b2/assets) by extension 'ignore'
[1.142s] Level 1:colcon.colcon_core.package_identification:_identify(sim/unitree_robots/b2/assets) by extension 'ignore_ament_install'
[1.143s] Level 1:colcon.colcon_core.package_identification:_identify(sim/unitree_robots/b2/assets) by extensions ['colcon_pkg']
[1.143s] Level 1:colcon.colcon_core.package_identification:_identify(sim/unitree_robots/b2/assets) by extension 'colcon_pkg'
[1.143s] Level 1:colcon.colcon_core.package_identification:_identify(sim/unitree_robots/b2/assets) by extensions ['colcon_meta']
[1.143s] Level 1:colcon.colcon_core.package_identification:_identify(sim/unitree_robots/b2/assets) by extension 'colcon_meta'
[1.143s] Level 1:colcon.colcon_core.package_identification:_identify(sim/unitree_robots/b2/assets) by extensions ['ros']
[1.143s] Level 1:colcon.colcon_core.package_identification:_identify(sim/unitree_robots/b2/assets) by extension 'ros'
[1.143s] Level 1:colcon.colcon_core.package_identification:_identify(sim/unitree_robots/b2/assets) by extensions ['cmake', 'python']
[1.143s] Level 1:colcon.colcon_core.package_identification:_identify(sim/unitree_robots/b2/assets) by extension 'cmake'
[1.143s] Level 1:colcon.colcon_core.package_identification:_identify(sim/unitree_robots/b2/assets) by extension 'python'
[1.143s] Level 1:colcon.colcon_core.package_identification:_identify(sim/unitree_robots/b2/assets) by extensions ['python_setup_py']
[1.143s] Level 1:colcon.colcon_core.package_identification:_identify(sim/unitree_robots/b2/assets) by extension 'python_setup_py'
[1.144s] Level 1:colcon.colcon_core.package_identification:_identify(sim/unitree_robots/b2w) by extensions ['ignore', 'ignore_ament_install']
[1.144s] Level 1:colcon.colcon_core.package_identification:_identify(sim/unitree_robots/b2w) by extension 'ignore'
[1.144s] Level 1:colcon.colcon_core.package_identification:_identify(sim/unitree_robots/b2w) by extension 'ignore_ament_install'
[1.144s] Level 1:colcon.colcon_core.package_identification:_identify(sim/unitree_robots/b2w) by extensions ['colcon_pkg']
[1.144s] Level 1:colcon.colcon_core.package_identification:_identify(sim/unitree_robots/b2w) by extension 'colcon_pkg'
[1.144s] Level 1:colcon.colcon_core.package_identification:_identify(sim/unitree_robots/b2w) by extensions ['colcon_meta']
[1.144s] Level 1:colcon.colcon_core.package_identification:_identify(sim/unitree_robots/b2w) by extension 'colcon_meta'
[1.144s] Level 1:colcon.colcon_core.package_identification:_identify(sim/unitree_robots/b2w) by extensions ['ros']
[1.144s] Level 1:colcon.colcon_core.package_identification:_identify(sim/unitree_robots/b2w) by extension 'ros'
[1.144s] Level 1:colcon.colcon_core.package_identification:_identify(sim/unitree_robots/b2w) by extensions ['cmake', 'python']
[1.144s] Level 1:colcon.colcon_core.package_identification:_identify(sim/unitree_robots/b2w) by extension 'cmake'
[1.144s] Level 1:colcon.colcon_core.package_identification:_identify(sim/unitree_robots/b2w) by extension 'python'
[1.144s] Level 1:colcon.colcon_core.package_identification:_identify(sim/unitree_robots/b2w) by extensions ['python_setup_py']
[1.144s] Level 1:colcon.colcon_core.package_identification:_identify(sim/unitree_robots/b2w) by extension 'python_setup_py'
[1.145s] Level 1:colcon.colcon_core.package_identification:_identify(sim/unitree_robots/b2w/assets) by extensions ['ignore', 'ignore_ament_install']
[1.145s] Level 1:colcon.colcon_core.package_identification:_identify(sim/unitree_robots/b2w/assets) by extension 'ignore'
[1.145s] Level 1:colcon.colcon_core.package_identification:_identify(sim/unitree_robots/b2w/assets) by extension 'ignore_ament_install'
[1.145s] Level 1:colcon.colcon_core.package_identification:_identify(sim/unitree_robots/b2w/assets) by extensions ['colcon_pkg']
[1.145s] Level 1:colcon.colcon_core.package_identification:_identify(sim/unitree_robots/b2w/assets) by extension 'colcon_pkg'
[1.145s] Level 1:colcon.colcon_core.package_identification:_identify(sim/unitree_robots/b2w/assets) by extensions ['colcon_meta']
[1.145s] Level 1:colcon.colcon_core.package_identification:_identify(sim/unitree_robots/b2w/assets) by extension 'colcon_meta'
[1.145s] Level 1:colcon.colcon_core.package_identification:_identify(sim/unitree_robots/b2w/assets) by extensions ['ros']
[1.145s] Level 1:colcon.colcon_core.package_identification:_identify(sim/unitree_robots/b2w/assets) by extension 'ros'
[1.145s] Level 1:colcon.colcon_core.package_identification:_identify(sim/unitree_robots/b2w/assets) by extensions ['cmake', 'python']
[1.145s] Level 1:colcon.colcon_core.package_identification:_identify(sim/unitree_robots/b2w/assets) by extension 'cmake'
[1.146s] Level 1:colcon.colcon_core.package_identification:_identify(sim/unitree_robots/b2w/assets) by extension 'python'
[1.146s] Level 1:colcon.colcon_core.package_identification:_identify(sim/unitree_robots/b2w/assets) by extensions ['python_setup_py']
[1.146s] Level 1:colcon.colcon_core.package_identification:_identify(sim/unitree_robots/b2w/assets) by extension 'python_setup_py'
[1.146s] Level 1:colcon.colcon_core.package_identification:_identify(sim/unitree_robots/g1) by extensions ['ignore', 'ignore_ament_install']
[1.146s] Level 1:colcon.colcon_core.package_identification:_identify(sim/unitree_robots/g1) by extension 'ignore'
[1.146s] Level 1:colcon.colcon_core.package_identification:_identify(sim/unitree_robots/g1) by extension 'ignore_ament_install'
[1.146s] Level 1:colcon.colcon_core.package_identification:_identify(sim/unitree_robots/g1) by extensions ['colcon_pkg']
[1.146s] Level 1:colcon.colcon_core.package_identification:_identify(sim/unitree_robots/g1) by extension 'colcon_pkg'
[1.146s] Level 1:colcon.colcon_core.package_identification:_identify(sim/unitree_robots/g1) by extensions ['colcon_meta']
[1.146s] Level 1:colcon.colcon_core.package_identification:_identify(sim/unitree_robots/g1) by extension 'colcon_meta'
[1.147s] Level 1:colcon.colcon_core.package_identification:_identify(sim/unitree_robots/g1) by extensions ['ros']
[1.147s] Level 1:colcon.colcon_core.package_identification:_identify(sim/unitree_robots/g1) by extension 'ros'
[1.147s] Level 1:colcon.colcon_core.package_identification:_identify(sim/unitree_robots/g1) by extensions ['cmake', 'python']
[1.147s] Level 1:colcon.colcon_core.package_identification:_identify(sim/unitree_robots/g1) by extension 'cmake'
[1.147s] Level 1:colcon.colcon_core.package_identification:_identify(sim/unitree_robots/g1) by extension 'python'
[1.147s] Level 1:colcon.colcon_core.package_identification:_identify(sim/unitree_robots/g1) by extensions ['python_setup_py']
[1.147s] Level 1:colcon.colcon_core.package_identification:_identify(sim/unitree_robots/g1) by extension 'python_setup_py'
[1.147s] Level 1:colcon.colcon_core.package_identification:_identify(sim/unitree_robots/g1/images) by extensions ['ignore', 'ignore_ament_install']
[1.147s] Level 1:colcon.colcon_core.package_identification:_identify(sim/unitree_robots/g1/images) by extension 'ignore'
[1.147s] Level 1:colcon.colcon_core.package_identification:_identify(sim/unitree_robots/g1/images) by extension 'ignore_ament_install'
[1.148s] Level 1:colcon.colcon_core.package_identification:_identify(sim/unitree_robots/g1/images) by extensions ['colcon_pkg']
[1.148s] Level 1:colcon.colcon_core.package_identification:_identify(sim/unitree_robots/g1/images) by extension 'colcon_pkg'
[1.148s] Level 1:colcon.colcon_core.package_identification:_identify(sim/unitree_robots/g1/images) by extensions ['colcon_meta']
[1.148s] Level 1:colcon.colcon_core.package_identification:_identify(sim/unitree_robots/g1/images) by extension 'colcon_meta'
[1.148s] Level 1:colcon.colcon_core.package_identification:_identify(sim/unitree_robots/g1/images) by extensions ['ros']
[1.148s] Level 1:colcon.colcon_core.package_identification:_identify(sim/unitree_robots/g1/images) by extension 'ros'
[1.148s] Level 1:colcon.colcon_core.package_identification:_identify(sim/unitree_robots/g1/images) by extensions ['cmake', 'python']
[1.148s] Level 1:colcon.colcon_core.package_identification:_identify(sim/unitree_robots/g1/images) by extension 'cmake'
[1.148s] Level 1:colcon.colcon_core.package_identification:_identify(sim/unitree_robots/g1/images) by extension 'python'
[1.148s] Level 1:colcon.colcon_core.package_identification:_identify(sim/unitree_robots/g1/images) by extensions ['python_setup_py']
[1.148s] Level 1:colcon.colcon_core.package_identification:_identify(sim/unitree_robots/g1/images) by extension 'python_setup_py'
[1.149s] Level 1:colcon.colcon_core.package_identification:_identify(sim/unitree_robots/g1/meshes) by extensions ['ignore', 'ignore_ament_install']
[1.149s] Level 1:colcon.colcon_core.package_identification:_identify(sim/unitree_robots/g1/meshes) by extension 'ignore'
[1.149s] Level 1:colcon.colcon_core.package_identification:_identify(sim/unitree_robots/g1/meshes) by extension 'ignore_ament_install'
[1.149s] Level 1:colcon.colcon_core.package_identification:_identify(sim/unitree_robots/g1/meshes) by extensions ['colcon_pkg']
[1.149s] Level 1:colcon.colcon_core.package_identification:_identify(sim/unitree_robots/g1/meshes) by extension 'colcon_pkg'
[1.150s] Level 1:colcon.colcon_core.package_identification:_identify(sim/unitree_robots/g1/meshes) by extensions ['colcon_meta']
[1.150s] Level 1:colcon.colcon_core.package_identification:_identify(sim/unitree_robots/g1/meshes) by extension 'colcon_meta'
[1.150s] Level 1:colcon.colcon_core.package_identification:_identify(sim/unitree_robots/g1/meshes) by extensions ['ros']
[1.150s] Level 1:colcon.colcon_core.package_identification:_identify(sim/unitree_robots/g1/meshes) by extension 'ros'
[1.150s] Level 1:colcon.colcon_core.package_identification:_identify(sim/unitree_robots/g1/meshes) by extensions ['cmake', 'python']
[1.150s] Level 1:colcon.colcon_core.package_identification:_identify(sim/unitree_robots/g1/meshes) by extension 'cmake'
[1.150s] Level 1:colcon.colcon_core.package_identification:_identify(sim/unitree_robots/g1/meshes) by extension 'python'
[1.150s] Level 1:colcon.colcon_core.package_identification:_identify(sim/unitree_robots/g1/meshes) by extensions ['python_setup_py']
[1.150s] Level 1:colcon.colcon_core.package_identification:_identify(sim/unitree_robots/g1/meshes) by extension 'python_setup_py'
[1.151s] Level 1:colcon.colcon_core.package_identification:_identify(sim/unitree_robots/go2) by extensions ['ignore', 'ignore_ament_install']
[1.151s] Level 1:colcon.colcon_core.package_identification:_identify(sim/unitree_robots/go2) by extension 'ignore'
[1.151s] Level 1:colcon.colcon_core.package_identification:_identify(sim/unitree_robots/go2) by extension 'ignore_ament_install'
[1.151s] Level 1:colcon.colcon_core.package_identification:_identify(sim/unitree_robots/go2) by extensions ['colcon_pkg']
[1.151s] Level 1:colcon.colcon_core.package_identification:_identify(sim/unitree_robots/go2) by extension 'colcon_pkg'
[1.151s] Level 1:colcon.colcon_core.package_identification:_identify(sim/unitree_robots/go2) by extensions ['colcon_meta']
[1.152s] Level 1:colcon.colcon_core.package_identification:_identify(sim/unitree_robots/go2) by extension 'colcon_meta'
[1.152s] Level 1:colcon.colcon_core.package_identification:_identify(sim/unitree_robots/go2) by extensions ['ros']
[1.152s] Level 1:colcon.colcon_core.package_identification:_identify(sim/unitree_robots/go2) by extension 'ros'
[1.152s] Level 1:colcon.colcon_core.package_identification:_identify(sim/unitree_robots/go2) by extensions ['cmake', 'python']
[1.152s] Level 1:colcon.colcon_core.package_identification:_identify(sim/unitree_robots/go2) by extension 'cmake'
[1.152s] Level 1:colcon.colcon_core.package_identification:_identify(sim/unitree_robots/go2) by extension 'python'
[1.152s] Level 1:colcon.colcon_core.package_identification:_identify(sim/unitree_robots/go2) by extensions ['python_setup_py']
[1.152s] Level 1:colcon.colcon_core.package_identification:_identify(sim/unitree_robots/go2) by extension 'python_setup_py'
[1.152s] Level 1:colcon.colcon_core.package_identification:_identify(sim/unitree_robots/go2/assets) by extensions ['ignore', 'ignore_ament_install']
[1.153s] Level 1:colcon.colcon_core.package_identification:_identify(sim/unitree_robots/go2/assets) by extension 'ignore'
[1.153s] Level 1:colcon.colcon_core.package_identification:_identify(sim/unitree_robots/go2/assets) by extension 'ignore_ament_install'
[1.153s] Level 1:colcon.colcon_core.package_identification:_identify(sim/unitree_robots/go2/assets) by extensions ['colcon_pkg']
[1.153s] Level 1:colcon.colcon_core.package_identification:_identify(sim/unitree_robots/go2/assets) by extension 'colcon_pkg'
[1.153s] Level 1:colcon.colcon_core.package_identification:_identify(sim/unitree_robots/go2/assets) by extensions ['colcon_meta']
[1.153s] Level 1:colcon.colcon_core.package_identification:_identify(sim/unitree_robots/go2/assets) by extension 'colcon_meta'
[1.154s] Level 1:colcon.colcon_core.package_identification:_identify(sim/unitree_robots/go2/assets) by extensions ['ros']
[1.154s] Level 1:colcon.colcon_core.package_identification:_identify(sim/unitree_robots/go2/assets) by extension 'ros'
[1.154s] Level 1:colcon.colcon_core.package_identification:_identify(sim/unitree_robots/go2/assets) by extensions ['cmake', 'python']
[1.154s] Level 1:colcon.colcon_core.package_identification:_identify(sim/unitree_robots/go2/assets) by extension 'cmake'
[1.154s] Level 1:colcon.colcon_core.package_identification:_identify(sim/unitree_robots/go2/assets) by extension 'python'
[1.154s] Level 1:colcon.colcon_core.package_identification:_identify(sim/unitree_robots/go2/assets) by extensions ['python_setup_py']
[1.154s] Level 1:colcon.colcon_core.package_identification:_identify(sim/unitree_robots/go2/assets) by extension 'python_setup_py'
[1.155s] Level 1:colcon.colcon_core.package_identification:_identify(sim/unitree_robots/go2w) by extensions ['ignore', 'ignore_ament_install']
[1.155s] Level 1:colcon.colcon_core.package_identification:_identify(sim/unitree_robots/go2w) by extension 'ignore'
[1.155s] Level 1:colcon.colcon_core.package_identification:_identify(sim/unitree_robots/go2w) by extension 'ignore_ament_install'
[1.155s] Level 1:colcon.colcon_core.package_identification:_identify(sim/unitree_robots/go2w) by extensions ['colcon_pkg']
[1.155s] Level 1:colcon.colcon_core.package_identification:_identify(sim/unitree_robots/go2w) by extension 'colcon_pkg'
[1.155s] Level 1:colcon.colcon_core.package_identification:_identify(sim/unitree_robots/go2w) by extensions ['colcon_meta']
[1.155s] Level 1:colcon.colcon_core.package_identification:_identify(sim/unitree_robots/go2w) by extension 'colcon_meta'
[1.155s] Level 1:colcon.colcon_core.package_identification:_identify(sim/unitree_robots/go2w) by extensions ['ros']
[1.155s] Level 1:colcon.colcon_core.package_identification:_identify(sim/unitree_robots/go2w) by extension 'ros'
[1.155s] Level 1:colcon.colcon_core.package_identification:_identify(sim/unitree_robots/go2w) by extensions ['cmake', 'python']
[1.156s] Level 1:colcon.colcon_core.package_identification:_identify(sim/unitree_robots/go2w) by extension 'cmake'
[1.156s] Level 1:colcon.colcon_core.package_identification:_identify(sim/unitree_robots/go2w) by extension 'python'
[1.156s] Level 1:colcon.colcon_core.package_identification:_identify(sim/unitree_robots/go2w) by extensions ['python_setup_py']
[1.156s] Level 1:colcon.colcon_core.package_identification:_identify(sim/unitree_robots/go2w) by extension 'python_setup_py'
[1.156s] Level 1:colcon.colcon_core.package_identification:_identify(sim/unitree_robots/go2w/assets) by extensions ['ignore', 'ignore_ament_install']
[1.157s] Level 1:colcon.colcon_core.package_identification:_identify(sim/unitree_robots/go2w/assets) by extension 'ignore'
[1.157s] Level 1:colcon.colcon_core.package_identification:_identify(sim/unitree_robots/go2w/assets) by extension 'ignore_ament_install'
[1.157s] Level 1:colcon.colcon_core.package_identification:_identify(sim/unitree_robots/go2w/assets) by extensions ['colcon_pkg']
[1.157s] Level 1:colcon.colcon_core.package_identification:_identify(sim/unitree_robots/go2w/assets) by extension 'colcon_pkg'
[1.157s] Level 1:colcon.colcon_core.package_identification:_identify(sim/unitree_robots/go2w/assets) by extensions ['colcon_meta']
[1.157s] Level 1:colcon.colcon_core.package_identification:_identify(sim/unitree_robots/go2w/assets) by extension 'colcon_meta'
[1.157s] Level 1:colcon.colcon_core.package_identification:_identify(sim/unitree_robots/go2w/assets) by extensions ['ros']
[1.157s] Level 1:colcon.colcon_core.package_identification:_identify(sim/unitree_robots/go2w/assets) by extension 'ros'
[1.157s] Level 1:colcon.colcon_core.package_identification:_identify(sim/unitree_robots/go2w/assets) by extensions ['cmake', 'python']
[1.157s] Level 1:colcon.colcon_core.package_identification:_identify(sim/unitree_robots/go2w/assets) by extension 'cmake'
[1.157s] Level 1:colcon.colcon_core.package_identification:_identify(sim/unitree_robots/go2w/assets) by extension 'python'
[1.157s] Level 1:colcon.colcon_core.package_identification:_identify(sim/unitree_robots/go2w/assets) by extensions ['python_setup_py']
[1.157s] Level 1:colcon.colcon_core.package_identification:_identify(sim/unitree_robots/go2w/assets) by extension 'python_setup_py'
[1.158s] Level 1:colcon.colcon_core.package_identification:_identify(sim/unitree_robots/h1) by extensions ['ignore', 'ignore_ament_install']
[1.158s] Level 1:colcon.colcon_core.package_identification:_identify(sim/unitree_robots/h1) by extension 'ignore'
[1.158s] Level 1:colcon.colcon_core.package_identification:_identify(sim/unitree_robots/h1) by extension 'ignore_ament_install'
[1.158s] Level 1:colcon.colcon_core.package_identification:_identify(sim/unitree_robots/h1) by extensions ['colcon_pkg']
[1.158s] Level 1:colcon.colcon_core.package_identification:_identify(sim/unitree_robots/h1) by extension 'colcon_pkg'
[1.158s] Level 1:colcon.colcon_core.package_identification:_identify(sim/unitree_robots/h1) by extensions ['colcon_meta']
[1.158s] Level 1:colcon.colcon_core.package_identification:_identify(sim/unitree_robots/h1) by extension 'colcon_meta'
[1.158s] Level 1:colcon.colcon_core.package_identification:_identify(sim/unitree_robots/h1) by extensions ['ros']
[1.158s] Level 1:colcon.colcon_core.package_identification:_identify(sim/unitree_robots/h1) by extension 'ros'
[1.158s] Level 1:colcon.colcon_core.package_identification:_identify(sim/unitree_robots/h1) by extensions ['cmake', 'python']
[1.158s] Level 1:colcon.colcon_core.package_identification:_identify(sim/unitree_robots/h1) by extension 'cmake'
[1.159s] Level 1:colcon.colcon_core.package_identification:_identify(sim/unitree_robots/h1) by extension 'python'
[1.159s] Level 1:colcon.colcon_core.package_identification:_identify(sim/unitree_robots/h1) by extensions ['python_setup_py']
[1.159s] Level 1:colcon.colcon_core.package_identification:_identify(sim/unitree_robots/h1) by extension 'python_setup_py'
[1.159s] Level 1:colcon.colcon_core.package_identification:_identify(sim/unitree_robots/h1/assets) by extensions ['ignore', 'ignore_ament_install']
[1.159s] Level 1:colcon.colcon_core.package_identification:_identify(sim/unitree_robots/h1/assets) by extension 'ignore'
[1.160s] Level 1:colcon.colcon_core.package_identification:_identify(sim/unitree_robots/h1/assets) by extension 'ignore_ament_install'
[1.160s] Level 1:colcon.colcon_core.package_identification:_identify(sim/unitree_robots/h1/assets) by extensions ['colcon_pkg']
[1.160s] Level 1:colcon.colcon_core.package_identification:_identify(sim/unitree_robots/h1/assets) by extension 'colcon_pkg'
[1.160s] Level 1:colcon.colcon_core.package_identification:_identify(sim/unitree_robots/h1/assets) by extensions ['colcon_meta']
[1.160s] Level 1:colcon.colcon_core.package_identification:_identify(sim/unitree_robots/h1/assets) by extension 'colcon_meta'
[1.160s] Level 1:colcon.colcon_core.package_identification:_identify(sim/unitree_robots/h1/assets) by extensions ['ros']
[1.160s] Level 1:colcon.colcon_core.package_identification:_identify(sim/unitree_robots/h1/assets) by extension 'ros'
[1.160s] Level 1:colcon.colcon_core.package_identification:_identify(sim/unitree_robots/h1/assets) by extensions ['cmake', 'python']
[1.160s] Level 1:colcon.colcon_core.package_identification:_identify(sim/unitree_robots/h1/assets) by extension 'cmake'
[1.160s] Level 1:colcon.colcon_core.package_identification:_identify(sim/unitree_robots/h1/assets) by extension 'python'
[1.160s] Level 1:colcon.colcon_core.package_identification:_identify(sim/unitree_robots/h1/assets) by extensions ['python_setup_py']
[1.160s] Level 1:colcon.colcon_core.package_identification:_identify(sim/unitree_robots/h1/assets) by extension 'python_setup_py'
[1.161s] Level 1:colcon.colcon_core.package_identification:_identify(sim/unitree_robots/h1_2) by extensions ['ignore', 'ignore_ament_install']
[1.162s] Level 1:colcon.colcon_core.package_identification:_identify(sim/unitree_robots/h1_2) by extension 'ignore'
[1.162s] Level 1:colcon.colcon_core.package_identification:_identify(sim/unitree_robots/h1_2) by extension 'ignore_ament_install'
[1.163s] Level 1:colcon.colcon_core.package_identification:_identify(sim/unitree_robots/h1_2) by extensions ['colcon_pkg']
[1.163s] Level 1:colcon.colcon_core.package_identification:_identify(sim/unitree_robots/h1_2) by extension 'colcon_pkg'
[1.163s] Level 1:colcon.colcon_core.package_identification:_identify(sim/unitree_robots/h1_2) by extensions ['colcon_meta']
[1.163s] Level 1:colcon.colcon_core.package_identification:_identify(sim/unitree_robots/h1_2) by extension 'colcon_meta'
[1.164s] Level 1:colcon.colcon_core.package_identification:_identify(sim/unitree_robots/h1_2) by extensions ['ros']
[1.164s] Level 1:colcon.colcon_core.package_identification:_identify(sim/unitree_robots/h1_2) by extension 'ros'
[1.165s] Level 1:colcon.colcon_core.package_identification:_identify(sim/unitree_robots/h1_2) by extensions ['cmake', 'python']
[1.165s] Level 1:colcon.colcon_core.package_identification:_identify(sim/unitree_robots/h1_2) by extension 'cmake'
[1.165s] Level 1:colcon.colcon_core.package_identification:_identify(sim/unitree_robots/h1_2) by extension 'python'
[1.165s] Level 1:colcon.colcon_core.package_identification:_identify(sim/unitree_robots/h1_2) by extensions ['python_setup_py']
[1.165s] Level 1:colcon.colcon_core.package_identification:_identify(sim/unitree_robots/h1_2) by extension 'python_setup_py'
[1.166s] Level 1:colcon.colcon_core.package_identification:_identify(sim/unitree_robots/h1_2/meshes) by extensions ['ignore', 'ignore_ament_install']
[1.166s] Level 1:colcon.colcon_core.package_identification:_identify(sim/unitree_robots/h1_2/meshes) by extension 'ignore'
[1.166s] Level 1:colcon.colcon_core.package_identification:_identify(sim/unitree_robots/h1_2/meshes) by extension 'ignore_ament_install'
[1.166s] Level 1:colcon.colcon_core.package_identification:_identify(sim/unitree_robots/h1_2/meshes) by extensions ['colcon_pkg']
[1.166s] Level 1:colcon.colcon_core.package_identification:_identify(sim/unitree_robots/h1_2/meshes) by extension 'colcon_pkg'
[1.167s] Level 1:colcon.colcon_core.package_identification:_identify(sim/unitree_robots/h1_2/meshes) by extensions ['colcon_meta']
[1.167s] Level 1:colcon.colcon_core.package_identification:_identify(sim/unitree_robots/h1_2/meshes) by extension 'colcon_meta'
[1.167s] Level 1:colcon.colcon_core.package_identification:_identify(sim/unitree_robots/h1_2/meshes) by extensions ['ros']
[1.167s] Level 1:colcon.colcon_core.package_identification:_identify(sim/unitree_robots/h1_2/meshes) by extension 'ros'
[1.167s] Level 1:colcon.colcon_core.package_identification:_identify(sim/unitree_robots/h1_2/meshes) by extensions ['cmake', 'python']
[1.167s] Level 1:colcon.colcon_core.package_identification:_identify(sim/unitree_robots/h1_2/meshes) by extension 'cmake'
[1.167s] Level 1:colcon.colcon_core.package_identification:_identify(sim/unitree_robots/h1_2/meshes) by extension 'python'
[1.167s] Level 1:colcon.colcon_core.package_identification:_identify(sim/unitree_robots/h1_2/meshes) by extensions ['python_setup_py']
[1.167s] Level 1:colcon.colcon_core.package_identification:_identify(sim/unitree_robots/h1_2/meshes) by extension 'python_setup_py'
[1.167s] Level 1:colcon.colcon_core.package_discovery:discover_packages(recursive) using defaults
[1.167s] Level 1:colcon.colcon_core.package_discovery:discover_packages(ignore) discover
[1.167s] Level 1:colcon.colcon_core.package_discovery:discover_packages(ignore) using defaults
[1.167s] Level 1:colcon.colcon_core.package_discovery:discover_packages(path) discover
[1.167s] Level 1:colcon.colcon_core.package_discovery:discover_packages(path) using defaults
[1.190s] INFO:colcon.colcon_core.package_selection:Skipping not selected package 'BULLET_PHYSICS' in 'sim/pybullet'
[1.190s] INFO:colcon.colcon_core.package_selection:Skipping not selected package 'g1_sport_mode_ros' in 'g1_sport_mode_ros'
[1.190s] INFO:colcon.colcon_core.package_selection:Skipping not selected package 'slam_example' in 'scripts/navigation/obstacle_avoidance/slam_sdk_example/example'
[1.190s] INFO:colcon.colcon_core.package_selection:Skipping not selected package 'tx_lidar' in 'scripts/sensors/manual_streaming'
[1.191s] Level 1:colcon.colcon_core.package_discovery:discover_packages(prefix_path) check parameters
[1.191s] Level 1:colcon.colcon_core.package_discovery:discover_packages(prefix_path) discover
[1.193s] DEBUG:colcon.colcon_installed_package_information.package_discovery:Found 3 installed packages in /home/melodse/ef_ws/install
[1.195s] DEBUG:colcon.colcon_installed_package_information.package_discovery:Found 427 installed packages in /opt/ros/jazzy
[1.197s] Level 1:colcon.colcon_core.package_discovery:discover_packages(prefix_path) using defaults
[1.258s] Level 5:colcon.colcon_core.verb:set package 'g1_description' build argument 'cmake_args' from command line to 'None'
[1.258s] Level 5:colcon.colcon_core.verb:set package 'g1_description' build argument 'cmake_target' from command line to 'None'
[1.258s] Level 5:colcon.colcon_core.verb:set package 'g1_description' build argument 'cmake_target_skip_unavailable' from command line to 'False'
[1.258s] Level 5:colcon.colcon_core.verb:set package 'g1_description' build argument 'cmake_clean_cache' from command line to 'False'
[1.258s] Level 5:colcon.colcon_core.verb:set package 'g1_description' build argument 'cmake_clean_first' from command line to 'False'
[1.258s] Level 5:colcon.colcon_core.verb:set package 'g1_description' build argument 'cmake_force_configure' from command line to 'False'
[1.258s] Level 5:colcon.colcon_core.verb:set package 'g1_description' build argument 'ament_cmake_args' from command line to 'None'
[1.258s] Level 5:colcon.colcon_core.verb:set package 'g1_description' build argument 'catkin_cmake_args' from command line to 'None'
[1.258s] Level 5:colcon.colcon_core.verb:set package 'g1_description' build argument 'catkin_skip_building_tests' from command line to 'False'
[1.258s] DEBUG:colcon.colcon_core.verb:Building package 'g1_description' with the following arguments: {'ament_cmake_args': None, 'build_base': '/home/melodse/ef_ws/g1/build/g1_description', 'catkin_cmake_args': None, 'catkin_skip_building_tests': False, 'cmake_args': None, 'cmake_clean_cache': False, 'cmake_clean_first': False, 'cmake_force_configure': False, 'cmake_target': None, 'cmake_target_skip_unavailable': False, 'install_base': '/home/melodse/ef_ws/g1/install/g1_description', 'merge_install': False, 'path': '/home/melodse/ef_ws/g1/sim/G1_rviz_simulation-main/G1_rviz_simulation-main', 'symlink_install': False, 'test_result_base': None}
[1.258s] INFO:colcon.colcon_core.executor:Executing jobs using 'parallel' executor
[1.259s] DEBUG:colcon.colcon_parallel_executor.executor.parallel:run_until_complete
[1.260s] INFO:colcon.colcon_ros.task.ament_python.build:Building ROS package in '/home/melodse/ef_ws/g1/sim/G1_rviz_simulation-main/G1_rviz_simulation-main' with build type 'ament_python'
[1.260s] Level 1:colcon.colcon_core.shell:create_environment_hook('g1_description', 'ament_prefix_path')
[1.265s] INFO:colcon.colcon_core.plugin_system:Skipping extension 'colcon_core.shell.bat': Not used on non-Windows systems
[1.265s] INFO:colcon.colcon_core.shell:Creating environment hook '/home/melodse/ef_ws/g1/install/g1_description/share/g1_description/hook/ament_prefix_path.ps1'
[1.267s] INFO:colcon.colcon_core.shell:Creating environment descriptor '/home/melodse/ef_ws/g1/install/g1_description/share/g1_description/hook/ament_prefix_path.dsv'
[1.268s] INFO:colcon.colcon_core.shell:Creating environment hook '/home/melodse/ef_ws/g1/install/g1_description/share/g1_description/hook/ament_prefix_path.sh'
[1.269s] INFO:colcon.colcon_core.shell:Skip shell extension 'powershell' for command environment: Not usable outside of PowerShell
[1.269s] DEBUG:colcon.colcon_core.shell:Skip shell extension 'dsv' for command environment
[1.597s] INFO:colcon.colcon_core.task.python.build:Building Python package in '/home/melodse/ef_ws/g1/sim/G1_rviz_simulation-main/G1_rviz_simulation-main'
[1.598s] INFO:colcon.colcon_core.shell:Skip shell extension 'powershell' for command environment: Not usable outside of PowerShell
[1.598s] DEBUG:colcon.colcon_core.shell:Skip shell extension 'dsv' for command environment
[2.563s] DEBUG:colcon.colcon_core.event_handler.log_command:Invoking command in '/home/melodse/ef_ws/g1/sim/G1_rviz_simulation-main/G1_rviz_simulation-main': PS1=(venv) \[\e]0;\u@\h: \w\a\]${debian_chroot:+($debian_chroot)}\[\033[01;32m\]\u@\h\[\033[00m\]:\[\033[01;34m\]\w\[\033[00m\]\$ PYTHONPATH=/home/melodse/ef_ws/g1/build/g1_description/prefix_override:/usr/lib/python3/dist-packages/colcon_core/task/python/colcon_distutils_commands:/home/melodse/ef_ws/g1/install/g1_description/lib/python3.12/site-packages:${PYTHONPATH} VIRTUAL_ENV_PROMPT=(venv) /usr/bin/python3 -W ignore:setup.py install is deprecated -W ignore:easy_install command is deprecated setup.py egg_info --egg-base ../../../build/g1_description build --build-base /home/melodse/ef_ws/g1/build/g1_description/build install --record /home/melodse/ef_ws/g1/build/g1_description/install.log --single-version-externally-managed install_data
[3.819s] DEBUG:colcon.colcon_core.event_handler.log_command:Invoked command in '/home/melodse/ef_ws/g1/sim/G1_rviz_simulation-main/G1_rviz_simulation-main' returned '0': PS1=(venv) \[\e]0;\u@\h: \w\a\]${debian_chroot:+($debian_chroot)}\[\033[01;32m\]\u@\h\[\033[00m\]:\[\033[01;34m\]\w\[\033[00m\]\$ PYTHONPATH=/home/melodse/ef_ws/g1/build/g1_description/prefix_override:/usr/lib/python3/dist-packages/colcon_core/task/python/colcon_distutils_commands:/home/melodse/ef_ws/g1/install/g1_description/lib/python3.12/site-packages:${PYTHONPATH} VIRTUAL_ENV_PROMPT=(venv) /usr/bin/python3 -W ignore:setup.py install is deprecated -W ignore:easy_install command is deprecated setup.py egg_info --egg-base ../../../build/g1_description build --build-base /home/melodse/ef_ws/g1/build/g1_description/build install --record /home/melodse/ef_ws/g1/build/g1_description/install.log --single-version-externally-managed install_data
[3.822s] Level 1:colcon.colcon_core.environment:checking '/home/melodse/ef_ws/g1/install/g1_description' for CMake module files
[3.823s] Level 1:colcon.colcon_core.environment:checking '/home/melodse/ef_ws/g1/install/g1_description' for CMake config files
[3.824s] Level 1:colcon.colcon_core.environment:checking '/home/melodse/ef_ws/g1/install/g1_description/lib'
[3.825s] Level 1:colcon.colcon_core.environment:checking '/home/melodse/ef_ws/g1/install/g1_description/bin'
[3.825s] Level 1:colcon.colcon_core.environment:checking '/home/melodse/ef_ws/g1/install/g1_description/lib/pkgconfig/g1_description.pc'
[3.825s] Level 1:colcon.colcon_core.environment:checking '/home/melodse/ef_ws/g1/install/g1_description/lib/python3.12/site-packages'
[3.825s] Level 1:colcon.colcon_core.shell:create_environment_hook('g1_description', 'pythonpath')
[3.826s] INFO:colcon.colcon_core.shell:Creating environment hook '/home/melodse/ef_ws/g1/install/g1_description/share/g1_description/hook/pythonpath.ps1'
[3.826s] INFO:colcon.colcon_core.shell:Creating environment descriptor '/home/melodse/ef_ws/g1/install/g1_description/share/g1_description/hook/pythonpath.dsv'
[3.826s] INFO:colcon.colcon_core.shell:Creating environment hook '/home/melodse/ef_ws/g1/install/g1_description/share/g1_description/hook/pythonpath.sh'
[3.827s] Level 1:colcon.colcon_core.environment:checking '/home/melodse/ef_ws/g1/install/g1_description/bin'
[3.827s] Level 1:colcon.colcon_core.environment:create_environment_scripts_only(g1_description)
[3.827s] INFO:colcon.colcon_core.shell:Creating package script '/home/melodse/ef_ws/g1/install/g1_description/share/g1_description/package.ps1'
[3.829s] INFO:colcon.colcon_core.shell:Creating package descriptor '/home/melodse/ef_ws/g1/install/g1_description/share/g1_description/package.dsv'
[3.829s] INFO:colcon.colcon_core.shell:Creating package script '/home/melodse/ef_ws/g1/install/g1_description/share/g1_description/package.sh'
[3.830s] INFO:colcon.colcon_core.shell:Creating package script '/home/melodse/ef_ws/g1/install/g1_description/share/g1_description/package.bash'
[3.831s] INFO:colcon.colcon_core.shell:Creating package script '/home/melodse/ef_ws/g1/install/g1_description/share/g1_description/package.zsh'
[3.832s] Level 1:colcon.colcon_core.environment:create_file_with_runtime_dependencies(/home/melodse/ef_ws/g1/install/g1_description/share/colcon-core/packages/g1_description)
[3.833s] DEBUG:colcon.colcon_parallel_executor.executor.parallel:closing loop
[3.835s] DEBUG:colcon.colcon_parallel_executor.executor.parallel:loop closed
[3.835s] DEBUG:colcon.colcon_parallel_executor.executor.parallel:run_until_complete finished with '0'
[3.835s] DEBUG:colcon.colcon_core.event_reactor:joining thread
[3.843s] INFO:colcon.colcon_core.plugin_system:Skipping extension 'colcon_notification.desktop_notification.terminal_notifier': Not used on non-Darwin systems
[3.844s] INFO:colcon.colcon_core.plugin_system:Skipping extension 'colcon_notification.desktop_notification.win32': Not used on non-Windows systems
[3.844s] INFO:colcon.colcon_notification.desktop_notification:Sending desktop notification using 'notify2'
[3.887s] DEBUG:colcon.colcon_notification.desktop_notification.notify2:Failed to initialize notify2: org.freedesktop.DBus.Error.ServiceUnknown: The name org.freedesktop.Notifications was not provided by any .service files
[3.888s] DEBUG:colcon.colcon_core.event_reactor:joined thread
[3.889s] INFO:colcon.colcon_core.shell:Creating prefix script '/home/melodse/ef_ws/g1/install/local_setup.ps1'
[3.891s] INFO:colcon.colcon_core.shell:Creating prefix util module '/home/melodse/ef_ws/g1/install/_local_setup_util_ps1.py'
[3.893s] INFO:colcon.colcon_core.shell:Creating prefix chain script '/home/melodse/ef_ws/g1/install/setup.ps1'
[3.895s] INFO:colcon.colcon_core.shell:Creating prefix script '/home/melodse/ef_ws/g1/install/local_setup.sh'
[3.896s] INFO:colcon.colcon_core.shell:Creating prefix util module '/home/melodse/ef_ws/g1/install/_local_setup_util_sh.py'
[3.897s] INFO:colcon.colcon_core.shell:Creating prefix chain script '/home/melodse/ef_ws/g1/install/setup.sh'
[3.898s] INFO:colcon.colcon_core.shell:Creating prefix script '/home/melodse/ef_ws/g1/install/local_setup.bash'
[3.899s] INFO:colcon.colcon_core.shell:Creating prefix chain script '/home/melodse/ef_ws/g1/install/setup.bash'
[3.900s] INFO:colcon.colcon_core.shell:Creating prefix script '/home/melodse/ef_ws/g1/install/local_setup.zsh'
[3.901s] INFO:colcon.colcon_core.shell:Creating prefix chain script '/home/melodse/ef_ws/g1/install/setup.zsh'
